ISO-10303-21;
HEADER;
FILE_DESCRIPTION(('Open CASCADE Model'),'2;1');
FILE_NAME('Open CASCADE Shape Model','2026-10-08T15:36:01',('Author'),(
    'Open CASCADE'),'Open CASCADE STEP processor 7.9','Open CASCADE 7.9'
  ,'Unknown');
FILE_SCHEMA(('AUTOMOTIVE_DESIGN { 1 0 10303 214 1 1 1 1 }'));
ENDSEC;
DATA;
#1 = APPLICATION_PROTOCOL_DEFINITION('international standard',
  'automotive_design',2000,#2);
#2 = APPLICATION_CONTEXT(
  'core data for automotive mechanical design processes');
#3 = SHAPE_DEFINITION_REPRESENTATION(#4,#10);
#4 = PRODUCT_DEFINITION_SHAPE('','',#5);
#5 = PRODUCT_DEFINITION('design','',#6,#9);
#6 = PRODUCT_DEFINITION_FORMATION('','',#7);
#7 = PRODUCT('esp32-c3-supermini-18650','esp32-c3-supermini-18650','',(
    #8));
#8 = PRODUCT_CONTEXT('',#2,'mechanical');
#9 = PRODUCT_DEFINITION_CONTEXT('part definition',#2,'design');
#10 = SHAPE_REPRESENTATION('',(#11,#15,#19,#23,#27),#31);
#11 = AXIS2_PLACEMENT_3D('',#12,#13,#14);
#12 = CARTESIAN_POINT('',(0.,0.,0.));
#13 = DIRECTION('',(0.,0.,1.));
#14 = DIRECTION('',(1.,0.,-0.));
#15 = AXIS2_PLACEMENT_3D('',#16,#17,#18);
#16 = CARTESIAN_POINT('',(0.,0.,0.));
#17 = DIRECTION('',(0.,0.,1.));
#18 = DIRECTION('',(1.,0.,-0.));
#19 = AXIS2_PLACEMENT_3D('',#20,#21,#22);
#20 = CARTESIAN_POINT('',(0.,0.,0.));
#21 = DIRECTION('',(0.,0.,1.));
#22 = DIRECTION('',(1.,0.,-0.));
#23 = AXIS2_PLACEMENT_3D('',#24,#25,#26);
#24 = CARTESIAN_POINT('',(0.,0.,0.));
#25 = DIRECTION('',(0.,0.,1.));
#26 = DIRECTION('',(1.,0.,-0.));
#27 = AXIS2_PLACEMENT_3D('',#28,#29,#30);
#28 = CARTESIAN_POINT('',(0.,0.,0.));
#29 = DIRECTION('',(0.,0.,1.));
#30 = DIRECTION('',(1.,0.,-0.));
#31 = ( GEOMETRIC_REPRESENTATION_CONTEXT(3) 
GLOBAL_UNCERTAINTY_ASSIGNED_CONTEXT((#35)) GLOBAL_UNIT_ASSIGNED_CONTEXT(
(#32,#33,#34)) REPRESENTATION_CONTEXT('Context #1',
  '3D Context with UNIT and UNCERTAINTY') );
#32 = ( LENGTH_UNIT() NAMED_UNIT(*) SI_UNIT(.MILLI.,.METRE.) );
#33 = ( NAMED_UNIT(*) PLANE_ANGLE_UNIT() SI_UNIT($,.RADIAN.) );
#34 = ( NAMED_UNIT(*) SI_UNIT($,.STERADIAN.) SOLID_ANGLE_UNIT() );
#35 = UNCERTAINTY_MEASURE_WITH_UNIT(LENGTH_MEASURE(1.E-07),#32,
  'distance_accuracy_value','confusion accuracy');
#36 = PRODUCT_RELATED_PRODUCT_CATEGORY('part',$,(#7));
#37 = SHAPE_DEFINITION_REPRESENTATION(#38,#44);
#38 = PRODUCT_DEFINITION_SHAPE('','',#39);
#39 = PRODUCT_DEFINITION('design','',#40,#43);
#40 = PRODUCT_DEFINITION_FORMATION('','',#41);
#41 = PRODUCT('base','base','',(#42));
#42 = PRODUCT_CONTEXT('',#2,'mechanical');
#43 = PRODUCT_DEFINITION_CONTEXT('part definition',#2,'design');
#44 = ADVANCED_BREP_SHAPE_REPRESENTATION('',(#11,#45),#8995);
#45 = MANIFOLD_SOLID_BREP('',#46);
#46 = CLOSED_SHELL('',(#47,#167,#900,#950,#1004,#1129,#1156,#1183,#1210,
    #1237,#1378,#1477,#1578,#1632,#1681,#1731,#1778,#1929,#2028,#2102,
    #2151,#2271,#2402,#2451,#2505,#2554,#2582,#2609,#2733,#2740,#2789,
    #2860,#2885,#4520,#4567,#4594,#4621,#4628,#4677,#4704,#4733,#5166,
    #5191,#5216,#5223,#5299,#5348,#5397,#5424,#5500,#5549,#5598,#5625,
    #5680,#5735,#5790,#5845,#5921,#5970,#6019,#6046,#6122,#6171,#6220,
    #6247,#6323,#6372,#6421,#6448,#6524,#6573,#6622,#6649,#6725,#6774,
    #6823,#6850,#6926,#6975,#7024,#7051,#7127,#7176,#7225,#7252,#7328,
    #7377,#7426,#7453,#7529,#7578,#7627,#7654,#7730,#7779,#7828,#7855,
    #7931,#7980,#8029,#8056,#8132,#8181,#8230,#8257,#8333,#8382,#8431,
    #8458,#8534,#8583,#8632,#8659,#8735,#8784,#8833,#8860,#8867,#8874,
    #8878,#8882,#8886,#8890,#8897,#8904,#8911,#8918,#8925,#8932,#8939,
    #8946,#8953,#8960,#8967,#8974,#8981,#8988));
#47 = ADVANCED_FACE('',(#48),#62,.F.);
#48 = FACE_BOUND('',#49,.F.);
#49 = EDGE_LOOP('',(#50,#85,#113,#141));
#50 = ORIENTED_EDGE('',*,*,#51,.F.);
#51 = EDGE_CURVE('',#52,#54,#56,.T.);
#52 = VERTEX_POINT('',#53);
#53 = CARTESIAN_POINT('',(-30.,-38.,25.4));
#54 = VERTEX_POINT('',#55);
#55 = CARTESIAN_POINT('',(-30.,38.,25.4));
#56 = SURFACE_CURVE('',#57,(#61,#73),.PCURVE_S1.);
#57 = LINE('',#58,#59);
#58 = CARTESIAN_POINT('',(-30.,-42.,25.4));
#59 = VECTOR('',#60,1.);
#60 = DIRECTION('',(0.,1.,0.));
#61 = PCURVE('',#62,#67);
#62 = PLANE('',#63);
#63 = AXIS2_PLACEMENT_3D('',#64,#65,#66);
#64 = CARTESIAN_POINT('',(-30.,-42.,0.));
#65 = DIRECTION('',(1.,0.,0.));
#66 = DIRECTION('',(0.,0.,1.));
#67 = DEFINITIONAL_REPRESENTATION('',(#68),#72);
#68 = LINE('',#69,#70);
#69 = CARTESIAN_POINT('',(25.4,0.));
#70 = VECTOR('',#71,1.);
#71 = DIRECTION('',(0.,-1.));
#72 = ( GEOMETRIC_REPRESENTATION_CONTEXT(2) 
PARAMETRIC_REPRESENTATION_CONTEXT() REPRESENTATION_CONTEXT('2D SPACE',''
  ) );
#73 = PCURVE('',#74,#79);
#74 = PLANE('',#75);
#75 = AXIS2_PLACEMENT_3D('',#76,#77,#78);
#76 = CARTESIAN_POINT('',(-30.,-42.,25.4));
#77 = DIRECTION('',(0.,0.,1.));
#78 = DIRECTION('',(1.,0.,0.));
#79 = DEFINITIONAL_REPRESENTATION('',(#80),#84);
#80 = LINE('',#81,#82);
#81 = CARTESIAN_POINT('',(0.,0.));
#82 = VECTOR('',#83,1.);
#83 = DIRECTION('',(0.,1.));
#84 = ( GEOMETRIC_REPRESENTATION_CONTEXT(2) 
PARAMETRIC_REPRESENTATION_CONTEXT() REPRESENTATION_CONTEXT('2D SPACE',''
  ) );
#85 = ORIENTED_EDGE('',*,*,#86,.F.);
#86 = EDGE_CURVE('',#87,#52,#89,.T.);
#87 = VERTEX_POINT('',#88);
#88 = CARTESIAN_POINT('',(-30.,-38.,0.));
#89 = SURFACE_CURVE('',#90,(#94,#101),.PCURVE_S1.);
#90 = LINE('',#91,#92);
#91 = CARTESIAN_POINT('',(-30.,-38.,0.));
#92 = VECTOR('',#93,1.);
#93 = DIRECTION('',(0.,0.,1.));
#94 = PCURVE('',#62,#95);
#95 = DEFINITIONAL_REPRESENTATION('',(#96),#100);
#96 = LINE('',#97,#98);
#97 = CARTESIAN_POINT('',(0.,-4.));
#98 = VECTOR('',#99,1.);
#99 = DIRECTION('',(1.,0.));
#100 = ( GEOMETRIC_REPRESENTATION_CONTEXT(2) 
PARAMETRIC_REPRESENTATION_CONTEXT() REPRESENTATION_CONTEXT('2D SPACE',''
  ) );
#101 = PCURVE('',#102,#107);
#102 = CYLINDRICAL_SURFACE('',#103,4.);
#103 = AXIS2_PLACEMENT_3D('',#104,#105,#106);
#104 = CARTESIAN_POINT('',(-26.,-38.,0.));
#105 = DIRECTION('',(0.,0.,1.));
#106 = DIRECTION('',(-1.,-0.,0.));
#107 = DEFINITIONAL_REPRESENTATION('',(#108),#112);
#108 = LINE('',#109,#110);
#109 = CARTESIAN_POINT('',(0.,0.));
#110 = VECTOR('',#111,1.);
#111 = DIRECTION('',(0.,1.));
#112 = ( GEOMETRIC_REPRESENTATION_CONTEXT(2) 
PARAMETRIC_REPRESENTATION_CONTEXT() REPRESENTATION_CONTEXT('2D SPACE',''
  ) );
#113 = ORIENTED_EDGE('',*,*,#114,.T.);
#114 = EDGE_CURVE('',#87,#115,#117,.T.);
#115 = VERTEX_POINT('',#116);
#116 = CARTESIAN_POINT('',(-30.,38.,0.));
#117 = SURFACE_CURVE('',#118,(#122,#129),.PCURVE_S1.);
#118 = LINE('',#119,#120);
#119 = CARTESIAN_POINT('',(-30.,-42.,0.));
#120 = VECTOR('',#121,1.);
#121 = DIRECTION('',(0.,1.,0.));
#122 = PCURVE('',#62,#123);
#123 = DEFINITIONAL_REPRESENTATION('',(#124),#128);
#124 = LINE('',#125,#126);
#125 = CARTESIAN_POINT('',(0.,0.));
#126 = VECTOR('',#127,1.);
#127 = DIRECTION('',(0.,-1.));
#128 = ( GEOMETRIC_REPRESENTATION_CONTEXT(2) 
PARAMETRIC_REPRESENTATION_CONTEXT() REPRESENTATION_CONTEXT('2D SPACE',''
  ) );
#129 = PCURVE('',#130,#135);
#130 = PLANE('',#131);
#131 = AXIS2_PLACEMENT_3D('',#132,#133,#134);
#132 = CARTESIAN_POINT('',(-30.,-42.,0.));
#133 = DIRECTION('',(0.,0.,1.));
#134 = DIRECTION('',(1.,0.,0.));
#135 = DEFINITIONAL_REPRESENTATION('',(#136),#140);
#136 = LINE('',#137,#138);
#137 = CARTESIAN_POINT('',(0.,0.));
#138 = VECTOR('',#139,1.);
#139 = DIRECTION('',(0.,1.));
#140 = ( GEOMETRIC_REPRESENTATION_CONTEXT(2) 
PARAMETRIC_REPRESENTATION_CONTEXT() REPRESENTATION_CONTEXT('2D SPACE',''
  ) );
#141 = ORIENTED_EDGE('',*,*,#142,.T.);
#142 = EDGE_CURVE('',#115,#54,#143,.T.);
#143 = SURFACE_CURVE('',#144,(#148,#155),.PCURVE_S1.);
#144 = LINE('',#145,#146);
#145 = CARTESIAN_POINT('',(-30.,38.,0.));
#146 = VECTOR('',#147,1.);
#147 = DIRECTION('',(0.,0.,1.));
#148 = PCURVE('',#62,#149);
#149 = DEFINITIONAL_REPRESENTATION('',(#150),#154);
#150 = LINE('',#151,#152);
#151 = CARTESIAN_POINT('',(0.,-80.));
#152 = VECTOR('',#153,1.);
#153 = DIRECTION('',(1.,0.));
#154 = ( GEOMETRIC_REPRESENTATION_CONTEXT(2) 
PARAMETRIC_REPRESENTATION_CONTEXT() REPRESENTATION_CONTEXT('2D SPACE',''
  ) );
#155 = PCURVE('',#156,#161);
#156 = CYLINDRICAL_SURFACE('',#157,4.);
#157 = AXIS2_PLACEMENT_3D('',#158,#159,#160);
#158 = CARTESIAN_POINT('',(-26.,38.,0.));
#159 = DIRECTION('',(0.,0.,1.));
#160 = DIRECTION('',(-1.,-0.,0.));
#161 = DEFINITIONAL_REPRESENTATION('',(#162),#166);
#162 = LINE('',#163,#164);
#163 = CARTESIAN_POINT('',(-0.,0.));
#164 = VECTOR('',#165,1.);
#165 = DIRECTION('',(-0.,1.));
#166 = ( GEOMETRIC_REPRESENTATION_CONTEXT(2) 
PARAMETRIC_REPRESENTATION_CONTEXT() REPRESENTATION_CONTEXT('2D SPACE',''
  ) );
#167 = ADVANCED_FACE('',(#168),#74,.T.);
#168 = FACE_BOUND('',#169,.T.);
#169 = EDGE_LOOP('',(#170,#171,#195,#223,#249,#276,#305,#332,#361,#388,
    #416,#438,#464,#487,#513,#540,#568,#595,#624,#651,#680,#707,#733,
    #756,#789,#817,#846,#874));
#170 = ORIENTED_EDGE('',*,*,#51,.F.);
#171 = ORIENTED_EDGE('',*,*,#172,.T.);
#172 = EDGE_CURVE('',#52,#173,#175,.T.);
#173 = VERTEX_POINT('',#174);
#174 = CARTESIAN_POINT('',(-26.,-42.,25.4));
#175 = SURFACE_CURVE('',#176,(#181,#188),.PCURVE_S1.);
#176 = CIRCLE('',#177,4.);
#177 = AXIS2_PLACEMENT_3D('',#178,#179,#180);
#178 = CARTESIAN_POINT('',(-26.,-38.,25.4));
#179 = DIRECTION('',(0.,0.,1.));
#180 = DIRECTION('',(0.,-1.,0.));
#181 = PCURVE('',#74,#182);
#182 = DEFINITIONAL_REPRESENTATION('',(#183),#187);
#183 = CIRCLE('',#184,4.);
#184 = AXIS2_PLACEMENT_2D('',#185,#186);
#185 = CARTESIAN_POINT('',(4.,4.));
#186 = DIRECTION('',(0.,-1.));
#187 = ( GEOMETRIC_REPRESENTATION_CONTEXT(2) 
PARAMETRIC_REPRESENTATION_CONTEXT() REPRESENTATION_CONTEXT('2D SPACE',''
  ) );
#188 = PCURVE('',#102,#189);
#189 = DEFINITIONAL_REPRESENTATION('',(#190),#194);
#190 = LINE('',#191,#192);
#191 = CARTESIAN_POINT('',(-4.712388980385,25.4));
#192 = VECTOR('',#193,1.);
#193 = DIRECTION('',(1.,0.));
#194 = ( GEOMETRIC_REPRESENTATION_CONTEXT(2) 
PARAMETRIC_REPRESENTATION_CONTEXT() REPRESENTATION_CONTEXT('2D SPACE',''
  ) );
#195 = ORIENTED_EDGE('',*,*,#196,.T.);
#196 = EDGE_CURVE('',#173,#197,#199,.T.);
#197 = VERTEX_POINT('',#198);
#198 = CARTESIAN_POINT('',(-20.5,-42.,25.4));
#199 = SURFACE_CURVE('',#200,(#204,#211),.PCURVE_S1.);
#200 = LINE('',#201,#202);
#201 = CARTESIAN_POINT('',(-30.,-42.,25.4));
#202 = VECTOR('',#203,1.);
#203 = DIRECTION('',(1.,0.,0.));
#204 = PCURVE('',#74,#205);
#205 = DEFINITIONAL_REPRESENTATION('',(#206),#210);
#206 = LINE('',#207,#208);
#207 = CARTESIAN_POINT('',(0.,0.));
#208 = VECTOR('',#209,1.);
#209 = DIRECTION('',(1.,0.));
#210 = ( GEOMETRIC_REPRESENTATION_CONTEXT(2) 
PARAMETRIC_REPRESENTATION_CONTEXT() REPRESENTATION_CONTEXT('2D SPACE',''
  ) );
#211 = PCURVE('',#212,#217);
#212 = PLANE('',#213);
#213 = AXIS2_PLACEMENT_3D('',#214,#215,#216);
#214 = CARTESIAN_POINT('',(-30.,-42.,0.));
#215 = DIRECTION('',(0.,1.,0.));
#216 = DIRECTION('',(0.,0.,1.));
#217 = DEFINITIONAL_REPRESENTATION('',(#218),#222);
#218 = LINE('',#219,#220);
#219 = CARTESIAN_POINT('',(25.4,0.));
#220 = VECTOR('',#221,1.);
#221 = DIRECTION('',(0.,1.));
#222 = ( GEOMETRIC_REPRESENTATION_CONTEXT(2) 
PARAMETRIC_REPRESENTATION_CONTEXT() REPRESENTATION_CONTEXT('2D SPACE',''
  ) );
#223 = ORIENTED_EDGE('',*,*,#224,.T.);
#224 = EDGE_CURVE('',#197,#225,#227,.T.);
#225 = VERTEX_POINT('',#226);
#226 = CARTESIAN_POINT('',(-20.5,-40.,25.4));
#227 = SURFACE_CURVE('',#228,(#232,#238),.PCURVE_S1.);
#228 = LINE('',#229,#230);
#229 = CARTESIAN_POINT('',(-20.5,-43.,25.4));
#230 = VECTOR('',#231,1.);
#231 = DIRECTION('',(0.,1.,0.));
#232 = PCURVE('',#74,#233);
#233 = DEFINITIONAL_REPRESENTATION('',(#234),#237);
#234 = B_SPLINE_CURVE_WITH_KNOTS('',1,(#235,#236),.UNSPECIFIED.,.F.,.F.,
  (2,2),(1.,3.),.PIECEWISE_BEZIER_KNOTS.);
#235 = CARTESIAN_POINT('',(9.5,0.));
#236 = CARTESIAN_POINT('',(9.5,2.));
#237 = ( GEOMETRIC_REPRESENTATION_CONTEXT(2) 
PARAMETRIC_REPRESENTATION_CONTEXT() REPRESENTATION_CONTEXT('2D SPACE',''
  ) );
#238 = PCURVE('',#239,#244);
#239 = PLANE('',#240);
#240 = AXIS2_PLACEMENT_3D('',#241,#242,#243);
#241 = CARTESIAN_POINT('',(-20.5,-44.,24.4));
#242 = DIRECTION('',(1.,0.,0.));
#243 = DIRECTION('',(0.,0.,1.));
#244 = DEFINITIONAL_REPRESENTATION('',(#245),#248);
#245 = B_SPLINE_CURVE_WITH_KNOTS('',1,(#246,#247),.UNSPECIFIED.,.F.,.F.,
  (2,2),(1.,3.),.PIECEWISE_BEZIER_KNOTS.);
#246 = CARTESIAN_POINT('',(1.,-2.));
#247 = CARTESIAN_POINT('',(1.,-4.));
#248 = ( GEOMETRIC_REPRESENTATION_CONTEXT(2) 
PARAMETRIC_REPRESENTATION_CONTEXT() REPRESENTATION_CONTEXT('2D SPACE',''
  ) );
#249 = ORIENTED_EDGE('',*,*,#250,.T.);
#250 = EDGE_CURVE('',#225,#251,#253,.T.);
#251 = VERTEX_POINT('',#252);
#252 = CARTESIAN_POINT('',(-26.,-40.,25.4));
#253 = SURFACE_CURVE('',#254,(#258,#265),.PCURVE_S1.);
#254 = LINE('',#255,#256);
#255 = CARTESIAN_POINT('',(-29.,-40.,25.4));
#256 = VECTOR('',#257,1.);
#257 = DIRECTION('',(-1.,0.,0.));
#258 = PCURVE('',#74,#259);
#259 = DEFINITIONAL_REPRESENTATION('',(#260),#264);
#260 = LINE('',#261,#262);
#261 = CARTESIAN_POINT('',(1.,2.));
#262 = VECTOR('',#263,1.);
#263 = DIRECTION('',(-1.,0.));
#264 = ( GEOMETRIC_REPRESENTATION_CONTEXT(2) 
PARAMETRIC_REPRESENTATION_CONTEXT() REPRESENTATION_CONTEXT('2D SPACE',''
  ) );
#265 = PCURVE('',#266,#271);
#266 = PLANE('',#267);
#267 = AXIS2_PLACEMENT_3D('',#268,#269,#270);
#268 = CARTESIAN_POINT('',(-28.,-40.,2.));
#269 = DIRECTION('',(0.,1.,0.));
#270 = DIRECTION('',(0.,0.,1.));
#271 = DEFINITIONAL_REPRESENTATION('',(#272),#275);
#272 = B_SPLINE_CURVE_WITH_KNOTS('',1,(#273,#274),.UNSPECIFIED.,.F.,.F.,
  (2,2),(-55.,-3.),.PIECEWISE_BEZIER_KNOTS.);
#273 = CARTESIAN_POINT('',(23.4,54.));
#274 = CARTESIAN_POINT('',(23.4,2.));
#275 = ( GEOMETRIC_REPRESENTATION_CONTEXT(2) 
PARAMETRIC_REPRESENTATION_CONTEXT() REPRESENTATION_CONTEXT('2D SPACE',''
  ) );
#276 = ORIENTED_EDGE('',*,*,#277,.F.);
#277 = EDGE_CURVE('',#278,#251,#280,.T.);
#278 = VERTEX_POINT('',#279);
#279 = CARTESIAN_POINT('',(-28.,-38.,25.4));
#280 = SURFACE_CURVE('',#281,(#286,#293),.PCURVE_S1.);
#281 = CIRCLE('',#282,2.);
#282 = AXIS2_PLACEMENT_3D('',#283,#284,#285);
#283 = CARTESIAN_POINT('',(-26.,-38.,25.4));
#284 = DIRECTION('',(0.,0.,1.));
#285 = DIRECTION('',(-1.,-0.,0.));
#286 = PCURVE('',#74,#287);
#287 = DEFINITIONAL_REPRESENTATION('',(#288),#292);
#288 = CIRCLE('',#289,2.);
#289 = AXIS2_PLACEMENT_2D('',#290,#291);
#290 = CARTESIAN_POINT('',(4.,4.));
#291 = DIRECTION('',(-1.,0.));
#292 = ( GEOMETRIC_REPRESENTATION_CONTEXT(2) 
PARAMETRIC_REPRESENTATION_CONTEXT() REPRESENTATION_CONTEXT('2D SPACE',''
  ) );
#293 = PCURVE('',#294,#299);
#294 = CYLINDRICAL_SURFACE('',#295,2.);
#295 = AXIS2_PLACEMENT_3D('',#296,#297,#298);
#296 = CARTESIAN_POINT('',(-26.,-38.,2.));
#297 = DIRECTION('',(0.,0.,1.));
#298 = DIRECTION('',(-1.,-0.,0.));
#299 = DEFINITIONAL_REPRESENTATION('',(#300),#304);
#300 = LINE('',#301,#302);
#301 = CARTESIAN_POINT('',(0.,23.4));
#302 = VECTOR('',#303,1.);
#303 = DIRECTION('',(1.,0.));
#304 = ( GEOMETRIC_REPRESENTATION_CONTEXT(2) 
PARAMETRIC_REPRESENTATION_CONTEXT() REPRESENTATION_CONTEXT('2D SPACE',''
  ) );
#305 = ORIENTED_EDGE('',*,*,#306,.T.);
#306 = EDGE_CURVE('',#278,#307,#309,.T.);
#307 = VERTEX_POINT('',#308);
#308 = CARTESIAN_POINT('',(-28.,38.,25.4));
#309 = SURFACE_CURVE('',#310,(#314,#321),.PCURVE_S1.);
#310 = LINE('',#311,#312);
#311 = CARTESIAN_POINT('',(-28.,-41.,25.4));
#312 = VECTOR('',#313,1.);
#313 = DIRECTION('',(0.,1.,0.));
#314 = PCURVE('',#74,#315);
#315 = DEFINITIONAL_REPRESENTATION('',(#316),#320);
#316 = LINE('',#317,#318);
#317 = CARTESIAN_POINT('',(2.,1.));
#318 = VECTOR('',#319,1.);
#319 = DIRECTION('',(0.,1.));
#320 = ( GEOMETRIC_REPRESENTATION_CONTEXT(2) 
PARAMETRIC_REPRESENTATION_CONTEXT() REPRESENTATION_CONTEXT('2D SPACE',''
  ) );
#321 = PCURVE('',#322,#327);
#322 = PLANE('',#323);
#323 = AXIS2_PLACEMENT_3D('',#324,#325,#326);
#324 = CARTESIAN_POINT('',(-28.,-40.,2.));
#325 = DIRECTION('',(1.,0.,0.));
#326 = DIRECTION('',(0.,0.,1.));
#327 = DEFINITIONAL_REPRESENTATION('',(#328),#331);
#328 = B_SPLINE_CURVE_WITH_KNOTS('',1,(#329,#330),.UNSPECIFIED.,.F.,.F.,
  (2,2),(3.,79.),.PIECEWISE_BEZIER_KNOTS.);
#329 = CARTESIAN_POINT('',(23.4,-2.));
#330 = CARTESIAN_POINT('',(23.4,-78.));
#331 = ( GEOMETRIC_REPRESENTATION_CONTEXT(2) 
PARAMETRIC_REPRESENTATION_CONTEXT() REPRESENTATION_CONTEXT('2D SPACE',''
  ) );
#332 = ORIENTED_EDGE('',*,*,#333,.F.);
#333 = EDGE_CURVE('',#334,#307,#336,.T.);
#334 = VERTEX_POINT('',#335);
#335 = CARTESIAN_POINT('',(-26.,40.,25.4));
#336 = SURFACE_CURVE('',#337,(#342,#349),.PCURVE_S1.);
#337 = CIRCLE('',#338,2.);
#338 = AXIS2_PLACEMENT_3D('',#339,#340,#341);
#339 = CARTESIAN_POINT('',(-26.,38.,25.4));
#340 = DIRECTION('',(0.,0.,1.));
#341 = DIRECTION('',(-1.,-0.,0.));
#342 = PCURVE('',#74,#343);
#343 = DEFINITIONAL_REPRESENTATION('',(#344),#348);
#344 = CIRCLE('',#345,2.);
#345 = AXIS2_PLACEMENT_2D('',#346,#347);
#346 = CARTESIAN_POINT('',(4.,80.));
#347 = DIRECTION('',(-1.,0.));
#348 = ( GEOMETRIC_REPRESENTATION_CONTEXT(2) 
PARAMETRIC_REPRESENTATION_CONTEXT() REPRESENTATION_CONTEXT('2D SPACE',''
  ) );
#349 = PCURVE('',#350,#355);
#350 = CYLINDRICAL_SURFACE('',#351,2.);
#351 = AXIS2_PLACEMENT_3D('',#352,#353,#354);
#352 = CARTESIAN_POINT('',(-26.,38.,2.));
#353 = DIRECTION('',(0.,0.,1.));
#354 = DIRECTION('',(-1.,-0.,0.));
#355 = DEFINITIONAL_REPRESENTATION('',(#356),#360);
#356 = LINE('',#357,#358);
#357 = CARTESIAN_POINT('',(-6.28318530718,23.4));
#358 = VECTOR('',#359,1.);
#359 = DIRECTION('',(1.,-0.));
#360 = ( GEOMETRIC_REPRESENTATION_CONTEXT(2) 
PARAMETRIC_REPRESENTATION_CONTEXT() REPRESENTATION_CONTEXT('2D SPACE',''
  ) );
#361 = ORIENTED_EDGE('',*,*,#362,.F.);
#362 = EDGE_CURVE('',#363,#334,#365,.T.);
#363 = VERTEX_POINT('',#364);
#364 = CARTESIAN_POINT('',(-2.5,40.,25.4));
#365 = SURFACE_CURVE('',#366,(#370,#377),.PCURVE_S1.);
#366 = LINE('',#367,#368);
#367 = CARTESIAN_POINT('',(-29.,40.,25.4));
#368 = VECTOR('',#369,1.);
#369 = DIRECTION('',(-1.,0.,0.));
#370 = PCURVE('',#74,#371);
#371 = DEFINITIONAL_REPRESENTATION('',(#372),#376);
#372 = LINE('',#373,#374);
#373 = CARTESIAN_POINT('',(1.,82.));
#374 = VECTOR('',#375,1.);
#375 = DIRECTION('',(-1.,0.));
#376 = ( GEOMETRIC_REPRESENTATION_CONTEXT(2) 
PARAMETRIC_REPRESENTATION_CONTEXT() REPRESENTATION_CONTEXT('2D SPACE',''
  ) );
#377 = PCURVE('',#378,#383);
#378 = PLANE('',#379);
#379 = AXIS2_PLACEMENT_3D('',#380,#381,#382);
#380 = CARTESIAN_POINT('',(-28.,40.,2.));
#381 = DIRECTION('',(0.,1.,0.));
#382 = DIRECTION('',(0.,0.,1.));
#383 = DEFINITIONAL_REPRESENTATION('',(#384),#387);
#384 = B_SPLINE_CURVE_WITH_KNOTS('',1,(#385,#386),.UNSPECIFIED.,.F.,.F.,
  (2,2),(-55.,-3.),.PIECEWISE_BEZIER_KNOTS.);
#385 = CARTESIAN_POINT('',(23.4,54.));
#386 = CARTESIAN_POINT('',(23.4,2.));
#387 = ( GEOMETRIC_REPRESENTATION_CONTEXT(2) 
PARAMETRIC_REPRESENTATION_CONTEXT() REPRESENTATION_CONTEXT('2D SPACE',''
  ) );
#388 = ORIENTED_EDGE('',*,*,#389,.F.);
#389 = EDGE_CURVE('',#390,#363,#392,.T.);
#390 = VERTEX_POINT('',#391);
#391 = CARTESIAN_POINT('',(-2.5,-40.,25.4));
#392 = SURFACE_CURVE('',#393,(#397,#404),.PCURVE_S1.);
#393 = LINE('',#394,#395);
#394 = CARTESIAN_POINT('',(-2.5,-40.01,25.4));
#395 = VECTOR('',#396,1.);
#396 = DIRECTION('',(0.,1.,0.));
#397 = PCURVE('',#74,#398);
#398 = DEFINITIONAL_REPRESENTATION('',(#399),#403);
#399 = LINE('',#400,#401);
#400 = CARTESIAN_POINT('',(27.5,1.99));
#401 = VECTOR('',#402,1.);
#402 = DIRECTION('',(0.,1.));
#403 = ( GEOMETRIC_REPRESENTATION_CONTEXT(2) 
PARAMETRIC_REPRESENTATION_CONTEXT() REPRESENTATION_CONTEXT('2D SPACE',''
  ) );
#404 = PCURVE('',#405,#410);
#405 = PLANE('',#406);
#406 = AXIS2_PLACEMENT_3D('',#407,#408,#409);
#407 = CARTESIAN_POINT('',(-2.5,-40.01,0.));
#408 = DIRECTION('',(1.,0.,0.));
#409 = DIRECTION('',(0.,0.,1.));
#410 = DEFINITIONAL_REPRESENTATION('',(#411),#415);
#411 = LINE('',#412,#413);
#412 = CARTESIAN_POINT('',(25.4,0.));
#413 = VECTOR('',#414,1.);
#414 = DIRECTION('',(0.,-1.));
#415 = ( GEOMETRIC_REPRESENTATION_CONTEXT(2) 
PARAMETRIC_REPRESENTATION_CONTEXT() REPRESENTATION_CONTEXT('2D SPACE',''
  ) );
#416 = ORIENTED_EDGE('',*,*,#417,.T.);
#417 = EDGE_CURVE('',#390,#418,#420,.T.);
#418 = VERTEX_POINT('',#419);
#419 = CARTESIAN_POINT('',(-12.5,-40.,25.4));
#420 = SURFACE_CURVE('',#421,(#425,#432),.PCURVE_S1.);
#421 = LINE('',#422,#423);
#422 = CARTESIAN_POINT('',(-29.,-40.,25.4));
#423 = VECTOR('',#424,1.);
#424 = DIRECTION('',(-1.,0.,0.));
#425 = PCURVE('',#74,#426);
#426 = DEFINITIONAL_REPRESENTATION('',(#427),#431);
#427 = LINE('',#428,#429);
#428 = CARTESIAN_POINT('',(1.,2.));
#429 = VECTOR('',#430,1.);
#430 = DIRECTION('',(-1.,0.));
#431 = ( GEOMETRIC_REPRESENTATION_CONTEXT(2) 
PARAMETRIC_REPRESENTATION_CONTEXT() REPRESENTATION_CONTEXT('2D SPACE',''
  ) );
#432 = PCURVE('',#266,#433);
#433 = DEFINITIONAL_REPRESENTATION('',(#434),#437);
#434 = B_SPLINE_CURVE_WITH_KNOTS('',1,(#435,#436),.UNSPECIFIED.,.F.,.F.,
  (2,2),(-55.,-3.),.PIECEWISE_BEZIER_KNOTS.);
#435 = CARTESIAN_POINT('',(23.4,54.));
#436 = CARTESIAN_POINT('',(23.4,2.));
#437 = ( GEOMETRIC_REPRESENTATION_CONTEXT(2) 
PARAMETRIC_REPRESENTATION_CONTEXT() REPRESENTATION_CONTEXT('2D SPACE',''
  ) );
#438 = ORIENTED_EDGE('',*,*,#439,.F.);
#439 = EDGE_CURVE('',#440,#418,#442,.T.);
#440 = VERTEX_POINT('',#441);
#441 = CARTESIAN_POINT('',(-12.5,-42.,25.4));
#442 = SURFACE_CURVE('',#443,(#447,#453),.PCURVE_S1.);
#443 = LINE('',#444,#445);
#444 = CARTESIAN_POINT('',(-12.5,-43.,25.4));
#445 = VECTOR('',#446,1.);
#446 = DIRECTION('',(0.,1.,0.));
#447 = PCURVE('',#74,#448);
#448 = DEFINITIONAL_REPRESENTATION('',(#449),#452);
#449 = B_SPLINE_CURVE_WITH_KNOTS('',1,(#450,#451),.UNSPECIFIED.,.F.,.F.,
  (2,2),(1.,3.),.PIECEWISE_BEZIER_KNOTS.);
#450 = CARTESIAN_POINT('',(17.5,0.));
#451 = CARTESIAN_POINT('',(17.5,2.));
#452 = ( GEOMETRIC_REPRESENTATION_CONTEXT(2) 
PARAMETRIC_REPRESENTATION_CONTEXT() REPRESENTATION_CONTEXT('2D SPACE',''
  ) );
#453 = PCURVE('',#454,#459);
#454 = PLANE('',#455);
#455 = AXIS2_PLACEMENT_3D('',#456,#457,#458);
#456 = CARTESIAN_POINT('',(-12.5,-44.,24.4));
#457 = DIRECTION('',(1.,0.,0.));
#458 = DIRECTION('',(0.,0.,1.));
#459 = DEFINITIONAL_REPRESENTATION('',(#460),#463);
#460 = B_SPLINE_CURVE_WITH_KNOTS('',1,(#461,#462),.UNSPECIFIED.,.F.,.F.,
  (2,2),(1.,3.),.PIECEWISE_BEZIER_KNOTS.);
#461 = CARTESIAN_POINT('',(1.,-2.));
#462 = CARTESIAN_POINT('',(1.,-4.));
#463 = ( GEOMETRIC_REPRESENTATION_CONTEXT(2) 
PARAMETRIC_REPRESENTATION_CONTEXT() REPRESENTATION_CONTEXT('2D SPACE',''
  ) );
#464 = ORIENTED_EDGE('',*,*,#465,.T.);
#465 = EDGE_CURVE('',#440,#466,#468,.T.);
#466 = VERTEX_POINT('',#467);
#467 = CARTESIAN_POINT('',(7.,-42.,25.4));
#468 = SURFACE_CURVE('',#469,(#473,#480),.PCURVE_S1.);
#469 = LINE('',#470,#471);
#470 = CARTESIAN_POINT('',(-30.,-42.,25.4));
#471 = VECTOR('',#472,1.);
#472 = DIRECTION('',(1.,0.,0.));
#473 = PCURVE('',#74,#474);
#474 = DEFINITIONAL_REPRESENTATION('',(#475),#479);
#475 = LINE('',#476,#477);
#476 = CARTESIAN_POINT('',(0.,0.));
#477 = VECTOR('',#478,1.);
#478 = DIRECTION('',(1.,0.));
#479 = ( GEOMETRIC_REPRESENTATION_CONTEXT(2) 
PARAMETRIC_REPRESENTATION_CONTEXT() REPRESENTATION_CONTEXT('2D SPACE',''
  ) );
#480 = PCURVE('',#212,#481);
#481 = DEFINITIONAL_REPRESENTATION('',(#482),#486);
#482 = LINE('',#483,#484);
#483 = CARTESIAN_POINT('',(25.4,0.));
#484 = VECTOR('',#485,1.);
#485 = DIRECTION('',(0.,1.));
#486 = ( GEOMETRIC_REPRESENTATION_CONTEXT(2) 
PARAMETRIC_REPRESENTATION_CONTEXT() REPRESENTATION_CONTEXT('2D SPACE',''
  ) );
#487 = ORIENTED_EDGE('',*,*,#488,.T.);
#488 = EDGE_CURVE('',#466,#489,#491,.T.);
#489 = VERTEX_POINT('',#490);
#490 = CARTESIAN_POINT('',(7.,-40.,25.4));
#491 = SURFACE_CURVE('',#492,(#496,#502),.PCURVE_S1.);
#492 = LINE('',#493,#494);
#493 = CARTESIAN_POINT('',(7.,-44.5,25.4));
#494 = VECTOR('',#495,1.);
#495 = DIRECTION('',(0.,1.,0.));
#496 = PCURVE('',#74,#497);
#497 = DEFINITIONAL_REPRESENTATION('',(#498),#501);
#498 = B_SPLINE_CURVE_WITH_KNOTS('',1,(#499,#500),.UNSPECIFIED.,.F.,.F.,
  (2,2),(2.5,7.5),.PIECEWISE_BEZIER_KNOTS.);
#499 = CARTESIAN_POINT('',(37.,0.));
#500 = CARTESIAN_POINT('',(37.,5.));
#501 = ( GEOMETRIC_REPRESENTATION_CONTEXT(2) 
PARAMETRIC_REPRESENTATION_CONTEXT() REPRESENTATION_CONTEXT('2D SPACE',''
  ) );
#502 = PCURVE('',#503,#508);
#503 = PLANE('',#504);
#504 = AXIS2_PLACEMENT_3D('',#505,#506,#507);
#505 = CARTESIAN_POINT('',(7.,-47.,11.2));
#506 = DIRECTION('',(1.,0.,0.));
#507 = DIRECTION('',(0.,0.,1.));
#508 = DEFINITIONAL_REPRESENTATION('',(#509),#512);
#509 = B_SPLINE_CURVE_WITH_KNOTS('',1,(#510,#511),.UNSPECIFIED.,.F.,.F.,
  (2,2),(2.5,7.5),.PIECEWISE_BEZIER_KNOTS.);
#510 = CARTESIAN_POINT('',(14.2,-5.));
#511 = CARTESIAN_POINT('',(14.2,-10.));
#512 = ( GEOMETRIC_REPRESENTATION_CONTEXT(2) 
PARAMETRIC_REPRESENTATION_CONTEXT() REPRESENTATION_CONTEXT('2D SPACE',''
  ) );
#513 = ORIENTED_EDGE('',*,*,#514,.T.);
#514 = EDGE_CURVE('',#489,#515,#517,.T.);
#515 = VERTEX_POINT('',#516);
#516 = CARTESIAN_POINT('',(-0.5,-40.,25.4));
#517 = SURFACE_CURVE('',#518,(#522,#529),.PCURVE_S1.);
#518 = LINE('',#519,#520);
#519 = CARTESIAN_POINT('',(-29.,-40.,25.4));
#520 = VECTOR('',#521,1.);
#521 = DIRECTION('',(-1.,0.,0.));
#522 = PCURVE('',#74,#523);
#523 = DEFINITIONAL_REPRESENTATION('',(#524),#528);
#524 = LINE('',#525,#526);
#525 = CARTESIAN_POINT('',(1.,2.));
#526 = VECTOR('',#527,1.);
#527 = DIRECTION('',(-1.,0.));
#528 = ( GEOMETRIC_REPRESENTATION_CONTEXT(2) 
PARAMETRIC_REPRESENTATION_CONTEXT() REPRESENTATION_CONTEXT('2D SPACE',''
  ) );
#529 = PCURVE('',#530,#535);
#530 = PLANE('',#531);
#531 = AXIS2_PLACEMENT_3D('',#532,#533,#534);
#532 = CARTESIAN_POINT('',(-28.,-40.,2.));
#533 = DIRECTION('',(0.,1.,0.));
#534 = DIRECTION('',(0.,0.,1.));
#535 = DEFINITIONAL_REPRESENTATION('',(#536),#539);
#536 = B_SPLINE_CURVE_WITH_KNOTS('',1,(#537,#538),.UNSPECIFIED.,.F.,.F.,
  (2,2),(-55.,-3.),.PIECEWISE_BEZIER_KNOTS.);
#537 = CARTESIAN_POINT('',(23.4,54.));
#538 = CARTESIAN_POINT('',(23.4,2.));
#539 = ( GEOMETRIC_REPRESENTATION_CONTEXT(2) 
PARAMETRIC_REPRESENTATION_CONTEXT() REPRESENTATION_CONTEXT('2D SPACE',''
  ) );
#540 = ORIENTED_EDGE('',*,*,#541,.T.);
#541 = EDGE_CURVE('',#515,#542,#544,.T.);
#542 = VERTEX_POINT('',#543);
#543 = CARTESIAN_POINT('',(-0.5,40.,25.4));
#544 = SURFACE_CURVE('',#545,(#549,#556),.PCURVE_S1.);
#545 = LINE('',#546,#547);
#546 = CARTESIAN_POINT('',(-0.5,-40.01,25.4));
#547 = VECTOR('',#548,1.);
#548 = DIRECTION('',(0.,1.,0.));
#549 = PCURVE('',#74,#550);
#550 = DEFINITIONAL_REPRESENTATION('',(#551),#555);
#551 = LINE('',#552,#553);
#552 = CARTESIAN_POINT('',(29.5,1.99));
#553 = VECTOR('',#554,1.);
#554 = DIRECTION('',(0.,1.));
#555 = ( GEOMETRIC_REPRESENTATION_CONTEXT(2) 
PARAMETRIC_REPRESENTATION_CONTEXT() REPRESENTATION_CONTEXT('2D SPACE',''
  ) );
#556 = PCURVE('',#557,#562);
#557 = PLANE('',#558);
#558 = AXIS2_PLACEMENT_3D('',#559,#560,#561);
#559 = CARTESIAN_POINT('',(-0.5,-40.01,0.));
#560 = DIRECTION('',(1.,0.,0.));
#561 = DIRECTION('',(0.,0.,1.));
#562 = DEFINITIONAL_REPRESENTATION('',(#563),#567);
#563 = LINE('',#564,#565);
#564 = CARTESIAN_POINT('',(25.4,0.));
#565 = VECTOR('',#566,1.);
#566 = DIRECTION('',(0.,-1.));
#567 = ( GEOMETRIC_REPRESENTATION_CONTEXT(2) 
PARAMETRIC_REPRESENTATION_CONTEXT() REPRESENTATION_CONTEXT('2D SPACE',''
  ) );
#568 = ORIENTED_EDGE('',*,*,#569,.F.);
#569 = EDGE_CURVE('',#570,#542,#572,.T.);
#570 = VERTEX_POINT('',#571);
#571 = CARTESIAN_POINT('',(26.,40.,25.4));
#572 = SURFACE_CURVE('',#573,(#577,#584),.PCURVE_S1.);
#573 = LINE('',#574,#575);
#574 = CARTESIAN_POINT('',(-29.,40.,25.4));
#575 = VECTOR('',#576,1.);
#576 = DIRECTION('',(-1.,0.,0.));
#577 = PCURVE('',#74,#578);
#578 = DEFINITIONAL_REPRESENTATION('',(#579),#583);
#579 = LINE('',#580,#581);
#580 = CARTESIAN_POINT('',(1.,82.));
#581 = VECTOR('',#582,1.);
#582 = DIRECTION('',(-1.,0.));
#583 = ( GEOMETRIC_REPRESENTATION_CONTEXT(2) 
PARAMETRIC_REPRESENTATION_CONTEXT() REPRESENTATION_CONTEXT('2D SPACE',''
  ) );
#584 = PCURVE('',#585,#590);
#585 = PLANE('',#586);
#586 = AXIS2_PLACEMENT_3D('',#587,#588,#589);
#587 = CARTESIAN_POINT('',(-28.,40.,2.));
#588 = DIRECTION('',(0.,1.,0.));
#589 = DIRECTION('',(0.,0.,1.));
#590 = DEFINITIONAL_REPRESENTATION('',(#591),#594);
#591 = B_SPLINE_CURVE_WITH_KNOTS('',1,(#592,#593),.UNSPECIFIED.,.F.,.F.,
  (2,2),(-55.,-3.),.PIECEWISE_BEZIER_KNOTS.);
#592 = CARTESIAN_POINT('',(23.4,54.));
#593 = CARTESIAN_POINT('',(23.4,2.));
#594 = ( GEOMETRIC_REPRESENTATION_CONTEXT(2) 
PARAMETRIC_REPRESENTATION_CONTEXT() REPRESENTATION_CONTEXT('2D SPACE',''
  ) );
#595 = ORIENTED_EDGE('',*,*,#596,.F.);
#596 = EDGE_CURVE('',#597,#570,#599,.T.);
#597 = VERTEX_POINT('',#598);
#598 = CARTESIAN_POINT('',(28.,38.,25.4));
#599 = SURFACE_CURVE('',#600,(#605,#612),.PCURVE_S1.);
#600 = CIRCLE('',#601,2.);
#601 = AXIS2_PLACEMENT_3D('',#602,#603,#604);
#602 = CARTESIAN_POINT('',(26.,38.,25.4));
#603 = DIRECTION('',(0.,0.,1.));
#604 = DIRECTION('',(1.,0.,-0.));
#605 = PCURVE('',#74,#606);
#606 = DEFINITIONAL_REPRESENTATION('',(#607),#611);
#607 = CIRCLE('',#608,2.);
#608 = AXIS2_PLACEMENT_2D('',#609,#610);
#609 = CARTESIAN_POINT('',(56.,80.));
#610 = DIRECTION('',(1.,0.));
#611 = ( GEOMETRIC_REPRESENTATION_CONTEXT(2) 
PARAMETRIC_REPRESENTATION_CONTEXT() REPRESENTATION_CONTEXT('2D SPACE',''
  ) );
#612 = PCURVE('',#613,#618);
#613 = CYLINDRICAL_SURFACE('',#614,2.);
#614 = AXIS2_PLACEMENT_3D('',#615,#616,#617);
#615 = CARTESIAN_POINT('',(26.,38.,2.));
#616 = DIRECTION('',(0.,0.,1.));
#617 = DIRECTION('',(1.,0.,-0.));
#618 = DEFINITIONAL_REPRESENTATION('',(#619),#623);
#619 = LINE('',#620,#621);
#620 = CARTESIAN_POINT('',(0.,23.4));
#621 = VECTOR('',#622,1.);
#622 = DIRECTION('',(1.,0.));
#623 = ( GEOMETRIC_REPRESENTATION_CONTEXT(2) 
PARAMETRIC_REPRESENTATION_CONTEXT() REPRESENTATION_CONTEXT('2D SPACE',''
  ) );
#624 = ORIENTED_EDGE('',*,*,#625,.F.);
#625 = EDGE_CURVE('',#626,#597,#628,.T.);
#626 = VERTEX_POINT('',#627);
#627 = CARTESIAN_POINT('',(28.,-38.,25.4));
#628 = SURFACE_CURVE('',#629,(#633,#640),.PCURVE_S1.);
#629 = LINE('',#630,#631);
#630 = CARTESIAN_POINT('',(28.,-41.,25.4));
#631 = VECTOR('',#632,1.);
#632 = DIRECTION('',(0.,1.,0.));
#633 = PCURVE('',#74,#634);
#634 = DEFINITIONAL_REPRESENTATION('',(#635),#639);
#635 = LINE('',#636,#637);
#636 = CARTESIAN_POINT('',(58.,1.));
#637 = VECTOR('',#638,1.);
#638 = DIRECTION('',(0.,1.));
#639 = ( GEOMETRIC_REPRESENTATION_CONTEXT(2) 
PARAMETRIC_REPRESENTATION_CONTEXT() REPRESENTATION_CONTEXT('2D SPACE',''
  ) );
#640 = PCURVE('',#641,#646);
#641 = PLANE('',#642);
#642 = AXIS2_PLACEMENT_3D('',#643,#644,#645);
#643 = CARTESIAN_POINT('',(28.,-40.,2.));
#644 = DIRECTION('',(1.,0.,0.));
#645 = DIRECTION('',(0.,0.,1.));
#646 = DEFINITIONAL_REPRESENTATION('',(#647),#650);
#647 = B_SPLINE_CURVE_WITH_KNOTS('',1,(#648,#649),.UNSPECIFIED.,.F.,.F.,
  (2,2),(3.,79.),.PIECEWISE_BEZIER_KNOTS.);
#648 = CARTESIAN_POINT('',(23.4,-2.));
#649 = CARTESIAN_POINT('',(23.4,-78.));
#650 = ( GEOMETRIC_REPRESENTATION_CONTEXT(2) 
PARAMETRIC_REPRESENTATION_CONTEXT() REPRESENTATION_CONTEXT('2D SPACE',''
  ) );
#651 = ORIENTED_EDGE('',*,*,#652,.F.);
#652 = EDGE_CURVE('',#653,#626,#655,.T.);
#653 = VERTEX_POINT('',#654);
#654 = CARTESIAN_POINT('',(26.,-40.,25.4));
#655 = SURFACE_CURVE('',#656,(#661,#668),.PCURVE_S1.);
#656 = CIRCLE('',#657,2.);
#657 = AXIS2_PLACEMENT_3D('',#658,#659,#660);
#658 = CARTESIAN_POINT('',(26.,-38.,25.4));
#659 = DIRECTION('',(0.,0.,1.));
#660 = DIRECTION('',(1.,0.,-0.));
#661 = PCURVE('',#74,#662);
#662 = DEFINITIONAL_REPRESENTATION('',(#663),#667);
#663 = CIRCLE('',#664,2.);
#664 = AXIS2_PLACEMENT_2D('',#665,#666);
#665 = CARTESIAN_POINT('',(56.,4.));
#666 = DIRECTION('',(1.,0.));
#667 = ( GEOMETRIC_REPRESENTATION_CONTEXT(2) 
PARAMETRIC_REPRESENTATION_CONTEXT() REPRESENTATION_CONTEXT('2D SPACE',''
  ) );
#668 = PCURVE('',#669,#674);
#669 = CYLINDRICAL_SURFACE('',#670,2.);
#670 = AXIS2_PLACEMENT_3D('',#671,#672,#673);
#671 = CARTESIAN_POINT('',(26.,-38.,2.));
#672 = DIRECTION('',(0.,0.,1.));
#673 = DIRECTION('',(1.,0.,-0.));
#674 = DEFINITIONAL_REPRESENTATION('',(#675),#679);
#675 = LINE('',#676,#677);
#676 = CARTESIAN_POINT('',(-6.28318530718,23.4));
#677 = VECTOR('',#678,1.);
#678 = DIRECTION('',(1.,-0.));
#679 = ( GEOMETRIC_REPRESENTATION_CONTEXT(2) 
PARAMETRIC_REPRESENTATION_CONTEXT() REPRESENTATION_CONTEXT('2D SPACE',''
  ) );
#680 = ORIENTED_EDGE('',*,*,#681,.T.);
#681 = EDGE_CURVE('',#653,#682,#684,.T.);
#682 = VERTEX_POINT('',#683);
#683 = CARTESIAN_POINT('',(21.,-40.,25.4));
#684 = SURFACE_CURVE('',#685,(#689,#696),.PCURVE_S1.);
#685 = LINE('',#686,#687);
#686 = CARTESIAN_POINT('',(-29.,-40.,25.4));
#687 = VECTOR('',#688,1.);
#688 = DIRECTION('',(-1.,0.,0.));
#689 = PCURVE('',#74,#690);
#690 = DEFINITIONAL_REPRESENTATION('',(#691),#695);
#691 = LINE('',#692,#693);
#692 = CARTESIAN_POINT('',(1.,2.));
#693 = VECTOR('',#694,1.);
#694 = DIRECTION('',(-1.,0.));
#695 = ( GEOMETRIC_REPRESENTATION_CONTEXT(2) 
PARAMETRIC_REPRESENTATION_CONTEXT() REPRESENTATION_CONTEXT('2D SPACE',''
  ) );
#696 = PCURVE('',#697,#702);
#697 = PLANE('',#698);
#698 = AXIS2_PLACEMENT_3D('',#699,#700,#701);
#699 = CARTESIAN_POINT('',(-28.,-40.,2.));
#700 = DIRECTION('',(0.,1.,0.));
#701 = DIRECTION('',(0.,0.,1.));
#702 = DEFINITIONAL_REPRESENTATION('',(#703),#706);
#703 = B_SPLINE_CURVE_WITH_KNOTS('',1,(#704,#705),.UNSPECIFIED.,.F.,.F.,
  (2,2),(-55.,-3.),.PIECEWISE_BEZIER_KNOTS.);
#704 = CARTESIAN_POINT('',(23.4,54.));
#705 = CARTESIAN_POINT('',(23.4,2.));
#706 = ( GEOMETRIC_REPRESENTATION_CONTEXT(2) 
PARAMETRIC_REPRESENTATION_CONTEXT() REPRESENTATION_CONTEXT('2D SPACE',''
  ) );
#707 = ORIENTED_EDGE('',*,*,#708,.F.);
#708 = EDGE_CURVE('',#709,#682,#711,.T.);
#709 = VERTEX_POINT('',#710);
#710 = CARTESIAN_POINT('',(21.,-42.,25.4));
#711 = SURFACE_CURVE('',#712,(#716,#722),.PCURVE_S1.);
#712 = LINE('',#713,#714);
#713 = CARTESIAN_POINT('',(21.,-44.5,25.4));
#714 = VECTOR('',#715,1.);
#715 = DIRECTION('',(0.,1.,0.));
#716 = PCURVE('',#74,#717);
#717 = DEFINITIONAL_REPRESENTATION('',(#718),#721);
#718 = B_SPLINE_CURVE_WITH_KNOTS('',1,(#719,#720),.UNSPECIFIED.,.F.,.F.,
  (2,2),(2.5,7.5),.PIECEWISE_BEZIER_KNOTS.);
#719 = CARTESIAN_POINT('',(51.,0.));
#720 = CARTESIAN_POINT('',(51.,5.));
#721 = ( GEOMETRIC_REPRESENTATION_CONTEXT(2) 
PARAMETRIC_REPRESENTATION_CONTEXT() REPRESENTATION_CONTEXT('2D SPACE',''
  ) );
#722 = PCURVE('',#723,#728);
#723 = PLANE('',#724);
#724 = AXIS2_PLACEMENT_3D('',#725,#726,#727);
#725 = CARTESIAN_POINT('',(21.,-47.,11.2));
#726 = DIRECTION('',(1.,0.,0.));
#727 = DIRECTION('',(0.,0.,1.));
#728 = DEFINITIONAL_REPRESENTATION('',(#729),#732);
#729 = B_SPLINE_CURVE_WITH_KNOTS('',1,(#730,#731),.UNSPECIFIED.,.F.,.F.,
  (2,2),(2.5,7.5),.PIECEWISE_BEZIER_KNOTS.);
#730 = CARTESIAN_POINT('',(14.2,-5.));
#731 = CARTESIAN_POINT('',(14.2,-10.));
#732 = ( GEOMETRIC_REPRESENTATION_CONTEXT(2) 
PARAMETRIC_REPRESENTATION_CONTEXT() REPRESENTATION_CONTEXT('2D SPACE',''
  ) );
#733 = ORIENTED_EDGE('',*,*,#734,.T.);
#734 = EDGE_CURVE('',#709,#735,#737,.T.);
#735 = VERTEX_POINT('',#736);
#736 = CARTESIAN_POINT('',(26.,-42.,25.4));
#737 = SURFACE_CURVE('',#738,(#742,#749),.PCURVE_S1.);
#738 = LINE('',#739,#740);
#739 = CARTESIAN_POINT('',(-30.,-42.,25.4));
#740 = VECTOR('',#741,1.);
#741 = DIRECTION('',(1.,0.,0.));
#742 = PCURVE('',#74,#743);
#743 = DEFINITIONAL_REPRESENTATION('',(#744),#748);
#744 = LINE('',#745,#746);
#745 = CARTESIAN_POINT('',(0.,0.));
#746 = VECTOR('',#747,1.);
#747 = DIRECTION('',(1.,0.));
#748 = ( GEOMETRIC_REPRESENTATION_CONTEXT(2) 
PARAMETRIC_REPRESENTATION_CONTEXT() REPRESENTATION_CONTEXT('2D SPACE',''
  ) );
#749 = PCURVE('',#212,#750);
#750 = DEFINITIONAL_REPRESENTATION('',(#751),#755);
#751 = LINE('',#752,#753);
#752 = CARTESIAN_POINT('',(25.4,0.));
#753 = VECTOR('',#754,1.);
#754 = DIRECTION('',(0.,1.));
#755 = ( GEOMETRIC_REPRESENTATION_CONTEXT(2) 
PARAMETRIC_REPRESENTATION_CONTEXT() REPRESENTATION_CONTEXT('2D SPACE',''
  ) );
#756 = ORIENTED_EDGE('',*,*,#757,.F.);
#757 = EDGE_CURVE('',#758,#735,#760,.T.);
#758 = VERTEX_POINT('',#759);
#759 = CARTESIAN_POINT('',(30.,-38.,25.4));
#760 = SURFACE_CURVE('',#761,(#766,#777),.PCURVE_S1.);
#761 = CIRCLE('',#762,4.);
#762 = AXIS2_PLACEMENT_3D('',#763,#764,#765);
#763 = CARTESIAN_POINT('',(26.,-38.,25.4));
#764 = DIRECTION('',(-0.,-0.,-1.));
#765 = DIRECTION('',(0.,-1.,0.));
#766 = PCURVE('',#74,#767);
#767 = DEFINITIONAL_REPRESENTATION('',(#768),#776);
#768 = ( BOUNDED_CURVE() B_SPLINE_CURVE(2,(#769,#770,#771,#772,#773,#774
,#775),.UNSPECIFIED.,.T.,.F.) B_SPLINE_CURVE_WITH_KNOTS((1,2,2,2,2,1),(
    -2.094395102393,0.,2.094395102393,4.188790204786,6.28318530718,
8.377580409573),.UNSPECIFIED.) CURVE() GEOMETRIC_REPRESENTATION_ITEM() 
RATIONAL_B_SPLINE_CURVE((1.,0.5,1.,0.5,1.,0.5,1.)) REPRESENTATION_ITEM(
  '') );
#769 = CARTESIAN_POINT('',(56.,0.));
#770 = CARTESIAN_POINT('',(49.071796769724,0.));
#771 = CARTESIAN_POINT('',(52.535898384862,6.));
#772 = CARTESIAN_POINT('',(56.,12.));
#773 = CARTESIAN_POINT('',(59.464101615138,6.));
#774 = CARTESIAN_POINT('',(62.928203230276,6.217248937901E-15));
#775 = CARTESIAN_POINT('',(56.,0.));
#776 = ( GEOMETRIC_REPRESENTATION_CONTEXT(2) 
PARAMETRIC_REPRESENTATION_CONTEXT() REPRESENTATION_CONTEXT('2D SPACE',''
  ) );
#777 = PCURVE('',#778,#783);
#778 = CYLINDRICAL_SURFACE('',#779,4.);
#779 = AXIS2_PLACEMENT_3D('',#780,#781,#782);
#780 = CARTESIAN_POINT('',(26.,-38.,0.));
#781 = DIRECTION('',(0.,0.,1.));
#782 = DIRECTION('',(1.,0.,-0.));
#783 = DEFINITIONAL_REPRESENTATION('',(#784),#788);
#784 = LINE('',#785,#786);
#785 = CARTESIAN_POINT('',(4.712388980385,25.4));
#786 = VECTOR('',#787,1.);
#787 = DIRECTION('',(-1.,0.));
#788 = ( GEOMETRIC_REPRESENTATION_CONTEXT(2) 
PARAMETRIC_REPRESENTATION_CONTEXT() REPRESENTATION_CONTEXT('2D SPACE',''
  ) );
#789 = ORIENTED_EDGE('',*,*,#790,.T.);
#790 = EDGE_CURVE('',#758,#791,#793,.T.);
#791 = VERTEX_POINT('',#792);
#792 = CARTESIAN_POINT('',(30.,38.,25.4));
#793 = SURFACE_CURVE('',#794,(#798,#805),.PCURVE_S1.);
#794 = LINE('',#795,#796);
#795 = CARTESIAN_POINT('',(30.,-42.,25.4));
#796 = VECTOR('',#797,1.);
#797 = DIRECTION('',(0.,1.,0.));
#798 = PCURVE('',#74,#799);
#799 = DEFINITIONAL_REPRESENTATION('',(#800),#804);
#800 = LINE('',#801,#802);
#801 = CARTESIAN_POINT('',(60.,0.));
#802 = VECTOR('',#803,1.);
#803 = DIRECTION('',(0.,1.));
#804 = ( GEOMETRIC_REPRESENTATION_CONTEXT(2) 
PARAMETRIC_REPRESENTATION_CONTEXT() REPRESENTATION_CONTEXT('2D SPACE',''
  ) );
#805 = PCURVE('',#806,#811);
#806 = PLANE('',#807);
#807 = AXIS2_PLACEMENT_3D('',#808,#809,#810);
#808 = CARTESIAN_POINT('',(30.,-42.,0.));
#809 = DIRECTION('',(1.,0.,0.));
#810 = DIRECTION('',(0.,0.,1.));
#811 = DEFINITIONAL_REPRESENTATION('',(#812),#816);
#812 = LINE('',#813,#814);
#813 = CARTESIAN_POINT('',(25.4,0.));
#814 = VECTOR('',#815,1.);
#815 = DIRECTION('',(0.,-1.));
#816 = ( GEOMETRIC_REPRESENTATION_CONTEXT(2) 
PARAMETRIC_REPRESENTATION_CONTEXT() REPRESENTATION_CONTEXT('2D SPACE',''
  ) );
#817 = ORIENTED_EDGE('',*,*,#818,.T.);
#818 = EDGE_CURVE('',#791,#819,#821,.T.);
#819 = VERTEX_POINT('',#820);
#820 = CARTESIAN_POINT('',(26.,42.,25.4));
#821 = SURFACE_CURVE('',#822,(#827,#834),.PCURVE_S1.);
#822 = CIRCLE('',#823,4.);
#823 = AXIS2_PLACEMENT_3D('',#824,#825,#826);
#824 = CARTESIAN_POINT('',(26.,38.,25.4));
#825 = DIRECTION('',(0.,0.,1.));
#826 = DIRECTION('',(0.,-1.,0.));
#827 = PCURVE('',#74,#828);
#828 = DEFINITIONAL_REPRESENTATION('',(#829),#833);
#829 = CIRCLE('',#830,4.);
#830 = AXIS2_PLACEMENT_2D('',#831,#832);
#831 = CARTESIAN_POINT('',(56.,80.));
#832 = DIRECTION('',(0.,-1.));
#833 = ( GEOMETRIC_REPRESENTATION_CONTEXT(2) 
PARAMETRIC_REPRESENTATION_CONTEXT() REPRESENTATION_CONTEXT('2D SPACE',''
  ) );
#834 = PCURVE('',#835,#840);
#835 = CYLINDRICAL_SURFACE('',#836,4.);
#836 = AXIS2_PLACEMENT_3D('',#837,#838,#839);
#837 = CARTESIAN_POINT('',(26.,38.,0.));
#838 = DIRECTION('',(0.,0.,1.));
#839 = DIRECTION('',(1.,0.,-0.));
#840 = DEFINITIONAL_REPRESENTATION('',(#841),#845);
#841 = LINE('',#842,#843);
#842 = CARTESIAN_POINT('',(-1.570796326795,25.4));
#843 = VECTOR('',#844,1.);
#844 = DIRECTION('',(1.,0.));
#845 = ( GEOMETRIC_REPRESENTATION_CONTEXT(2) 
PARAMETRIC_REPRESENTATION_CONTEXT() REPRESENTATION_CONTEXT('2D SPACE',''
  ) );
#846 = ORIENTED_EDGE('',*,*,#847,.F.);
#847 = EDGE_CURVE('',#848,#819,#850,.T.);
#848 = VERTEX_POINT('',#849);
#849 = CARTESIAN_POINT('',(-26.,42.,25.4));
#850 = SURFACE_CURVE('',#851,(#855,#862),.PCURVE_S1.);
#851 = LINE('',#852,#853);
#852 = CARTESIAN_POINT('',(-30.,42.,25.4));
#853 = VECTOR('',#854,1.);
#854 = DIRECTION('',(1.,0.,0.));
#855 = PCURVE('',#74,#856);
#856 = DEFINITIONAL_REPRESENTATION('',(#857),#861);
#857 = LINE('',#858,#859);
#858 = CARTESIAN_POINT('',(0.,84.));
#859 = VECTOR('',#860,1.);
#860 = DIRECTION('',(1.,0.));
#861 = ( GEOMETRIC_REPRESENTATION_CONTEXT(2) 
PARAMETRIC_REPRESENTATION_CONTEXT() REPRESENTATION_CONTEXT('2D SPACE',''
  ) );
#862 = PCURVE('',#863,#868);
#863 = PLANE('',#864);
#864 = AXIS2_PLACEMENT_3D('',#865,#866,#867);
#865 = CARTESIAN_POINT('',(-30.,42.,0.));
#866 = DIRECTION('',(0.,1.,0.));
#867 = DIRECTION('',(0.,0.,1.));
#868 = DEFINITIONAL_REPRESENTATION('',(#869),#873);
#869 = LINE('',#870,#871);
#870 = CARTESIAN_POINT('',(25.4,0.));
#871 = VECTOR('',#872,1.);
#872 = DIRECTION('',(0.,1.));
#873 = ( GEOMETRIC_REPRESENTATION_CONTEXT(2) 
PARAMETRIC_REPRESENTATION_CONTEXT() REPRESENTATION_CONTEXT('2D SPACE',''
  ) );
#874 = ORIENTED_EDGE('',*,*,#875,.F.);
#875 = EDGE_CURVE('',#54,#848,#876,.T.);
#876 = SURFACE_CURVE('',#877,(#882,#893),.PCURVE_S1.);
#877 = CIRCLE('',#878,4.);
#878 = AXIS2_PLACEMENT_3D('',#879,#880,#881);
#879 = CARTESIAN_POINT('',(-26.,38.,25.4));
#880 = DIRECTION('',(-0.,-0.,-1.));
#881 = DIRECTION('',(0.,-1.,0.));
#882 = PCURVE('',#74,#883);
#883 = DEFINITIONAL_REPRESENTATION('',(#884),#892);
#884 = ( BOUNDED_CURVE() B_SPLINE_CURVE(2,(#885,#886,#887,#888,#889,#890
,#891),.UNSPECIFIED.,.T.,.F.) B_SPLINE_CURVE_WITH_KNOTS((1,2,2,2,2,1),(
    -2.094395102393,0.,2.094395102393,4.188790204786,6.28318530718,
8.377580409573),.UNSPECIFIED.) CURVE() GEOMETRIC_REPRESENTATION_ITEM() 
RATIONAL_B_SPLINE_CURVE((1.,0.5,1.,0.5,1.,0.5,1.)) REPRESENTATION_ITEM(
  '') );
#885 = CARTESIAN_POINT('',(4.,76.));
#886 = CARTESIAN_POINT('',(-2.928203230276,76.));
#887 = CARTESIAN_POINT('',(0.535898384862,82.));
#888 = CARTESIAN_POINT('',(4.,88.));
#889 = CARTESIAN_POINT('',(7.464101615138,82.));
#890 = CARTESIAN_POINT('',(10.928203230276,76.));
#891 = CARTESIAN_POINT('',(4.,76.));
#892 = ( GEOMETRIC_REPRESENTATION_CONTEXT(2) 
PARAMETRIC_REPRESENTATION_CONTEXT() REPRESENTATION_CONTEXT('2D SPACE',''
  ) );
#893 = PCURVE('',#156,#894);
#894 = DEFINITIONAL_REPRESENTATION('',(#895),#899);
#895 = LINE('',#896,#897);
#896 = CARTESIAN_POINT('',(1.570796326795,25.4));
#897 = VECTOR('',#898,1.);
#898 = DIRECTION('',(-1.,0.));
#899 = ( GEOMETRIC_REPRESENTATION_CONTEXT(2) 
PARAMETRIC_REPRESENTATION_CONTEXT() REPRESENTATION_CONTEXT('2D SPACE',''
  ) );
#900 = ADVANCED_FACE('',(#901),#102,.T.);
#901 = FACE_BOUND('',#902,.T.);
#902 = EDGE_LOOP('',(#903,#927,#948,#949));
#903 = ORIENTED_EDGE('',*,*,#904,.T.);
#904 = EDGE_CURVE('',#87,#905,#907,.T.);
#905 = VERTEX_POINT('',#906);
#906 = CARTESIAN_POINT('',(-26.,-42.,0.));
#907 = SURFACE_CURVE('',#908,(#913,#920),.PCURVE_S1.);
#908 = CIRCLE('',#909,4.);
#909 = AXIS2_PLACEMENT_3D('',#910,#911,#912);
#910 = CARTESIAN_POINT('',(-26.,-38.,0.));
#911 = DIRECTION('',(0.,0.,1.));
#912 = DIRECTION('',(0.,-1.,0.));
#913 = PCURVE('',#102,#914);
#914 = DEFINITIONAL_REPRESENTATION('',(#915),#919);
#915 = LINE('',#916,#917);
#916 = CARTESIAN_POINT('',(-4.712388980385,0.));
#917 = VECTOR('',#918,1.);
#918 = DIRECTION('',(1.,0.));
#919 = ( GEOMETRIC_REPRESENTATION_CONTEXT(2) 
PARAMETRIC_REPRESENTATION_CONTEXT() REPRESENTATION_CONTEXT('2D SPACE',''
  ) );
#920 = PCURVE('',#130,#921);
#921 = DEFINITIONAL_REPRESENTATION('',(#922),#926);
#922 = CIRCLE('',#923,4.);
#923 = AXIS2_PLACEMENT_2D('',#924,#925);
#924 = CARTESIAN_POINT('',(4.,4.));
#925 = DIRECTION('',(0.,-1.));
#926 = ( GEOMETRIC_REPRESENTATION_CONTEXT(2) 
PARAMETRIC_REPRESENTATION_CONTEXT() REPRESENTATION_CONTEXT('2D SPACE',''
  ) );
#927 = ORIENTED_EDGE('',*,*,#928,.T.);
#928 = EDGE_CURVE('',#905,#173,#929,.T.);
#929 = SURFACE_CURVE('',#930,(#934,#941),.PCURVE_S1.);
#930 = LINE('',#931,#932);
#931 = CARTESIAN_POINT('',(-26.,-42.,0.));
#932 = VECTOR('',#933,1.);
#933 = DIRECTION('',(0.,0.,1.));
#934 = PCURVE('',#102,#935);
#935 = DEFINITIONAL_REPRESENTATION('',(#936),#940);
#936 = LINE('',#937,#938);
#937 = CARTESIAN_POINT('',(1.570796326795,0.));
#938 = VECTOR('',#939,1.);
#939 = DIRECTION('',(0.,1.));
#940 = ( GEOMETRIC_REPRESENTATION_CONTEXT(2) 
PARAMETRIC_REPRESENTATION_CONTEXT() REPRESENTATION_CONTEXT('2D SPACE',''
  ) );
#941 = PCURVE('',#212,#942);
#942 = DEFINITIONAL_REPRESENTATION('',(#943),#947);
#943 = LINE('',#944,#945);
#944 = CARTESIAN_POINT('',(0.,4.));
#945 = VECTOR('',#946,1.);
#946 = DIRECTION('',(1.,0.));
#947 = ( GEOMETRIC_REPRESENTATION_CONTEXT(2) 
PARAMETRIC_REPRESENTATION_CONTEXT() REPRESENTATION_CONTEXT('2D SPACE',''
  ) );
#948 = ORIENTED_EDGE('',*,*,#172,.F.);
#949 = ORIENTED_EDGE('',*,*,#86,.F.);
#950 = ADVANCED_FACE('',(#951),#156,.T.);
#951 = FACE_BOUND('',#952,.F.);
#952 = EDGE_LOOP('',(#953,#981,#1002,#1003));
#953 = ORIENTED_EDGE('',*,*,#954,.T.);
#954 = EDGE_CURVE('',#115,#955,#957,.T.);
#955 = VERTEX_POINT('',#956);
#956 = CARTESIAN_POINT('',(-26.,42.,0.));
#957 = SURFACE_CURVE('',#958,(#963,#970),.PCURVE_S1.);
#958 = CIRCLE('',#959,4.);
#959 = AXIS2_PLACEMENT_3D('',#960,#961,#962);
#960 = CARTESIAN_POINT('',(-26.,38.,0.));
#961 = DIRECTION('',(-0.,-0.,-1.));
#962 = DIRECTION('',(0.,-1.,0.));
#963 = PCURVE('',#156,#964);
#964 = DEFINITIONAL_REPRESENTATION('',(#965),#969);
#965 = LINE('',#966,#967);
#966 = CARTESIAN_POINT('',(1.570796326795,-0.));
#967 = VECTOR('',#968,1.);
#968 = DIRECTION('',(-1.,0.));
#969 = ( GEOMETRIC_REPRESENTATION_CONTEXT(2) 
PARAMETRIC_REPRESENTATION_CONTEXT() REPRESENTATION_CONTEXT('2D SPACE',''
  ) );
#970 = PCURVE('',#130,#971);
#971 = DEFINITIONAL_REPRESENTATION('',(#972),#980);
#972 = ( BOUNDED_CURVE() B_SPLINE_CURVE(2,(#973,#974,#975,#976,#977,#978
,#979),.UNSPECIFIED.,.T.,.F.) B_SPLINE_CURVE_WITH_KNOTS((1,2,2,2,2,1),(
    -2.094395102393,0.,2.094395102393,4.188790204786,6.28318530718,
8.377580409573),.UNSPECIFIED.) CURVE() GEOMETRIC_REPRESENTATION_ITEM() 
RATIONAL_B_SPLINE_CURVE((1.,0.5,1.,0.5,1.,0.5,1.)) REPRESENTATION_ITEM(
  '') );
#973 = CARTESIAN_POINT('',(4.,76.));
#974 = CARTESIAN_POINT('',(-2.928203230276,76.));
#975 = CARTESIAN_POINT('',(0.535898384862,82.));
#976 = CARTESIAN_POINT('',(4.,88.));
#977 = CARTESIAN_POINT('',(7.464101615138,82.));
#978 = CARTESIAN_POINT('',(10.928203230276,76.));
#979 = CARTESIAN_POINT('',(4.,76.));
#980 = ( GEOMETRIC_REPRESENTATION_CONTEXT(2) 
PARAMETRIC_REPRESENTATION_CONTEXT() REPRESENTATION_CONTEXT('2D SPACE',''
  ) );
#981 = ORIENTED_EDGE('',*,*,#982,.T.);
#982 = EDGE_CURVE('',#955,#848,#983,.T.);
#983 = SURFACE_CURVE('',#984,(#988,#995),.PCURVE_S1.);
#984 = LINE('',#985,#986);
#985 = CARTESIAN_POINT('',(-26.,42.,0.));
#986 = VECTOR('',#987,1.);
#987 = DIRECTION('',(0.,0.,1.));
#988 = PCURVE('',#156,#989);
#989 = DEFINITIONAL_REPRESENTATION('',(#990),#994);
#990 = LINE('',#991,#992);
#991 = CARTESIAN_POINT('',(-1.570796326795,0.));
#992 = VECTOR('',#993,1.);
#993 = DIRECTION('',(-0.,1.));
#994 = ( GEOMETRIC_REPRESENTATION_CONTEXT(2) 
PARAMETRIC_REPRESENTATION_CONTEXT() REPRESENTATION_CONTEXT('2D SPACE',''
  ) );
#995 = PCURVE('',#863,#996);
#996 = DEFINITIONAL_REPRESENTATION('',(#997),#1001);
#997 = LINE('',#998,#999);
#998 = CARTESIAN_POINT('',(0.,4.));
#999 = VECTOR('',#1000,1.);
#1000 = DIRECTION('',(1.,0.));
#1001 = ( GEOMETRIC_REPRESENTATION_CONTEXT(2) 
PARAMETRIC_REPRESENTATION_CONTEXT() REPRESENTATION_CONTEXT('2D SPACE',''
  ) );
#1002 = ORIENTED_EDGE('',*,*,#875,.F.);
#1003 = ORIENTED_EDGE('',*,*,#142,.F.);
#1004 = ADVANCED_FACE('',(#1005),#130,.F.);
#1005 = FACE_BOUND('',#1006,.F.);
#1006 = EDGE_LOOP('',(#1007,#1008,#1009,#1032,#1060,#1083,#1107,#1128));
#1007 = ORIENTED_EDGE('',*,*,#114,.F.);
#1008 = ORIENTED_EDGE('',*,*,#904,.T.);
#1009 = ORIENTED_EDGE('',*,*,#1010,.T.);
#1010 = EDGE_CURVE('',#905,#1011,#1013,.T.);
#1011 = VERTEX_POINT('',#1012);
#1012 = CARTESIAN_POINT('',(26.,-42.,0.));
#1013 = SURFACE_CURVE('',#1014,(#1018,#1025),.PCURVE_S1.);
#1014 = LINE('',#1015,#1016);
#1015 = CARTESIAN_POINT('',(-30.,-42.,0.));
#1016 = VECTOR('',#1017,1.);
#1017 = DIRECTION('',(1.,0.,0.));
#1018 = PCURVE('',#130,#1019);
#1019 = DEFINITIONAL_REPRESENTATION('',(#1020),#1024);
#1020 = LINE('',#1021,#1022);
#1021 = CARTESIAN_POINT('',(0.,0.));
#1022 = VECTOR('',#1023,1.);
#1023 = DIRECTION('',(1.,0.));
#1024 = ( GEOMETRIC_REPRESENTATION_CONTEXT(2) 
PARAMETRIC_REPRESENTATION_CONTEXT() REPRESENTATION_CONTEXT('2D SPACE',''
  ) );
#1025 = PCURVE('',#212,#1026);
#1026 = DEFINITIONAL_REPRESENTATION('',(#1027),#1031);
#1027 = LINE('',#1028,#1029);
#1028 = CARTESIAN_POINT('',(0.,0.));
#1029 = VECTOR('',#1030,1.);
#1030 = DIRECTION('',(0.,1.));
#1031 = ( GEOMETRIC_REPRESENTATION_CONTEXT(2) 
PARAMETRIC_REPRESENTATION_CONTEXT() REPRESENTATION_CONTEXT('2D SPACE',''
  ) );
#1032 = ORIENTED_EDGE('',*,*,#1033,.F.);
#1033 = EDGE_CURVE('',#1034,#1011,#1036,.T.);
#1034 = VERTEX_POINT('',#1035);
#1035 = CARTESIAN_POINT('',(30.,-38.,0.));
#1036 = SURFACE_CURVE('',#1037,(#1042,#1053),.PCURVE_S1.);
#1037 = CIRCLE('',#1038,4.);
#1038 = AXIS2_PLACEMENT_3D('',#1039,#1040,#1041);
#1039 = CARTESIAN_POINT('',(26.,-38.,0.));
#1040 = DIRECTION('',(-0.,-0.,-1.));
#1041 = DIRECTION('',(0.,-1.,0.));
#1042 = PCURVE('',#130,#1043);
#1043 = DEFINITIONAL_REPRESENTATION('',(#1044),#1052);
#1044 = ( BOUNDED_CURVE() B_SPLINE_CURVE(2,(#1045,#1046,#1047,#1048,
#1049,#1050,#1051),.UNSPECIFIED.,.T.,.F.) B_SPLINE_CURVE_WITH_KNOTS((1,2
    ,2,2,2,1),(-2.094395102393,0.,2.094395102393,4.188790204786,
6.28318530718,8.377580409573),.UNSPECIFIED.) CURVE() 
GEOMETRIC_REPRESENTATION_ITEM() RATIONAL_B_SPLINE_CURVE((1.,0.5,1.,0.5,
1.,0.5,1.)) REPRESENTATION_ITEM('') );
#1045 = CARTESIAN_POINT('',(56.,0.));
#1046 = CARTESIAN_POINT('',(49.071796769724,0.));
#1047 = CARTESIAN_POINT('',(52.535898384862,6.));
#1048 = CARTESIAN_POINT('',(56.,12.));
#1049 = CARTESIAN_POINT('',(59.464101615138,6.));
#1050 = CARTESIAN_POINT('',(62.928203230276,6.217248937901E-15));
#1051 = CARTESIAN_POINT('',(56.,0.));
#1052 = ( GEOMETRIC_REPRESENTATION_CONTEXT(2) 
PARAMETRIC_REPRESENTATION_CONTEXT() REPRESENTATION_CONTEXT('2D SPACE',''
  ) );
#1053 = PCURVE('',#778,#1054);
#1054 = DEFINITIONAL_REPRESENTATION('',(#1055),#1059);
#1055 = LINE('',#1056,#1057);
#1056 = CARTESIAN_POINT('',(4.712388980385,-0.));
#1057 = VECTOR('',#1058,1.);
#1058 = DIRECTION('',(-1.,0.));
#1059 = ( GEOMETRIC_REPRESENTATION_CONTEXT(2) 
PARAMETRIC_REPRESENTATION_CONTEXT() REPRESENTATION_CONTEXT('2D SPACE',''
  ) );
#1060 = ORIENTED_EDGE('',*,*,#1061,.T.);
#1061 = EDGE_CURVE('',#1034,#1062,#1064,.T.);
#1062 = VERTEX_POINT('',#1063);
#1063 = CARTESIAN_POINT('',(30.,38.,0.));
#1064 = SURFACE_CURVE('',#1065,(#1069,#1076),.PCURVE_S1.);
#1065 = LINE('',#1066,#1067);
#1066 = CARTESIAN_POINT('',(30.,-42.,0.));
#1067 = VECTOR('',#1068,1.);
#1068 = DIRECTION('',(0.,1.,0.));
#1069 = PCURVE('',#130,#1070);
#1070 = DEFINITIONAL_REPRESENTATION('',(#1071),#1075);
#1071 = LINE('',#1072,#1073);
#1072 = CARTESIAN_POINT('',(60.,0.));
#1073 = VECTOR('',#1074,1.);
#1074 = DIRECTION('',(0.,1.));
#1075 = ( GEOMETRIC_REPRESENTATION_CONTEXT(2) 
PARAMETRIC_REPRESENTATION_CONTEXT() REPRESENTATION_CONTEXT('2D SPACE',''
  ) );
#1076 = PCURVE('',#806,#1077);
#1077 = DEFINITIONAL_REPRESENTATION('',(#1078),#1082);
#1078 = LINE('',#1079,#1080);
#1079 = CARTESIAN_POINT('',(0.,0.));
#1080 = VECTOR('',#1081,1.);
#1081 = DIRECTION('',(0.,-1.));
#1082 = ( GEOMETRIC_REPRESENTATION_CONTEXT(2) 
PARAMETRIC_REPRESENTATION_CONTEXT() REPRESENTATION_CONTEXT('2D SPACE',''
  ) );
#1083 = ORIENTED_EDGE('',*,*,#1084,.T.);
#1084 = EDGE_CURVE('',#1062,#1085,#1087,.T.);
#1085 = VERTEX_POINT('',#1086);
#1086 = CARTESIAN_POINT('',(26.,42.,0.));
#1087 = SURFACE_CURVE('',#1088,(#1093,#1100),.PCURVE_S1.);
#1088 = CIRCLE('',#1089,4.);
#1089 = AXIS2_PLACEMENT_3D('',#1090,#1091,#1092);
#1090 = CARTESIAN_POINT('',(26.,38.,0.));
#1091 = DIRECTION('',(0.,0.,1.));
#1092 = DIRECTION('',(0.,-1.,0.));
#1093 = PCURVE('',#130,#1094);
#1094 = DEFINITIONAL_REPRESENTATION('',(#1095),#1099);
#1095 = CIRCLE('',#1096,4.);
#1096 = AXIS2_PLACEMENT_2D('',#1097,#1098);
#1097 = CARTESIAN_POINT('',(56.,80.));
#1098 = DIRECTION('',(0.,-1.));
#1099 = ( GEOMETRIC_REPRESENTATION_CONTEXT(2) 
PARAMETRIC_REPRESENTATION_CONTEXT() REPRESENTATION_CONTEXT('2D SPACE',''
  ) );
#1100 = PCURVE('',#835,#1101);
#1101 = DEFINITIONAL_REPRESENTATION('',(#1102),#1106);
#1102 = LINE('',#1103,#1104);
#1103 = CARTESIAN_POINT('',(-1.570796326795,0.));
#1104 = VECTOR('',#1105,1.);
#1105 = DIRECTION('',(1.,0.));
#1106 = ( GEOMETRIC_REPRESENTATION_CONTEXT(2) 
PARAMETRIC_REPRESENTATION_CONTEXT() REPRESENTATION_CONTEXT('2D SPACE',''
  ) );
#1107 = ORIENTED_EDGE('',*,*,#1108,.F.);
#1108 = EDGE_CURVE('',#955,#1085,#1109,.T.);
#1109 = SURFACE_CURVE('',#1110,(#1114,#1121),.PCURVE_S1.);
#1110 = LINE('',#1111,#1112);
#1111 = CARTESIAN_POINT('',(-30.,42.,0.));
#1112 = VECTOR('',#1113,1.);
#1113 = DIRECTION('',(1.,0.,0.));
#1114 = PCURVE('',#130,#1115);
#1115 = DEFINITIONAL_REPRESENTATION('',(#1116),#1120);
#1116 = LINE('',#1117,#1118);
#1117 = CARTESIAN_POINT('',(0.,84.));
#1118 = VECTOR('',#1119,1.);
#1119 = DIRECTION('',(1.,0.));
#1120 = ( GEOMETRIC_REPRESENTATION_CONTEXT(2) 
PARAMETRIC_REPRESENTATION_CONTEXT() REPRESENTATION_CONTEXT('2D SPACE',''
  ) );
#1121 = PCURVE('',#863,#1122);
#1122 = DEFINITIONAL_REPRESENTATION('',(#1123),#1127);
#1123 = LINE('',#1124,#1125);
#1124 = CARTESIAN_POINT('',(0.,0.));
#1125 = VECTOR('',#1126,1.);
#1126 = DIRECTION('',(0.,1.));
#1127 = ( GEOMETRIC_REPRESENTATION_CONTEXT(2) 
PARAMETRIC_REPRESENTATION_CONTEXT() REPRESENTATION_CONTEXT('2D SPACE',''
  ) );
#1128 = ORIENTED_EDGE('',*,*,#954,.F.);
#1129 = ADVANCED_FACE('',(#1130),#863,.T.);
#1130 = FACE_BOUND('',#1131,.T.);
#1131 = EDGE_LOOP('',(#1132,#1133,#1134,#1135));
#1132 = ORIENTED_EDGE('',*,*,#1108,.F.);
#1133 = ORIENTED_EDGE('',*,*,#982,.T.);
#1134 = ORIENTED_EDGE('',*,*,#847,.T.);
#1135 = ORIENTED_EDGE('',*,*,#1136,.F.);
#1136 = EDGE_CURVE('',#1085,#819,#1137,.T.);
#1137 = SURFACE_CURVE('',#1138,(#1142,#1149),.PCURVE_S1.);
#1138 = LINE('',#1139,#1140);
#1139 = CARTESIAN_POINT('',(26.,42.,0.));
#1140 = VECTOR('',#1141,1.);
#1141 = DIRECTION('',(0.,0.,1.));
#1142 = PCURVE('',#863,#1143);
#1143 = DEFINITIONAL_REPRESENTATION('',(#1144),#1148);
#1144 = LINE('',#1145,#1146);
#1145 = CARTESIAN_POINT('',(0.,56.));
#1146 = VECTOR('',#1147,1.);
#1147 = DIRECTION('',(1.,0.));
#1148 = ( GEOMETRIC_REPRESENTATION_CONTEXT(2) 
PARAMETRIC_REPRESENTATION_CONTEXT() REPRESENTATION_CONTEXT('2D SPACE',''
  ) );
#1149 = PCURVE('',#835,#1150);
#1150 = DEFINITIONAL_REPRESENTATION('',(#1151),#1155);
#1151 = LINE('',#1152,#1153);
#1152 = CARTESIAN_POINT('',(1.570796326795,0.));
#1153 = VECTOR('',#1154,1.);
#1154 = DIRECTION('',(0.,1.));
#1155 = ( GEOMETRIC_REPRESENTATION_CONTEXT(2) 
PARAMETRIC_REPRESENTATION_CONTEXT() REPRESENTATION_CONTEXT('2D SPACE',''
  ) );
#1156 = ADVANCED_FACE('',(#1157),#835,.T.);
#1157 = FACE_BOUND('',#1158,.T.);
#1158 = EDGE_LOOP('',(#1159,#1160,#1161,#1162));
#1159 = ORIENTED_EDGE('',*,*,#1084,.T.);
#1160 = ORIENTED_EDGE('',*,*,#1136,.T.);
#1161 = ORIENTED_EDGE('',*,*,#818,.F.);
#1162 = ORIENTED_EDGE('',*,*,#1163,.F.);
#1163 = EDGE_CURVE('',#1062,#791,#1164,.T.);
#1164 = SURFACE_CURVE('',#1165,(#1169,#1176),.PCURVE_S1.);
#1165 = LINE('',#1166,#1167);
#1166 = CARTESIAN_POINT('',(30.,38.,0.));
#1167 = VECTOR('',#1168,1.);
#1168 = DIRECTION('',(0.,0.,1.));
#1169 = PCURVE('',#835,#1170);
#1170 = DEFINITIONAL_REPRESENTATION('',(#1171),#1175);
#1171 = LINE('',#1172,#1173);
#1172 = CARTESIAN_POINT('',(0.,0.));
#1173 = VECTOR('',#1174,1.);
#1174 = DIRECTION('',(0.,1.));
#1175 = ( GEOMETRIC_REPRESENTATION_CONTEXT(2) 
PARAMETRIC_REPRESENTATION_CONTEXT() REPRESENTATION_CONTEXT('2D SPACE',''
  ) );
#1176 = PCURVE('',#806,#1177);
#1177 = DEFINITIONAL_REPRESENTATION('',(#1178),#1182);
#1178 = LINE('',#1179,#1180);
#1179 = CARTESIAN_POINT('',(0.,-80.));
#1180 = VECTOR('',#1181,1.);
#1181 = DIRECTION('',(1.,0.));
#1182 = ( GEOMETRIC_REPRESENTATION_CONTEXT(2) 
PARAMETRIC_REPRESENTATION_CONTEXT() REPRESENTATION_CONTEXT('2D SPACE',''
  ) );
#1183 = ADVANCED_FACE('',(#1184),#806,.T.);
#1184 = FACE_BOUND('',#1185,.T.);
#1185 = EDGE_LOOP('',(#1186,#1187,#1208,#1209));
#1186 = ORIENTED_EDGE('',*,*,#790,.F.);
#1187 = ORIENTED_EDGE('',*,*,#1188,.F.);
#1188 = EDGE_CURVE('',#1034,#758,#1189,.T.);
#1189 = SURFACE_CURVE('',#1190,(#1194,#1201),.PCURVE_S1.);
#1190 = LINE('',#1191,#1192);
#1191 = CARTESIAN_POINT('',(30.,-38.,0.));
#1192 = VECTOR('',#1193,1.);
#1193 = DIRECTION('',(0.,0.,1.));
#1194 = PCURVE('',#806,#1195);
#1195 = DEFINITIONAL_REPRESENTATION('',(#1196),#1200);
#1196 = LINE('',#1197,#1198);
#1197 = CARTESIAN_POINT('',(0.,-4.));
#1198 = VECTOR('',#1199,1.);
#1199 = DIRECTION('',(1.,0.));
#1200 = ( GEOMETRIC_REPRESENTATION_CONTEXT(2) 
PARAMETRIC_REPRESENTATION_CONTEXT() REPRESENTATION_CONTEXT('2D SPACE',''
  ) );
#1201 = PCURVE('',#778,#1202);
#1202 = DEFINITIONAL_REPRESENTATION('',(#1203),#1207);
#1203 = LINE('',#1204,#1205);
#1204 = CARTESIAN_POINT('',(-0.,0.));
#1205 = VECTOR('',#1206,1.);
#1206 = DIRECTION('',(-0.,1.));
#1207 = ( GEOMETRIC_REPRESENTATION_CONTEXT(2) 
PARAMETRIC_REPRESENTATION_CONTEXT() REPRESENTATION_CONTEXT('2D SPACE',''
  ) );
#1208 = ORIENTED_EDGE('',*,*,#1061,.T.);
#1209 = ORIENTED_EDGE('',*,*,#1163,.T.);
#1210 = ADVANCED_FACE('',(#1211),#778,.T.);
#1211 = FACE_BOUND('',#1212,.F.);
#1212 = EDGE_LOOP('',(#1213,#1214,#1235,#1236));
#1213 = ORIENTED_EDGE('',*,*,#1033,.T.);
#1214 = ORIENTED_EDGE('',*,*,#1215,.T.);
#1215 = EDGE_CURVE('',#1011,#735,#1216,.T.);
#1216 = SURFACE_CURVE('',#1217,(#1221,#1228),.PCURVE_S1.);
#1217 = LINE('',#1218,#1219);
#1218 = CARTESIAN_POINT('',(26.,-42.,0.));
#1219 = VECTOR('',#1220,1.);
#1220 = DIRECTION('',(0.,0.,1.));
#1221 = PCURVE('',#778,#1222);
#1222 = DEFINITIONAL_REPRESENTATION('',(#1223),#1227);
#1223 = LINE('',#1224,#1225);
#1224 = CARTESIAN_POINT('',(-1.570796326795,0.));
#1225 = VECTOR('',#1226,1.);
#1226 = DIRECTION('',(-0.,1.));
#1227 = ( GEOMETRIC_REPRESENTATION_CONTEXT(2) 
PARAMETRIC_REPRESENTATION_CONTEXT() REPRESENTATION_CONTEXT('2D SPACE',''
  ) );
#1228 = PCURVE('',#212,#1229);
#1229 = DEFINITIONAL_REPRESENTATION('',(#1230),#1234);
#1230 = LINE('',#1231,#1232);
#1231 = CARTESIAN_POINT('',(0.,56.));
#1232 = VECTOR('',#1233,1.);
#1233 = DIRECTION('',(1.,0.));
#1234 = ( GEOMETRIC_REPRESENTATION_CONTEXT(2) 
PARAMETRIC_REPRESENTATION_CONTEXT() REPRESENTATION_CONTEXT('2D SPACE',''
  ) );
#1235 = ORIENTED_EDGE('',*,*,#757,.F.);
#1236 = ORIENTED_EDGE('',*,*,#1188,.F.);
#1237 = ADVANCED_FACE('',(#1238),#212,.F.);
#1238 = FACE_BOUND('',#1239,.F.);
#1239 = EDGE_LOOP('',(#1240,#1241,#1242,#1243,#1264,#1290,#1309,#1310,
    #1331,#1357,#1376,#1377));
#1240 = ORIENTED_EDGE('',*,*,#1010,.F.);
#1241 = ORIENTED_EDGE('',*,*,#928,.T.);
#1242 = ORIENTED_EDGE('',*,*,#196,.T.);
#1243 = ORIENTED_EDGE('',*,*,#1244,.T.);
#1244 = EDGE_CURVE('',#197,#1245,#1247,.T.);
#1245 = VERTEX_POINT('',#1246);
#1246 = CARTESIAN_POINT('',(-20.5,-42.,24.4));
#1247 = SURFACE_CURVE('',#1248,(#1252,#1258),.PCURVE_S1.);
#1248 = LINE('',#1249,#1250);
#1249 = CARTESIAN_POINT('',(-20.5,-42.,12.2));
#1250 = VECTOR('',#1251,1.);
#1251 = DIRECTION('',(0.,0.,-1.));
#1252 = PCURVE('',#212,#1253);
#1253 = DEFINITIONAL_REPRESENTATION('',(#1254),#1257);
#1254 = B_SPLINE_CURVE_WITH_KNOTS('',1,(#1255,#1256),.UNSPECIFIED.,.F.,
  .F.,(2,2),(-13.2,-12.2),.PIECEWISE_BEZIER_KNOTS.);
#1255 = CARTESIAN_POINT('',(25.4,9.5));
#1256 = CARTESIAN_POINT('',(24.4,9.5));
#1257 = ( GEOMETRIC_REPRESENTATION_CONTEXT(2) 
PARAMETRIC_REPRESENTATION_CONTEXT() REPRESENTATION_CONTEXT('2D SPACE',''
  ) );
#1258 = PCURVE('',#239,#1259);
#1259 = DEFINITIONAL_REPRESENTATION('',(#1260),#1263);
#1260 = B_SPLINE_CURVE_WITH_KNOTS('',1,(#1261,#1262),.UNSPECIFIED.,.F.,
  .F.,(2,2),(-13.2,-12.2),.PIECEWISE_BEZIER_KNOTS.);
#1261 = CARTESIAN_POINT('',(1.,-2.));
#1262 = CARTESIAN_POINT('',(0.,-2.));
#1263 = ( GEOMETRIC_REPRESENTATION_CONTEXT(2) 
PARAMETRIC_REPRESENTATION_CONTEXT() REPRESENTATION_CONTEXT('2D SPACE',''
  ) );
#1264 = ORIENTED_EDGE('',*,*,#1265,.T.);
#1265 = EDGE_CURVE('',#1245,#1266,#1268,.T.);
#1266 = VERTEX_POINT('',#1267);
#1267 = CARTESIAN_POINT('',(-12.5,-42.,24.4));
#1268 = SURFACE_CURVE('',#1269,(#1273,#1279),.PCURVE_S1.);
#1269 = LINE('',#1270,#1271);
#1270 = CARTESIAN_POINT('',(-25.25,-42.,24.4));
#1271 = VECTOR('',#1272,1.);
#1272 = DIRECTION('',(1.,0.,0.));
#1273 = PCURVE('',#212,#1274);
#1274 = DEFINITIONAL_REPRESENTATION('',(#1275),#1278);
#1275 = B_SPLINE_CURVE_WITH_KNOTS('',1,(#1276,#1277),.UNSPECIFIED.,.F.,
  .F.,(2,2),(4.75,12.75),.PIECEWISE_BEZIER_KNOTS.);
#1276 = CARTESIAN_POINT('',(24.4,9.5));
#1277 = CARTESIAN_POINT('',(24.4,17.5));
#1278 = ( GEOMETRIC_REPRESENTATION_CONTEXT(2) 
PARAMETRIC_REPRESENTATION_CONTEXT() REPRESENTATION_CONTEXT('2D SPACE',''
  ) );
#1279 = PCURVE('',#1280,#1285);
#1280 = PLANE('',#1281);
#1281 = AXIS2_PLACEMENT_3D('',#1282,#1283,#1284);
#1282 = CARTESIAN_POINT('',(-20.5,-44.,24.4));
#1283 = DIRECTION('',(0.,0.,1.));
#1284 = DIRECTION('',(1.,0.,0.));
#1285 = DEFINITIONAL_REPRESENTATION('',(#1286),#1289);
#1286 = B_SPLINE_CURVE_WITH_KNOTS('',1,(#1287,#1288),.UNSPECIFIED.,.F.,
  .F.,(2,2),(4.75,12.75),.PIECEWISE_BEZIER_KNOTS.);
#1287 = CARTESIAN_POINT('',(0.,2.));
#1288 = CARTESIAN_POINT('',(8.,2.));
#1289 = ( GEOMETRIC_REPRESENTATION_CONTEXT(2) 
PARAMETRIC_REPRESENTATION_CONTEXT() REPRESENTATION_CONTEXT('2D SPACE',''
  ) );
#1290 = ORIENTED_EDGE('',*,*,#1291,.F.);
#1291 = EDGE_CURVE('',#440,#1266,#1292,.T.);
#1292 = SURFACE_CURVE('',#1293,(#1297,#1303),.PCURVE_S1.);
#1293 = LINE('',#1294,#1295);
#1294 = CARTESIAN_POINT('',(-12.5,-42.,12.2));
#1295 = VECTOR('',#1296,1.);
#1296 = DIRECTION('',(0.,0.,-1.));
#1297 = PCURVE('',#212,#1298);
#1298 = DEFINITIONAL_REPRESENTATION('',(#1299),#1302);
#1299 = B_SPLINE_CURVE_WITH_KNOTS('',1,(#1300,#1301),.UNSPECIFIED.,.F.,
  .F.,(2,2),(-13.2,-12.2),.PIECEWISE_BEZIER_KNOTS.);
#1300 = CARTESIAN_POINT('',(25.4,17.5));
#1301 = CARTESIAN_POINT('',(24.4,17.5));
#1302 = ( GEOMETRIC_REPRESENTATION_CONTEXT(2) 
PARAMETRIC_REPRESENTATION_CONTEXT() REPRESENTATION_CONTEXT('2D SPACE',''
  ) );
#1303 = PCURVE('',#454,#1304);
#1304 = DEFINITIONAL_REPRESENTATION('',(#1305),#1308);
#1305 = B_SPLINE_CURVE_WITH_KNOTS('',1,(#1306,#1307),.UNSPECIFIED.,.F.,
  .F.,(2,2),(-13.2,-12.2),.PIECEWISE_BEZIER_KNOTS.);
#1306 = CARTESIAN_POINT('',(1.,-2.));
#1307 = CARTESIAN_POINT('',(0.,-2.));
#1308 = ( GEOMETRIC_REPRESENTATION_CONTEXT(2) 
PARAMETRIC_REPRESENTATION_CONTEXT() REPRESENTATION_CONTEXT('2D SPACE',''
  ) );
#1309 = ORIENTED_EDGE('',*,*,#465,.T.);
#1310 = ORIENTED_EDGE('',*,*,#1311,.T.);
#1311 = EDGE_CURVE('',#466,#1312,#1314,.T.);
#1312 = VERTEX_POINT('',#1313);
#1313 = CARTESIAN_POINT('',(7.,-42.,11.2));
#1314 = SURFACE_CURVE('',#1315,(#1319,#1325),.PCURVE_S1.);
#1315 = LINE('',#1316,#1317);
#1316 = CARTESIAN_POINT('',(7.,-42.,5.6));
#1317 = VECTOR('',#1318,1.);
#1318 = DIRECTION('',(0.,0.,-1.));
#1319 = PCURVE('',#212,#1320);
#1320 = DEFINITIONAL_REPRESENTATION('',(#1321),#1324);
#1321 = B_SPLINE_CURVE_WITH_KNOTS('',1,(#1322,#1323),.UNSPECIFIED.,.F.,
  .F.,(2,2),(-19.8,-5.6),.PIECEWISE_BEZIER_KNOTS.);
#1322 = CARTESIAN_POINT('',(25.4,37.));
#1323 = CARTESIAN_POINT('',(11.2,37.));
#1324 = ( GEOMETRIC_REPRESENTATION_CONTEXT(2) 
PARAMETRIC_REPRESENTATION_CONTEXT() REPRESENTATION_CONTEXT('2D SPACE',''
  ) );
#1325 = PCURVE('',#503,#1326);
#1326 = DEFINITIONAL_REPRESENTATION('',(#1327),#1330);
#1327 = B_SPLINE_CURVE_WITH_KNOTS('',1,(#1328,#1329),.UNSPECIFIED.,.F.,
  .F.,(2,2),(-19.8,-5.6),.PIECEWISE_BEZIER_KNOTS.);
#1328 = CARTESIAN_POINT('',(14.2,-5.));
#1329 = CARTESIAN_POINT('',(0.,-5.));
#1330 = ( GEOMETRIC_REPRESENTATION_CONTEXT(2) 
PARAMETRIC_REPRESENTATION_CONTEXT() REPRESENTATION_CONTEXT('2D SPACE',''
  ) );
#1331 = ORIENTED_EDGE('',*,*,#1332,.T.);
#1332 = EDGE_CURVE('',#1312,#1333,#1335,.T.);
#1333 = VERTEX_POINT('',#1334);
#1334 = CARTESIAN_POINT('',(21.,-42.,11.2));
#1335 = SURFACE_CURVE('',#1336,(#1340,#1346),.PCURVE_S1.);
#1336 = LINE('',#1337,#1338);
#1337 = CARTESIAN_POINT('',(-11.5,-42.,11.2));
#1338 = VECTOR('',#1339,1.);
#1339 = DIRECTION('',(1.,0.,0.));
#1340 = PCURVE('',#212,#1341);
#1341 = DEFINITIONAL_REPRESENTATION('',(#1342),#1345);
#1342 = B_SPLINE_CURVE_WITH_KNOTS('',1,(#1343,#1344),.UNSPECIFIED.,.F.,
  .F.,(2,2),(18.5,32.5),.PIECEWISE_BEZIER_KNOTS.);
#1343 = CARTESIAN_POINT('',(11.2,37.));
#1344 = CARTESIAN_POINT('',(11.2,51.));
#1345 = ( GEOMETRIC_REPRESENTATION_CONTEXT(2) 
PARAMETRIC_REPRESENTATION_CONTEXT() REPRESENTATION_CONTEXT('2D SPACE',''
  ) );
#1346 = PCURVE('',#1347,#1352);
#1347 = PLANE('',#1348);
#1348 = AXIS2_PLACEMENT_3D('',#1349,#1350,#1351);
#1349 = CARTESIAN_POINT('',(7.,-47.,11.2));
#1350 = DIRECTION('',(0.,0.,1.));
#1351 = DIRECTION('',(1.,0.,0.));
#1352 = DEFINITIONAL_REPRESENTATION('',(#1353),#1356);
#1353 = B_SPLINE_CURVE_WITH_KNOTS('',1,(#1354,#1355),.UNSPECIFIED.,.F.,
  .F.,(2,2),(18.5,32.5),.PIECEWISE_BEZIER_KNOTS.);
#1354 = CARTESIAN_POINT('',(0.,5.));
#1355 = CARTESIAN_POINT('',(14.,5.));
#1356 = ( GEOMETRIC_REPRESENTATION_CONTEXT(2) 
PARAMETRIC_REPRESENTATION_CONTEXT() REPRESENTATION_CONTEXT('2D SPACE',''
  ) );
#1357 = ORIENTED_EDGE('',*,*,#1358,.F.);
#1358 = EDGE_CURVE('',#709,#1333,#1359,.T.);
#1359 = SURFACE_CURVE('',#1360,(#1364,#1370),.PCURVE_S1.);
#1360 = LINE('',#1361,#1362);
#1361 = CARTESIAN_POINT('',(21.,-42.,5.6));
#1362 = VECTOR('',#1363,1.);
#1363 = DIRECTION('',(0.,0.,-1.));
#1364 = PCURVE('',#212,#1365);
#1365 = DEFINITIONAL_REPRESENTATION('',(#1366),#1369);
#1366 = B_SPLINE_CURVE_WITH_KNOTS('',1,(#1367,#1368),.UNSPECIFIED.,.F.,
  .F.,(2,2),(-19.8,-5.6),.PIECEWISE_BEZIER_KNOTS.);
#1367 = CARTESIAN_POINT('',(25.4,51.));
#1368 = CARTESIAN_POINT('',(11.2,51.));
#1369 = ( GEOMETRIC_REPRESENTATION_CONTEXT(2) 
PARAMETRIC_REPRESENTATION_CONTEXT() REPRESENTATION_CONTEXT('2D SPACE',''
  ) );
#1370 = PCURVE('',#723,#1371);
#1371 = DEFINITIONAL_REPRESENTATION('',(#1372),#1375);
#1372 = B_SPLINE_CURVE_WITH_KNOTS('',1,(#1373,#1374),.UNSPECIFIED.,.F.,
  .F.,(2,2),(-19.8,-5.6),.PIECEWISE_BEZIER_KNOTS.);
#1373 = CARTESIAN_POINT('',(14.2,-5.));
#1374 = CARTESIAN_POINT('',(0.,-5.));
#1375 = ( GEOMETRIC_REPRESENTATION_CONTEXT(2) 
PARAMETRIC_REPRESENTATION_CONTEXT() REPRESENTATION_CONTEXT('2D SPACE',''
  ) );
#1376 = ORIENTED_EDGE('',*,*,#734,.T.);
#1377 = ORIENTED_EDGE('',*,*,#1215,.F.);
#1378 = ADVANCED_FACE('',(#1379),#723,.F.);
#1379 = FACE_BOUND('',#1380,.F.);
#1380 = EDGE_LOOP('',(#1381,#1382,#1405,#1431,#1457,#1476));
#1381 = ORIENTED_EDGE('',*,*,#1358,.T.);
#1382 = ORIENTED_EDGE('',*,*,#1383,.T.);
#1383 = EDGE_CURVE('',#1333,#1384,#1386,.T.);
#1384 = VERTEX_POINT('',#1385);
#1385 = CARTESIAN_POINT('',(21.,-38.05,11.2));
#1386 = SURFACE_CURVE('',#1387,(#1391,#1398),.PCURVE_S1.);
#1387 = LINE('',#1388,#1389);
#1388 = CARTESIAN_POINT('',(21.,-47.,11.2));
#1389 = VECTOR('',#1390,1.);
#1390 = DIRECTION('',(0.,1.,0.));
#1391 = PCURVE('',#723,#1392);
#1392 = DEFINITIONAL_REPRESENTATION('',(#1393),#1397);
#1393 = LINE('',#1394,#1395);
#1394 = CARTESIAN_POINT('',(0.,0.));
#1395 = VECTOR('',#1396,1.);
#1396 = DIRECTION('',(0.,-1.));
#1397 = ( GEOMETRIC_REPRESENTATION_CONTEXT(2) 
PARAMETRIC_REPRESENTATION_CONTEXT() REPRESENTATION_CONTEXT('2D SPACE',''
  ) );
#1398 = PCURVE('',#1347,#1399);
#1399 = DEFINITIONAL_REPRESENTATION('',(#1400),#1404);
#1400 = LINE('',#1401,#1402);
#1401 = CARTESIAN_POINT('',(14.,0.));
#1402 = VECTOR('',#1403,1.);
#1403 = DIRECTION('',(0.,1.));
#1404 = ( GEOMETRIC_REPRESENTATION_CONTEXT(2) 
PARAMETRIC_REPRESENTATION_CONTEXT() REPRESENTATION_CONTEXT('2D SPACE',''
  ) );
#1405 = ORIENTED_EDGE('',*,*,#1406,.F.);
#1406 = EDGE_CURVE('',#1407,#1384,#1409,.T.);
#1407 = VERTEX_POINT('',#1408);
#1408 = CARTESIAN_POINT('',(21.,-38.05,13.6));
#1409 = SURFACE_CURVE('',#1410,(#1414,#1420),.PCURVE_S1.);
#1410 = LINE('',#1411,#1412);
#1411 = CARTESIAN_POINT('',(21.,-38.05,5.6));
#1412 = VECTOR('',#1413,1.);
#1413 = DIRECTION('',(0.,0.,-1.));
#1414 = PCURVE('',#723,#1415);
#1415 = DEFINITIONAL_REPRESENTATION('',(#1416),#1419);
#1416 = B_SPLINE_CURVE_WITH_KNOTS('',1,(#1417,#1418),.UNSPECIFIED.,.F.,
  .F.,(2,2),(-8.,-5.6),.PIECEWISE_BEZIER_KNOTS.);
#1417 = CARTESIAN_POINT('',(2.4,-8.95));
#1418 = CARTESIAN_POINT('',(0.,-8.95));
#1419 = ( GEOMETRIC_REPRESENTATION_CONTEXT(2) 
PARAMETRIC_REPRESENTATION_CONTEXT() REPRESENTATION_CONTEXT('2D SPACE',''
  ) );
#1420 = PCURVE('',#1421,#1426);
#1421 = PLANE('',#1422);
#1422 = AXIS2_PLACEMENT_3D('',#1423,#1424,#1425);
#1423 = CARTESIAN_POINT('',(19.4,-38.05,0.));
#1424 = DIRECTION('',(0.,1.,0.));
#1425 = DIRECTION('',(0.,0.,1.));
#1426 = DEFINITIONAL_REPRESENTATION('',(#1427),#1430);
#1427 = B_SPLINE_CURVE_WITH_KNOTS('',1,(#1428,#1429),.UNSPECIFIED.,.F.,
  .F.,(2,2),(-8.,-5.6),.PIECEWISE_BEZIER_KNOTS.);
#1428 = CARTESIAN_POINT('',(13.6,1.6));
#1429 = CARTESIAN_POINT('',(11.2,1.6));
#1430 = ( GEOMETRIC_REPRESENTATION_CONTEXT(2) 
PARAMETRIC_REPRESENTATION_CONTEXT() REPRESENTATION_CONTEXT('2D SPACE',''
  ) );
#1431 = ORIENTED_EDGE('',*,*,#1432,.F.);
#1432 = EDGE_CURVE('',#1433,#1407,#1435,.T.);
#1433 = VERTEX_POINT('',#1434);
#1434 = CARTESIAN_POINT('',(21.,-40.,13.6));
#1435 = SURFACE_CURVE('',#1436,(#1440,#1446),.PCURVE_S1.);
#1436 = LINE('',#1437,#1438);
#1437 = CARTESIAN_POINT('',(21.,-43.525,13.6));
#1438 = VECTOR('',#1439,1.);
#1439 = DIRECTION('',(0.,1.,0.));
#1440 = PCURVE('',#723,#1441);
#1441 = DEFINITIONAL_REPRESENTATION('',(#1442),#1445);
#1442 = B_SPLINE_CURVE_WITH_KNOTS('',1,(#1443,#1444),.UNSPECIFIED.,.F.,
  .F.,(2,2),(3.525,5.475),.PIECEWISE_BEZIER_KNOTS.);
#1443 = CARTESIAN_POINT('',(2.4,-7.));
#1444 = CARTESIAN_POINT('',(2.4,-8.95));
#1445 = ( GEOMETRIC_REPRESENTATION_CONTEXT(2) 
PARAMETRIC_REPRESENTATION_CONTEXT() REPRESENTATION_CONTEXT('2D SPACE',''
  ) );
#1446 = PCURVE('',#1447,#1452);
#1447 = PLANE('',#1448);
#1448 = AXIS2_PLACEMENT_3D('',#1449,#1450,#1451);
#1449 = CARTESIAN_POINT('',(19.4,-40.05,13.6));
#1450 = DIRECTION('',(0.,0.,1.));
#1451 = DIRECTION('',(1.,0.,0.));
#1452 = DEFINITIONAL_REPRESENTATION('',(#1453),#1456);
#1453 = B_SPLINE_CURVE_WITH_KNOTS('',1,(#1454,#1455),.UNSPECIFIED.,.F.,
  .F.,(2,2),(3.525,5.475),.PIECEWISE_BEZIER_KNOTS.);
#1454 = CARTESIAN_POINT('',(1.6,5.E-02));
#1455 = CARTESIAN_POINT('',(1.6,2.));
#1456 = ( GEOMETRIC_REPRESENTATION_CONTEXT(2) 
PARAMETRIC_REPRESENTATION_CONTEXT() REPRESENTATION_CONTEXT('2D SPACE',''
  ) );
#1457 = ORIENTED_EDGE('',*,*,#1458,.F.);
#1458 = EDGE_CURVE('',#682,#1433,#1459,.T.);
#1459 = SURFACE_CURVE('',#1460,(#1464,#1470),.PCURVE_S1.);
#1460 = LINE('',#1461,#1462);
#1461 = CARTESIAN_POINT('',(21.,-40.,6.6));
#1462 = VECTOR('',#1463,1.);
#1463 = DIRECTION('',(0.,0.,-1.));
#1464 = PCURVE('',#723,#1465);
#1465 = DEFINITIONAL_REPRESENTATION('',(#1466),#1469);
#1466 = B_SPLINE_CURVE_WITH_KNOTS('',1,(#1467,#1468),.UNSPECIFIED.,.F.,
  .F.,(2,2),(-18.8,-4.6),.PIECEWISE_BEZIER_KNOTS.);
#1467 = CARTESIAN_POINT('',(14.2,-7.));
#1468 = CARTESIAN_POINT('',(0.,-7.));
#1469 = ( GEOMETRIC_REPRESENTATION_CONTEXT(2) 
PARAMETRIC_REPRESENTATION_CONTEXT() REPRESENTATION_CONTEXT('2D SPACE',''
  ) );
#1470 = PCURVE('',#697,#1471);
#1471 = DEFINITIONAL_REPRESENTATION('',(#1472),#1475);
#1472 = B_SPLINE_CURVE_WITH_KNOTS('',1,(#1473,#1474),.UNSPECIFIED.,.F.,
  .F.,(2,2),(-18.8,-4.6),.PIECEWISE_BEZIER_KNOTS.);
#1473 = CARTESIAN_POINT('',(23.4,49.));
#1474 = CARTESIAN_POINT('',(9.2,49.));
#1475 = ( GEOMETRIC_REPRESENTATION_CONTEXT(2) 
PARAMETRIC_REPRESENTATION_CONTEXT() REPRESENTATION_CONTEXT('2D SPACE',''
  ) );
#1476 = ORIENTED_EDGE('',*,*,#708,.F.);
#1477 = ADVANCED_FACE('',(#1478),#697,.T.);
#1478 = FACE_BOUND('',#1479,.T.);
#1479 = EDGE_LOOP('',(#1480,#1481,#1482,#1505,#1533,#1559));
#1480 = ORIENTED_EDGE('',*,*,#1458,.F.);
#1481 = ORIENTED_EDGE('',*,*,#681,.F.);
#1482 = ORIENTED_EDGE('',*,*,#1483,.F.);
#1483 = EDGE_CURVE('',#1484,#653,#1486,.T.);
#1484 = VERTEX_POINT('',#1485);
#1485 = CARTESIAN_POINT('',(26.,-40.,2.));
#1486 = SURFACE_CURVE('',#1487,(#1491,#1498),.PCURVE_S1.);
#1487 = LINE('',#1488,#1489);
#1488 = CARTESIAN_POINT('',(26.,-40.,2.));
#1489 = VECTOR('',#1490,1.);
#1490 = DIRECTION('',(0.,0.,1.));
#1491 = PCURVE('',#697,#1492);
#1492 = DEFINITIONAL_REPRESENTATION('',(#1493),#1497);
#1493 = LINE('',#1494,#1495);
#1494 = CARTESIAN_POINT('',(0.,54.));
#1495 = VECTOR('',#1496,1.);
#1496 = DIRECTION('',(1.,0.));
#1497 = ( GEOMETRIC_REPRESENTATION_CONTEXT(2) 
PARAMETRIC_REPRESENTATION_CONTEXT() REPRESENTATION_CONTEXT('2D SPACE',''
  ) );
#1498 = PCURVE('',#669,#1499);
#1499 = DEFINITIONAL_REPRESENTATION('',(#1500),#1504);
#1500 = LINE('',#1501,#1502);
#1501 = CARTESIAN_POINT('',(-1.570796326795,0.));
#1502 = VECTOR('',#1503,1.);
#1503 = DIRECTION('',(-0.,1.));
#1504 = ( GEOMETRIC_REPRESENTATION_CONTEXT(2) 
PARAMETRIC_REPRESENTATION_CONTEXT() REPRESENTATION_CONTEXT('2D SPACE',''
  ) );
#1505 = ORIENTED_EDGE('',*,*,#1506,.F.);
#1506 = EDGE_CURVE('',#1507,#1484,#1509,.T.);
#1507 = VERTEX_POINT('',#1508);
#1508 = CARTESIAN_POINT('',(22.2,-40.,2.));
#1509 = SURFACE_CURVE('',#1510,(#1514,#1521),.PCURVE_S1.);
#1510 = LINE('',#1511,#1512);
#1511 = CARTESIAN_POINT('',(-28.,-40.,2.));
#1512 = VECTOR('',#1513,1.);
#1513 = DIRECTION('',(1.,0.,0.));
#1514 = PCURVE('',#697,#1515);
#1515 = DEFINITIONAL_REPRESENTATION('',(#1516),#1520);
#1516 = LINE('',#1517,#1518);
#1517 = CARTESIAN_POINT('',(0.,0.));
#1518 = VECTOR('',#1519,1.);
#1519 = DIRECTION('',(0.,1.));
#1520 = ( GEOMETRIC_REPRESENTATION_CONTEXT(2) 
PARAMETRIC_REPRESENTATION_CONTEXT() REPRESENTATION_CONTEXT('2D SPACE',''
  ) );
#1521 = PCURVE('',#1522,#1527);
#1522 = PLANE('',#1523);
#1523 = AXIS2_PLACEMENT_3D('',#1524,#1525,#1526);
#1524 = CARTESIAN_POINT('',(-28.,-40.,2.));
#1525 = DIRECTION('',(0.,0.,1.));
#1526 = DIRECTION('',(1.,0.,0.));
#1527 = DEFINITIONAL_REPRESENTATION('',(#1528),#1532);
#1528 = LINE('',#1529,#1530);
#1529 = CARTESIAN_POINT('',(0.,0.));
#1530 = VECTOR('',#1531,1.);
#1531 = DIRECTION('',(1.,0.));
#1532 = ( GEOMETRIC_REPRESENTATION_CONTEXT(2) 
PARAMETRIC_REPRESENTATION_CONTEXT() REPRESENTATION_CONTEXT('2D SPACE',''
  ) );
#1533 = ORIENTED_EDGE('',*,*,#1534,.F.);
#1534 = EDGE_CURVE('',#1535,#1507,#1537,.T.);
#1535 = VERTEX_POINT('',#1536);
#1536 = CARTESIAN_POINT('',(22.2,-40.,13.6));
#1537 = SURFACE_CURVE('',#1538,(#1542,#1548),.PCURVE_S1.);
#1538 = LINE('',#1539,#1540);
#1539 = CARTESIAN_POINT('',(22.2,-40.,1.));
#1540 = VECTOR('',#1541,1.);
#1541 = DIRECTION('',(0.,0.,-1.));
#1542 = PCURVE('',#697,#1543);
#1543 = DEFINITIONAL_REPRESENTATION('',(#1544),#1547);
#1544 = B_SPLINE_CURVE_WITH_KNOTS('',1,(#1545,#1546),.UNSPECIFIED.,.F.,
  .F.,(2,2),(-12.6,-1.),.PIECEWISE_BEZIER_KNOTS.);
#1545 = CARTESIAN_POINT('',(11.6,50.2));
#1546 = CARTESIAN_POINT('',(0.,50.2));
#1547 = ( GEOMETRIC_REPRESENTATION_CONTEXT(2) 
PARAMETRIC_REPRESENTATION_CONTEXT() REPRESENTATION_CONTEXT('2D SPACE',''
  ) );
#1548 = PCURVE('',#1549,#1554);
#1549 = PLANE('',#1550);
#1550 = AXIS2_PLACEMENT_3D('',#1551,#1552,#1553);
#1551 = CARTESIAN_POINT('',(22.2,-40.05,0.));
#1552 = DIRECTION('',(1.,0.,0.));
#1553 = DIRECTION('',(0.,0.,1.));
#1554 = DEFINITIONAL_REPRESENTATION('',(#1555),#1558);
#1555 = B_SPLINE_CURVE_WITH_KNOTS('',1,(#1556,#1557),.UNSPECIFIED.,.F.,
  .F.,(2,2),(-12.6,-1.),.PIECEWISE_BEZIER_KNOTS.);
#1556 = CARTESIAN_POINT('',(13.6,-5.E-02));
#1557 = CARTESIAN_POINT('',(2.,-5.E-02));
#1558 = ( GEOMETRIC_REPRESENTATION_CONTEXT(2) 
PARAMETRIC_REPRESENTATION_CONTEXT() REPRESENTATION_CONTEXT('2D SPACE',''
  ) );
#1559 = ORIENTED_EDGE('',*,*,#1560,.F.);
#1560 = EDGE_CURVE('',#1433,#1535,#1561,.T.);
#1561 = SURFACE_CURVE('',#1562,(#1566,#1572),.PCURVE_S1.);
#1562 = LINE('',#1563,#1564);
#1563 = CARTESIAN_POINT('',(-4.3,-40.,13.6));
#1564 = VECTOR('',#1565,1.);
#1565 = DIRECTION('',(1.,0.,0.));
#1566 = PCURVE('',#697,#1567);
#1567 = DEFINITIONAL_REPRESENTATION('',(#1568),#1571);
#1568 = B_SPLINE_CURVE_WITH_KNOTS('',1,(#1569,#1570),.UNSPECIFIED.,.F.,
  .F.,(2,2),(23.7,26.5),.PIECEWISE_BEZIER_KNOTS.);
#1569 = CARTESIAN_POINT('',(11.6,47.4));
#1570 = CARTESIAN_POINT('',(11.6,50.2));
#1571 = ( GEOMETRIC_REPRESENTATION_CONTEXT(2) 
PARAMETRIC_REPRESENTATION_CONTEXT() REPRESENTATION_CONTEXT('2D SPACE',''
  ) );
#1572 = PCURVE('',#1447,#1573);
#1573 = DEFINITIONAL_REPRESENTATION('',(#1574),#1577);
#1574 = B_SPLINE_CURVE_WITH_KNOTS('',1,(#1575,#1576),.UNSPECIFIED.,.F.,
  .F.,(2,2),(23.7,26.5),.PIECEWISE_BEZIER_KNOTS.);
#1575 = CARTESIAN_POINT('',(0.,5.E-02));
#1576 = CARTESIAN_POINT('',(2.8,5.E-02));
#1577 = ( GEOMETRIC_REPRESENTATION_CONTEXT(2) 
PARAMETRIC_REPRESENTATION_CONTEXT() REPRESENTATION_CONTEXT('2D SPACE',''
  ) );
#1578 = ADVANCED_FACE('',(#1579),#669,.F.);
#1579 = FACE_BOUND('',#1580,.T.);
#1580 = EDGE_LOOP('',(#1581,#1604,#1630,#1631));
#1581 = ORIENTED_EDGE('',*,*,#1582,.F.);
#1582 = EDGE_CURVE('',#1583,#626,#1585,.T.);
#1583 = VERTEX_POINT('',#1584);
#1584 = CARTESIAN_POINT('',(28.,-38.,2.));
#1585 = SURFACE_CURVE('',#1586,(#1590,#1597),.PCURVE_S1.);
#1586 = LINE('',#1587,#1588);
#1587 = CARTESIAN_POINT('',(28.,-38.,2.));
#1588 = VECTOR('',#1589,1.);
#1589 = DIRECTION('',(0.,0.,1.));
#1590 = PCURVE('',#669,#1591);
#1591 = DEFINITIONAL_REPRESENTATION('',(#1592),#1596);
#1592 = LINE('',#1593,#1594);
#1593 = CARTESIAN_POINT('',(-0.,0.));
#1594 = VECTOR('',#1595,1.);
#1595 = DIRECTION('',(-0.,1.));
#1596 = ( GEOMETRIC_REPRESENTATION_CONTEXT(2) 
PARAMETRIC_REPRESENTATION_CONTEXT() REPRESENTATION_CONTEXT('2D SPACE',''
  ) );
#1597 = PCURVE('',#641,#1598);
#1598 = DEFINITIONAL_REPRESENTATION('',(#1599),#1603);
#1599 = LINE('',#1600,#1601);
#1600 = CARTESIAN_POINT('',(0.,-2.));
#1601 = VECTOR('',#1602,1.);
#1602 = DIRECTION('',(1.,0.));
#1603 = ( GEOMETRIC_REPRESENTATION_CONTEXT(2) 
PARAMETRIC_REPRESENTATION_CONTEXT() REPRESENTATION_CONTEXT('2D SPACE',''
  ) );
#1604 = ORIENTED_EDGE('',*,*,#1605,.T.);
#1605 = EDGE_CURVE('',#1583,#1484,#1606,.T.);
#1606 = SURFACE_CURVE('',#1607,(#1612,#1619),.PCURVE_S1.);
#1607 = CIRCLE('',#1608,2.);
#1608 = AXIS2_PLACEMENT_3D('',#1609,#1610,#1611);
#1609 = CARTESIAN_POINT('',(26.,-38.,2.));
#1610 = DIRECTION('',(-0.,-0.,-1.));
#1611 = DIRECTION('',(0.,-1.,0.));
#1612 = PCURVE('',#669,#1613);
#1613 = DEFINITIONAL_REPRESENTATION('',(#1614),#1618);
#1614 = LINE('',#1615,#1616);
#1615 = CARTESIAN_POINT('',(4.712388980385,-0.));
#1616 = VECTOR('',#1617,1.);
#1617 = DIRECTION('',(-1.,0.));
#1618 = ( GEOMETRIC_REPRESENTATION_CONTEXT(2) 
PARAMETRIC_REPRESENTATION_CONTEXT() REPRESENTATION_CONTEXT('2D SPACE',''
  ) );
#1619 = PCURVE('',#1522,#1620);
#1620 = DEFINITIONAL_REPRESENTATION('',(#1621),#1629);
#1621 = ( BOUNDED_CURVE() B_SPLINE_CURVE(2,(#1622,#1623,#1624,#1625,
#1626,#1627,#1628),.UNSPECIFIED.,.T.,.F.) B_SPLINE_CURVE_WITH_KNOTS((1,2
    ,2,2,2,1),(-2.094395102393,0.,2.094395102393,4.188790204786,
6.28318530718,8.377580409573),.UNSPECIFIED.) CURVE() 
GEOMETRIC_REPRESENTATION_ITEM() RATIONAL_B_SPLINE_CURVE((1.,0.5,1.,0.5,
1.,0.5,1.)) REPRESENTATION_ITEM('') );
#1622 = CARTESIAN_POINT('',(54.,0.));
#1623 = CARTESIAN_POINT('',(50.535898384862,0.));
#1624 = CARTESIAN_POINT('',(52.267949192431,3.));
#1625 = CARTESIAN_POINT('',(54.,6.));
#1626 = CARTESIAN_POINT('',(55.732050807569,3.));
#1627 = CARTESIAN_POINT('',(57.464101615138,3.10862446895E-15));
#1628 = CARTESIAN_POINT('',(54.,0.));
#1629 = ( GEOMETRIC_REPRESENTATION_CONTEXT(2) 
PARAMETRIC_REPRESENTATION_CONTEXT() REPRESENTATION_CONTEXT('2D SPACE',''
  ) );
#1630 = ORIENTED_EDGE('',*,*,#1483,.T.);
#1631 = ORIENTED_EDGE('',*,*,#652,.T.);
#1632 = ADVANCED_FACE('',(#1633),#641,.F.);
#1633 = FACE_BOUND('',#1634,.F.);
#1634 = EDGE_LOOP('',(#1635,#1636,#1637,#1660));
#1635 = ORIENTED_EDGE('',*,*,#625,.F.);
#1636 = ORIENTED_EDGE('',*,*,#1582,.F.);
#1637 = ORIENTED_EDGE('',*,*,#1638,.T.);
#1638 = EDGE_CURVE('',#1583,#1639,#1641,.T.);
#1639 = VERTEX_POINT('',#1640);
#1640 = CARTESIAN_POINT('',(28.,38.,2.));
#1641 = SURFACE_CURVE('',#1642,(#1646,#1653),.PCURVE_S1.);
#1642 = LINE('',#1643,#1644);
#1643 = CARTESIAN_POINT('',(28.,-40.,2.));
#1644 = VECTOR('',#1645,1.);
#1645 = DIRECTION('',(0.,1.,0.));
#1646 = PCURVE('',#641,#1647);
#1647 = DEFINITIONAL_REPRESENTATION('',(#1648),#1652);
#1648 = LINE('',#1649,#1650);
#1649 = CARTESIAN_POINT('',(0.,0.));
#1650 = VECTOR('',#1651,1.);
#1651 = DIRECTION('',(0.,-1.));
#1652 = ( GEOMETRIC_REPRESENTATION_CONTEXT(2) 
PARAMETRIC_REPRESENTATION_CONTEXT() REPRESENTATION_CONTEXT('2D SPACE',''
  ) );
#1653 = PCURVE('',#1522,#1654);
#1654 = DEFINITIONAL_REPRESENTATION('',(#1655),#1659);
#1655 = LINE('',#1656,#1657);
#1656 = CARTESIAN_POINT('',(56.,0.));
#1657 = VECTOR('',#1658,1.);
#1658 = DIRECTION('',(0.,1.));
#1659 = ( GEOMETRIC_REPRESENTATION_CONTEXT(2) 
PARAMETRIC_REPRESENTATION_CONTEXT() REPRESENTATION_CONTEXT('2D SPACE',''
  ) );
#1660 = ORIENTED_EDGE('',*,*,#1661,.T.);
#1661 = EDGE_CURVE('',#1639,#597,#1662,.T.);
#1662 = SURFACE_CURVE('',#1663,(#1667,#1674),.PCURVE_S1.);
#1663 = LINE('',#1664,#1665);
#1664 = CARTESIAN_POINT('',(28.,38.,2.));
#1665 = VECTOR('',#1666,1.);
#1666 = DIRECTION('',(0.,0.,1.));
#1667 = PCURVE('',#641,#1668);
#1668 = DEFINITIONAL_REPRESENTATION('',(#1669),#1673);
#1669 = LINE('',#1670,#1671);
#1670 = CARTESIAN_POINT('',(0.,-78.));
#1671 = VECTOR('',#1672,1.);
#1672 = DIRECTION('',(1.,0.));
#1673 = ( GEOMETRIC_REPRESENTATION_CONTEXT(2) 
PARAMETRIC_REPRESENTATION_CONTEXT() REPRESENTATION_CONTEXT('2D SPACE',''
  ) );
#1674 = PCURVE('',#613,#1675);
#1675 = DEFINITIONAL_REPRESENTATION('',(#1676),#1680);
#1676 = LINE('',#1677,#1678);
#1677 = CARTESIAN_POINT('',(0.,0.));
#1678 = VECTOR('',#1679,1.);
#1679 = DIRECTION('',(0.,1.));
#1680 = ( GEOMETRIC_REPRESENTATION_CONTEXT(2) 
PARAMETRIC_REPRESENTATION_CONTEXT() REPRESENTATION_CONTEXT('2D SPACE',''
  ) );
#1681 = ADVANCED_FACE('',(#1682),#613,.F.);
#1682 = FACE_BOUND('',#1683,.F.);
#1683 = EDGE_LOOP('',(#1684,#1685,#1709,#1730));
#1684 = ORIENTED_EDGE('',*,*,#1661,.F.);
#1685 = ORIENTED_EDGE('',*,*,#1686,.T.);
#1686 = EDGE_CURVE('',#1639,#1687,#1689,.T.);
#1687 = VERTEX_POINT('',#1688);
#1688 = CARTESIAN_POINT('',(26.,40.,2.));
#1689 = SURFACE_CURVE('',#1690,(#1695,#1702),.PCURVE_S1.);
#1690 = CIRCLE('',#1691,2.);
#1691 = AXIS2_PLACEMENT_3D('',#1692,#1693,#1694);
#1692 = CARTESIAN_POINT('',(26.,38.,2.));
#1693 = DIRECTION('',(0.,0.,1.));
#1694 = DIRECTION('',(0.,-1.,0.));
#1695 = PCURVE('',#613,#1696);
#1696 = DEFINITIONAL_REPRESENTATION('',(#1697),#1701);
#1697 = LINE('',#1698,#1699);
#1698 = CARTESIAN_POINT('',(-1.570796326795,0.));
#1699 = VECTOR('',#1700,1.);
#1700 = DIRECTION('',(1.,0.));
#1701 = ( GEOMETRIC_REPRESENTATION_CONTEXT(2) 
PARAMETRIC_REPRESENTATION_CONTEXT() REPRESENTATION_CONTEXT('2D SPACE',''
  ) );
#1702 = PCURVE('',#1522,#1703);
#1703 = DEFINITIONAL_REPRESENTATION('',(#1704),#1708);
#1704 = CIRCLE('',#1705,2.);
#1705 = AXIS2_PLACEMENT_2D('',#1706,#1707);
#1706 = CARTESIAN_POINT('',(54.,78.));
#1707 = DIRECTION('',(0.,-1.));
#1708 = ( GEOMETRIC_REPRESENTATION_CONTEXT(2) 
PARAMETRIC_REPRESENTATION_CONTEXT() REPRESENTATION_CONTEXT('2D SPACE',''
  ) );
#1709 = ORIENTED_EDGE('',*,*,#1710,.T.);
#1710 = EDGE_CURVE('',#1687,#570,#1711,.T.);
#1711 = SURFACE_CURVE('',#1712,(#1716,#1723),.PCURVE_S1.);
#1712 = LINE('',#1713,#1714);
#1713 = CARTESIAN_POINT('',(26.,40.,2.));
#1714 = VECTOR('',#1715,1.);
#1715 = DIRECTION('',(0.,0.,1.));
#1716 = PCURVE('',#613,#1717);
#1717 = DEFINITIONAL_REPRESENTATION('',(#1718),#1722);
#1718 = LINE('',#1719,#1720);
#1719 = CARTESIAN_POINT('',(1.570796326795,0.));
#1720 = VECTOR('',#1721,1.);
#1721 = DIRECTION('',(0.,1.));
#1722 = ( GEOMETRIC_REPRESENTATION_CONTEXT(2) 
PARAMETRIC_REPRESENTATION_CONTEXT() REPRESENTATION_CONTEXT('2D SPACE',''
  ) );
#1723 = PCURVE('',#585,#1724);
#1724 = DEFINITIONAL_REPRESENTATION('',(#1725),#1729);
#1725 = LINE('',#1726,#1727);
#1726 = CARTESIAN_POINT('',(0.,54.));
#1727 = VECTOR('',#1728,1.);
#1728 = DIRECTION('',(1.,0.));
#1729 = ( GEOMETRIC_REPRESENTATION_CONTEXT(2) 
PARAMETRIC_REPRESENTATION_CONTEXT() REPRESENTATION_CONTEXT('2D SPACE',''
  ) );
#1730 = ORIENTED_EDGE('',*,*,#596,.F.);
#1731 = ADVANCED_FACE('',(#1732),#585,.F.);
#1732 = FACE_BOUND('',#1733,.F.);
#1733 = EDGE_LOOP('',(#1734,#1757,#1776,#1777));
#1734 = ORIENTED_EDGE('',*,*,#1735,.F.);
#1735 = EDGE_CURVE('',#1736,#1687,#1738,.T.);
#1736 = VERTEX_POINT('',#1737);
#1737 = CARTESIAN_POINT('',(-0.5,40.,2.));
#1738 = SURFACE_CURVE('',#1739,(#1743,#1750),.PCURVE_S1.);
#1739 = LINE('',#1740,#1741);
#1740 = CARTESIAN_POINT('',(-28.,40.,2.));
#1741 = VECTOR('',#1742,1.);
#1742 = DIRECTION('',(1.,0.,0.));
#1743 = PCURVE('',#585,#1744);
#1744 = DEFINITIONAL_REPRESENTATION('',(#1745),#1749);
#1745 = LINE('',#1746,#1747);
#1746 = CARTESIAN_POINT('',(0.,0.));
#1747 = VECTOR('',#1748,1.);
#1748 = DIRECTION('',(0.,1.));
#1749 = ( GEOMETRIC_REPRESENTATION_CONTEXT(2) 
PARAMETRIC_REPRESENTATION_CONTEXT() REPRESENTATION_CONTEXT('2D SPACE',''
  ) );
#1750 = PCURVE('',#1522,#1751);
#1751 = DEFINITIONAL_REPRESENTATION('',(#1752),#1756);
#1752 = LINE('',#1753,#1754);
#1753 = CARTESIAN_POINT('',(0.,80.));
#1754 = VECTOR('',#1755,1.);
#1755 = DIRECTION('',(1.,0.));
#1756 = ( GEOMETRIC_REPRESENTATION_CONTEXT(2) 
PARAMETRIC_REPRESENTATION_CONTEXT() REPRESENTATION_CONTEXT('2D SPACE',''
  ) );
#1757 = ORIENTED_EDGE('',*,*,#1758,.F.);
#1758 = EDGE_CURVE('',#542,#1736,#1759,.T.);
#1759 = SURFACE_CURVE('',#1760,(#1764,#1770),.PCURVE_S1.);
#1760 = LINE('',#1761,#1762);
#1761 = CARTESIAN_POINT('',(-0.5,40.,1.));
#1762 = VECTOR('',#1763,1.);
#1763 = DIRECTION('',(0.,0.,-1.));
#1764 = PCURVE('',#585,#1765);
#1765 = DEFINITIONAL_REPRESENTATION('',(#1766),#1769);
#1766 = B_SPLINE_CURVE_WITH_KNOTS('',1,(#1767,#1768),.UNSPECIFIED.,.F.,
  .F.,(2,2),(-24.4,-1.),.PIECEWISE_BEZIER_KNOTS.);
#1767 = CARTESIAN_POINT('',(23.4,27.5));
#1768 = CARTESIAN_POINT('',(0.,27.5));
#1769 = ( GEOMETRIC_REPRESENTATION_CONTEXT(2) 
PARAMETRIC_REPRESENTATION_CONTEXT() REPRESENTATION_CONTEXT('2D SPACE',''
  ) );
#1770 = PCURVE('',#557,#1771);
#1771 = DEFINITIONAL_REPRESENTATION('',(#1772),#1775);
#1772 = B_SPLINE_CURVE_WITH_KNOTS('',1,(#1773,#1774),.UNSPECIFIED.,.F.,
  .F.,(2,2),(-24.4,-1.),.PIECEWISE_BEZIER_KNOTS.);
#1773 = CARTESIAN_POINT('',(25.4,-80.01));
#1774 = CARTESIAN_POINT('',(2.,-80.01));
#1775 = ( GEOMETRIC_REPRESENTATION_CONTEXT(2) 
PARAMETRIC_REPRESENTATION_CONTEXT() REPRESENTATION_CONTEXT('2D SPACE',''
  ) );
#1776 = ORIENTED_EDGE('',*,*,#569,.F.);
#1777 = ORIENTED_EDGE('',*,*,#1710,.F.);
#1778 = ADVANCED_FACE('',(#1779,#1823),#557,.T.);
#1779 = FACE_BOUND('',#1780,.T.);
#1780 = EDGE_LOOP('',(#1781,#1782,#1803,#1822));
#1781 = ORIENTED_EDGE('',*,*,#541,.F.);
#1782 = ORIENTED_EDGE('',*,*,#1783,.T.);
#1783 = EDGE_CURVE('',#515,#1784,#1786,.T.);
#1784 = VERTEX_POINT('',#1785);
#1785 = CARTESIAN_POINT('',(-0.5,-40.,2.));
#1786 = SURFACE_CURVE('',#1787,(#1791,#1797),.PCURVE_S1.);
#1787 = LINE('',#1788,#1789);
#1788 = CARTESIAN_POINT('',(-0.5,-40.,1.));
#1789 = VECTOR('',#1790,1.);
#1790 = DIRECTION('',(0.,0.,-1.));
#1791 = PCURVE('',#557,#1792);
#1792 = DEFINITIONAL_REPRESENTATION('',(#1793),#1796);
#1793 = B_SPLINE_CURVE_WITH_KNOTS('',1,(#1794,#1795),.UNSPECIFIED.,.F.,
  .F.,(2,2),(-24.4,-1.),.PIECEWISE_BEZIER_KNOTS.);
#1794 = CARTESIAN_POINT('',(25.4,-9.999999999998E-03));
#1795 = CARTESIAN_POINT('',(2.,-9.999999999998E-03));
#1796 = ( GEOMETRIC_REPRESENTATION_CONTEXT(2) 
PARAMETRIC_REPRESENTATION_CONTEXT() REPRESENTATION_CONTEXT('2D SPACE',''
  ) );
#1797 = PCURVE('',#530,#1798);
#1798 = DEFINITIONAL_REPRESENTATION('',(#1799),#1802);
#1799 = B_SPLINE_CURVE_WITH_KNOTS('',1,(#1800,#1801),.UNSPECIFIED.,.F.,
  .F.,(2,2),(-24.4,-1.),.PIECEWISE_BEZIER_KNOTS.);
#1800 = CARTESIAN_POINT('',(23.4,27.5));
#1801 = CARTESIAN_POINT('',(0.,27.5));
#1802 = ( GEOMETRIC_REPRESENTATION_CONTEXT(2) 
PARAMETRIC_REPRESENTATION_CONTEXT() REPRESENTATION_CONTEXT('2D SPACE',''
  ) );
#1803 = ORIENTED_EDGE('',*,*,#1804,.T.);
#1804 = EDGE_CURVE('',#1784,#1736,#1805,.T.);
#1805 = SURFACE_CURVE('',#1806,(#1810,#1816),.PCURVE_S1.);
#1806 = LINE('',#1807,#1808);
#1807 = CARTESIAN_POINT('',(-0.5,-40.005,2.));
#1808 = VECTOR('',#1809,1.);
#1809 = DIRECTION('',(0.,1.,0.));
#1810 = PCURVE('',#557,#1811);
#1811 = DEFINITIONAL_REPRESENTATION('',(#1812),#1815);
#1812 = B_SPLINE_CURVE_WITH_KNOTS('',1,(#1813,#1814),.UNSPECIFIED.,.F.,
  .F.,(2,2),(4.999999999995E-03,80.005),.PIECEWISE_BEZIER_KNOTS.);
#1813 = CARTESIAN_POINT('',(2.,-9.999999999998E-03));
#1814 = CARTESIAN_POINT('',(2.,-80.01));
#1815 = ( GEOMETRIC_REPRESENTATION_CONTEXT(2) 
PARAMETRIC_REPRESENTATION_CONTEXT() REPRESENTATION_CONTEXT('2D SPACE',''
  ) );
#1816 = PCURVE('',#1522,#1817);
#1817 = DEFINITIONAL_REPRESENTATION('',(#1818),#1821);
#1818 = B_SPLINE_CURVE_WITH_KNOTS('',1,(#1819,#1820),.UNSPECIFIED.,.F.,
  .F.,(2,2),(4.999999999995E-03,80.005),.PIECEWISE_BEZIER_KNOTS.);
#1819 = CARTESIAN_POINT('',(27.5,0.));
#1820 = CARTESIAN_POINT('',(27.5,80.));
#1821 = ( GEOMETRIC_REPRESENTATION_CONTEXT(2) 
PARAMETRIC_REPRESENTATION_CONTEXT() REPRESENTATION_CONTEXT('2D SPACE',''
  ) );
#1822 = ORIENTED_EDGE('',*,*,#1758,.F.);
#1823 = FACE_BOUND('',#1824,.T.);
#1824 = EDGE_LOOP('',(#1825,#1853,#1879,#1905));
#1825 = ORIENTED_EDGE('',*,*,#1826,.T.);
#1826 = EDGE_CURVE('',#1827,#1829,#1831,.T.);
#1827 = VERTEX_POINT('',#1828);
#1828 = CARTESIAN_POINT('',(-0.5,-4.,4.));
#1829 = VERTEX_POINT('',#1830);
#1830 = CARTESIAN_POINT('',(-0.5,-12.,4.));
#1831 = SURFACE_CURVE('',#1832,(#1836,#1842),.PCURVE_S1.);
#1832 = LINE('',#1833,#1834);
#1833 = CARTESIAN_POINT('',(-0.5,-26.005,4.));
#1834 = VECTOR('',#1835,1.);
#1835 = DIRECTION('',(0.,-1.,0.));
#1836 = PCURVE('',#557,#1837);
#1837 = DEFINITIONAL_REPRESENTATION('',(#1838),#1841);
#1838 = B_SPLINE_CURVE_WITH_KNOTS('',1,(#1839,#1840),.UNSPECIFIED.,.F.,
  .F.,(2,2),(-22.005,-14.005),.PIECEWISE_BEZIER_KNOTS.);
#1839 = CARTESIAN_POINT('',(4.,-36.01));
#1840 = CARTESIAN_POINT('',(4.,-28.01));
#1841 = ( GEOMETRIC_REPRESENTATION_CONTEXT(2) 
PARAMETRIC_REPRESENTATION_CONTEXT() REPRESENTATION_CONTEXT('2D SPACE',''
  ) );
#1842 = PCURVE('',#1843,#1848);
#1843 = PLANE('',#1844);
#1844 = AXIS2_PLACEMENT_3D('',#1845,#1846,#1847);
#1845 = CARTESIAN_POINT('',(-3.5,-12.,4.));
#1846 = DIRECTION('',(0.,0.,1.));
#1847 = DIRECTION('',(1.,0.,0.));
#1848 = DEFINITIONAL_REPRESENTATION('',(#1849),#1852);
#1849 = B_SPLINE_CURVE_WITH_KNOTS('',1,(#1850,#1851),.UNSPECIFIED.,.F.,
  .F.,(2,2),(-22.005,-14.005),.PIECEWISE_BEZIER_KNOTS.);
#1850 = CARTESIAN_POINT('',(3.,8.));
#1851 = CARTESIAN_POINT('',(3.,0.));
#1852 = ( GEOMETRIC_REPRESENTATION_CONTEXT(2) 
PARAMETRIC_REPRESENTATION_CONTEXT() REPRESENTATION_CONTEXT('2D SPACE',''
  ) );
#1853 = ORIENTED_EDGE('',*,*,#1854,.T.);
#1854 = EDGE_CURVE('',#1829,#1855,#1857,.T.);
#1855 = VERTEX_POINT('',#1856);
#1856 = CARTESIAN_POINT('',(-0.5,-12.,10.));
#1857 = SURFACE_CURVE('',#1858,(#1862,#1868),.PCURVE_S1.);
#1858 = LINE('',#1859,#1860);
#1859 = CARTESIAN_POINT('',(-0.5,-12.,2.));
#1860 = VECTOR('',#1861,1.);
#1861 = DIRECTION('',(0.,0.,1.));
#1862 = PCURVE('',#557,#1863);
#1863 = DEFINITIONAL_REPRESENTATION('',(#1864),#1867);
#1864 = B_SPLINE_CURVE_WITH_KNOTS('',1,(#1865,#1866),.UNSPECIFIED.,.F.,
  .F.,(2,2),(2.,8.),.PIECEWISE_BEZIER_KNOTS.);
#1865 = CARTESIAN_POINT('',(4.,-28.01));
#1866 = CARTESIAN_POINT('',(10.,-28.01));
#1867 = ( GEOMETRIC_REPRESENTATION_CONTEXT(2) 
PARAMETRIC_REPRESENTATION_CONTEXT() REPRESENTATION_CONTEXT('2D SPACE',''
  ) );
#1868 = PCURVE('',#1869,#1874);
#1869 = PLANE('',#1870);
#1870 = AXIS2_PLACEMENT_3D('',#1871,#1872,#1873);
#1871 = CARTESIAN_POINT('',(-3.5,-12.,4.));
#1872 = DIRECTION('',(0.,1.,0.));
#1873 = DIRECTION('',(0.,0.,1.));
#1874 = DEFINITIONAL_REPRESENTATION('',(#1875),#1878);
#1875 = B_SPLINE_CURVE_WITH_KNOTS('',1,(#1876,#1877),.UNSPECIFIED.,.F.,
  .F.,(2,2),(2.,8.),.PIECEWISE_BEZIER_KNOTS.);
#1876 = CARTESIAN_POINT('',(0.,3.));
#1877 = CARTESIAN_POINT('',(6.,3.));
#1878 = ( GEOMETRIC_REPRESENTATION_CONTEXT(2) 
PARAMETRIC_REPRESENTATION_CONTEXT() REPRESENTATION_CONTEXT('2D SPACE',''
  ) );
#1879 = ORIENTED_EDGE('',*,*,#1880,.F.);
#1880 = EDGE_CURVE('',#1881,#1855,#1883,.T.);
#1881 = VERTEX_POINT('',#1882);
#1882 = CARTESIAN_POINT('',(-0.5,-4.,10.));
#1883 = SURFACE_CURVE('',#1884,(#1888,#1894),.PCURVE_S1.);
#1884 = LINE('',#1885,#1886);
#1885 = CARTESIAN_POINT('',(-0.5,-26.005,10.));
#1886 = VECTOR('',#1887,1.);
#1887 = DIRECTION('',(0.,-1.,0.));
#1888 = PCURVE('',#557,#1889);
#1889 = DEFINITIONAL_REPRESENTATION('',(#1890),#1893);
#1890 = B_SPLINE_CURVE_WITH_KNOTS('',1,(#1891,#1892),.UNSPECIFIED.,.F.,
  .F.,(2,2),(-22.005,-14.005),.PIECEWISE_BEZIER_KNOTS.);
#1891 = CARTESIAN_POINT('',(10.,-36.01));
#1892 = CARTESIAN_POINT('',(10.,-28.01));
#1893 = ( GEOMETRIC_REPRESENTATION_CONTEXT(2) 
PARAMETRIC_REPRESENTATION_CONTEXT() REPRESENTATION_CONTEXT('2D SPACE',''
  ) );
#1894 = PCURVE('',#1895,#1900);
#1895 = PLANE('',#1896);
#1896 = AXIS2_PLACEMENT_3D('',#1897,#1898,#1899);
#1897 = CARTESIAN_POINT('',(-3.5,-12.,10.));
#1898 = DIRECTION('',(0.,0.,1.));
#1899 = DIRECTION('',(1.,0.,0.));
#1900 = DEFINITIONAL_REPRESENTATION('',(#1901),#1904);
#1901 = B_SPLINE_CURVE_WITH_KNOTS('',1,(#1902,#1903),.UNSPECIFIED.,.F.,
  .F.,(2,2),(-22.005,-14.005),.PIECEWISE_BEZIER_KNOTS.);
#1902 = CARTESIAN_POINT('',(3.,8.));
#1903 = CARTESIAN_POINT('',(3.,0.));
#1904 = ( GEOMETRIC_REPRESENTATION_CONTEXT(2) 
PARAMETRIC_REPRESENTATION_CONTEXT() REPRESENTATION_CONTEXT('2D SPACE',''
  ) );
#1905 = ORIENTED_EDGE('',*,*,#1906,.F.);
#1906 = EDGE_CURVE('',#1827,#1881,#1907,.T.);
#1907 = SURFACE_CURVE('',#1908,(#1912,#1918),.PCURVE_S1.);
#1908 = LINE('',#1909,#1910);
#1909 = CARTESIAN_POINT('',(-0.5,-4.,2.));
#1910 = VECTOR('',#1911,1.);
#1911 = DIRECTION('',(0.,0.,1.));
#1912 = PCURVE('',#557,#1913);
#1913 = DEFINITIONAL_REPRESENTATION('',(#1914),#1917);
#1914 = B_SPLINE_CURVE_WITH_KNOTS('',1,(#1915,#1916),.UNSPECIFIED.,.F.,
  .F.,(2,2),(2.,8.),.PIECEWISE_BEZIER_KNOTS.);
#1915 = CARTESIAN_POINT('',(4.,-36.01));
#1916 = CARTESIAN_POINT('',(10.,-36.01));
#1917 = ( GEOMETRIC_REPRESENTATION_CONTEXT(2) 
PARAMETRIC_REPRESENTATION_CONTEXT() REPRESENTATION_CONTEXT('2D SPACE',''
  ) );
#1918 = PCURVE('',#1919,#1924);
#1919 = PLANE('',#1920);
#1920 = AXIS2_PLACEMENT_3D('',#1921,#1922,#1923);
#1921 = CARTESIAN_POINT('',(-3.5,-4.,4.));
#1922 = DIRECTION('',(0.,1.,0.));
#1923 = DIRECTION('',(0.,0.,1.));
#1924 = DEFINITIONAL_REPRESENTATION('',(#1925),#1928);
#1925 = B_SPLINE_CURVE_WITH_KNOTS('',1,(#1926,#1927),.UNSPECIFIED.,.F.,
  .F.,(2,2),(2.,8.),.PIECEWISE_BEZIER_KNOTS.);
#1926 = CARTESIAN_POINT('',(0.,3.));
#1927 = CARTESIAN_POINT('',(6.,3.));
#1928 = ( GEOMETRIC_REPRESENTATION_CONTEXT(2) 
PARAMETRIC_REPRESENTATION_CONTEXT() REPRESENTATION_CONTEXT('2D SPACE',''
  ) );
#1929 = ADVANCED_FACE('',(#1930),#530,.T.);
#1930 = FACE_BOUND('',#1931,.T.);
#1931 = EDGE_LOOP('',(#1932,#1955,#1956,#1957,#1978,#2004));
#1932 = ORIENTED_EDGE('',*,*,#1933,.F.);
#1933 = EDGE_CURVE('',#1784,#1934,#1936,.T.);
#1934 = VERTEX_POINT('',#1935);
#1935 = CARTESIAN_POINT('',(5.8,-40.,2.));
#1936 = SURFACE_CURVE('',#1937,(#1941,#1948),.PCURVE_S1.);
#1937 = LINE('',#1938,#1939);
#1938 = CARTESIAN_POINT('',(-28.,-40.,2.));
#1939 = VECTOR('',#1940,1.);
#1940 = DIRECTION('',(1.,0.,0.));
#1941 = PCURVE('',#530,#1942);
#1942 = DEFINITIONAL_REPRESENTATION('',(#1943),#1947);
#1943 = LINE('',#1944,#1945);
#1944 = CARTESIAN_POINT('',(0.,0.));
#1945 = VECTOR('',#1946,1.);
#1946 = DIRECTION('',(0.,1.));
#1947 = ( GEOMETRIC_REPRESENTATION_CONTEXT(2) 
PARAMETRIC_REPRESENTATION_CONTEXT() REPRESENTATION_CONTEXT('2D SPACE',''
  ) );
#1948 = PCURVE('',#1522,#1949);
#1949 = DEFINITIONAL_REPRESENTATION('',(#1950),#1954);
#1950 = LINE('',#1951,#1952);
#1951 = CARTESIAN_POINT('',(0.,0.));
#1952 = VECTOR('',#1953,1.);
#1953 = DIRECTION('',(1.,0.));
#1954 = ( GEOMETRIC_REPRESENTATION_CONTEXT(2) 
PARAMETRIC_REPRESENTATION_CONTEXT() REPRESENTATION_CONTEXT('2D SPACE',''
  ) );
#1955 = ORIENTED_EDGE('',*,*,#1783,.F.);
#1956 = ORIENTED_EDGE('',*,*,#514,.F.);
#1957 = ORIENTED_EDGE('',*,*,#1958,.T.);
#1958 = EDGE_CURVE('',#489,#1959,#1961,.T.);
#1959 = VERTEX_POINT('',#1960);
#1960 = CARTESIAN_POINT('',(7.,-40.,13.6));
#1961 = SURFACE_CURVE('',#1962,(#1966,#1972),.PCURVE_S1.);
#1962 = LINE('',#1963,#1964);
#1963 = CARTESIAN_POINT('',(7.,-40.,6.6));
#1964 = VECTOR('',#1965,1.);
#1965 = DIRECTION('',(0.,0.,-1.));
#1966 = PCURVE('',#530,#1967);
#1967 = DEFINITIONAL_REPRESENTATION('',(#1968),#1971);
#1968 = B_SPLINE_CURVE_WITH_KNOTS('',1,(#1969,#1970),.UNSPECIFIED.,.F.,
  .F.,(2,2),(-18.8,-4.6),.PIECEWISE_BEZIER_KNOTS.);
#1969 = CARTESIAN_POINT('',(23.4,35.));
#1970 = CARTESIAN_POINT('',(9.2,35.));
#1971 = ( GEOMETRIC_REPRESENTATION_CONTEXT(2) 
PARAMETRIC_REPRESENTATION_CONTEXT() REPRESENTATION_CONTEXT('2D SPACE',''
  ) );
#1972 = PCURVE('',#503,#1973);
#1973 = DEFINITIONAL_REPRESENTATION('',(#1974),#1977);
#1974 = B_SPLINE_CURVE_WITH_KNOTS('',1,(#1975,#1976),.UNSPECIFIED.,.F.,
  .F.,(2,2),(-18.8,-4.6),.PIECEWISE_BEZIER_KNOTS.);
#1975 = CARTESIAN_POINT('',(14.2,-7.));
#1976 = CARTESIAN_POINT('',(0.,-7.));
#1977 = ( GEOMETRIC_REPRESENTATION_CONTEXT(2) 
PARAMETRIC_REPRESENTATION_CONTEXT() REPRESENTATION_CONTEXT('2D SPACE',''
  ) );
#1978 = ORIENTED_EDGE('',*,*,#1979,.F.);
#1979 = EDGE_CURVE('',#1980,#1959,#1982,.T.);
#1980 = VERTEX_POINT('',#1981);
#1981 = CARTESIAN_POINT('',(5.8,-40.,13.6));
#1982 = SURFACE_CURVE('',#1983,(#1987,#1993),.PCURVE_S1.);
#1983 = LINE('',#1984,#1985);
#1984 = CARTESIAN_POINT('',(-11.1,-40.,13.6));
#1985 = VECTOR('',#1986,1.);
#1986 = DIRECTION('',(1.,0.,0.));
#1987 = PCURVE('',#530,#1988);
#1988 = DEFINITIONAL_REPRESENTATION('',(#1989),#1992);
#1989 = B_SPLINE_CURVE_WITH_KNOTS('',1,(#1990,#1991),.UNSPECIFIED.,.F.,
  .F.,(2,2),(16.9,19.7),.PIECEWISE_BEZIER_KNOTS.);
#1990 = CARTESIAN_POINT('',(11.6,33.8));
#1991 = CARTESIAN_POINT('',(11.6,36.6));
#1992 = ( GEOMETRIC_REPRESENTATION_CONTEXT(2) 
PARAMETRIC_REPRESENTATION_CONTEXT() REPRESENTATION_CONTEXT('2D SPACE',''
  ) );
#1993 = PCURVE('',#1994,#1999);
#1994 = PLANE('',#1995);
#1995 = AXIS2_PLACEMENT_3D('',#1996,#1997,#1998);
#1996 = CARTESIAN_POINT('',(5.8,-40.05,13.6));
#1997 = DIRECTION('',(0.,0.,1.));
#1998 = DIRECTION('',(1.,0.,0.));
#1999 = DEFINITIONAL_REPRESENTATION('',(#2000),#2003);
#2000 = B_SPLINE_CURVE_WITH_KNOTS('',1,(#2001,#2002),.UNSPECIFIED.,.F.,
  .F.,(2,2),(16.9,19.7),.PIECEWISE_BEZIER_KNOTS.);
#2001 = CARTESIAN_POINT('',(0.,5.E-02));
#2002 = CARTESIAN_POINT('',(2.8,5.E-02));
#2003 = ( GEOMETRIC_REPRESENTATION_CONTEXT(2) 
PARAMETRIC_REPRESENTATION_CONTEXT() REPRESENTATION_CONTEXT('2D SPACE',''
  ) );
#2004 = ORIENTED_EDGE('',*,*,#2005,.T.);
#2005 = EDGE_CURVE('',#1980,#1934,#2006,.T.);
#2006 = SURFACE_CURVE('',#2007,(#2011,#2017),.PCURVE_S1.);
#2007 = LINE('',#2008,#2009);
#2008 = CARTESIAN_POINT('',(5.8,-40.,1.));
#2009 = VECTOR('',#2010,1.);
#2010 = DIRECTION('',(0.,0.,-1.));
#2011 = PCURVE('',#530,#2012);
#2012 = DEFINITIONAL_REPRESENTATION('',(#2013),#2016);
#2013 = B_SPLINE_CURVE_WITH_KNOTS('',1,(#2014,#2015),.UNSPECIFIED.,.F.,
  .F.,(2,2),(-12.6,-1.),.PIECEWISE_BEZIER_KNOTS.);
#2014 = CARTESIAN_POINT('',(11.6,33.8));
#2015 = CARTESIAN_POINT('',(0.,33.8));
#2016 = ( GEOMETRIC_REPRESENTATION_CONTEXT(2) 
PARAMETRIC_REPRESENTATION_CONTEXT() REPRESENTATION_CONTEXT('2D SPACE',''
  ) );
#2017 = PCURVE('',#2018,#2023);
#2018 = PLANE('',#2019);
#2019 = AXIS2_PLACEMENT_3D('',#2020,#2021,#2022);
#2020 = CARTESIAN_POINT('',(5.8,-40.05,0.));
#2021 = DIRECTION('',(1.,0.,0.));
#2022 = DIRECTION('',(0.,0.,1.));
#2023 = DEFINITIONAL_REPRESENTATION('',(#2024),#2027);
#2024 = B_SPLINE_CURVE_WITH_KNOTS('',1,(#2025,#2026),.UNSPECIFIED.,.F.,
  .F.,(2,2),(-12.6,-1.),.PIECEWISE_BEZIER_KNOTS.);
#2025 = CARTESIAN_POINT('',(13.6,-5.E-02));
#2026 = CARTESIAN_POINT('',(2.,-5.E-02));
#2027 = ( GEOMETRIC_REPRESENTATION_CONTEXT(2) 
PARAMETRIC_REPRESENTATION_CONTEXT() REPRESENTATION_CONTEXT('2D SPACE',''
  ) );
#2028 = ADVANCED_FACE('',(#2029),#503,.T.);
#2029 = FACE_BOUND('',#2030,.T.);
#2030 = EDGE_LOOP('',(#2031,#2032,#2055,#2081,#2100,#2101));
#2031 = ORIENTED_EDGE('',*,*,#1311,.T.);
#2032 = ORIENTED_EDGE('',*,*,#2033,.T.);
#2033 = EDGE_CURVE('',#1312,#2034,#2036,.T.);
#2034 = VERTEX_POINT('',#2035);
#2035 = CARTESIAN_POINT('',(7.,-38.05,11.2));
#2036 = SURFACE_CURVE('',#2037,(#2041,#2048),.PCURVE_S1.);
#2037 = LINE('',#2038,#2039);
#2038 = CARTESIAN_POINT('',(7.,-47.,11.2));
#2039 = VECTOR('',#2040,1.);
#2040 = DIRECTION('',(0.,1.,0.));
#2041 = PCURVE('',#503,#2042);
#2042 = DEFINITIONAL_REPRESENTATION('',(#2043),#2047);
#2043 = LINE('',#2044,#2045);
#2044 = CARTESIAN_POINT('',(0.,0.));
#2045 = VECTOR('',#2046,1.);
#2046 = DIRECTION('',(0.,-1.));
#2047 = ( GEOMETRIC_REPRESENTATION_CONTEXT(2) 
PARAMETRIC_REPRESENTATION_CONTEXT() REPRESENTATION_CONTEXT('2D SPACE',''
  ) );
#2048 = PCURVE('',#1347,#2049);
#2049 = DEFINITIONAL_REPRESENTATION('',(#2050),#2054);
#2050 = LINE('',#2051,#2052);
#2051 = CARTESIAN_POINT('',(0.,0.));
#2052 = VECTOR('',#2053,1.);
#2053 = DIRECTION('',(0.,1.));
#2054 = ( GEOMETRIC_REPRESENTATION_CONTEXT(2) 
PARAMETRIC_REPRESENTATION_CONTEXT() REPRESENTATION_CONTEXT('2D SPACE',''
  ) );
#2055 = ORIENTED_EDGE('',*,*,#2056,.F.);
#2056 = EDGE_CURVE('',#2057,#2034,#2059,.T.);
#2057 = VERTEX_POINT('',#2058);
#2058 = CARTESIAN_POINT('',(7.,-38.05,13.6));
#2059 = SURFACE_CURVE('',#2060,(#2064,#2070),.PCURVE_S1.);
#2060 = LINE('',#2061,#2062);
#2061 = CARTESIAN_POINT('',(7.,-38.05,5.6));
#2062 = VECTOR('',#2063,1.);
#2063 = DIRECTION('',(0.,0.,-1.));
#2064 = PCURVE('',#503,#2065);
#2065 = DEFINITIONAL_REPRESENTATION('',(#2066),#2069);
#2066 = B_SPLINE_CURVE_WITH_KNOTS('',1,(#2067,#2068),.UNSPECIFIED.,.F.,
  .F.,(2,2),(-8.,-5.6),.PIECEWISE_BEZIER_KNOTS.);
#2067 = CARTESIAN_POINT('',(2.4,-8.95));
#2068 = CARTESIAN_POINT('',(0.,-8.95));
#2069 = ( GEOMETRIC_REPRESENTATION_CONTEXT(2) 
PARAMETRIC_REPRESENTATION_CONTEXT() REPRESENTATION_CONTEXT('2D SPACE',''
  ) );
#2070 = PCURVE('',#2071,#2076);
#2071 = PLANE('',#2072);
#2072 = AXIS2_PLACEMENT_3D('',#2073,#2074,#2075);
#2073 = CARTESIAN_POINT('',(5.8,-38.05,0.));
#2074 = DIRECTION('',(0.,1.,0.));
#2075 = DIRECTION('',(0.,0.,1.));
#2076 = DEFINITIONAL_REPRESENTATION('',(#2077),#2080);
#2077 = B_SPLINE_CURVE_WITH_KNOTS('',1,(#2078,#2079),.UNSPECIFIED.,.F.,
  .F.,(2,2),(-8.,-5.6),.PIECEWISE_BEZIER_KNOTS.);
#2078 = CARTESIAN_POINT('',(13.6,1.2));
#2079 = CARTESIAN_POINT('',(11.2,1.2));
#2080 = ( GEOMETRIC_REPRESENTATION_CONTEXT(2) 
PARAMETRIC_REPRESENTATION_CONTEXT() REPRESENTATION_CONTEXT('2D SPACE',''
  ) );
#2081 = ORIENTED_EDGE('',*,*,#2082,.F.);
#2082 = EDGE_CURVE('',#1959,#2057,#2083,.T.);
#2083 = SURFACE_CURVE('',#2084,(#2088,#2094),.PCURVE_S1.);
#2084 = LINE('',#2085,#2086);
#2085 = CARTESIAN_POINT('',(7.,-43.525,13.6));
#2086 = VECTOR('',#2087,1.);
#2087 = DIRECTION('',(0.,1.,0.));
#2088 = PCURVE('',#503,#2089);
#2089 = DEFINITIONAL_REPRESENTATION('',(#2090),#2093);
#2090 = B_SPLINE_CURVE_WITH_KNOTS('',1,(#2091,#2092),.UNSPECIFIED.,.F.,
  .F.,(2,2),(3.525,5.475),.PIECEWISE_BEZIER_KNOTS.);
#2091 = CARTESIAN_POINT('',(2.4,-7.));
#2092 = CARTESIAN_POINT('',(2.4,-8.95));
#2093 = ( GEOMETRIC_REPRESENTATION_CONTEXT(2) 
PARAMETRIC_REPRESENTATION_CONTEXT() REPRESENTATION_CONTEXT('2D SPACE',''
  ) );
#2094 = PCURVE('',#1994,#2095);
#2095 = DEFINITIONAL_REPRESENTATION('',(#2096),#2099);
#2096 = B_SPLINE_CURVE_WITH_KNOTS('',1,(#2097,#2098),.UNSPECIFIED.,.F.,
  .F.,(2,2),(3.525,5.475),.PIECEWISE_BEZIER_KNOTS.);
#2097 = CARTESIAN_POINT('',(1.2,5.E-02));
#2098 = CARTESIAN_POINT('',(1.2,2.));
#2099 = ( GEOMETRIC_REPRESENTATION_CONTEXT(2) 
PARAMETRIC_REPRESENTATION_CONTEXT() REPRESENTATION_CONTEXT('2D SPACE',''
  ) );
#2100 = ORIENTED_EDGE('',*,*,#1958,.F.);
#2101 = ORIENTED_EDGE('',*,*,#488,.F.);
#2102 = ADVANCED_FACE('',(#2103),#454,.F.);
#2103 = FACE_BOUND('',#2104,.F.);
#2104 = EDGE_LOOP('',(#2105,#2106,#2129,#2150));
#2105 = ORIENTED_EDGE('',*,*,#1291,.T.);
#2106 = ORIENTED_EDGE('',*,*,#2107,.T.);
#2107 = EDGE_CURVE('',#1266,#2108,#2110,.T.);
#2108 = VERTEX_POINT('',#2109);
#2109 = CARTESIAN_POINT('',(-12.5,-40.,24.4));
#2110 = SURFACE_CURVE('',#2111,(#2115,#2122),.PCURVE_S1.);
#2111 = LINE('',#2112,#2113);
#2112 = CARTESIAN_POINT('',(-12.5,-44.,24.4));
#2113 = VECTOR('',#2114,1.);
#2114 = DIRECTION('',(0.,1.,0.));
#2115 = PCURVE('',#454,#2116);
#2116 = DEFINITIONAL_REPRESENTATION('',(#2117),#2121);
#2117 = LINE('',#2118,#2119);
#2118 = CARTESIAN_POINT('',(0.,0.));
#2119 = VECTOR('',#2120,1.);
#2120 = DIRECTION('',(0.,-1.));
#2121 = ( GEOMETRIC_REPRESENTATION_CONTEXT(2) 
PARAMETRIC_REPRESENTATION_CONTEXT() REPRESENTATION_CONTEXT('2D SPACE',''
  ) );
#2122 = PCURVE('',#1280,#2123);
#2123 = DEFINITIONAL_REPRESENTATION('',(#2124),#2128);
#2124 = LINE('',#2125,#2126);
#2125 = CARTESIAN_POINT('',(8.,0.));
#2126 = VECTOR('',#2127,1.);
#2127 = DIRECTION('',(0.,1.));
#2128 = ( GEOMETRIC_REPRESENTATION_CONTEXT(2) 
PARAMETRIC_REPRESENTATION_CONTEXT() REPRESENTATION_CONTEXT('2D SPACE',''
  ) );
#2129 = ORIENTED_EDGE('',*,*,#2130,.T.);
#2130 = EDGE_CURVE('',#2108,#418,#2131,.T.);
#2131 = SURFACE_CURVE('',#2132,(#2136,#2143),.PCURVE_S1.);
#2132 = LINE('',#2133,#2134);
#2133 = CARTESIAN_POINT('',(-12.5,-40.,24.4));
#2134 = VECTOR('',#2135,1.);
#2135 = DIRECTION('',(0.,0.,1.));
#2136 = PCURVE('',#454,#2137);
#2137 = DEFINITIONAL_REPRESENTATION('',(#2138),#2142);
#2138 = LINE('',#2139,#2140);
#2139 = CARTESIAN_POINT('',(0.,-4.));
#2140 = VECTOR('',#2141,1.);
#2141 = DIRECTION('',(1.,0.));
#2142 = ( GEOMETRIC_REPRESENTATION_CONTEXT(2) 
PARAMETRIC_REPRESENTATION_CONTEXT() REPRESENTATION_CONTEXT('2D SPACE',''
  ) );
#2143 = PCURVE('',#266,#2144);
#2144 = DEFINITIONAL_REPRESENTATION('',(#2145),#2149);
#2145 = LINE('',#2146,#2147);
#2146 = CARTESIAN_POINT('',(22.4,15.5));
#2147 = VECTOR('',#2148,1.);
#2148 = DIRECTION('',(1.,0.));
#2149 = ( GEOMETRIC_REPRESENTATION_CONTEXT(2) 
PARAMETRIC_REPRESENTATION_CONTEXT() REPRESENTATION_CONTEXT('2D SPACE',''
  ) );
#2150 = ORIENTED_EDGE('',*,*,#439,.F.);
#2151 = ADVANCED_FACE('',(#2152),#266,.T.);
#2152 = FACE_BOUND('',#2153,.T.);
#2153 = EDGE_LOOP('',(#2154,#2184,#2205,#2206,#2229,#2250,#2251,#2252));
#2154 = ORIENTED_EDGE('',*,*,#2155,.F.);
#2155 = EDGE_CURVE('',#2156,#2158,#2160,.T.);
#2156 = VERTEX_POINT('',#2157);
#2157 = CARTESIAN_POINT('',(-26.,-40.,2.));
#2158 = VERTEX_POINT('',#2159);
#2159 = CARTESIAN_POINT('',(-2.5,-40.,2.));
#2160 = SURFACE_CURVE('',#2161,(#2165,#2172),.PCURVE_S1.);
#2161 = LINE('',#2162,#2163);
#2162 = CARTESIAN_POINT('',(-28.,-40.,2.));
#2163 = VECTOR('',#2164,1.);
#2164 = DIRECTION('',(1.,0.,0.));
#2165 = PCURVE('',#266,#2166);
#2166 = DEFINITIONAL_REPRESENTATION('',(#2167),#2171);
#2167 = LINE('',#2168,#2169);
#2168 = CARTESIAN_POINT('',(0.,0.));
#2169 = VECTOR('',#2170,1.);
#2170 = DIRECTION('',(0.,1.));
#2171 = ( GEOMETRIC_REPRESENTATION_CONTEXT(2) 
PARAMETRIC_REPRESENTATION_CONTEXT() REPRESENTATION_CONTEXT('2D SPACE',''
  ) );
#2172 = PCURVE('',#2173,#2178);
#2173 = PLANE('',#2174);
#2174 = AXIS2_PLACEMENT_3D('',#2175,#2176,#2177);
#2175 = CARTESIAN_POINT('',(-28.,-40.,2.));
#2176 = DIRECTION('',(0.,0.,1.));
#2177 = DIRECTION('',(1.,0.,0.));
#2178 = DEFINITIONAL_REPRESENTATION('',(#2179),#2183);
#2179 = LINE('',#2180,#2181);
#2180 = CARTESIAN_POINT('',(0.,0.));
#2181 = VECTOR('',#2182,1.);
#2182 = DIRECTION('',(1.,0.));
#2183 = ( GEOMETRIC_REPRESENTATION_CONTEXT(2) 
PARAMETRIC_REPRESENTATION_CONTEXT() REPRESENTATION_CONTEXT('2D SPACE',''
  ) );
#2184 = ORIENTED_EDGE('',*,*,#2185,.T.);
#2185 = EDGE_CURVE('',#2156,#251,#2186,.T.);
#2186 = SURFACE_CURVE('',#2187,(#2191,#2198),.PCURVE_S1.);
#2187 = LINE('',#2188,#2189);
#2188 = CARTESIAN_POINT('',(-26.,-40.,2.));
#2189 = VECTOR('',#2190,1.);
#2190 = DIRECTION('',(0.,0.,1.));
#2191 = PCURVE('',#266,#2192);
#2192 = DEFINITIONAL_REPRESENTATION('',(#2193),#2197);
#2193 = LINE('',#2194,#2195);
#2194 = CARTESIAN_POINT('',(0.,2.));
#2195 = VECTOR('',#2196,1.);
#2196 = DIRECTION('',(1.,0.));
#2197 = ( GEOMETRIC_REPRESENTATION_CONTEXT(2) 
PARAMETRIC_REPRESENTATION_CONTEXT() REPRESENTATION_CONTEXT('2D SPACE',''
  ) );
#2198 = PCURVE('',#294,#2199);
#2199 = DEFINITIONAL_REPRESENTATION('',(#2200),#2204);
#2200 = LINE('',#2201,#2202);
#2201 = CARTESIAN_POINT('',(1.570796326795,0.));
#2202 = VECTOR('',#2203,1.);
#2203 = DIRECTION('',(0.,1.));
#2204 = ( GEOMETRIC_REPRESENTATION_CONTEXT(2) 
PARAMETRIC_REPRESENTATION_CONTEXT() REPRESENTATION_CONTEXT('2D SPACE',''
  ) );
#2205 = ORIENTED_EDGE('',*,*,#250,.F.);
#2206 = ORIENTED_EDGE('',*,*,#2207,.F.);
#2207 = EDGE_CURVE('',#2208,#225,#2210,.T.);
#2208 = VERTEX_POINT('',#2209);
#2209 = CARTESIAN_POINT('',(-20.5,-40.,24.4));
#2210 = SURFACE_CURVE('',#2211,(#2215,#2222),.PCURVE_S1.);
#2211 = LINE('',#2212,#2213);
#2212 = CARTESIAN_POINT('',(-20.5,-40.,24.4));
#2213 = VECTOR('',#2214,1.);
#2214 = DIRECTION('',(0.,0.,1.));
#2215 = PCURVE('',#266,#2216);
#2216 = DEFINITIONAL_REPRESENTATION('',(#2217),#2221);
#2217 = LINE('',#2218,#2219);
#2218 = CARTESIAN_POINT('',(22.4,7.5));
#2219 = VECTOR('',#2220,1.);
#2220 = DIRECTION('',(1.,0.));
#2221 = ( GEOMETRIC_REPRESENTATION_CONTEXT(2) 
PARAMETRIC_REPRESENTATION_CONTEXT() REPRESENTATION_CONTEXT('2D SPACE',''
  ) );
#2222 = PCURVE('',#239,#2223);
#2223 = DEFINITIONAL_REPRESENTATION('',(#2224),#2228);
#2224 = LINE('',#2225,#2226);
#2225 = CARTESIAN_POINT('',(0.,-4.));
#2226 = VECTOR('',#2227,1.);
#2227 = DIRECTION('',(1.,0.));
#2228 = ( GEOMETRIC_REPRESENTATION_CONTEXT(2) 
PARAMETRIC_REPRESENTATION_CONTEXT() REPRESENTATION_CONTEXT('2D SPACE',''
  ) );
#2229 = ORIENTED_EDGE('',*,*,#2230,.T.);
#2230 = EDGE_CURVE('',#2208,#2108,#2231,.T.);
#2231 = SURFACE_CURVE('',#2232,(#2236,#2243),.PCURVE_S1.);
#2232 = LINE('',#2233,#2234);
#2233 = CARTESIAN_POINT('',(-20.5,-40.,24.4));
#2234 = VECTOR('',#2235,1.);
#2235 = DIRECTION('',(1.,0.,0.));
#2236 = PCURVE('',#266,#2237);
#2237 = DEFINITIONAL_REPRESENTATION('',(#2238),#2242);
#2238 = LINE('',#2239,#2240);
#2239 = CARTESIAN_POINT('',(22.4,7.5));
#2240 = VECTOR('',#2241,1.);
#2241 = DIRECTION('',(0.,1.));
#2242 = ( GEOMETRIC_REPRESENTATION_CONTEXT(2) 
PARAMETRIC_REPRESENTATION_CONTEXT() REPRESENTATION_CONTEXT('2D SPACE',''
  ) );
#2243 = PCURVE('',#1280,#2244);
#2244 = DEFINITIONAL_REPRESENTATION('',(#2245),#2249);
#2245 = LINE('',#2246,#2247);
#2246 = CARTESIAN_POINT('',(0.,4.));
#2247 = VECTOR('',#2248,1.);
#2248 = DIRECTION('',(1.,0.));
#2249 = ( GEOMETRIC_REPRESENTATION_CONTEXT(2) 
PARAMETRIC_REPRESENTATION_CONTEXT() REPRESENTATION_CONTEXT('2D SPACE',''
  ) );
#2250 = ORIENTED_EDGE('',*,*,#2130,.T.);
#2251 = ORIENTED_EDGE('',*,*,#417,.F.);
#2252 = ORIENTED_EDGE('',*,*,#2253,.T.);
#2253 = EDGE_CURVE('',#390,#2158,#2254,.T.);
#2254 = SURFACE_CURVE('',#2255,(#2259,#2265),.PCURVE_S1.);
#2255 = LINE('',#2256,#2257);
#2256 = CARTESIAN_POINT('',(-2.5,-40.,1.));
#2257 = VECTOR('',#2258,1.);
#2258 = DIRECTION('',(0.,0.,-1.));
#2259 = PCURVE('',#266,#2260);
#2260 = DEFINITIONAL_REPRESENTATION('',(#2261),#2264);
#2261 = B_SPLINE_CURVE_WITH_KNOTS('',1,(#2262,#2263),.UNSPECIFIED.,.F.,
  .F.,(2,2),(-24.4,-1.),.PIECEWISE_BEZIER_KNOTS.);
#2262 = CARTESIAN_POINT('',(23.4,25.5));
#2263 = CARTESIAN_POINT('',(0.,25.5));
#2264 = ( GEOMETRIC_REPRESENTATION_CONTEXT(2) 
PARAMETRIC_REPRESENTATION_CONTEXT() REPRESENTATION_CONTEXT('2D SPACE',''
  ) );
#2265 = PCURVE('',#405,#2266);
#2266 = DEFINITIONAL_REPRESENTATION('',(#2267),#2270);
#2267 = B_SPLINE_CURVE_WITH_KNOTS('',1,(#2268,#2269),.UNSPECIFIED.,.F.,
  .F.,(2,2),(-24.4,-1.),.PIECEWISE_BEZIER_KNOTS.);
#2268 = CARTESIAN_POINT('',(25.4,-9.999999999998E-03));
#2269 = CARTESIAN_POINT('',(2.,-9.999999999998E-03));
#2270 = ( GEOMETRIC_REPRESENTATION_CONTEXT(2) 
PARAMETRIC_REPRESENTATION_CONTEXT() REPRESENTATION_CONTEXT('2D SPACE',''
  ) );
#2271 = ADVANCED_FACE('',(#2272,#2316),#405,.F.);
#2272 = FACE_BOUND('',#2273,.F.);
#2273 = EDGE_LOOP('',(#2274,#2275,#2276,#2297));
#2274 = ORIENTED_EDGE('',*,*,#389,.F.);
#2275 = ORIENTED_EDGE('',*,*,#2253,.T.);
#2276 = ORIENTED_EDGE('',*,*,#2277,.T.);
#2277 = EDGE_CURVE('',#2158,#2278,#2280,.T.);
#2278 = VERTEX_POINT('',#2279);
#2279 = CARTESIAN_POINT('',(-2.5,40.,2.));
#2280 = SURFACE_CURVE('',#2281,(#2285,#2291),.PCURVE_S1.);
#2281 = LINE('',#2282,#2283);
#2282 = CARTESIAN_POINT('',(-2.5,-40.005,2.));
#2283 = VECTOR('',#2284,1.);
#2284 = DIRECTION('',(0.,1.,0.));
#2285 = PCURVE('',#405,#2286);
#2286 = DEFINITIONAL_REPRESENTATION('',(#2287),#2290);
#2287 = B_SPLINE_CURVE_WITH_KNOTS('',1,(#2288,#2289),.UNSPECIFIED.,.F.,
  .F.,(2,2),(4.999999999995E-03,80.005),.PIECEWISE_BEZIER_KNOTS.);
#2288 = CARTESIAN_POINT('',(2.,-9.999999999998E-03));
#2289 = CARTESIAN_POINT('',(2.,-80.01));
#2290 = ( GEOMETRIC_REPRESENTATION_CONTEXT(2) 
PARAMETRIC_REPRESENTATION_CONTEXT() REPRESENTATION_CONTEXT('2D SPACE',''
  ) );
#2291 = PCURVE('',#2173,#2292);
#2292 = DEFINITIONAL_REPRESENTATION('',(#2293),#2296);
#2293 = B_SPLINE_CURVE_WITH_KNOTS('',1,(#2294,#2295),.UNSPECIFIED.,.F.,
  .F.,(2,2),(4.999999999995E-03,80.005),.PIECEWISE_BEZIER_KNOTS.);
#2294 = CARTESIAN_POINT('',(25.5,0.));
#2295 = CARTESIAN_POINT('',(25.5,80.));
#2296 = ( GEOMETRIC_REPRESENTATION_CONTEXT(2) 
PARAMETRIC_REPRESENTATION_CONTEXT() REPRESENTATION_CONTEXT('2D SPACE',''
  ) );
#2297 = ORIENTED_EDGE('',*,*,#2298,.F.);
#2298 = EDGE_CURVE('',#363,#2278,#2299,.T.);
#2299 = SURFACE_CURVE('',#2300,(#2304,#2310),.PCURVE_S1.);
#2300 = LINE('',#2301,#2302);
#2301 = CARTESIAN_POINT('',(-2.5,40.,1.));
#2302 = VECTOR('',#2303,1.);
#2303 = DIRECTION('',(0.,0.,-1.));
#2304 = PCURVE('',#405,#2305);
#2305 = DEFINITIONAL_REPRESENTATION('',(#2306),#2309);
#2306 = B_SPLINE_CURVE_WITH_KNOTS('',1,(#2307,#2308),.UNSPECIFIED.,.F.,
  .F.,(2,2),(-24.4,-1.),.PIECEWISE_BEZIER_KNOTS.);
#2307 = CARTESIAN_POINT('',(25.4,-80.01));
#2308 = CARTESIAN_POINT('',(2.,-80.01));
#2309 = ( GEOMETRIC_REPRESENTATION_CONTEXT(2) 
PARAMETRIC_REPRESENTATION_CONTEXT() REPRESENTATION_CONTEXT('2D SPACE',''
  ) );
#2310 = PCURVE('',#378,#2311);
#2311 = DEFINITIONAL_REPRESENTATION('',(#2312),#2315);
#2312 = B_SPLINE_CURVE_WITH_KNOTS('',1,(#2313,#2314),.UNSPECIFIED.,.F.,
  .F.,(2,2),(-24.4,-1.),.PIECEWISE_BEZIER_KNOTS.);
#2313 = CARTESIAN_POINT('',(23.4,25.5));
#2314 = CARTESIAN_POINT('',(0.,25.5));
#2315 = ( GEOMETRIC_REPRESENTATION_CONTEXT(2) 
PARAMETRIC_REPRESENTATION_CONTEXT() REPRESENTATION_CONTEXT('2D SPACE',''
  ) );
#2316 = FACE_BOUND('',#2317,.F.);
#2317 = EDGE_LOOP('',(#2318,#2341,#2362,#2383));
#2318 = ORIENTED_EDGE('',*,*,#2319,.T.);
#2319 = EDGE_CURVE('',#2320,#2322,#2324,.T.);
#2320 = VERTEX_POINT('',#2321);
#2321 = CARTESIAN_POINT('',(-2.5,-4.,4.));
#2322 = VERTEX_POINT('',#2323);
#2323 = CARTESIAN_POINT('',(-2.5,-12.,4.));
#2324 = SURFACE_CURVE('',#2325,(#2329,#2335),.PCURVE_S1.);
#2325 = LINE('',#2326,#2327);
#2326 = CARTESIAN_POINT('',(-2.5,-26.005,4.));
#2327 = VECTOR('',#2328,1.);
#2328 = DIRECTION('',(0.,-1.,0.));
#2329 = PCURVE('',#405,#2330);
#2330 = DEFINITIONAL_REPRESENTATION('',(#2331),#2334);
#2331 = B_SPLINE_CURVE_WITH_KNOTS('',1,(#2332,#2333),.UNSPECIFIED.,.F.,
  .F.,(2,2),(-22.005,-14.005),.PIECEWISE_BEZIER_KNOTS.);
#2332 = CARTESIAN_POINT('',(4.,-36.01));
#2333 = CARTESIAN_POINT('',(4.,-28.01));
#2334 = ( GEOMETRIC_REPRESENTATION_CONTEXT(2) 
PARAMETRIC_REPRESENTATION_CONTEXT() REPRESENTATION_CONTEXT('2D SPACE',''
  ) );
#2335 = PCURVE('',#1843,#2336);
#2336 = DEFINITIONAL_REPRESENTATION('',(#2337),#2340);
#2337 = B_SPLINE_CURVE_WITH_KNOTS('',1,(#2338,#2339),.UNSPECIFIED.,.F.,
  .F.,(2,2),(-22.005,-14.005),.PIECEWISE_BEZIER_KNOTS.);
#2338 = CARTESIAN_POINT('',(1.,8.));
#2339 = CARTESIAN_POINT('',(1.,0.));
#2340 = ( GEOMETRIC_REPRESENTATION_CONTEXT(2) 
PARAMETRIC_REPRESENTATION_CONTEXT() REPRESENTATION_CONTEXT('2D SPACE',''
  ) );
#2341 = ORIENTED_EDGE('',*,*,#2342,.T.);
#2342 = EDGE_CURVE('',#2322,#2343,#2345,.T.);
#2343 = VERTEX_POINT('',#2344);
#2344 = CARTESIAN_POINT('',(-2.5,-12.,10.));
#2345 = SURFACE_CURVE('',#2346,(#2350,#2356),.PCURVE_S1.);
#2346 = LINE('',#2347,#2348);
#2347 = CARTESIAN_POINT('',(-2.5,-12.,2.));
#2348 = VECTOR('',#2349,1.);
#2349 = DIRECTION('',(0.,0.,1.));
#2350 = PCURVE('',#405,#2351);
#2351 = DEFINITIONAL_REPRESENTATION('',(#2352),#2355);
#2352 = B_SPLINE_CURVE_WITH_KNOTS('',1,(#2353,#2354),.UNSPECIFIED.,.F.,
  .F.,(2,2),(2.,8.),.PIECEWISE_BEZIER_KNOTS.);
#2353 = CARTESIAN_POINT('',(4.,-28.01));
#2354 = CARTESIAN_POINT('',(10.,-28.01));
#2355 = ( GEOMETRIC_REPRESENTATION_CONTEXT(2) 
PARAMETRIC_REPRESENTATION_CONTEXT() REPRESENTATION_CONTEXT('2D SPACE',''
  ) );
#2356 = PCURVE('',#1869,#2357);
#2357 = DEFINITIONAL_REPRESENTATION('',(#2358),#2361);
#2358 = B_SPLINE_CURVE_WITH_KNOTS('',1,(#2359,#2360),.UNSPECIFIED.,.F.,
  .F.,(2,2),(2.,8.),.PIECEWISE_BEZIER_KNOTS.);
#2359 = CARTESIAN_POINT('',(0.,1.));
#2360 = CARTESIAN_POINT('',(6.,1.));
#2361 = ( GEOMETRIC_REPRESENTATION_CONTEXT(2) 
PARAMETRIC_REPRESENTATION_CONTEXT() REPRESENTATION_CONTEXT('2D SPACE',''
  ) );
#2362 = ORIENTED_EDGE('',*,*,#2363,.F.);
#2363 = EDGE_CURVE('',#2364,#2343,#2366,.T.);
#2364 = VERTEX_POINT('',#2365);
#2365 = CARTESIAN_POINT('',(-2.5,-4.,10.));
#2366 = SURFACE_CURVE('',#2367,(#2371,#2377),.PCURVE_S1.);
#2367 = LINE('',#2368,#2369);
#2368 = CARTESIAN_POINT('',(-2.5,-26.005,10.));
#2369 = VECTOR('',#2370,1.);
#2370 = DIRECTION('',(0.,-1.,0.));
#2371 = PCURVE('',#405,#2372);
#2372 = DEFINITIONAL_REPRESENTATION('',(#2373),#2376);
#2373 = B_SPLINE_CURVE_WITH_KNOTS('',1,(#2374,#2375),.UNSPECIFIED.,.F.,
  .F.,(2,2),(-22.005,-14.005),.PIECEWISE_BEZIER_KNOTS.);
#2374 = CARTESIAN_POINT('',(10.,-36.01));
#2375 = CARTESIAN_POINT('',(10.,-28.01));
#2376 = ( GEOMETRIC_REPRESENTATION_CONTEXT(2) 
PARAMETRIC_REPRESENTATION_CONTEXT() REPRESENTATION_CONTEXT('2D SPACE',''
  ) );
#2377 = PCURVE('',#1895,#2378);
#2378 = DEFINITIONAL_REPRESENTATION('',(#2379),#2382);
#2379 = B_SPLINE_CURVE_WITH_KNOTS('',1,(#2380,#2381),.UNSPECIFIED.,.F.,
  .F.,(2,2),(-22.005,-14.005),.PIECEWISE_BEZIER_KNOTS.);
#2380 = CARTESIAN_POINT('',(1.,8.));
#2381 = CARTESIAN_POINT('',(1.,0.));
#2382 = ( GEOMETRIC_REPRESENTATION_CONTEXT(2) 
PARAMETRIC_REPRESENTATION_CONTEXT() REPRESENTATION_CONTEXT('2D SPACE',''
  ) );
#2383 = ORIENTED_EDGE('',*,*,#2384,.F.);
#2384 = EDGE_CURVE('',#2320,#2364,#2385,.T.);
#2385 = SURFACE_CURVE('',#2386,(#2390,#2396),.PCURVE_S1.);
#2386 = LINE('',#2387,#2388);
#2387 = CARTESIAN_POINT('',(-2.5,-4.,2.));
#2388 = VECTOR('',#2389,1.);
#2389 = DIRECTION('',(0.,0.,1.));
#2390 = PCURVE('',#405,#2391);
#2391 = DEFINITIONAL_REPRESENTATION('',(#2392),#2395);
#2392 = B_SPLINE_CURVE_WITH_KNOTS('',1,(#2393,#2394),.UNSPECIFIED.,.F.,
  .F.,(2,2),(2.,8.),.PIECEWISE_BEZIER_KNOTS.);
#2393 = CARTESIAN_POINT('',(4.,-36.01));
#2394 = CARTESIAN_POINT('',(10.,-36.01));
#2395 = ( GEOMETRIC_REPRESENTATION_CONTEXT(2) 
PARAMETRIC_REPRESENTATION_CONTEXT() REPRESENTATION_CONTEXT('2D SPACE',''
  ) );
#2396 = PCURVE('',#1919,#2397);
#2397 = DEFINITIONAL_REPRESENTATION('',(#2398),#2401);
#2398 = B_SPLINE_CURVE_WITH_KNOTS('',1,(#2399,#2400),.UNSPECIFIED.,.F.,
  .F.,(2,2),(2.,8.),.PIECEWISE_BEZIER_KNOTS.);
#2399 = CARTESIAN_POINT('',(0.,1.));
#2400 = CARTESIAN_POINT('',(6.,1.));
#2401 = ( GEOMETRIC_REPRESENTATION_CONTEXT(2) 
PARAMETRIC_REPRESENTATION_CONTEXT() REPRESENTATION_CONTEXT('2D SPACE',''
  ) );
#2402 = ADVANCED_FACE('',(#2403),#378,.F.);
#2403 = FACE_BOUND('',#2404,.F.);
#2404 = EDGE_LOOP('',(#2405,#2428,#2449,#2450));
#2405 = ORIENTED_EDGE('',*,*,#2406,.F.);
#2406 = EDGE_CURVE('',#2407,#2278,#2409,.T.);
#2407 = VERTEX_POINT('',#2408);
#2408 = CARTESIAN_POINT('',(-26.,40.,2.));
#2409 = SURFACE_CURVE('',#2410,(#2414,#2421),.PCURVE_S1.);
#2410 = LINE('',#2411,#2412);
#2411 = CARTESIAN_POINT('',(-28.,40.,2.));
#2412 = VECTOR('',#2413,1.);
#2413 = DIRECTION('',(1.,0.,0.));
#2414 = PCURVE('',#378,#2415);
#2415 = DEFINITIONAL_REPRESENTATION('',(#2416),#2420);
#2416 = LINE('',#2417,#2418);
#2417 = CARTESIAN_POINT('',(0.,0.));
#2418 = VECTOR('',#2419,1.);
#2419 = DIRECTION('',(0.,1.));
#2420 = ( GEOMETRIC_REPRESENTATION_CONTEXT(2) 
PARAMETRIC_REPRESENTATION_CONTEXT() REPRESENTATION_CONTEXT('2D SPACE',''
  ) );
#2421 = PCURVE('',#2173,#2422);
#2422 = DEFINITIONAL_REPRESENTATION('',(#2423),#2427);
#2423 = LINE('',#2424,#2425);
#2424 = CARTESIAN_POINT('',(0.,80.));
#2425 = VECTOR('',#2426,1.);
#2426 = DIRECTION('',(1.,0.));
#2427 = ( GEOMETRIC_REPRESENTATION_CONTEXT(2) 
PARAMETRIC_REPRESENTATION_CONTEXT() REPRESENTATION_CONTEXT('2D SPACE',''
  ) );
#2428 = ORIENTED_EDGE('',*,*,#2429,.T.);
#2429 = EDGE_CURVE('',#2407,#334,#2430,.T.);
#2430 = SURFACE_CURVE('',#2431,(#2435,#2442),.PCURVE_S1.);
#2431 = LINE('',#2432,#2433);
#2432 = CARTESIAN_POINT('',(-26.,40.,2.));
#2433 = VECTOR('',#2434,1.);
#2434 = DIRECTION('',(0.,0.,1.));
#2435 = PCURVE('',#378,#2436);
#2436 = DEFINITIONAL_REPRESENTATION('',(#2437),#2441);
#2437 = LINE('',#2438,#2439);
#2438 = CARTESIAN_POINT('',(0.,2.));
#2439 = VECTOR('',#2440,1.);
#2440 = DIRECTION('',(1.,0.));
#2441 = ( GEOMETRIC_REPRESENTATION_CONTEXT(2) 
PARAMETRIC_REPRESENTATION_CONTEXT() REPRESENTATION_CONTEXT('2D SPACE',''
  ) );
#2442 = PCURVE('',#350,#2443);
#2443 = DEFINITIONAL_REPRESENTATION('',(#2444),#2448);
#2444 = LINE('',#2445,#2446);
#2445 = CARTESIAN_POINT('',(-1.570796326795,0.));
#2446 = VECTOR('',#2447,1.);
#2447 = DIRECTION('',(-0.,1.));
#2448 = ( GEOMETRIC_REPRESENTATION_CONTEXT(2) 
PARAMETRIC_REPRESENTATION_CONTEXT() REPRESENTATION_CONTEXT('2D SPACE',''
  ) );
#2449 = ORIENTED_EDGE('',*,*,#362,.F.);
#2450 = ORIENTED_EDGE('',*,*,#2298,.T.);
#2451 = ADVANCED_FACE('',(#2452),#350,.F.);
#2452 = FACE_BOUND('',#2453,.T.);
#2453 = EDGE_LOOP('',(#2454,#2477,#2503,#2504));
#2454 = ORIENTED_EDGE('',*,*,#2455,.F.);
#2455 = EDGE_CURVE('',#2456,#307,#2458,.T.);
#2456 = VERTEX_POINT('',#2457);
#2457 = CARTESIAN_POINT('',(-28.,38.,2.));
#2458 = SURFACE_CURVE('',#2459,(#2463,#2470),.PCURVE_S1.);
#2459 = LINE('',#2460,#2461);
#2460 = CARTESIAN_POINT('',(-28.,38.,2.));
#2461 = VECTOR('',#2462,1.);
#2462 = DIRECTION('',(0.,0.,1.));
#2463 = PCURVE('',#350,#2464);
#2464 = DEFINITIONAL_REPRESENTATION('',(#2465),#2469);
#2465 = LINE('',#2466,#2467);
#2466 = CARTESIAN_POINT('',(-0.,0.));
#2467 = VECTOR('',#2468,1.);
#2468 = DIRECTION('',(-0.,1.));
#2469 = ( GEOMETRIC_REPRESENTATION_CONTEXT(2) 
PARAMETRIC_REPRESENTATION_CONTEXT() REPRESENTATION_CONTEXT('2D SPACE',''
  ) );
#2470 = PCURVE('',#322,#2471);
#2471 = DEFINITIONAL_REPRESENTATION('',(#2472),#2476);
#2472 = LINE('',#2473,#2474);
#2473 = CARTESIAN_POINT('',(0.,-78.));
#2474 = VECTOR('',#2475,1.);
#2475 = DIRECTION('',(1.,0.));
#2476 = ( GEOMETRIC_REPRESENTATION_CONTEXT(2) 
PARAMETRIC_REPRESENTATION_CONTEXT() REPRESENTATION_CONTEXT('2D SPACE',''
  ) );
#2477 = ORIENTED_EDGE('',*,*,#2478,.T.);
#2478 = EDGE_CURVE('',#2456,#2407,#2479,.T.);
#2479 = SURFACE_CURVE('',#2480,(#2485,#2492),.PCURVE_S1.);
#2480 = CIRCLE('',#2481,2.);
#2481 = AXIS2_PLACEMENT_3D('',#2482,#2483,#2484);
#2482 = CARTESIAN_POINT('',(-26.,38.,2.));
#2483 = DIRECTION('',(-0.,-0.,-1.));
#2484 = DIRECTION('',(0.,-1.,0.));
#2485 = PCURVE('',#350,#2486);
#2486 = DEFINITIONAL_REPRESENTATION('',(#2487),#2491);
#2487 = LINE('',#2488,#2489);
#2488 = CARTESIAN_POINT('',(1.570796326795,-0.));
#2489 = VECTOR('',#2490,1.);
#2490 = DIRECTION('',(-1.,0.));
#2491 = ( GEOMETRIC_REPRESENTATION_CONTEXT(2) 
PARAMETRIC_REPRESENTATION_CONTEXT() REPRESENTATION_CONTEXT('2D SPACE',''
  ) );
#2492 = PCURVE('',#2173,#2493);
#2493 = DEFINITIONAL_REPRESENTATION('',(#2494),#2502);
#2494 = ( BOUNDED_CURVE() B_SPLINE_CURVE(2,(#2495,#2496,#2497,#2498,
#2499,#2500,#2501),.UNSPECIFIED.,.T.,.F.) B_SPLINE_CURVE_WITH_KNOTS((1,2
    ,2,2,2,1),(-2.094395102393,0.,2.094395102393,4.188790204786,
6.28318530718,8.377580409573),.UNSPECIFIED.) CURVE() 
GEOMETRIC_REPRESENTATION_ITEM() RATIONAL_B_SPLINE_CURVE((1.,0.5,1.,0.5,
1.,0.5,1.)) REPRESENTATION_ITEM('') );
#2495 = CARTESIAN_POINT('',(2.,76.));
#2496 = CARTESIAN_POINT('',(-1.464101615138,76.));
#2497 = CARTESIAN_POINT('',(0.267949192431,79.));
#2498 = CARTESIAN_POINT('',(2.,82.));
#2499 = CARTESIAN_POINT('',(3.732050807569,79.));
#2500 = CARTESIAN_POINT('',(5.464101615138,76.));
#2501 = CARTESIAN_POINT('',(2.,76.));
#2502 = ( GEOMETRIC_REPRESENTATION_CONTEXT(2) 
PARAMETRIC_REPRESENTATION_CONTEXT() REPRESENTATION_CONTEXT('2D SPACE',''
  ) );
#2503 = ORIENTED_EDGE('',*,*,#2429,.T.);
#2504 = ORIENTED_EDGE('',*,*,#333,.T.);
#2505 = ADVANCED_FACE('',(#2506),#322,.T.);
#2506 = FACE_BOUND('',#2507,.T.);
#2507 = EDGE_LOOP('',(#2508,#2509,#2532,#2553));
#2508 = ORIENTED_EDGE('',*,*,#306,.F.);
#2509 = ORIENTED_EDGE('',*,*,#2510,.F.);
#2510 = EDGE_CURVE('',#2511,#278,#2513,.T.);
#2511 = VERTEX_POINT('',#2512);
#2512 = CARTESIAN_POINT('',(-28.,-38.,2.));
#2513 = SURFACE_CURVE('',#2514,(#2518,#2525),.PCURVE_S1.);
#2514 = LINE('',#2515,#2516);
#2515 = CARTESIAN_POINT('',(-28.,-38.,2.));
#2516 = VECTOR('',#2517,1.);
#2517 = DIRECTION('',(0.,0.,1.));
#2518 = PCURVE('',#322,#2519);
#2519 = DEFINITIONAL_REPRESENTATION('',(#2520),#2524);
#2520 = LINE('',#2521,#2522);
#2521 = CARTESIAN_POINT('',(0.,-2.));
#2522 = VECTOR('',#2523,1.);
#2523 = DIRECTION('',(1.,0.));
#2524 = ( GEOMETRIC_REPRESENTATION_CONTEXT(2) 
PARAMETRIC_REPRESENTATION_CONTEXT() REPRESENTATION_CONTEXT('2D SPACE',''
  ) );
#2525 = PCURVE('',#294,#2526);
#2526 = DEFINITIONAL_REPRESENTATION('',(#2527),#2531);
#2527 = LINE('',#2528,#2529);
#2528 = CARTESIAN_POINT('',(0.,0.));
#2529 = VECTOR('',#2530,1.);
#2530 = DIRECTION('',(0.,1.));
#2531 = ( GEOMETRIC_REPRESENTATION_CONTEXT(2) 
PARAMETRIC_REPRESENTATION_CONTEXT() REPRESENTATION_CONTEXT('2D SPACE',''
  ) );
#2532 = ORIENTED_EDGE('',*,*,#2533,.T.);
#2533 = EDGE_CURVE('',#2511,#2456,#2534,.T.);
#2534 = SURFACE_CURVE('',#2535,(#2539,#2546),.PCURVE_S1.);
#2535 = LINE('',#2536,#2537);
#2536 = CARTESIAN_POINT('',(-28.,-40.,2.));
#2537 = VECTOR('',#2538,1.);
#2538 = DIRECTION('',(0.,1.,0.));
#2539 = PCURVE('',#322,#2540);
#2540 = DEFINITIONAL_REPRESENTATION('',(#2541),#2545);
#2541 = LINE('',#2542,#2543);
#2542 = CARTESIAN_POINT('',(0.,0.));
#2543 = VECTOR('',#2544,1.);
#2544 = DIRECTION('',(0.,-1.));
#2545 = ( GEOMETRIC_REPRESENTATION_CONTEXT(2) 
PARAMETRIC_REPRESENTATION_CONTEXT() REPRESENTATION_CONTEXT('2D SPACE',''
  ) );
#2546 = PCURVE('',#2173,#2547);
#2547 = DEFINITIONAL_REPRESENTATION('',(#2548),#2552);
#2548 = LINE('',#2549,#2550);
#2549 = CARTESIAN_POINT('',(0.,0.));
#2550 = VECTOR('',#2551,1.);
#2551 = DIRECTION('',(0.,1.));
#2552 = ( GEOMETRIC_REPRESENTATION_CONTEXT(2) 
PARAMETRIC_REPRESENTATION_CONTEXT() REPRESENTATION_CONTEXT('2D SPACE',''
  ) );
#2553 = ORIENTED_EDGE('',*,*,#2455,.T.);
#2554 = ADVANCED_FACE('',(#2555),#294,.F.);
#2555 = FACE_BOUND('',#2556,.F.);
#2556 = EDGE_LOOP('',(#2557,#2558,#2580,#2581));
#2557 = ORIENTED_EDGE('',*,*,#2510,.F.);
#2558 = ORIENTED_EDGE('',*,*,#2559,.T.);
#2559 = EDGE_CURVE('',#2511,#2156,#2560,.T.);
#2560 = SURFACE_CURVE('',#2561,(#2566,#2573),.PCURVE_S1.);
#2561 = CIRCLE('',#2562,2.);
#2562 = AXIS2_PLACEMENT_3D('',#2563,#2564,#2565);
#2563 = CARTESIAN_POINT('',(-26.,-38.,2.));
#2564 = DIRECTION('',(0.,0.,1.));
#2565 = DIRECTION('',(0.,-1.,0.));
#2566 = PCURVE('',#294,#2567);
#2567 = DEFINITIONAL_REPRESENTATION('',(#2568),#2572);
#2568 = LINE('',#2569,#2570);
#2569 = CARTESIAN_POINT('',(-4.712388980385,0.));
#2570 = VECTOR('',#2571,1.);
#2571 = DIRECTION('',(1.,0.));
#2572 = ( GEOMETRIC_REPRESENTATION_CONTEXT(2) 
PARAMETRIC_REPRESENTATION_CONTEXT() REPRESENTATION_CONTEXT('2D SPACE',''
  ) );
#2573 = PCURVE('',#2173,#2574);
#2574 = DEFINITIONAL_REPRESENTATION('',(#2575),#2579);
#2575 = CIRCLE('',#2576,2.);
#2576 = AXIS2_PLACEMENT_2D('',#2577,#2578);
#2577 = CARTESIAN_POINT('',(2.,2.));
#2578 = DIRECTION('',(0.,-1.));
#2579 = ( GEOMETRIC_REPRESENTATION_CONTEXT(2) 
PARAMETRIC_REPRESENTATION_CONTEXT() REPRESENTATION_CONTEXT('2D SPACE',''
  ) );
#2580 = ORIENTED_EDGE('',*,*,#2185,.T.);
#2581 = ORIENTED_EDGE('',*,*,#277,.F.);
#2582 = ADVANCED_FACE('',(#2583),#239,.T.);
#2583 = FACE_BOUND('',#2584,.T.);
#2584 = EDGE_LOOP('',(#2585,#2586,#2607,#2608));
#2585 = ORIENTED_EDGE('',*,*,#1244,.T.);
#2586 = ORIENTED_EDGE('',*,*,#2587,.T.);
#2587 = EDGE_CURVE('',#1245,#2208,#2588,.T.);
#2588 = SURFACE_CURVE('',#2589,(#2593,#2600),.PCURVE_S1.);
#2589 = LINE('',#2590,#2591);
#2590 = CARTESIAN_POINT('',(-20.5,-44.,24.4));
#2591 = VECTOR('',#2592,1.);
#2592 = DIRECTION('',(0.,1.,0.));
#2593 = PCURVE('',#239,#2594);
#2594 = DEFINITIONAL_REPRESENTATION('',(#2595),#2599);
#2595 = LINE('',#2596,#2597);
#2596 = CARTESIAN_POINT('',(0.,0.));
#2597 = VECTOR('',#2598,1.);
#2598 = DIRECTION('',(0.,-1.));
#2599 = ( GEOMETRIC_REPRESENTATION_CONTEXT(2) 
PARAMETRIC_REPRESENTATION_CONTEXT() REPRESENTATION_CONTEXT('2D SPACE',''
  ) );
#2600 = PCURVE('',#1280,#2601);
#2601 = DEFINITIONAL_REPRESENTATION('',(#2602),#2606);
#2602 = LINE('',#2603,#2604);
#2603 = CARTESIAN_POINT('',(0.,0.));
#2604 = VECTOR('',#2605,1.);
#2605 = DIRECTION('',(0.,1.));
#2606 = ( GEOMETRIC_REPRESENTATION_CONTEXT(2) 
PARAMETRIC_REPRESENTATION_CONTEXT() REPRESENTATION_CONTEXT('2D SPACE',''
  ) );
#2607 = ORIENTED_EDGE('',*,*,#2207,.T.);
#2608 = ORIENTED_EDGE('',*,*,#224,.F.);
#2609 = ADVANCED_FACE('',(#2610),#1347,.T.);
#2610 = FACE_BOUND('',#2611,.T.);
#2611 = EDGE_LOOP('',(#2612,#2613,#2614,#2615,#2636,#2662,#2688,#2714));
#2612 = ORIENTED_EDGE('',*,*,#2033,.F.);
#2613 = ORIENTED_EDGE('',*,*,#1332,.T.);
#2614 = ORIENTED_EDGE('',*,*,#1383,.T.);
#2615 = ORIENTED_EDGE('',*,*,#2616,.F.);
#2616 = EDGE_CURVE('',#2617,#1384,#2619,.T.);
#2617 = VERTEX_POINT('',#2618);
#2618 = CARTESIAN_POINT('',(19.4,-38.05,11.2));
#2619 = SURFACE_CURVE('',#2620,(#2624,#2630),.PCURVE_S1.);
#2620 = LINE('',#2621,#2622);
#2621 = CARTESIAN_POINT('',(13.2,-38.05,11.2));
#2622 = VECTOR('',#2623,1.);
#2623 = DIRECTION('',(1.,0.,0.));
#2624 = PCURVE('',#1347,#2625);
#2625 = DEFINITIONAL_REPRESENTATION('',(#2626),#2629);
#2626 = B_SPLINE_CURVE_WITH_KNOTS('',1,(#2627,#2628),.UNSPECIFIED.,.F.,
  .F.,(2,2),(6.2,7.8),.PIECEWISE_BEZIER_KNOTS.);
#2627 = CARTESIAN_POINT('',(12.4,8.95));
#2628 = CARTESIAN_POINT('',(14.,8.95));
#2629 = ( GEOMETRIC_REPRESENTATION_CONTEXT(2) 
PARAMETRIC_REPRESENTATION_CONTEXT() REPRESENTATION_CONTEXT('2D SPACE',''
  ) );
#2630 = PCURVE('',#1421,#2631);
#2631 = DEFINITIONAL_REPRESENTATION('',(#2632),#2635);
#2632 = B_SPLINE_CURVE_WITH_KNOTS('',1,(#2633,#2634),.UNSPECIFIED.,.F.,
  .F.,(2,2),(6.2,7.8),.PIECEWISE_BEZIER_KNOTS.);
#2633 = CARTESIAN_POINT('',(11.2,0.));
#2634 = CARTESIAN_POINT('',(11.2,1.6));
#2635 = ( GEOMETRIC_REPRESENTATION_CONTEXT(2) 
PARAMETRIC_REPRESENTATION_CONTEXT() REPRESENTATION_CONTEXT('2D SPACE',''
  ) );
#2636 = ORIENTED_EDGE('',*,*,#2637,.T.);
#2637 = EDGE_CURVE('',#2617,#2638,#2640,.T.);
#2638 = VERTEX_POINT('',#2639);
#2639 = CARTESIAN_POINT('',(19.4,-40.,11.2));
#2640 = SURFACE_CURVE('',#2641,(#2645,#2651),.PCURVE_S1.);
#2641 = LINE('',#2642,#2643);
#2642 = CARTESIAN_POINT('',(19.4,-43.525,11.2));
#2643 = VECTOR('',#2644,1.);
#2644 = DIRECTION('',(0.,-1.,0.));
#2645 = PCURVE('',#1347,#2646);
#2646 = DEFINITIONAL_REPRESENTATION('',(#2647),#2650);
#2647 = B_SPLINE_CURVE_WITH_KNOTS('',1,(#2648,#2649),.UNSPECIFIED.,.F.,
  .F.,(2,2),(-5.475,-3.525),.PIECEWISE_BEZIER_KNOTS.);
#2648 = CARTESIAN_POINT('',(12.4,8.95));
#2649 = CARTESIAN_POINT('',(12.4,7.));
#2650 = ( GEOMETRIC_REPRESENTATION_CONTEXT(2) 
PARAMETRIC_REPRESENTATION_CONTEXT() REPRESENTATION_CONTEXT('2D SPACE',''
  ) );
#2651 = PCURVE('',#2652,#2657);
#2652 = PLANE('',#2653);
#2653 = AXIS2_PLACEMENT_3D('',#2654,#2655,#2656);
#2654 = CARTESIAN_POINT('',(19.4,-40.05,0.));
#2655 = DIRECTION('',(1.,0.,0.));
#2656 = DIRECTION('',(0.,0.,1.));
#2657 = DEFINITIONAL_REPRESENTATION('',(#2658),#2661);
#2658 = B_SPLINE_CURVE_WITH_KNOTS('',1,(#2659,#2660),.UNSPECIFIED.,.F.,
  .F.,(2,2),(-5.475,-3.525),.PIECEWISE_BEZIER_KNOTS.);
#2659 = CARTESIAN_POINT('',(11.2,-2.));
#2660 = CARTESIAN_POINT('',(11.2,-5.E-02));
#2661 = ( GEOMETRIC_REPRESENTATION_CONTEXT(2) 
PARAMETRIC_REPRESENTATION_CONTEXT() REPRESENTATION_CONTEXT('2D SPACE',''
  ) );
#2662 = ORIENTED_EDGE('',*,*,#2663,.F.);
#2663 = EDGE_CURVE('',#2664,#2638,#2666,.T.);
#2664 = VERTEX_POINT('',#2665);
#2665 = CARTESIAN_POINT('',(8.6,-40.,11.2));
#2666 = SURFACE_CURVE('',#2667,(#2671,#2677),.PCURVE_S1.);
#2667 = LINE('',#2668,#2669);
#2668 = CARTESIAN_POINT('',(-10.5,-40.,11.2));
#2669 = VECTOR('',#2670,1.);
#2670 = DIRECTION('',(1.,0.,0.));
#2671 = PCURVE('',#1347,#2672);
#2672 = DEFINITIONAL_REPRESENTATION('',(#2673),#2676);
#2673 = B_SPLINE_CURVE_WITH_KNOTS('',1,(#2674,#2675),.UNSPECIFIED.,.F.,
  .F.,(2,2),(17.5,31.5),.PIECEWISE_BEZIER_KNOTS.);
#2674 = CARTESIAN_POINT('',(0.,7.));
#2675 = CARTESIAN_POINT('',(14.,7.));
#2676 = ( GEOMETRIC_REPRESENTATION_CONTEXT(2) 
PARAMETRIC_REPRESENTATION_CONTEXT() REPRESENTATION_CONTEXT('2D SPACE',''
  ) );
#2677 = PCURVE('',#2678,#2683);
#2678 = PLANE('',#2679);
#2679 = AXIS2_PLACEMENT_3D('',#2680,#2681,#2682);
#2680 = CARTESIAN_POINT('',(-28.,-40.,2.));
#2681 = DIRECTION('',(0.,1.,0.));
#2682 = DIRECTION('',(0.,0.,1.));
#2683 = DEFINITIONAL_REPRESENTATION('',(#2684),#2687);
#2684 = B_SPLINE_CURVE_WITH_KNOTS('',1,(#2685,#2686),.UNSPECIFIED.,.F.,
  .F.,(2,2),(17.5,31.5),.PIECEWISE_BEZIER_KNOTS.);
#2685 = CARTESIAN_POINT('',(9.2,35.));
#2686 = CARTESIAN_POINT('',(9.2,49.));
#2687 = ( GEOMETRIC_REPRESENTATION_CONTEXT(2) 
PARAMETRIC_REPRESENTATION_CONTEXT() REPRESENTATION_CONTEXT('2D SPACE',''
  ) );
#2688 = ORIENTED_EDGE('',*,*,#2689,.F.);
#2689 = EDGE_CURVE('',#2690,#2664,#2692,.T.);
#2690 = VERTEX_POINT('',#2691);
#2691 = CARTESIAN_POINT('',(8.6,-38.05,11.2));
#2692 = SURFACE_CURVE('',#2693,(#2697,#2703),.PCURVE_S1.);
#2693 = LINE('',#2694,#2695);
#2694 = CARTESIAN_POINT('',(8.6,-43.525,11.2));
#2695 = VECTOR('',#2696,1.);
#2696 = DIRECTION('',(0.,-1.,0.));
#2697 = PCURVE('',#1347,#2698);
#2698 = DEFINITIONAL_REPRESENTATION('',(#2699),#2702);
#2699 = B_SPLINE_CURVE_WITH_KNOTS('',1,(#2700,#2701),.UNSPECIFIED.,.F.,
  .F.,(2,2),(-5.475,-3.525),.PIECEWISE_BEZIER_KNOTS.);
#2700 = CARTESIAN_POINT('',(1.6,8.95));
#2701 = CARTESIAN_POINT('',(1.6,7.));
#2702 = ( GEOMETRIC_REPRESENTATION_CONTEXT(2) 
PARAMETRIC_REPRESENTATION_CONTEXT() REPRESENTATION_CONTEXT('2D SPACE',''
  ) );
#2703 = PCURVE('',#2704,#2709);
#2704 = PLANE('',#2705);
#2705 = AXIS2_PLACEMENT_3D('',#2706,#2707,#2708);
#2706 = CARTESIAN_POINT('',(8.6,-40.05,0.));
#2707 = DIRECTION('',(1.,0.,0.));
#2708 = DIRECTION('',(0.,0.,1.));
#2709 = DEFINITIONAL_REPRESENTATION('',(#2710),#2713);
#2710 = B_SPLINE_CURVE_WITH_KNOTS('',1,(#2711,#2712),.UNSPECIFIED.,.F.,
  .F.,(2,2),(-5.475,-3.525),.PIECEWISE_BEZIER_KNOTS.);
#2711 = CARTESIAN_POINT('',(11.2,-2.));
#2712 = CARTESIAN_POINT('',(11.2,-5.E-02));
#2713 = ( GEOMETRIC_REPRESENTATION_CONTEXT(2) 
PARAMETRIC_REPRESENTATION_CONTEXT() REPRESENTATION_CONTEXT('2D SPACE',''
  ) );
#2714 = ORIENTED_EDGE('',*,*,#2715,.F.);
#2715 = EDGE_CURVE('',#2034,#2690,#2716,.T.);
#2716 = SURFACE_CURVE('',#2717,(#2721,#2727),.PCURVE_S1.);
#2717 = LINE('',#2718,#2719);
#2718 = CARTESIAN_POINT('',(6.4,-38.05,11.2));
#2719 = VECTOR('',#2720,1.);
#2720 = DIRECTION('',(1.,0.,0.));
#2721 = PCURVE('',#1347,#2722);
#2722 = DEFINITIONAL_REPRESENTATION('',(#2723),#2726);
#2723 = B_SPLINE_CURVE_WITH_KNOTS('',1,(#2724,#2725),.UNSPECIFIED.,.F.,
  .F.,(2,2),(0.6,2.2),.PIECEWISE_BEZIER_KNOTS.);
#2724 = CARTESIAN_POINT('',(0.,8.95));
#2725 = CARTESIAN_POINT('',(1.6,8.95));
#2726 = ( GEOMETRIC_REPRESENTATION_CONTEXT(2) 
PARAMETRIC_REPRESENTATION_CONTEXT() REPRESENTATION_CONTEXT('2D SPACE',''
  ) );
#2727 = PCURVE('',#2071,#2728);
#2728 = DEFINITIONAL_REPRESENTATION('',(#2729),#2732);
#2729 = B_SPLINE_CURVE_WITH_KNOTS('',1,(#2730,#2731),.UNSPECIFIED.,.F.,
  .F.,(2,2),(0.6,2.2),.PIECEWISE_BEZIER_KNOTS.);
#2730 = CARTESIAN_POINT('',(11.2,1.2));
#2731 = CARTESIAN_POINT('',(11.2,2.8));
#2732 = ( GEOMETRIC_REPRESENTATION_CONTEXT(2) 
PARAMETRIC_REPRESENTATION_CONTEXT() REPRESENTATION_CONTEXT('2D SPACE',''
  ) );
#2733 = ADVANCED_FACE('',(#2734),#1280,.T.);
#2734 = FACE_BOUND('',#2735,.T.);
#2735 = EDGE_LOOP('',(#2736,#2737,#2738,#2739));
#2736 = ORIENTED_EDGE('',*,*,#2587,.F.);
#2737 = ORIENTED_EDGE('',*,*,#1265,.T.);
#2738 = ORIENTED_EDGE('',*,*,#2107,.T.);
#2739 = ORIENTED_EDGE('',*,*,#2230,.F.);
#2740 = ADVANCED_FACE('',(#2741),#1447,.T.);
#2741 = FACE_BOUND('',#2742,.T.);
#2742 = EDGE_LOOP('',(#2743,#2744,#2745,#2768));
#2743 = ORIENTED_EDGE('',*,*,#1432,.F.);
#2744 = ORIENTED_EDGE('',*,*,#1560,.T.);
#2745 = ORIENTED_EDGE('',*,*,#2746,.T.);
#2746 = EDGE_CURVE('',#1535,#2747,#2749,.T.);
#2747 = VERTEX_POINT('',#2748);
#2748 = CARTESIAN_POINT('',(22.2,-38.05,13.6));
#2749 = SURFACE_CURVE('',#2750,(#2754,#2761),.PCURVE_S1.);
#2750 = LINE('',#2751,#2752);
#2751 = CARTESIAN_POINT('',(22.2,-40.05,13.6));
#2752 = VECTOR('',#2753,1.);
#2753 = DIRECTION('',(0.,1.,0.));
#2754 = PCURVE('',#1447,#2755);
#2755 = DEFINITIONAL_REPRESENTATION('',(#2756),#2760);
#2756 = LINE('',#2757,#2758);
#2757 = CARTESIAN_POINT('',(2.8,0.));
#2758 = VECTOR('',#2759,1.);
#2759 = DIRECTION('',(0.,1.));
#2760 = ( GEOMETRIC_REPRESENTATION_CONTEXT(2) 
PARAMETRIC_REPRESENTATION_CONTEXT() REPRESENTATION_CONTEXT('2D SPACE',''
  ) );
#2761 = PCURVE('',#1549,#2762);
#2762 = DEFINITIONAL_REPRESENTATION('',(#2763),#2767);
#2763 = LINE('',#2764,#2765);
#2764 = CARTESIAN_POINT('',(13.6,0.));
#2765 = VECTOR('',#2766,1.);
#2766 = DIRECTION('',(0.,-1.));
#2767 = ( GEOMETRIC_REPRESENTATION_CONTEXT(2) 
PARAMETRIC_REPRESENTATION_CONTEXT() REPRESENTATION_CONTEXT('2D SPACE',''
  ) );
#2768 = ORIENTED_EDGE('',*,*,#2769,.F.);
#2769 = EDGE_CURVE('',#1407,#2747,#2770,.T.);
#2770 = SURFACE_CURVE('',#2771,(#2775,#2782),.PCURVE_S1.);
#2771 = LINE('',#2772,#2773);
#2772 = CARTESIAN_POINT('',(19.4,-38.05,13.6));
#2773 = VECTOR('',#2774,1.);
#2774 = DIRECTION('',(1.,0.,0.));
#2775 = PCURVE('',#1447,#2776);
#2776 = DEFINITIONAL_REPRESENTATION('',(#2777),#2781);
#2777 = LINE('',#2778,#2779);
#2778 = CARTESIAN_POINT('',(0.,2.));
#2779 = VECTOR('',#2780,1.);
#2780 = DIRECTION('',(1.,0.));
#2781 = ( GEOMETRIC_REPRESENTATION_CONTEXT(2) 
PARAMETRIC_REPRESENTATION_CONTEXT() REPRESENTATION_CONTEXT('2D SPACE',''
  ) );
#2782 = PCURVE('',#1421,#2783);
#2783 = DEFINITIONAL_REPRESENTATION('',(#2784),#2788);
#2784 = LINE('',#2785,#2786);
#2785 = CARTESIAN_POINT('',(13.6,0.));
#2786 = VECTOR('',#2787,1.);
#2787 = DIRECTION('',(0.,1.));
#2788 = ( GEOMETRIC_REPRESENTATION_CONTEXT(2) 
PARAMETRIC_REPRESENTATION_CONTEXT() REPRESENTATION_CONTEXT('2D SPACE',''
  ) );
#2789 = ADVANCED_FACE('',(#2790),#1421,.T.);
#2790 = FACE_BOUND('',#2791,.T.);
#2791 = EDGE_LOOP('',(#2792,#2815,#2836,#2857,#2858,#2859));
#2792 = ORIENTED_EDGE('',*,*,#2793,.F.);
#2793 = EDGE_CURVE('',#2794,#2747,#2796,.T.);
#2794 = VERTEX_POINT('',#2795);
#2795 = CARTESIAN_POINT('',(22.2,-38.05,2.));
#2796 = SURFACE_CURVE('',#2797,(#2801,#2808),.PCURVE_S1.);
#2797 = LINE('',#2798,#2799);
#2798 = CARTESIAN_POINT('',(22.2,-38.05,0.));
#2799 = VECTOR('',#2800,1.);
#2800 = DIRECTION('',(0.,0.,1.));
#2801 = PCURVE('',#1421,#2802);
#2802 = DEFINITIONAL_REPRESENTATION('',(#2803),#2807);
#2803 = LINE('',#2804,#2805);
#2804 = CARTESIAN_POINT('',(0.,2.8));
#2805 = VECTOR('',#2806,1.);
#2806 = DIRECTION('',(1.,0.));
#2807 = ( GEOMETRIC_REPRESENTATION_CONTEXT(2) 
PARAMETRIC_REPRESENTATION_CONTEXT() REPRESENTATION_CONTEXT('2D SPACE',''
  ) );
#2808 = PCURVE('',#1549,#2809);
#2809 = DEFINITIONAL_REPRESENTATION('',(#2810),#2814);
#2810 = LINE('',#2811,#2812);
#2811 = CARTESIAN_POINT('',(0.,-2.));
#2812 = VECTOR('',#2813,1.);
#2813 = DIRECTION('',(1.,0.));
#2814 = ( GEOMETRIC_REPRESENTATION_CONTEXT(2) 
PARAMETRIC_REPRESENTATION_CONTEXT() REPRESENTATION_CONTEXT('2D SPACE',''
  ) );
#2815 = ORIENTED_EDGE('',*,*,#2816,.T.);
#2816 = EDGE_CURVE('',#2794,#2817,#2819,.T.);
#2817 = VERTEX_POINT('',#2818);
#2818 = CARTESIAN_POINT('',(19.4,-38.05,2.));
#2819 = SURFACE_CURVE('',#2820,(#2824,#2830),.PCURVE_S1.);
#2820 = LINE('',#2821,#2822);
#2821 = CARTESIAN_POINT('',(-4.3,-38.05,2.));
#2822 = VECTOR('',#2823,1.);
#2823 = DIRECTION('',(-1.,0.,0.));
#2824 = PCURVE('',#1421,#2825);
#2825 = DEFINITIONAL_REPRESENTATION('',(#2826),#2829);
#2826 = B_SPLINE_CURVE_WITH_KNOTS('',1,(#2827,#2828),.UNSPECIFIED.,.F.,
  .F.,(2,2),(-26.5,-23.7),.PIECEWISE_BEZIER_KNOTS.);
#2827 = CARTESIAN_POINT('',(2.,2.8));
#2828 = CARTESIAN_POINT('',(2.,0.));
#2829 = ( GEOMETRIC_REPRESENTATION_CONTEXT(2) 
PARAMETRIC_REPRESENTATION_CONTEXT() REPRESENTATION_CONTEXT('2D SPACE',''
  ) );
#2830 = PCURVE('',#1522,#2831);
#2831 = DEFINITIONAL_REPRESENTATION('',(#2832),#2835);
#2832 = B_SPLINE_CURVE_WITH_KNOTS('',1,(#2833,#2834),.UNSPECIFIED.,.F.,
  .F.,(2,2),(-26.5,-23.7),.PIECEWISE_BEZIER_KNOTS.);
#2833 = CARTESIAN_POINT('',(50.2,1.95));
#2834 = CARTESIAN_POINT('',(47.4,1.95));
#2835 = ( GEOMETRIC_REPRESENTATION_CONTEXT(2) 
PARAMETRIC_REPRESENTATION_CONTEXT() REPRESENTATION_CONTEXT('2D SPACE',''
  ) );
#2836 = ORIENTED_EDGE('',*,*,#2837,.T.);
#2837 = EDGE_CURVE('',#2817,#2617,#2838,.T.);
#2838 = SURFACE_CURVE('',#2839,(#2843,#2850),.PCURVE_S1.);
#2839 = LINE('',#2840,#2841);
#2840 = CARTESIAN_POINT('',(19.4,-38.05,0.));
#2841 = VECTOR('',#2842,1.);
#2842 = DIRECTION('',(0.,0.,1.));
#2843 = PCURVE('',#1421,#2844);
#2844 = DEFINITIONAL_REPRESENTATION('',(#2845),#2849);
#2845 = LINE('',#2846,#2847);
#2846 = CARTESIAN_POINT('',(0.,0.));
#2847 = VECTOR('',#2848,1.);
#2848 = DIRECTION('',(1.,0.));
#2849 = ( GEOMETRIC_REPRESENTATION_CONTEXT(2) 
PARAMETRIC_REPRESENTATION_CONTEXT() REPRESENTATION_CONTEXT('2D SPACE',''
  ) );
#2850 = PCURVE('',#2652,#2851);
#2851 = DEFINITIONAL_REPRESENTATION('',(#2852),#2856);
#2852 = LINE('',#2853,#2854);
#2853 = CARTESIAN_POINT('',(0.,-2.));
#2854 = VECTOR('',#2855,1.);
#2855 = DIRECTION('',(1.,0.));
#2856 = ( GEOMETRIC_REPRESENTATION_CONTEXT(2) 
PARAMETRIC_REPRESENTATION_CONTEXT() REPRESENTATION_CONTEXT('2D SPACE',''
  ) );
#2857 = ORIENTED_EDGE('',*,*,#2616,.T.);
#2858 = ORIENTED_EDGE('',*,*,#1406,.F.);
#2859 = ORIENTED_EDGE('',*,*,#2769,.T.);
#2860 = ADVANCED_FACE('',(#2861),#1549,.T.);
#2861 = FACE_BOUND('',#2862,.T.);
#2862 = EDGE_LOOP('',(#2863,#2864,#2865,#2884));
#2863 = ORIENTED_EDGE('',*,*,#2746,.F.);
#2864 = ORIENTED_EDGE('',*,*,#1534,.T.);
#2865 = ORIENTED_EDGE('',*,*,#2866,.T.);
#2866 = EDGE_CURVE('',#1507,#2794,#2867,.T.);
#2867 = SURFACE_CURVE('',#2868,(#2872,#2878),.PCURVE_S1.);
#2868 = LINE('',#2869,#2870);
#2869 = CARTESIAN_POINT('',(22.2,-40.025,2.));
#2870 = VECTOR('',#2871,1.);
#2871 = DIRECTION('',(0.,1.,0.));
#2872 = PCURVE('',#1549,#2873);
#2873 = DEFINITIONAL_REPRESENTATION('',(#2874),#2877);
#2874 = B_SPLINE_CURVE_WITH_KNOTS('',1,(#2875,#2876),.UNSPECIFIED.,.F.,
  .F.,(2,2),(2.5E-02,1.975),.PIECEWISE_BEZIER_KNOTS.);
#2875 = CARTESIAN_POINT('',(2.,-5.E-02));
#2876 = CARTESIAN_POINT('',(2.,-2.));
#2877 = ( GEOMETRIC_REPRESENTATION_CONTEXT(2) 
PARAMETRIC_REPRESENTATION_CONTEXT() REPRESENTATION_CONTEXT('2D SPACE',''
  ) );
#2878 = PCURVE('',#1522,#2879);
#2879 = DEFINITIONAL_REPRESENTATION('',(#2880),#2883);
#2880 = B_SPLINE_CURVE_WITH_KNOTS('',1,(#2881,#2882),.UNSPECIFIED.,.F.,
  .F.,(2,2),(2.5E-02,1.975),.PIECEWISE_BEZIER_KNOTS.);
#2881 = CARTESIAN_POINT('',(50.2,0.));
#2882 = CARTESIAN_POINT('',(50.2,1.95));
#2883 = ( GEOMETRIC_REPRESENTATION_CONTEXT(2) 
PARAMETRIC_REPRESENTATION_CONTEXT() REPRESENTATION_CONTEXT('2D SPACE',''
  ) );
#2884 = ORIENTED_EDGE('',*,*,#2793,.T.);
#2885 = ADVANCED_FACE('',(#2886,#3002,#3108,#3214,#3249,#3284,#3319,
    #3354,#3460,#3566,#3672,#3778,#3884,#3990,#4096,#4202,#4308,#4414),
  #1522,.T.);
#2886 = FACE_BOUND('',#2887,.T.);
#2887 = EDGE_LOOP('',(#2888,#2889,#2890,#2911,#2932,#2953,#2976,#2995,
    #2996,#2997,#2998,#2999,#3000,#3001));
#2888 = ORIENTED_EDGE('',*,*,#1804,.F.);
#2889 = ORIENTED_EDGE('',*,*,#1933,.T.);
#2890 = ORIENTED_EDGE('',*,*,#2891,.T.);
#2891 = EDGE_CURVE('',#1934,#2892,#2894,.T.);
#2892 = VERTEX_POINT('',#2893);
#2893 = CARTESIAN_POINT('',(5.8,-38.05,2.));
#2894 = SURFACE_CURVE('',#2895,(#2899,#2905),.PCURVE_S1.);
#2895 = LINE('',#2896,#2897);
#2896 = CARTESIAN_POINT('',(5.8,-40.025,2.));
#2897 = VECTOR('',#2898,1.);
#2898 = DIRECTION('',(0.,1.,0.));
#2899 = PCURVE('',#1522,#2900);
#2900 = DEFINITIONAL_REPRESENTATION('',(#2901),#2904);
#2901 = B_SPLINE_CURVE_WITH_KNOTS('',1,(#2902,#2903),.UNSPECIFIED.,.F.,
  .F.,(2,2),(2.5E-02,1.975),.PIECEWISE_BEZIER_KNOTS.);
#2902 = CARTESIAN_POINT('',(33.8,0.));
#2903 = CARTESIAN_POINT('',(33.8,1.95));
#2904 = ( GEOMETRIC_REPRESENTATION_CONTEXT(2) 
PARAMETRIC_REPRESENTATION_CONTEXT() REPRESENTATION_CONTEXT('2D SPACE',''
  ) );
#2905 = PCURVE('',#2018,#2906);
#2906 = DEFINITIONAL_REPRESENTATION('',(#2907),#2910);
#2907 = B_SPLINE_CURVE_WITH_KNOTS('',1,(#2908,#2909),.UNSPECIFIED.,.F.,
  .F.,(2,2),(2.5E-02,1.975),.PIECEWISE_BEZIER_KNOTS.);
#2908 = CARTESIAN_POINT('',(2.,-5.E-02));
#2909 = CARTESIAN_POINT('',(2.,-2.));
#2910 = ( GEOMETRIC_REPRESENTATION_CONTEXT(2) 
PARAMETRIC_REPRESENTATION_CONTEXT() REPRESENTATION_CONTEXT('2D SPACE',''
  ) );
#2911 = ORIENTED_EDGE('',*,*,#2912,.F.);
#2912 = EDGE_CURVE('',#2913,#2892,#2915,.T.);
#2913 = VERTEX_POINT('',#2914);
#2914 = CARTESIAN_POINT('',(8.6,-38.05,2.));
#2915 = SURFACE_CURVE('',#2916,(#2920,#2926),.PCURVE_S1.);
#2916 = LINE('',#2917,#2918);
#2917 = CARTESIAN_POINT('',(-11.1,-38.05,2.));
#2918 = VECTOR('',#2919,1.);
#2919 = DIRECTION('',(-1.,0.,0.));
#2920 = PCURVE('',#1522,#2921);
#2921 = DEFINITIONAL_REPRESENTATION('',(#2922),#2925);
#2922 = B_SPLINE_CURVE_WITH_KNOTS('',1,(#2923,#2924),.UNSPECIFIED.,.F.,
  .F.,(2,2),(-19.7,-16.9),.PIECEWISE_BEZIER_KNOTS.);
#2923 = CARTESIAN_POINT('',(36.6,1.95));
#2924 = CARTESIAN_POINT('',(33.8,1.95));
#2925 = ( GEOMETRIC_REPRESENTATION_CONTEXT(2) 
PARAMETRIC_REPRESENTATION_CONTEXT() REPRESENTATION_CONTEXT('2D SPACE',''
  ) );
#2926 = PCURVE('',#2071,#2927);
#2927 = DEFINITIONAL_REPRESENTATION('',(#2928),#2931);
#2928 = B_SPLINE_CURVE_WITH_KNOTS('',1,(#2929,#2930),.UNSPECIFIED.,.F.,
  .F.,(2,2),(-19.7,-16.9),.PIECEWISE_BEZIER_KNOTS.);
#2929 = CARTESIAN_POINT('',(2.,2.8));
#2930 = CARTESIAN_POINT('',(2.,0.));
#2931 = ( GEOMETRIC_REPRESENTATION_CONTEXT(2) 
PARAMETRIC_REPRESENTATION_CONTEXT() REPRESENTATION_CONTEXT('2D SPACE',''
  ) );
#2932 = ORIENTED_EDGE('',*,*,#2933,.F.);
#2933 = EDGE_CURVE('',#2934,#2913,#2936,.T.);
#2934 = VERTEX_POINT('',#2935);
#2935 = CARTESIAN_POINT('',(8.6,-40.,2.));
#2936 = SURFACE_CURVE('',#2937,(#2941,#2947),.PCURVE_S1.);
#2937 = LINE('',#2938,#2939);
#2938 = CARTESIAN_POINT('',(8.6,-40.025,2.));
#2939 = VECTOR('',#2940,1.);
#2940 = DIRECTION('',(0.,1.,0.));
#2941 = PCURVE('',#1522,#2942);
#2942 = DEFINITIONAL_REPRESENTATION('',(#2943),#2946);
#2943 = B_SPLINE_CURVE_WITH_KNOTS('',1,(#2944,#2945),.UNSPECIFIED.,.F.,
  .F.,(2,2),(2.5E-02,1.975),.PIECEWISE_BEZIER_KNOTS.);
#2944 = CARTESIAN_POINT('',(36.6,0.));
#2945 = CARTESIAN_POINT('',(36.6,1.95));
#2946 = ( GEOMETRIC_REPRESENTATION_CONTEXT(2) 
PARAMETRIC_REPRESENTATION_CONTEXT() REPRESENTATION_CONTEXT('2D SPACE',''
  ) );
#2947 = PCURVE('',#2704,#2948);
#2948 = DEFINITIONAL_REPRESENTATION('',(#2949),#2952);
#2949 = B_SPLINE_CURVE_WITH_KNOTS('',1,(#2950,#2951),.UNSPECIFIED.,.F.,
  .F.,(2,2),(2.5E-02,1.975),.PIECEWISE_BEZIER_KNOTS.);
#2950 = CARTESIAN_POINT('',(2.,-5.E-02));
#2951 = CARTESIAN_POINT('',(2.,-2.));
#2952 = ( GEOMETRIC_REPRESENTATION_CONTEXT(2) 
PARAMETRIC_REPRESENTATION_CONTEXT() REPRESENTATION_CONTEXT('2D SPACE',''
  ) );
#2953 = ORIENTED_EDGE('',*,*,#2954,.T.);
#2954 = EDGE_CURVE('',#2934,#2955,#2957,.T.);
#2955 = VERTEX_POINT('',#2956);
#2956 = CARTESIAN_POINT('',(19.4,-40.,2.));
#2957 = SURFACE_CURVE('',#2958,(#2962,#2969),.PCURVE_S1.);
#2958 = LINE('',#2959,#2960);
#2959 = CARTESIAN_POINT('',(-28.,-40.,2.));
#2960 = VECTOR('',#2961,1.);
#2961 = DIRECTION('',(1.,0.,0.));
#2962 = PCURVE('',#1522,#2963);
#2963 = DEFINITIONAL_REPRESENTATION('',(#2964),#2968);
#2964 = LINE('',#2965,#2966);
#2965 = CARTESIAN_POINT('',(0.,0.));
#2966 = VECTOR('',#2967,1.);
#2967 = DIRECTION('',(1.,0.));
#2968 = ( GEOMETRIC_REPRESENTATION_CONTEXT(2) 
PARAMETRIC_REPRESENTATION_CONTEXT() REPRESENTATION_CONTEXT('2D SPACE',''
  ) );
#2969 = PCURVE('',#2678,#2970);
#2970 = DEFINITIONAL_REPRESENTATION('',(#2971),#2975);
#2971 = LINE('',#2972,#2973);
#2972 = CARTESIAN_POINT('',(0.,0.));
#2973 = VECTOR('',#2974,1.);
#2974 = DIRECTION('',(0.,1.));
#2975 = ( GEOMETRIC_REPRESENTATION_CONTEXT(2) 
PARAMETRIC_REPRESENTATION_CONTEXT() REPRESENTATION_CONTEXT('2D SPACE',''
  ) );
#2976 = ORIENTED_EDGE('',*,*,#2977,.T.);
#2977 = EDGE_CURVE('',#2955,#2817,#2978,.T.);
#2978 = SURFACE_CURVE('',#2979,(#2983,#2989),.PCURVE_S1.);
#2979 = LINE('',#2980,#2981);
#2980 = CARTESIAN_POINT('',(19.4,-40.025,2.));
#2981 = VECTOR('',#2982,1.);
#2982 = DIRECTION('',(0.,1.,0.));
#2983 = PCURVE('',#1522,#2984);
#2984 = DEFINITIONAL_REPRESENTATION('',(#2985),#2988);
#2985 = B_SPLINE_CURVE_WITH_KNOTS('',1,(#2986,#2987),.UNSPECIFIED.,.F.,
  .F.,(2,2),(2.5E-02,1.975),.PIECEWISE_BEZIER_KNOTS.);
#2986 = CARTESIAN_POINT('',(47.4,0.));
#2987 = CARTESIAN_POINT('',(47.4,1.95));
#2988 = ( GEOMETRIC_REPRESENTATION_CONTEXT(2) 
PARAMETRIC_REPRESENTATION_CONTEXT() REPRESENTATION_CONTEXT('2D SPACE',''
  ) );
#2989 = PCURVE('',#2652,#2990);
#2990 = DEFINITIONAL_REPRESENTATION('',(#2991),#2994);
#2991 = B_SPLINE_CURVE_WITH_KNOTS('',1,(#2992,#2993),.UNSPECIFIED.,.F.,
  .F.,(2,2),(2.5E-02,1.975),.PIECEWISE_BEZIER_KNOTS.);
#2992 = CARTESIAN_POINT('',(2.,-5.E-02));
#2993 = CARTESIAN_POINT('',(2.,-2.));
#2994 = ( GEOMETRIC_REPRESENTATION_CONTEXT(2) 
PARAMETRIC_REPRESENTATION_CONTEXT() REPRESENTATION_CONTEXT('2D SPACE',''
  ) );
#2995 = ORIENTED_EDGE('',*,*,#2816,.F.);
#2996 = ORIENTED_EDGE('',*,*,#2866,.F.);
#2997 = ORIENTED_EDGE('',*,*,#1506,.T.);
#2998 = ORIENTED_EDGE('',*,*,#1605,.F.);
#2999 = ORIENTED_EDGE('',*,*,#1638,.T.);
#3000 = ORIENTED_EDGE('',*,*,#1686,.T.);
#3001 = ORIENTED_EDGE('',*,*,#1735,.F.);
#3002 = FACE_BOUND('',#3003,.T.);
#3003 = EDGE_LOOP('',(#3004,#3032,#3058,#3084));
#3004 = ORIENTED_EDGE('',*,*,#3005,.T.);
#3005 = EDGE_CURVE('',#3006,#3008,#3010,.T.);
#3006 = VERTEX_POINT('',#3007);
#3007 = CARTESIAN_POINT('',(4.75,-33.7,2.));
#3008 = VERTEX_POINT('',#3009);
#3009 = CARTESIAN_POINT('',(2.55,-33.7,2.));
#3010 = SURFACE_CURVE('',#3011,(#3015,#3021),.PCURVE_S1.);
#3011 = LINE('',#3012,#3013);
#3012 = CARTESIAN_POINT('',(-12.725,-33.7,2.));
#3013 = VECTOR('',#3014,1.);
#3014 = DIRECTION('',(-1.,0.,0.));
#3015 = PCURVE('',#1522,#3016);
#3016 = DEFINITIONAL_REPRESENTATION('',(#3017),#3020);
#3017 = B_SPLINE_CURVE_WITH_KNOTS('',1,(#3018,#3019),.UNSPECIFIED.,.F.,
  .F.,(2,2),(-17.475,-15.275),.PIECEWISE_BEZIER_KNOTS.);
#3018 = CARTESIAN_POINT('',(32.75,6.3));
#3019 = CARTESIAN_POINT('',(30.55,6.3));
#3020 = ( GEOMETRIC_REPRESENTATION_CONTEXT(2) 
PARAMETRIC_REPRESENTATION_CONTEXT() REPRESENTATION_CONTEXT('2D SPACE',''
  ) );
#3021 = PCURVE('',#3022,#3027);
#3022 = PLANE('',#3023);
#3023 = AXIS2_PLACEMENT_3D('',#3024,#3025,#3026);
#3024 = CARTESIAN_POINT('',(2.55,-33.7,0.));
#3025 = DIRECTION('',(0.,1.,0.));
#3026 = DIRECTION('',(0.,0.,1.));
#3027 = DEFINITIONAL_REPRESENTATION('',(#3028),#3031);
#3028 = B_SPLINE_CURVE_WITH_KNOTS('',1,(#3029,#3030),.UNSPECIFIED.,.F.,
  .F.,(2,2),(-17.475,-15.275),.PIECEWISE_BEZIER_KNOTS.);
#3029 = CARTESIAN_POINT('',(2.,2.2));
#3030 = CARTESIAN_POINT('',(2.,0.));
#3031 = ( GEOMETRIC_REPRESENTATION_CONTEXT(2) 
PARAMETRIC_REPRESENTATION_CONTEXT() REPRESENTATION_CONTEXT('2D SPACE',''
  ) );
#3032 = ORIENTED_EDGE('',*,*,#3033,.T.);
#3033 = EDGE_CURVE('',#3008,#3034,#3036,.T.);
#3034 = VERTEX_POINT('',#3035);
#3035 = CARTESIAN_POINT('',(2.55,-31.5,2.));
#3036 = SURFACE_CURVE('',#3037,(#3041,#3047),.PCURVE_S1.);
#3037 = LINE('',#3038,#3039);
#3038 = CARTESIAN_POINT('',(2.55,-36.85,2.));
#3039 = VECTOR('',#3040,1.);
#3040 = DIRECTION('',(0.,1.,0.));
#3041 = PCURVE('',#1522,#3042);
#3042 = DEFINITIONAL_REPRESENTATION('',(#3043),#3046);
#3043 = B_SPLINE_CURVE_WITH_KNOTS('',1,(#3044,#3045),.UNSPECIFIED.,.F.,
  .F.,(2,2),(3.15,5.35),.PIECEWISE_BEZIER_KNOTS.);
#3044 = CARTESIAN_POINT('',(30.55,6.3));
#3045 = CARTESIAN_POINT('',(30.55,8.5));
#3046 = ( GEOMETRIC_REPRESENTATION_CONTEXT(2) 
PARAMETRIC_REPRESENTATION_CONTEXT() REPRESENTATION_CONTEXT('2D SPACE',''
  ) );
#3047 = PCURVE('',#3048,#3053);
#3048 = PLANE('',#3049);
#3049 = AXIS2_PLACEMENT_3D('',#3050,#3051,#3052);
#3050 = CARTESIAN_POINT('',(2.55,-33.7,0.));
#3051 = DIRECTION('',(1.,0.,0.));
#3052 = DIRECTION('',(0.,0.,1.));
#3053 = DEFINITIONAL_REPRESENTATION('',(#3054),#3057);
#3054 = B_SPLINE_CURVE_WITH_KNOTS('',1,(#3055,#3056),.UNSPECIFIED.,.F.,
  .F.,(2,2),(3.15,5.35),.PIECEWISE_BEZIER_KNOTS.);
#3055 = CARTESIAN_POINT('',(2.,0.));
#3056 = CARTESIAN_POINT('',(2.,-2.2));
#3057 = ( GEOMETRIC_REPRESENTATION_CONTEXT(2) 
PARAMETRIC_REPRESENTATION_CONTEXT() REPRESENTATION_CONTEXT('2D SPACE',''
  ) );
#3058 = ORIENTED_EDGE('',*,*,#3059,.F.);
#3059 = EDGE_CURVE('',#3060,#3034,#3062,.T.);
#3060 = VERTEX_POINT('',#3061);
#3061 = CARTESIAN_POINT('',(4.75,-31.5,2.));
#3062 = SURFACE_CURVE('',#3063,(#3067,#3073),.PCURVE_S1.);
#3063 = LINE('',#3064,#3065);
#3064 = CARTESIAN_POINT('',(-12.725,-31.5,2.));
#3065 = VECTOR('',#3066,1.);
#3066 = DIRECTION('',(-1.,0.,0.));
#3067 = PCURVE('',#1522,#3068);
#3068 = DEFINITIONAL_REPRESENTATION('',(#3069),#3072);
#3069 = B_SPLINE_CURVE_WITH_KNOTS('',1,(#3070,#3071),.UNSPECIFIED.,.F.,
  .F.,(2,2),(-17.475,-15.275),.PIECEWISE_BEZIER_KNOTS.);
#3070 = CARTESIAN_POINT('',(32.75,8.5));
#3071 = CARTESIAN_POINT('',(30.55,8.5));
#3072 = ( GEOMETRIC_REPRESENTATION_CONTEXT(2) 
PARAMETRIC_REPRESENTATION_CONTEXT() REPRESENTATION_CONTEXT('2D SPACE',''
  ) );
#3073 = PCURVE('',#3074,#3079);
#3074 = PLANE('',#3075);
#3075 = AXIS2_PLACEMENT_3D('',#3076,#3077,#3078);
#3076 = CARTESIAN_POINT('',(2.55,-31.5,0.));
#3077 = DIRECTION('',(0.,1.,0.));
#3078 = DIRECTION('',(0.,0.,1.));
#3079 = DEFINITIONAL_REPRESENTATION('',(#3080),#3083);
#3080 = B_SPLINE_CURVE_WITH_KNOTS('',1,(#3081,#3082),.UNSPECIFIED.,.F.,
  .F.,(2,2),(-17.475,-15.275),.PIECEWISE_BEZIER_KNOTS.);
#3081 = CARTESIAN_POINT('',(2.,2.2));
#3082 = CARTESIAN_POINT('',(2.,0.));
#3083 = ( GEOMETRIC_REPRESENTATION_CONTEXT(2) 
PARAMETRIC_REPRESENTATION_CONTEXT() REPRESENTATION_CONTEXT('2D SPACE',''
  ) );
#3084 = ORIENTED_EDGE('',*,*,#3085,.F.);
#3085 = EDGE_CURVE('',#3006,#3060,#3086,.T.);
#3086 = SURFACE_CURVE('',#3087,(#3091,#3097),.PCURVE_S1.);
#3087 = LINE('',#3088,#3089);
#3088 = CARTESIAN_POINT('',(4.75,-36.85,2.));
#3089 = VECTOR('',#3090,1.);
#3090 = DIRECTION('',(0.,1.,0.));
#3091 = PCURVE('',#1522,#3092);
#3092 = DEFINITIONAL_REPRESENTATION('',(#3093),#3096);
#3093 = B_SPLINE_CURVE_WITH_KNOTS('',1,(#3094,#3095),.UNSPECIFIED.,.F.,
  .F.,(2,2),(3.15,5.35),.PIECEWISE_BEZIER_KNOTS.);
#3094 = CARTESIAN_POINT('',(32.75,6.3));
#3095 = CARTESIAN_POINT('',(32.75,8.5));
#3096 = ( GEOMETRIC_REPRESENTATION_CONTEXT(2) 
PARAMETRIC_REPRESENTATION_CONTEXT() REPRESENTATION_CONTEXT('2D SPACE',''
  ) );
#3097 = PCURVE('',#3098,#3103);
#3098 = PLANE('',#3099);
#3099 = AXIS2_PLACEMENT_3D('',#3100,#3101,#3102);
#3100 = CARTESIAN_POINT('',(4.75,-33.7,0.));
#3101 = DIRECTION('',(1.,0.,0.));
#3102 = DIRECTION('',(0.,0.,1.));
#3103 = DEFINITIONAL_REPRESENTATION('',(#3104),#3107);
#3104 = B_SPLINE_CURVE_WITH_KNOTS('',1,(#3105,#3106),.UNSPECIFIED.,.F.,
  .F.,(2,2),(3.15,5.35),.PIECEWISE_BEZIER_KNOTS.);
#3105 = CARTESIAN_POINT('',(2.,0.));
#3106 = CARTESIAN_POINT('',(2.,-2.2));
#3107 = ( GEOMETRIC_REPRESENTATION_CONTEXT(2) 
PARAMETRIC_REPRESENTATION_CONTEXT() REPRESENTATION_CONTEXT('2D SPACE',''
  ) );
#3108 = FACE_BOUND('',#3109,.T.);
#3109 = EDGE_LOOP('',(#3110,#3138,#3164,#3190));
#3110 = ORIENTED_EDGE('',*,*,#3111,.T.);
#3111 = EDGE_CURVE('',#3112,#3114,#3116,.T.);
#3112 = VERTEX_POINT('',#3113);
#3113 = CARTESIAN_POINT('',(4.75,-21.5,2.));
#3114 = VERTEX_POINT('',#3115);
#3115 = CARTESIAN_POINT('',(2.55,-21.5,2.));
#3116 = SURFACE_CURVE('',#3117,(#3121,#3127),.PCURVE_S1.);
#3117 = LINE('',#3118,#3119);
#3118 = CARTESIAN_POINT('',(-12.725,-21.5,2.));
#3119 = VECTOR('',#3120,1.);
#3120 = DIRECTION('',(-1.,0.,0.));
#3121 = PCURVE('',#1522,#3122);
#3122 = DEFINITIONAL_REPRESENTATION('',(#3123),#3126);
#3123 = B_SPLINE_CURVE_WITH_KNOTS('',1,(#3124,#3125),.UNSPECIFIED.,.F.,
  .F.,(2,2),(-17.475,-15.275),.PIECEWISE_BEZIER_KNOTS.);
#3124 = CARTESIAN_POINT('',(32.75,18.5));
#3125 = CARTESIAN_POINT('',(30.55,18.5));
#3126 = ( GEOMETRIC_REPRESENTATION_CONTEXT(2) 
PARAMETRIC_REPRESENTATION_CONTEXT() REPRESENTATION_CONTEXT('2D SPACE',''
  ) );
#3127 = PCURVE('',#3128,#3133);
#3128 = PLANE('',#3129);
#3129 = AXIS2_PLACEMENT_3D('',#3130,#3131,#3132);
#3130 = CARTESIAN_POINT('',(2.55,-21.5,0.));
#3131 = DIRECTION('',(0.,1.,0.));
#3132 = DIRECTION('',(0.,0.,1.));
#3133 = DEFINITIONAL_REPRESENTATION('',(#3134),#3137);
#3134 = B_SPLINE_CURVE_WITH_KNOTS('',1,(#3135,#3136),.UNSPECIFIED.,.F.,
  .F.,(2,2),(-17.475,-15.275),.PIECEWISE_BEZIER_KNOTS.);
#3135 = CARTESIAN_POINT('',(2.,2.2));
#3136 = CARTESIAN_POINT('',(2.,0.));
#3137 = ( GEOMETRIC_REPRESENTATION_CONTEXT(2) 
PARAMETRIC_REPRESENTATION_CONTEXT() REPRESENTATION_CONTEXT('2D SPACE',''
  ) );
#3138 = ORIENTED_EDGE('',*,*,#3139,.T.);
#3139 = EDGE_CURVE('',#3114,#3140,#3142,.T.);
#3140 = VERTEX_POINT('',#3141);
#3141 = CARTESIAN_POINT('',(2.55,-19.3,2.));
#3142 = SURFACE_CURVE('',#3143,(#3147,#3153),.PCURVE_S1.);
#3143 = LINE('',#3144,#3145);
#3144 = CARTESIAN_POINT('',(2.55,-30.75,2.));
#3145 = VECTOR('',#3146,1.);
#3146 = DIRECTION('',(0.,1.,0.));
#3147 = PCURVE('',#1522,#3148);
#3148 = DEFINITIONAL_REPRESENTATION('',(#3149),#3152);
#3149 = B_SPLINE_CURVE_WITH_KNOTS('',1,(#3150,#3151),.UNSPECIFIED.,.F.,
  .F.,(2,2),(9.25,11.45),.PIECEWISE_BEZIER_KNOTS.);
#3150 = CARTESIAN_POINT('',(30.55,18.5));
#3151 = CARTESIAN_POINT('',(30.55,20.7));
#3152 = ( GEOMETRIC_REPRESENTATION_CONTEXT(2) 
PARAMETRIC_REPRESENTATION_CONTEXT() REPRESENTATION_CONTEXT('2D SPACE',''
  ) );
#3153 = PCURVE('',#3154,#3159);
#3154 = PLANE('',#3155);
#3155 = AXIS2_PLACEMENT_3D('',#3156,#3157,#3158);
#3156 = CARTESIAN_POINT('',(2.55,-21.5,0.));
#3157 = DIRECTION('',(1.,0.,0.));
#3158 = DIRECTION('',(0.,0.,1.));
#3159 = DEFINITIONAL_REPRESENTATION('',(#3160),#3163);
#3160 = B_SPLINE_CURVE_WITH_KNOTS('',1,(#3161,#3162),.UNSPECIFIED.,.F.,
  .F.,(2,2),(9.25,11.45),.PIECEWISE_BEZIER_KNOTS.);
#3161 = CARTESIAN_POINT('',(2.,0.));
#3162 = CARTESIAN_POINT('',(2.,-2.2));
#3163 = ( GEOMETRIC_REPRESENTATION_CONTEXT(2) 
PARAMETRIC_REPRESENTATION_CONTEXT() REPRESENTATION_CONTEXT('2D SPACE',''
  ) );
#3164 = ORIENTED_EDGE('',*,*,#3165,.F.);
#3165 = EDGE_CURVE('',#3166,#3140,#3168,.T.);
#3166 = VERTEX_POINT('',#3167);
#3167 = CARTESIAN_POINT('',(4.75,-19.3,2.));
#3168 = SURFACE_CURVE('',#3169,(#3173,#3179),.PCURVE_S1.);
#3169 = LINE('',#3170,#3171);
#3170 = CARTESIAN_POINT('',(-12.725,-19.3,2.));
#3171 = VECTOR('',#3172,1.);
#3172 = DIRECTION('',(-1.,0.,0.));
#3173 = PCURVE('',#1522,#3174);
#3174 = DEFINITIONAL_REPRESENTATION('',(#3175),#3178);
#3175 = B_SPLINE_CURVE_WITH_KNOTS('',1,(#3176,#3177),.UNSPECIFIED.,.F.,
  .F.,(2,2),(-17.475,-15.275),.PIECEWISE_BEZIER_KNOTS.);
#3176 = CARTESIAN_POINT('',(32.75,20.7));
#3177 = CARTESIAN_POINT('',(30.55,20.7));
#3178 = ( GEOMETRIC_REPRESENTATION_CONTEXT(2) 
PARAMETRIC_REPRESENTATION_CONTEXT() REPRESENTATION_CONTEXT('2D SPACE',''
  ) );
#3179 = PCURVE('',#3180,#3185);
#3180 = PLANE('',#3181);
#3181 = AXIS2_PLACEMENT_3D('',#3182,#3183,#3184);
#3182 = CARTESIAN_POINT('',(2.55,-19.3,0.));
#3183 = DIRECTION('',(0.,1.,0.));
#3184 = DIRECTION('',(0.,0.,1.));
#3185 = DEFINITIONAL_REPRESENTATION('',(#3186),#3189);
#3186 = B_SPLINE_CURVE_WITH_KNOTS('',1,(#3187,#3188),.UNSPECIFIED.,.F.,
  .F.,(2,2),(-17.475,-15.275),.PIECEWISE_BEZIER_KNOTS.);
#3187 = CARTESIAN_POINT('',(2.,2.2));
#3188 = CARTESIAN_POINT('',(2.,0.));
#3189 = ( GEOMETRIC_REPRESENTATION_CONTEXT(2) 
PARAMETRIC_REPRESENTATION_CONTEXT() REPRESENTATION_CONTEXT('2D SPACE',''
  ) );
#3190 = ORIENTED_EDGE('',*,*,#3191,.F.);
#3191 = EDGE_CURVE('',#3112,#3166,#3192,.T.);
#3192 = SURFACE_CURVE('',#3193,(#3197,#3203),.PCURVE_S1.);
#3193 = LINE('',#3194,#3195);
#3194 = CARTESIAN_POINT('',(4.75,-30.75,2.));
#3195 = VECTOR('',#3196,1.);
#3196 = DIRECTION('',(0.,1.,0.));
#3197 = PCURVE('',#1522,#3198);
#3198 = DEFINITIONAL_REPRESENTATION('',(#3199),#3202);
#3199 = B_SPLINE_CURVE_WITH_KNOTS('',1,(#3200,#3201),.UNSPECIFIED.,.F.,
  .F.,(2,2),(9.25,11.45),.PIECEWISE_BEZIER_KNOTS.);
#3200 = CARTESIAN_POINT('',(32.75,18.5));
#3201 = CARTESIAN_POINT('',(32.75,20.7));
#3202 = ( GEOMETRIC_REPRESENTATION_CONTEXT(2) 
PARAMETRIC_REPRESENTATION_CONTEXT() REPRESENTATION_CONTEXT('2D SPACE',''
  ) );
#3203 = PCURVE('',#3204,#3209);
#3204 = PLANE('',#3205);
#3205 = AXIS2_PLACEMENT_3D('',#3206,#3207,#3208);
#3206 = CARTESIAN_POINT('',(4.75,-21.5,0.));
#3207 = DIRECTION('',(1.,0.,0.));
#3208 = DIRECTION('',(0.,0.,1.));
#3209 = DEFINITIONAL_REPRESENTATION('',(#3210),#3213);
#3210 = B_SPLINE_CURVE_WITH_KNOTS('',1,(#3211,#3212),.UNSPECIFIED.,.F.,
  .F.,(2,2),(9.25,11.45),.PIECEWISE_BEZIER_KNOTS.);
#3211 = CARTESIAN_POINT('',(2.,0.));
#3212 = CARTESIAN_POINT('',(2.,-2.2));
#3213 = ( GEOMETRIC_REPRESENTATION_CONTEXT(2) 
PARAMETRIC_REPRESENTATION_CONTEXT() REPRESENTATION_CONTEXT('2D SPACE',''
  ) );
#3214 = FACE_BOUND('',#3215,.T.);
#3215 = EDGE_LOOP('',(#3216));
#3216 = ORIENTED_EDGE('',*,*,#3217,.T.);
#3217 = EDGE_CURVE('',#3218,#3218,#3220,.T.);
#3218 = VERTEX_POINT('',#3219);
#3219 = CARTESIAN_POINT('',(10.9,-33.9,2.));
#3220 = SURFACE_CURVE('',#3221,(#3226,#3237),.PCURVE_S1.);
#3221 = CIRCLE('',#3222,1.5);
#3222 = AXIS2_PLACEMENT_3D('',#3223,#3224,#3225);
#3223 = CARTESIAN_POINT('',(9.4,-33.9,2.));
#3224 = DIRECTION('',(0.,0.,-1.));
#3225 = DIRECTION('',(1.,0.,0.));
#3226 = PCURVE('',#1522,#3227);
#3227 = DEFINITIONAL_REPRESENTATION('',(#3228),#3236);
#3228 = ( BOUNDED_CURVE() B_SPLINE_CURVE(2,(#3229,#3230,#3231,#3232,
#3233,#3234,#3235),.UNSPECIFIED.,.T.,.F.) B_SPLINE_CURVE_WITH_KNOTS((1,2
    ,2,2,2,1),(-2.094395102393,0.,2.094395102393,4.188790204786,
6.28318530718,8.377580409573),.UNSPECIFIED.) CURVE() 
GEOMETRIC_REPRESENTATION_ITEM() RATIONAL_B_SPLINE_CURVE((1.,0.5,1.,0.5,
1.,0.5,1.)) REPRESENTATION_ITEM('') );
#3229 = CARTESIAN_POINT('',(38.9,6.1));
#3230 = CARTESIAN_POINT('',(38.9,3.501923788647));
#3231 = CARTESIAN_POINT('',(36.65,4.800961894323));
#3232 = CARTESIAN_POINT('',(34.4,6.1));
#3233 = CARTESIAN_POINT('',(36.65,7.399038105677));
#3234 = CARTESIAN_POINT('',(38.9,8.698076211353));
#3235 = CARTESIAN_POINT('',(38.9,6.1));
#3236 = ( GEOMETRIC_REPRESENTATION_CONTEXT(2) 
PARAMETRIC_REPRESENTATION_CONTEXT() REPRESENTATION_CONTEXT('2D SPACE',''
  ) );
#3237 = PCURVE('',#3238,#3243);
#3238 = CYLINDRICAL_SURFACE('',#3239,1.5);
#3239 = AXIS2_PLACEMENT_3D('',#3240,#3241,#3242);
#3240 = CARTESIAN_POINT('',(9.4,-33.9,0.));
#3241 = DIRECTION('',(-0.,-0.,-1.));
#3242 = DIRECTION('',(1.,0.,0.));
#3243 = DEFINITIONAL_REPRESENTATION('',(#3244),#3248);
#3244 = LINE('',#3245,#3246);
#3245 = CARTESIAN_POINT('',(-6.28318530718,-2.));
#3246 = VECTOR('',#3247,1.);
#3247 = DIRECTION('',(1.,-0.));
#3248 = ( GEOMETRIC_REPRESENTATION_CONTEXT(2) 
PARAMETRIC_REPRESENTATION_CONTEXT() REPRESENTATION_CONTEXT('2D SPACE',''
  ) );
#3249 = FACE_BOUND('',#3250,.T.);
#3250 = EDGE_LOOP('',(#3251));
#3251 = ORIENTED_EDGE('',*,*,#3252,.T.);
#3252 = EDGE_CURVE('',#3253,#3253,#3255,.T.);
#3253 = VERTEX_POINT('',#3254);
#3254 = CARTESIAN_POINT('',(10.9,-19.1,2.));
#3255 = SURFACE_CURVE('',#3256,(#3261,#3272),.PCURVE_S1.);
#3256 = CIRCLE('',#3257,1.5);
#3257 = AXIS2_PLACEMENT_3D('',#3258,#3259,#3260);
#3258 = CARTESIAN_POINT('',(9.4,-19.1,2.));
#3259 = DIRECTION('',(0.,0.,-1.));
#3260 = DIRECTION('',(1.,0.,0.));
#3261 = PCURVE('',#1522,#3262);
#3262 = DEFINITIONAL_REPRESENTATION('',(#3263),#3271);
#3263 = ( BOUNDED_CURVE() B_SPLINE_CURVE(2,(#3264,#3265,#3266,#3267,
#3268,#3269,#3270),.UNSPECIFIED.,.T.,.F.) B_SPLINE_CURVE_WITH_KNOTS((1,2
    ,2,2,2,1),(-2.094395102393,0.,2.094395102393,4.188790204786,
6.28318530718,8.377580409573),.UNSPECIFIED.) CURVE() 
GEOMETRIC_REPRESENTATION_ITEM() RATIONAL_B_SPLINE_CURVE((1.,0.5,1.,0.5,
1.,0.5,1.)) REPRESENTATION_ITEM('') );
#3264 = CARTESIAN_POINT('',(38.9,20.9));
#3265 = CARTESIAN_POINT('',(38.9,18.301923788647));
#3266 = CARTESIAN_POINT('',(36.65,19.600961894323));
#3267 = CARTESIAN_POINT('',(34.4,20.9));
#3268 = CARTESIAN_POINT('',(36.65,22.199038105677));
#3269 = CARTESIAN_POINT('',(38.9,23.498076211353));
#3270 = CARTESIAN_POINT('',(38.9,20.9));
#3271 = ( GEOMETRIC_REPRESENTATION_CONTEXT(2) 
PARAMETRIC_REPRESENTATION_CONTEXT() REPRESENTATION_CONTEXT('2D SPACE',''
  ) );
#3272 = PCURVE('',#3273,#3278);
#3273 = CYLINDRICAL_SURFACE('',#3274,1.5);
#3274 = AXIS2_PLACEMENT_3D('',#3275,#3276,#3277);
#3275 = CARTESIAN_POINT('',(9.4,-19.1,0.));
#3276 = DIRECTION('',(-0.,-0.,-1.));
#3277 = DIRECTION('',(1.,0.,0.));
#3278 = DEFINITIONAL_REPRESENTATION('',(#3279),#3283);
#3279 = LINE('',#3280,#3281);
#3280 = CARTESIAN_POINT('',(-6.28318530718,-2.));
#3281 = VECTOR('',#3282,1.);
#3282 = DIRECTION('',(1.,-0.));
#3283 = ( GEOMETRIC_REPRESENTATION_CONTEXT(2) 
PARAMETRIC_REPRESENTATION_CONTEXT() REPRESENTATION_CONTEXT('2D SPACE',''
  ) );
#3284 = FACE_BOUND('',#3285,.T.);
#3285 = EDGE_LOOP('',(#3286));
#3286 = ORIENTED_EDGE('',*,*,#3287,.T.);
#3287 = EDGE_CURVE('',#3288,#3288,#3290,.T.);
#3288 = VERTEX_POINT('',#3289);
#3289 = CARTESIAN_POINT('',(20.1,-33.9,2.));
#3290 = SURFACE_CURVE('',#3291,(#3296,#3307),.PCURVE_S1.);
#3291 = CIRCLE('',#3292,1.5);
#3292 = AXIS2_PLACEMENT_3D('',#3293,#3294,#3295);
#3293 = CARTESIAN_POINT('',(18.6,-33.9,2.));
#3294 = DIRECTION('',(0.,0.,-1.));
#3295 = DIRECTION('',(1.,0.,0.));
#3296 = PCURVE('',#1522,#3297);
#3297 = DEFINITIONAL_REPRESENTATION('',(#3298),#3306);
#3298 = ( BOUNDED_CURVE() B_SPLINE_CURVE(2,(#3299,#3300,#3301,#3302,
#3303,#3304,#3305),.UNSPECIFIED.,.T.,.F.) B_SPLINE_CURVE_WITH_KNOTS((1,2
    ,2,2,2,1),(-2.094395102393,0.,2.094395102393,4.188790204786,
6.28318530718,8.377580409573),.UNSPECIFIED.) CURVE() 
GEOMETRIC_REPRESENTATION_ITEM() RATIONAL_B_SPLINE_CURVE((1.,0.5,1.,0.5,
1.,0.5,1.)) REPRESENTATION_ITEM('') );
#3299 = CARTESIAN_POINT('',(48.1,6.1));
#3300 = CARTESIAN_POINT('',(48.1,3.501923788647));
#3301 = CARTESIAN_POINT('',(45.85,4.800961894323));
#3302 = CARTESIAN_POINT('',(43.6,6.1));
#3303 = CARTESIAN_POINT('',(45.85,7.399038105677));
#3304 = CARTESIAN_POINT('',(48.1,8.698076211353));
#3305 = CARTESIAN_POINT('',(48.1,6.1));
#3306 = ( GEOMETRIC_REPRESENTATION_CONTEXT(2) 
PARAMETRIC_REPRESENTATION_CONTEXT() REPRESENTATION_CONTEXT('2D SPACE',''
  ) );
#3307 = PCURVE('',#3308,#3313);
#3308 = CYLINDRICAL_SURFACE('',#3309,1.5);
#3309 = AXIS2_PLACEMENT_3D('',#3310,#3311,#3312);
#3310 = CARTESIAN_POINT('',(18.6,-33.9,0.));
#3311 = DIRECTION('',(-0.,-0.,-1.));
#3312 = DIRECTION('',(1.,0.,0.));
#3313 = DEFINITIONAL_REPRESENTATION('',(#3314),#3318);
#3314 = LINE('',#3315,#3316);
#3315 = CARTESIAN_POINT('',(-6.28318530718,-2.));
#3316 = VECTOR('',#3317,1.);
#3317 = DIRECTION('',(1.,-0.));
#3318 = ( GEOMETRIC_REPRESENTATION_CONTEXT(2) 
PARAMETRIC_REPRESENTATION_CONTEXT() REPRESENTATION_CONTEXT('2D SPACE',''
  ) );
#3319 = FACE_BOUND('',#3320,.T.);
#3320 = EDGE_LOOP('',(#3321));
#3321 = ORIENTED_EDGE('',*,*,#3322,.T.);
#3322 = EDGE_CURVE('',#3323,#3323,#3325,.T.);
#3323 = VERTEX_POINT('',#3324);
#3324 = CARTESIAN_POINT('',(20.1,-19.1,2.));
#3325 = SURFACE_CURVE('',#3326,(#3331,#3342),.PCURVE_S1.);
#3326 = CIRCLE('',#3327,1.5);
#3327 = AXIS2_PLACEMENT_3D('',#3328,#3329,#3330);
#3328 = CARTESIAN_POINT('',(18.6,-19.1,2.));
#3329 = DIRECTION('',(0.,0.,-1.));
#3330 = DIRECTION('',(1.,0.,0.));
#3331 = PCURVE('',#1522,#3332);
#3332 = DEFINITIONAL_REPRESENTATION('',(#3333),#3341);
#3333 = ( BOUNDED_CURVE() B_SPLINE_CURVE(2,(#3334,#3335,#3336,#3337,
#3338,#3339,#3340),.UNSPECIFIED.,.T.,.F.) B_SPLINE_CURVE_WITH_KNOTS((1,2
    ,2,2,2,1),(-2.094395102393,0.,2.094395102393,4.188790204786,
6.28318530718,8.377580409573),.UNSPECIFIED.) CURVE() 
GEOMETRIC_REPRESENTATION_ITEM() RATIONAL_B_SPLINE_CURVE((1.,0.5,1.,0.5,
1.,0.5,1.)) REPRESENTATION_ITEM('') );
#3334 = CARTESIAN_POINT('',(48.1,20.9));
#3335 = CARTESIAN_POINT('',(48.1,18.301923788647));
#3336 = CARTESIAN_POINT('',(45.85,19.600961894323));
#3337 = CARTESIAN_POINT('',(43.6,20.9));
#3338 = CARTESIAN_POINT('',(45.85,22.199038105677));
#3339 = CARTESIAN_POINT('',(48.1,23.498076211353));
#3340 = CARTESIAN_POINT('',(48.1,20.9));
#3341 = ( GEOMETRIC_REPRESENTATION_CONTEXT(2) 
PARAMETRIC_REPRESENTATION_CONTEXT() REPRESENTATION_CONTEXT('2D SPACE',''
  ) );
#3342 = PCURVE('',#3343,#3348);
#3343 = CYLINDRICAL_SURFACE('',#3344,1.5);
#3344 = AXIS2_PLACEMENT_3D('',#3345,#3346,#3347);
#3345 = CARTESIAN_POINT('',(18.6,-19.1,0.));
#3346 = DIRECTION('',(-0.,-0.,-1.));
#3347 = DIRECTION('',(1.,0.,0.));
#3348 = DEFINITIONAL_REPRESENTATION('',(#3349),#3353);
#3349 = LINE('',#3350,#3351);
#3350 = CARTESIAN_POINT('',(-6.28318530718,-2.));
#3351 = VECTOR('',#3352,1.);
#3352 = DIRECTION('',(1.,-0.));
#3353 = ( GEOMETRIC_REPRESENTATION_CONTEXT(2) 
PARAMETRIC_REPRESENTATION_CONTEXT() REPRESENTATION_CONTEXT('2D SPACE',''
  ) );
#3354 = FACE_BOUND('',#3355,.T.);
#3355 = EDGE_LOOP('',(#3356,#3384,#3410,#3436));
#3356 = ORIENTED_EDGE('',*,*,#3357,.T.);
#3357 = EDGE_CURVE('',#3358,#3360,#3362,.T.);
#3358 = VERTEX_POINT('',#3359);
#3359 = CARTESIAN_POINT('',(25.45,-33.7,2.));
#3360 = VERTEX_POINT('',#3361);
#3361 = CARTESIAN_POINT('',(23.25,-33.7,2.));
#3362 = SURFACE_CURVE('',#3363,(#3367,#3373),.PCURVE_S1.);
#3363 = LINE('',#3364,#3365);
#3364 = CARTESIAN_POINT('',(-2.375,-33.7,2.));
#3365 = VECTOR('',#3366,1.);
#3366 = DIRECTION('',(-1.,0.,0.));
#3367 = PCURVE('',#1522,#3368);
#3368 = DEFINITIONAL_REPRESENTATION('',(#3369),#3372);
#3369 = B_SPLINE_CURVE_WITH_KNOTS('',1,(#3370,#3371),.UNSPECIFIED.,.F.,
  .F.,(2,2),(-27.825,-25.625),.PIECEWISE_BEZIER_KNOTS.);
#3370 = CARTESIAN_POINT('',(53.45,6.3));
#3371 = CARTESIAN_POINT('',(51.25,6.3));
#3372 = ( GEOMETRIC_REPRESENTATION_CONTEXT(2) 
PARAMETRIC_REPRESENTATION_CONTEXT() REPRESENTATION_CONTEXT('2D SPACE',''
  ) );
#3373 = PCURVE('',#3374,#3379);
#3374 = PLANE('',#3375);
#3375 = AXIS2_PLACEMENT_3D('',#3376,#3377,#3378);
#3376 = CARTESIAN_POINT('',(23.25,-33.7,0.));
#3377 = DIRECTION('',(0.,1.,0.));
#3378 = DIRECTION('',(0.,0.,1.));
#3379 = DEFINITIONAL_REPRESENTATION('',(#3380),#3383);
#3380 = B_SPLINE_CURVE_WITH_KNOTS('',1,(#3381,#3382),.UNSPECIFIED.,.F.,
  .F.,(2,2),(-27.825,-25.625),.PIECEWISE_BEZIER_KNOTS.);
#3381 = CARTESIAN_POINT('',(2.,2.2));
#3382 = CARTESIAN_POINT('',(2.,0.));
#3383 = ( GEOMETRIC_REPRESENTATION_CONTEXT(2) 
PARAMETRIC_REPRESENTATION_CONTEXT() REPRESENTATION_CONTEXT('2D SPACE',''
  ) );
#3384 = ORIENTED_EDGE('',*,*,#3385,.T.);
#3385 = EDGE_CURVE('',#3360,#3386,#3388,.T.);
#3386 = VERTEX_POINT('',#3387);
#3387 = CARTESIAN_POINT('',(23.25,-31.5,2.));
#3388 = SURFACE_CURVE('',#3389,(#3393,#3399),.PCURVE_S1.);
#3389 = LINE('',#3390,#3391);
#3390 = CARTESIAN_POINT('',(23.25,-36.85,2.));
#3391 = VECTOR('',#3392,1.);
#3392 = DIRECTION('',(0.,1.,0.));
#3393 = PCURVE('',#1522,#3394);
#3394 = DEFINITIONAL_REPRESENTATION('',(#3395),#3398);
#3395 = B_SPLINE_CURVE_WITH_KNOTS('',1,(#3396,#3397),.UNSPECIFIED.,.F.,
  .F.,(2,2),(3.15,5.35),.PIECEWISE_BEZIER_KNOTS.);
#3396 = CARTESIAN_POINT('',(51.25,6.3));
#3397 = CARTESIAN_POINT('',(51.25,8.5));
#3398 = ( GEOMETRIC_REPRESENTATION_CONTEXT(2) 
PARAMETRIC_REPRESENTATION_CONTEXT() REPRESENTATION_CONTEXT('2D SPACE',''
  ) );
#3399 = PCURVE('',#3400,#3405);
#3400 = PLANE('',#3401);
#3401 = AXIS2_PLACEMENT_3D('',#3402,#3403,#3404);
#3402 = CARTESIAN_POINT('',(23.25,-33.7,0.));
#3403 = DIRECTION('',(1.,0.,0.));
#3404 = DIRECTION('',(0.,0.,1.));
#3405 = DEFINITIONAL_REPRESENTATION('',(#3406),#3409);
#3406 = B_SPLINE_CURVE_WITH_KNOTS('',1,(#3407,#3408),.UNSPECIFIED.,.F.,
  .F.,(2,2),(3.15,5.35),.PIECEWISE_BEZIER_KNOTS.);
#3407 = CARTESIAN_POINT('',(2.,0.));
#3408 = CARTESIAN_POINT('',(2.,-2.2));
#3409 = ( GEOMETRIC_REPRESENTATION_CONTEXT(2) 
PARAMETRIC_REPRESENTATION_CONTEXT() REPRESENTATION_CONTEXT('2D SPACE',''
  ) );
#3410 = ORIENTED_EDGE('',*,*,#3411,.F.);
#3411 = EDGE_CURVE('',#3412,#3386,#3414,.T.);
#3412 = VERTEX_POINT('',#3413);
#3413 = CARTESIAN_POINT('',(25.45,-31.5,2.));
#3414 = SURFACE_CURVE('',#3415,(#3419,#3425),.PCURVE_S1.);
#3415 = LINE('',#3416,#3417);
#3416 = CARTESIAN_POINT('',(-2.375,-31.5,2.));
#3417 = VECTOR('',#3418,1.);
#3418 = DIRECTION('',(-1.,0.,0.));
#3419 = PCURVE('',#1522,#3420);
#3420 = DEFINITIONAL_REPRESENTATION('',(#3421),#3424);
#3421 = B_SPLINE_CURVE_WITH_KNOTS('',1,(#3422,#3423),.UNSPECIFIED.,.F.,
  .F.,(2,2),(-27.825,-25.625),.PIECEWISE_BEZIER_KNOTS.);
#3422 = CARTESIAN_POINT('',(53.45,8.5));
#3423 = CARTESIAN_POINT('',(51.25,8.5));
#3424 = ( GEOMETRIC_REPRESENTATION_CONTEXT(2) 
PARAMETRIC_REPRESENTATION_CONTEXT() REPRESENTATION_CONTEXT('2D SPACE',''
  ) );
#3425 = PCURVE('',#3426,#3431);
#3426 = PLANE('',#3427);
#3427 = AXIS2_PLACEMENT_3D('',#3428,#3429,#3430);
#3428 = CARTESIAN_POINT('',(23.25,-31.5,0.));
#3429 = DIRECTION('',(0.,1.,0.));
#3430 = DIRECTION('',(0.,0.,1.));
#3431 = DEFINITIONAL_REPRESENTATION('',(#3432),#3435);
#3432 = B_SPLINE_CURVE_WITH_KNOTS('',1,(#3433,#3434),.UNSPECIFIED.,.F.,
  .F.,(2,2),(-27.825,-25.625),.PIECEWISE_BEZIER_KNOTS.);
#3433 = CARTESIAN_POINT('',(2.,2.2));
#3434 = CARTESIAN_POINT('',(2.,0.));
#3435 = ( GEOMETRIC_REPRESENTATION_CONTEXT(2) 
PARAMETRIC_REPRESENTATION_CONTEXT() REPRESENTATION_CONTEXT('2D SPACE',''
  ) );
#3436 = ORIENTED_EDGE('',*,*,#3437,.F.);
#3437 = EDGE_CURVE('',#3358,#3412,#3438,.T.);
#3438 = SURFACE_CURVE('',#3439,(#3443,#3449),.PCURVE_S1.);
#3439 = LINE('',#3440,#3441);
#3440 = CARTESIAN_POINT('',(25.45,-36.85,2.));
#3441 = VECTOR('',#3442,1.);
#3442 = DIRECTION('',(0.,1.,0.));
#3443 = PCURVE('',#1522,#3444);
#3444 = DEFINITIONAL_REPRESENTATION('',(#3445),#3448);
#3445 = B_SPLINE_CURVE_WITH_KNOTS('',1,(#3446,#3447),.UNSPECIFIED.,.F.,
  .F.,(2,2),(3.15,5.35),.PIECEWISE_BEZIER_KNOTS.);
#3446 = CARTESIAN_POINT('',(53.45,6.3));
#3447 = CARTESIAN_POINT('',(53.45,8.5));
#3448 = ( GEOMETRIC_REPRESENTATION_CONTEXT(2) 
PARAMETRIC_REPRESENTATION_CONTEXT() REPRESENTATION_CONTEXT('2D SPACE',''
  ) );
#3449 = PCURVE('',#3450,#3455);
#3450 = PLANE('',#3451);
#3451 = AXIS2_PLACEMENT_3D('',#3452,#3453,#3454);
#3452 = CARTESIAN_POINT('',(25.45,-33.7,0.));
#3453 = DIRECTION('',(1.,0.,0.));
#3454 = DIRECTION('',(0.,0.,1.));
#3455 = DEFINITIONAL_REPRESENTATION('',(#3456),#3459);
#3456 = B_SPLINE_CURVE_WITH_KNOTS('',1,(#3457,#3458),.UNSPECIFIED.,.F.,
  .F.,(2,2),(3.15,5.35),.PIECEWISE_BEZIER_KNOTS.);
#3457 = CARTESIAN_POINT('',(2.,0.));
#3458 = CARTESIAN_POINT('',(2.,-2.2));
#3459 = ( GEOMETRIC_REPRESENTATION_CONTEXT(2) 
PARAMETRIC_REPRESENTATION_CONTEXT() REPRESENTATION_CONTEXT('2D SPACE',''
  ) );
#3460 = FACE_BOUND('',#3461,.T.);
#3461 = EDGE_LOOP('',(#3462,#3490,#3516,#3542));
#3462 = ORIENTED_EDGE('',*,*,#3463,.T.);
#3463 = EDGE_CURVE('',#3464,#3466,#3468,.T.);
#3464 = VERTEX_POINT('',#3465);
#3465 = CARTESIAN_POINT('',(25.45,-21.5,2.));
#3466 = VERTEX_POINT('',#3467);
#3467 = CARTESIAN_POINT('',(23.25,-21.5,2.));
#3468 = SURFACE_CURVE('',#3469,(#3473,#3479),.PCURVE_S1.);
#3469 = LINE('',#3470,#3471);
#3470 = CARTESIAN_POINT('',(-2.375,-21.5,2.));
#3471 = VECTOR('',#3472,1.);
#3472 = DIRECTION('',(-1.,0.,0.));
#3473 = PCURVE('',#1522,#3474);
#3474 = DEFINITIONAL_REPRESENTATION('',(#3475),#3478);
#3475 = B_SPLINE_CURVE_WITH_KNOTS('',1,(#3476,#3477),.UNSPECIFIED.,.F.,
  .F.,(2,2),(-27.825,-25.625),.PIECEWISE_BEZIER_KNOTS.);
#3476 = CARTESIAN_POINT('',(53.45,18.5));
#3477 = CARTESIAN_POINT('',(51.25,18.5));
#3478 = ( GEOMETRIC_REPRESENTATION_CONTEXT(2) 
PARAMETRIC_REPRESENTATION_CONTEXT() REPRESENTATION_CONTEXT('2D SPACE',''
  ) );
#3479 = PCURVE('',#3480,#3485);
#3480 = PLANE('',#3481);
#3481 = AXIS2_PLACEMENT_3D('',#3482,#3483,#3484);
#3482 = CARTESIAN_POINT('',(23.25,-21.5,0.));
#3483 = DIRECTION('',(0.,1.,0.));
#3484 = DIRECTION('',(0.,0.,1.));
#3485 = DEFINITIONAL_REPRESENTATION('',(#3486),#3489);
#3486 = B_SPLINE_CURVE_WITH_KNOTS('',1,(#3487,#3488),.UNSPECIFIED.,.F.,
  .F.,(2,2),(-27.825,-25.625),.PIECEWISE_BEZIER_KNOTS.);
#3487 = CARTESIAN_POINT('',(2.,2.2));
#3488 = CARTESIAN_POINT('',(2.,0.));
#3489 = ( GEOMETRIC_REPRESENTATION_CONTEXT(2) 
PARAMETRIC_REPRESENTATION_CONTEXT() REPRESENTATION_CONTEXT('2D SPACE',''
  ) );
#3490 = ORIENTED_EDGE('',*,*,#3491,.T.);
#3491 = EDGE_CURVE('',#3466,#3492,#3494,.T.);
#3492 = VERTEX_POINT('',#3493);
#3493 = CARTESIAN_POINT('',(23.25,-19.3,2.));
#3494 = SURFACE_CURVE('',#3495,(#3499,#3505),.PCURVE_S1.);
#3495 = LINE('',#3496,#3497);
#3496 = CARTESIAN_POINT('',(23.25,-30.75,2.));
#3497 = VECTOR('',#3498,1.);
#3498 = DIRECTION('',(0.,1.,0.));
#3499 = PCURVE('',#1522,#3500);
#3500 = DEFINITIONAL_REPRESENTATION('',(#3501),#3504);
#3501 = B_SPLINE_CURVE_WITH_KNOTS('',1,(#3502,#3503),.UNSPECIFIED.,.F.,
  .F.,(2,2),(9.25,11.45),.PIECEWISE_BEZIER_KNOTS.);
#3502 = CARTESIAN_POINT('',(51.25,18.5));
#3503 = CARTESIAN_POINT('',(51.25,20.7));
#3504 = ( GEOMETRIC_REPRESENTATION_CONTEXT(2) 
PARAMETRIC_REPRESENTATION_CONTEXT() REPRESENTATION_CONTEXT('2D SPACE',''
  ) );
#3505 = PCURVE('',#3506,#3511);
#3506 = PLANE('',#3507);
#3507 = AXIS2_PLACEMENT_3D('',#3508,#3509,#3510);
#3508 = CARTESIAN_POINT('',(23.25,-21.5,0.));
#3509 = DIRECTION('',(1.,0.,0.));
#3510 = DIRECTION('',(0.,0.,1.));
#3511 = DEFINITIONAL_REPRESENTATION('',(#3512),#3515);
#3512 = B_SPLINE_CURVE_WITH_KNOTS('',1,(#3513,#3514),.UNSPECIFIED.,.F.,
  .F.,(2,2),(9.25,11.45),.PIECEWISE_BEZIER_KNOTS.);
#3513 = CARTESIAN_POINT('',(2.,0.));
#3514 = CARTESIAN_POINT('',(2.,-2.2));
#3515 = ( GEOMETRIC_REPRESENTATION_CONTEXT(2) 
PARAMETRIC_REPRESENTATION_CONTEXT() REPRESENTATION_CONTEXT('2D SPACE',''
  ) );
#3516 = ORIENTED_EDGE('',*,*,#3517,.F.);
#3517 = EDGE_CURVE('',#3518,#3492,#3520,.T.);
#3518 = VERTEX_POINT('',#3519);
#3519 = CARTESIAN_POINT('',(25.45,-19.3,2.));
#3520 = SURFACE_CURVE('',#3521,(#3525,#3531),.PCURVE_S1.);
#3521 = LINE('',#3522,#3523);
#3522 = CARTESIAN_POINT('',(-2.375,-19.3,2.));
#3523 = VECTOR('',#3524,1.);
#3524 = DIRECTION('',(-1.,0.,0.));
#3525 = PCURVE('',#1522,#3526);
#3526 = DEFINITIONAL_REPRESENTATION('',(#3527),#3530);
#3527 = B_SPLINE_CURVE_WITH_KNOTS('',1,(#3528,#3529),.UNSPECIFIED.,.F.,
  .F.,(2,2),(-27.825,-25.625),.PIECEWISE_BEZIER_KNOTS.);
#3528 = CARTESIAN_POINT('',(53.45,20.7));
#3529 = CARTESIAN_POINT('',(51.25,20.7));
#3530 = ( GEOMETRIC_REPRESENTATION_CONTEXT(2) 
PARAMETRIC_REPRESENTATION_CONTEXT() REPRESENTATION_CONTEXT('2D SPACE',''
  ) );
#3531 = PCURVE('',#3532,#3537);
#3532 = PLANE('',#3533);
#3533 = AXIS2_PLACEMENT_3D('',#3534,#3535,#3536);
#3534 = CARTESIAN_POINT('',(23.25,-19.3,0.));
#3535 = DIRECTION('',(0.,1.,0.));
#3536 = DIRECTION('',(0.,0.,1.));
#3537 = DEFINITIONAL_REPRESENTATION('',(#3538),#3541);
#3538 = B_SPLINE_CURVE_WITH_KNOTS('',1,(#3539,#3540),.UNSPECIFIED.,.F.,
  .F.,(2,2),(-27.825,-25.625),.PIECEWISE_BEZIER_KNOTS.);
#3539 = CARTESIAN_POINT('',(2.,2.2));
#3540 = CARTESIAN_POINT('',(2.,0.));
#3541 = ( GEOMETRIC_REPRESENTATION_CONTEXT(2) 
PARAMETRIC_REPRESENTATION_CONTEXT() REPRESENTATION_CONTEXT('2D SPACE',''
  ) );
#3542 = ORIENTED_EDGE('',*,*,#3543,.F.);
#3543 = EDGE_CURVE('',#3464,#3518,#3544,.T.);
#3544 = SURFACE_CURVE('',#3545,(#3549,#3555),.PCURVE_S1.);
#3545 = LINE('',#3546,#3547);
#3546 = CARTESIAN_POINT('',(25.45,-30.75,2.));
#3547 = VECTOR('',#3548,1.);
#3548 = DIRECTION('',(0.,1.,0.));
#3549 = PCURVE('',#1522,#3550);
#3550 = DEFINITIONAL_REPRESENTATION('',(#3551),#3554);
#3551 = B_SPLINE_CURVE_WITH_KNOTS('',1,(#3552,#3553),.UNSPECIFIED.,.F.,
  .F.,(2,2),(9.25,11.45),.PIECEWISE_BEZIER_KNOTS.);
#3552 = CARTESIAN_POINT('',(53.45,18.5));
#3553 = CARTESIAN_POINT('',(53.45,20.7));
#3554 = ( GEOMETRIC_REPRESENTATION_CONTEXT(2) 
PARAMETRIC_REPRESENTATION_CONTEXT() REPRESENTATION_CONTEXT('2D SPACE',''
  ) );
#3555 = PCURVE('',#3556,#3561);
#3556 = PLANE('',#3557);
#3557 = AXIS2_PLACEMENT_3D('',#3558,#3559,#3560);
#3558 = CARTESIAN_POINT('',(25.45,-21.5,0.));
#3559 = DIRECTION('',(1.,0.,0.));
#3560 = DIRECTION('',(0.,0.,1.));
#3561 = DEFINITIONAL_REPRESENTATION('',(#3562),#3565);
#3562 = B_SPLINE_CURVE_WITH_KNOTS('',1,(#3563,#3564),.UNSPECIFIED.,.F.,
  .F.,(2,2),(9.25,11.45),.PIECEWISE_BEZIER_KNOTS.);
#3563 = CARTESIAN_POINT('',(2.,0.));
#3564 = CARTESIAN_POINT('',(2.,-2.2));
#3565 = ( GEOMETRIC_REPRESENTATION_CONTEXT(2) 
PARAMETRIC_REPRESENTATION_CONTEXT() REPRESENTATION_CONTEXT('2D SPACE',''
  ) );
#3566 = FACE_BOUND('',#3567,.T.);
#3567 = EDGE_LOOP('',(#3568,#3596,#3622,#3648));
#3568 = ORIENTED_EDGE('',*,*,#3569,.T.);
#3569 = EDGE_CURVE('',#3570,#3572,#3574,.T.);
#3570 = VERTEX_POINT('',#3571);
#3571 = CARTESIAN_POINT('',(18.,-14.95,2.));
#3572 = VERTEX_POINT('',#3573);
#3573 = CARTESIAN_POINT('',(10.,-14.95,2.));
#3574 = SURFACE_CURVE('',#3575,(#3579,#3585),.PCURVE_S1.);
#3575 = LINE('',#3576,#3577);
#3576 = CARTESIAN_POINT('',(-9.,-14.95,2.));
#3577 = VECTOR('',#3578,1.);
#3578 = DIRECTION('',(-1.,0.,0.));
#3579 = PCURVE('',#1522,#3580);
#3580 = DEFINITIONAL_REPRESENTATION('',(#3581),#3584);
#3581 = B_SPLINE_CURVE_WITH_KNOTS('',1,(#3582,#3583),.UNSPECIFIED.,.F.,
  .F.,(2,2),(-27.,-19.),.PIECEWISE_BEZIER_KNOTS.);
#3582 = CARTESIAN_POINT('',(46.,25.05));
#3583 = CARTESIAN_POINT('',(38.,25.05));
#3584 = ( GEOMETRIC_REPRESENTATION_CONTEXT(2) 
PARAMETRIC_REPRESENTATION_CONTEXT() REPRESENTATION_CONTEXT('2D SPACE',''
  ) );
#3585 = PCURVE('',#3586,#3591);
#3586 = PLANE('',#3587);
#3587 = AXIS2_PLACEMENT_3D('',#3588,#3589,#3590);
#3588 = CARTESIAN_POINT('',(10.,-14.95,0.));
#3589 = DIRECTION('',(0.,1.,0.));
#3590 = DIRECTION('',(0.,0.,1.));
#3591 = DEFINITIONAL_REPRESENTATION('',(#3592),#3595);
#3592 = B_SPLINE_CURVE_WITH_KNOTS('',1,(#3593,#3594),.UNSPECIFIED.,.F.,
  .F.,(2,2),(-27.,-19.),.PIECEWISE_BEZIER_KNOTS.);
#3593 = CARTESIAN_POINT('',(2.,8.));
#3594 = CARTESIAN_POINT('',(2.,0.));
#3595 = ( GEOMETRIC_REPRESENTATION_CONTEXT(2) 
PARAMETRIC_REPRESENTATION_CONTEXT() REPRESENTATION_CONTEXT('2D SPACE',''
  ) );
#3596 = ORIENTED_EDGE('',*,*,#3597,.T.);
#3597 = EDGE_CURVE('',#3572,#3598,#3600,.T.);
#3598 = VERTEX_POINT('',#3599);
#3599 = CARTESIAN_POINT('',(10.,-12.95,2.));
#3600 = SURFACE_CURVE('',#3601,(#3605,#3611),.PCURVE_S1.);
#3601 = LINE('',#3602,#3603);
#3602 = CARTESIAN_POINT('',(10.,-27.475,2.));
#3603 = VECTOR('',#3604,1.);
#3604 = DIRECTION('',(0.,1.,0.));
#3605 = PCURVE('',#1522,#3606);
#3606 = DEFINITIONAL_REPRESENTATION('',(#3607),#3610);
#3607 = B_SPLINE_CURVE_WITH_KNOTS('',1,(#3608,#3609),.UNSPECIFIED.,.F.,
  .F.,(2,2),(12.525,14.525),.PIECEWISE_BEZIER_KNOTS.);
#3608 = CARTESIAN_POINT('',(38.,25.05));
#3609 = CARTESIAN_POINT('',(38.,27.05));
#3610 = ( GEOMETRIC_REPRESENTATION_CONTEXT(2) 
PARAMETRIC_REPRESENTATION_CONTEXT() REPRESENTATION_CONTEXT('2D SPACE',''
  ) );
#3611 = PCURVE('',#3612,#3617);
#3612 = PLANE('',#3613);
#3613 = AXIS2_PLACEMENT_3D('',#3614,#3615,#3616);
#3614 = CARTESIAN_POINT('',(10.,-14.95,0.));
#3615 = DIRECTION('',(1.,0.,0.));
#3616 = DIRECTION('',(0.,0.,1.));
#3617 = DEFINITIONAL_REPRESENTATION('',(#3618),#3621);
#3618 = B_SPLINE_CURVE_WITH_KNOTS('',1,(#3619,#3620),.UNSPECIFIED.,.F.,
  .F.,(2,2),(12.525,14.525),.PIECEWISE_BEZIER_KNOTS.);
#3619 = CARTESIAN_POINT('',(2.,0.));
#3620 = CARTESIAN_POINT('',(2.,-2.));
#3621 = ( GEOMETRIC_REPRESENTATION_CONTEXT(2) 
PARAMETRIC_REPRESENTATION_CONTEXT() REPRESENTATION_CONTEXT('2D SPACE',''
  ) );
#3622 = ORIENTED_EDGE('',*,*,#3623,.F.);
#3623 = EDGE_CURVE('',#3624,#3598,#3626,.T.);
#3624 = VERTEX_POINT('',#3625);
#3625 = CARTESIAN_POINT('',(18.,-12.95,2.));
#3626 = SURFACE_CURVE('',#3627,(#3631,#3637),.PCURVE_S1.);
#3627 = LINE('',#3628,#3629);
#3628 = CARTESIAN_POINT('',(-9.,-12.95,2.));
#3629 = VECTOR('',#3630,1.);
#3630 = DIRECTION('',(-1.,0.,0.));
#3631 = PCURVE('',#1522,#3632);
#3632 = DEFINITIONAL_REPRESENTATION('',(#3633),#3636);
#3633 = B_SPLINE_CURVE_WITH_KNOTS('',1,(#3634,#3635),.UNSPECIFIED.,.F.,
  .F.,(2,2),(-27.,-19.),.PIECEWISE_BEZIER_KNOTS.);
#3634 = CARTESIAN_POINT('',(46.,27.05));
#3635 = CARTESIAN_POINT('',(38.,27.05));
#3636 = ( GEOMETRIC_REPRESENTATION_CONTEXT(2) 
PARAMETRIC_REPRESENTATION_CONTEXT() REPRESENTATION_CONTEXT('2D SPACE',''
  ) );
#3637 = PCURVE('',#3638,#3643);
#3638 = PLANE('',#3639);
#3639 = AXIS2_PLACEMENT_3D('',#3640,#3641,#3642);
#3640 = CARTESIAN_POINT('',(10.,-12.95,0.));
#3641 = DIRECTION('',(0.,1.,0.));
#3642 = DIRECTION('',(0.,0.,1.));
#3643 = DEFINITIONAL_REPRESENTATION('',(#3644),#3647);
#3644 = B_SPLINE_CURVE_WITH_KNOTS('',1,(#3645,#3646),.UNSPECIFIED.,.F.,
  .F.,(2,2),(-27.,-19.),.PIECEWISE_BEZIER_KNOTS.);
#3645 = CARTESIAN_POINT('',(2.,8.));
#3646 = CARTESIAN_POINT('',(2.,0.));
#3647 = ( GEOMETRIC_REPRESENTATION_CONTEXT(2) 
PARAMETRIC_REPRESENTATION_CONTEXT() REPRESENTATION_CONTEXT('2D SPACE',''
  ) );
#3648 = ORIENTED_EDGE('',*,*,#3649,.F.);
#3649 = EDGE_CURVE('',#3570,#3624,#3650,.T.);
#3650 = SURFACE_CURVE('',#3651,(#3655,#3661),.PCURVE_S1.);
#3651 = LINE('',#3652,#3653);
#3652 = CARTESIAN_POINT('',(18.,-27.475,2.));
#3653 = VECTOR('',#3654,1.);
#3654 = DIRECTION('',(0.,1.,0.));
#3655 = PCURVE('',#1522,#3656);
#3656 = DEFINITIONAL_REPRESENTATION('',(#3657),#3660);
#3657 = B_SPLINE_CURVE_WITH_KNOTS('',1,(#3658,#3659),.UNSPECIFIED.,.F.,
  .F.,(2,2),(12.525,14.525),.PIECEWISE_BEZIER_KNOTS.);
#3658 = CARTESIAN_POINT('',(46.,25.05));
#3659 = CARTESIAN_POINT('',(46.,27.05));
#3660 = ( GEOMETRIC_REPRESENTATION_CONTEXT(2) 
PARAMETRIC_REPRESENTATION_CONTEXT() REPRESENTATION_CONTEXT('2D SPACE',''
  ) );
#3661 = PCURVE('',#3662,#3667);
#3662 = PLANE('',#3663);
#3663 = AXIS2_PLACEMENT_3D('',#3664,#3665,#3666);
#3664 = CARTESIAN_POINT('',(18.,-14.95,0.));
#3665 = DIRECTION('',(1.,0.,0.));
#3666 = DIRECTION('',(0.,0.,1.));
#3667 = DEFINITIONAL_REPRESENTATION('',(#3668),#3671);
#3668 = B_SPLINE_CURVE_WITH_KNOTS('',1,(#3669,#3670),.UNSPECIFIED.,.F.,
  .F.,(2,2),(12.525,14.525),.PIECEWISE_BEZIER_KNOTS.);
#3669 = CARTESIAN_POINT('',(2.,0.));
#3670 = CARTESIAN_POINT('',(2.,-2.));
#3671 = ( GEOMETRIC_REPRESENTATION_CONTEXT(2) 
PARAMETRIC_REPRESENTATION_CONTEXT() REPRESENTATION_CONTEXT('2D SPACE',''
  ) );
#3672 = FACE_BOUND('',#3673,.T.);
#3673 = EDGE_LOOP('',(#3674,#3702,#3728,#3754));
#3674 = ORIENTED_EDGE('',*,*,#3675,.T.);
#3675 = EDGE_CURVE('',#3676,#3678,#3680,.T.);
#3676 = VERTEX_POINT('',#3677);
#3677 = CARTESIAN_POINT('',(20.,-4.6,2.));
#3678 = VERTEX_POINT('',#3679);
#3679 = CARTESIAN_POINT('',(8.,-4.6,2.));
#3680 = SURFACE_CURVE('',#3681,(#3685,#3691),.PCURVE_S1.);
#3681 = LINE('',#3682,#3683);
#3682 = CARTESIAN_POINT('',(-10.,-4.6,2.));
#3683 = VECTOR('',#3684,1.);
#3684 = DIRECTION('',(-1.,0.,0.));
#3685 = PCURVE('',#1522,#3686);
#3686 = DEFINITIONAL_REPRESENTATION('',(#3687),#3690);
#3687 = B_SPLINE_CURVE_WITH_KNOTS('',1,(#3688,#3689),.UNSPECIFIED.,.F.,
  .F.,(2,2),(-30.,-18.),.PIECEWISE_BEZIER_KNOTS.);
#3688 = CARTESIAN_POINT('',(48.,35.4));
#3689 = CARTESIAN_POINT('',(36.,35.4));
#3690 = ( GEOMETRIC_REPRESENTATION_CONTEXT(2) 
PARAMETRIC_REPRESENTATION_CONTEXT() REPRESENTATION_CONTEXT('2D SPACE',''
  ) );
#3691 = PCURVE('',#3692,#3697);
#3692 = PLANE('',#3693);
#3693 = AXIS2_PLACEMENT_3D('',#3694,#3695,#3696);
#3694 = CARTESIAN_POINT('',(8.,-4.6,0.));
#3695 = DIRECTION('',(0.,1.,0.));
#3696 = DIRECTION('',(0.,0.,1.));
#3697 = DEFINITIONAL_REPRESENTATION('',(#3698),#3701);
#3698 = B_SPLINE_CURVE_WITH_KNOTS('',1,(#3699,#3700),.UNSPECIFIED.,.F.,
  .F.,(2,2),(-30.,-18.),.PIECEWISE_BEZIER_KNOTS.);
#3699 = CARTESIAN_POINT('',(2.,12.));
#3700 = CARTESIAN_POINT('',(2.,0.));
#3701 = ( GEOMETRIC_REPRESENTATION_CONTEXT(2) 
PARAMETRIC_REPRESENTATION_CONTEXT() REPRESENTATION_CONTEXT('2D SPACE',''
  ) );
#3702 = ORIENTED_EDGE('',*,*,#3703,.T.);
#3703 = EDGE_CURVE('',#3678,#3704,#3706,.T.);
#3704 = VERTEX_POINT('',#3705);
#3705 = CARTESIAN_POINT('',(8.,-3.6,2.));
#3706 = SURFACE_CURVE('',#3707,(#3711,#3717),.PCURVE_S1.);
#3707 = LINE('',#3708,#3709);
#3708 = CARTESIAN_POINT('',(8.,-22.3,2.));
#3709 = VECTOR('',#3710,1.);
#3710 = DIRECTION('',(0.,1.,0.));
#3711 = PCURVE('',#1522,#3712);
#3712 = DEFINITIONAL_REPRESENTATION('',(#3713),#3716);
#3713 = B_SPLINE_CURVE_WITH_KNOTS('',1,(#3714,#3715),.UNSPECIFIED.,.F.,
  .F.,(2,2),(17.7,18.7),.PIECEWISE_BEZIER_KNOTS.);
#3714 = CARTESIAN_POINT('',(36.,35.4));
#3715 = CARTESIAN_POINT('',(36.,36.4));
#3716 = ( GEOMETRIC_REPRESENTATION_CONTEXT(2) 
PARAMETRIC_REPRESENTATION_CONTEXT() REPRESENTATION_CONTEXT('2D SPACE',''
  ) );
#3717 = PCURVE('',#3718,#3723);
#3718 = PLANE('',#3719);
#3719 = AXIS2_PLACEMENT_3D('',#3720,#3721,#3722);
#3720 = CARTESIAN_POINT('',(8.,-4.6,0.));
#3721 = DIRECTION('',(1.,0.,0.));
#3722 = DIRECTION('',(0.,0.,1.));
#3723 = DEFINITIONAL_REPRESENTATION('',(#3724),#3727);
#3724 = B_SPLINE_CURVE_WITH_KNOTS('',1,(#3725,#3726),.UNSPECIFIED.,.F.,
  .F.,(2,2),(17.7,18.7),.PIECEWISE_BEZIER_KNOTS.);
#3725 = CARTESIAN_POINT('',(2.,0.));
#3726 = CARTESIAN_POINT('',(2.,-1.));
#3727 = ( GEOMETRIC_REPRESENTATION_CONTEXT(2) 
PARAMETRIC_REPRESENTATION_CONTEXT() REPRESENTATION_CONTEXT('2D SPACE',''
  ) );
#3728 = ORIENTED_EDGE('',*,*,#3729,.F.);
#3729 = EDGE_CURVE('',#3730,#3704,#3732,.T.);
#3730 = VERTEX_POINT('',#3731);
#3731 = CARTESIAN_POINT('',(20.,-3.6,2.));
#3732 = SURFACE_CURVE('',#3733,(#3737,#3743),.PCURVE_S1.);
#3733 = LINE('',#3734,#3735);
#3734 = CARTESIAN_POINT('',(-10.,-3.6,2.));
#3735 = VECTOR('',#3736,1.);
#3736 = DIRECTION('',(-1.,0.,0.));
#3737 = PCURVE('',#1522,#3738);
#3738 = DEFINITIONAL_REPRESENTATION('',(#3739),#3742);
#3739 = B_SPLINE_CURVE_WITH_KNOTS('',1,(#3740,#3741),.UNSPECIFIED.,.F.,
  .F.,(2,2),(-30.,-18.),.PIECEWISE_BEZIER_KNOTS.);
#3740 = CARTESIAN_POINT('',(48.,36.4));
#3741 = CARTESIAN_POINT('',(36.,36.4));
#3742 = ( GEOMETRIC_REPRESENTATION_CONTEXT(2) 
PARAMETRIC_REPRESENTATION_CONTEXT() REPRESENTATION_CONTEXT('2D SPACE',''
  ) );
#3743 = PCURVE('',#3744,#3749);
#3744 = PLANE('',#3745);
#3745 = AXIS2_PLACEMENT_3D('',#3746,#3747,#3748);
#3746 = CARTESIAN_POINT('',(8.,-3.6,0.));
#3747 = DIRECTION('',(0.,1.,0.));
#3748 = DIRECTION('',(0.,0.,1.));
#3749 = DEFINITIONAL_REPRESENTATION('',(#3750),#3753);
#3750 = B_SPLINE_CURVE_WITH_KNOTS('',1,(#3751,#3752),.UNSPECIFIED.,.F.,
  .F.,(2,2),(-30.,-18.),.PIECEWISE_BEZIER_KNOTS.);
#3751 = CARTESIAN_POINT('',(2.,12.));
#3752 = CARTESIAN_POINT('',(2.,0.));
#3753 = ( GEOMETRIC_REPRESENTATION_CONTEXT(2) 
PARAMETRIC_REPRESENTATION_CONTEXT() REPRESENTATION_CONTEXT('2D SPACE',''
  ) );
#3754 = ORIENTED_EDGE('',*,*,#3755,.F.);
#3755 = EDGE_CURVE('',#3676,#3730,#3756,.T.);
#3756 = SURFACE_CURVE('',#3757,(#3761,#3767),.PCURVE_S1.);
#3757 = LINE('',#3758,#3759);
#3758 = CARTESIAN_POINT('',(20.,-22.3,2.));
#3759 = VECTOR('',#3760,1.);
#3760 = DIRECTION('',(0.,1.,0.));
#3761 = PCURVE('',#1522,#3762);
#3762 = DEFINITIONAL_REPRESENTATION('',(#3763),#3766);
#3763 = B_SPLINE_CURVE_WITH_KNOTS('',1,(#3764,#3765),.UNSPECIFIED.,.F.,
  .F.,(2,2),(17.7,18.7),.PIECEWISE_BEZIER_KNOTS.);
#3764 = CARTESIAN_POINT('',(48.,35.4));
#3765 = CARTESIAN_POINT('',(48.,36.4));
#3766 = ( GEOMETRIC_REPRESENTATION_CONTEXT(2) 
PARAMETRIC_REPRESENTATION_CONTEXT() REPRESENTATION_CONTEXT('2D SPACE',''
  ) );
#3767 = PCURVE('',#3768,#3773);
#3768 = PLANE('',#3769);
#3769 = AXIS2_PLACEMENT_3D('',#3770,#3771,#3772);
#3770 = CARTESIAN_POINT('',(20.,-4.6,0.));
#3771 = DIRECTION('',(1.,0.,0.));
#3772 = DIRECTION('',(0.,0.,1.));
#3773 = DEFINITIONAL_REPRESENTATION('',(#3774),#3777);
#3774 = B_SPLINE_CURVE_WITH_KNOTS('',1,(#3775,#3776),.UNSPECIFIED.,.F.,
  .F.,(2,2),(17.7,18.7),.PIECEWISE_BEZIER_KNOTS.);
#3775 = CARTESIAN_POINT('',(2.,0.));
#3776 = CARTESIAN_POINT('',(2.,-1.));
#3777 = ( GEOMETRIC_REPRESENTATION_CONTEXT(2) 
PARAMETRIC_REPRESENTATION_CONTEXT() REPRESENTATION_CONTEXT('2D SPACE',''
  ) );
#3778 = FACE_BOUND('',#3779,.T.);
#3779 = EDGE_LOOP('',(#3780,#3808,#3834,#3860));
#3780 = ORIENTED_EDGE('',*,*,#3781,.T.);
#3781 = EDGE_CURVE('',#3782,#3784,#3786,.T.);
#3782 = VERTEX_POINT('',#3783);
#3783 = CARTESIAN_POINT('',(1.7,0.5,2.));
#3784 = VERTEX_POINT('',#3785);
#3785 = CARTESIAN_POINT('',(0.7,0.5,2.));
#3786 = SURFACE_CURVE('',#3787,(#3791,#3797),.PCURVE_S1.);
#3787 = LINE('',#3788,#3789);
#3788 = CARTESIAN_POINT('',(-13.65,0.5,2.));
#3789 = VECTOR('',#3790,1.);
#3790 = DIRECTION('',(-1.,0.,0.));
#3791 = PCURVE('',#1522,#3792);
#3792 = DEFINITIONAL_REPRESENTATION('',(#3793),#3796);
#3793 = B_SPLINE_CURVE_WITH_KNOTS('',1,(#3794,#3795),.UNSPECIFIED.,.F.,
  .F.,(2,2),(-15.35,-14.35),.PIECEWISE_BEZIER_KNOTS.);
#3794 = CARTESIAN_POINT('',(29.7,40.5));
#3795 = CARTESIAN_POINT('',(28.7,40.5));
#3796 = ( GEOMETRIC_REPRESENTATION_CONTEXT(2) 
PARAMETRIC_REPRESENTATION_CONTEXT() REPRESENTATION_CONTEXT('2D SPACE',''
  ) );
#3797 = PCURVE('',#3798,#3803);
#3798 = PLANE('',#3799);
#3799 = AXIS2_PLACEMENT_3D('',#3800,#3801,#3802);
#3800 = CARTESIAN_POINT('',(0.7,0.5,0.));
#3801 = DIRECTION('',(0.,1.,0.));
#3802 = DIRECTION('',(0.,0.,1.));
#3803 = DEFINITIONAL_REPRESENTATION('',(#3804),#3807);
#3804 = B_SPLINE_CURVE_WITH_KNOTS('',1,(#3805,#3806),.UNSPECIFIED.,.F.,
  .F.,(2,2),(-15.35,-14.35),.PIECEWISE_BEZIER_KNOTS.);
#3805 = CARTESIAN_POINT('',(2.,1.));
#3806 = CARTESIAN_POINT('',(2.,0.));
#3807 = ( GEOMETRIC_REPRESENTATION_CONTEXT(2) 
PARAMETRIC_REPRESENTATION_CONTEXT() REPRESENTATION_CONTEXT('2D SPACE',''
  ) );
#3808 = ORIENTED_EDGE('',*,*,#3809,.T.);
#3809 = EDGE_CURVE('',#3784,#3810,#3812,.T.);
#3810 = VERTEX_POINT('',#3811);
#3811 = CARTESIAN_POINT('',(0.7,5.5,2.));
#3812 = SURFACE_CURVE('',#3813,(#3817,#3823),.PCURVE_S1.);
#3813 = LINE('',#3814,#3815);
#3814 = CARTESIAN_POINT('',(0.7,-19.75,2.));
#3815 = VECTOR('',#3816,1.);
#3816 = DIRECTION('',(0.,1.,0.));
#3817 = PCURVE('',#1522,#3818);
#3818 = DEFINITIONAL_REPRESENTATION('',(#3819),#3822);
#3819 = B_SPLINE_CURVE_WITH_KNOTS('',1,(#3820,#3821),.UNSPECIFIED.,.F.,
  .F.,(2,2),(20.25,25.25),.PIECEWISE_BEZIER_KNOTS.);
#3820 = CARTESIAN_POINT('',(28.7,40.5));
#3821 = CARTESIAN_POINT('',(28.7,45.5));
#3822 = ( GEOMETRIC_REPRESENTATION_CONTEXT(2) 
PARAMETRIC_REPRESENTATION_CONTEXT() REPRESENTATION_CONTEXT('2D SPACE',''
  ) );
#3823 = PCURVE('',#3824,#3829);
#3824 = PLANE('',#3825);
#3825 = AXIS2_PLACEMENT_3D('',#3826,#3827,#3828);
#3826 = CARTESIAN_POINT('',(0.7,0.5,0.));
#3827 = DIRECTION('',(1.,0.,0.));
#3828 = DIRECTION('',(0.,0.,1.));
#3829 = DEFINITIONAL_REPRESENTATION('',(#3830),#3833);
#3830 = B_SPLINE_CURVE_WITH_KNOTS('',1,(#3831,#3832),.UNSPECIFIED.,.F.,
  .F.,(2,2),(20.25,25.25),.PIECEWISE_BEZIER_KNOTS.);
#3831 = CARTESIAN_POINT('',(2.,0.));
#3832 = CARTESIAN_POINT('',(2.,-5.));
#3833 = ( GEOMETRIC_REPRESENTATION_CONTEXT(2) 
PARAMETRIC_REPRESENTATION_CONTEXT() REPRESENTATION_CONTEXT('2D SPACE',''
  ) );
#3834 = ORIENTED_EDGE('',*,*,#3835,.F.);
#3835 = EDGE_CURVE('',#3836,#3810,#3838,.T.);
#3836 = VERTEX_POINT('',#3837);
#3837 = CARTESIAN_POINT('',(1.7,5.5,2.));
#3838 = SURFACE_CURVE('',#3839,(#3843,#3849),.PCURVE_S1.);
#3839 = LINE('',#3840,#3841);
#3840 = CARTESIAN_POINT('',(-13.65,5.5,2.));
#3841 = VECTOR('',#3842,1.);
#3842 = DIRECTION('',(-1.,0.,0.));
#3843 = PCURVE('',#1522,#3844);
#3844 = DEFINITIONAL_REPRESENTATION('',(#3845),#3848);
#3845 = B_SPLINE_CURVE_WITH_KNOTS('',1,(#3846,#3847),.UNSPECIFIED.,.F.,
  .F.,(2,2),(-15.35,-14.35),.PIECEWISE_BEZIER_KNOTS.);
#3846 = CARTESIAN_POINT('',(29.7,45.5));
#3847 = CARTESIAN_POINT('',(28.7,45.5));
#3848 = ( GEOMETRIC_REPRESENTATION_CONTEXT(2) 
PARAMETRIC_REPRESENTATION_CONTEXT() REPRESENTATION_CONTEXT('2D SPACE',''
  ) );
#3849 = PCURVE('',#3850,#3855);
#3850 = PLANE('',#3851);
#3851 = AXIS2_PLACEMENT_3D('',#3852,#3853,#3854);
#3852 = CARTESIAN_POINT('',(0.7,5.5,0.));
#3853 = DIRECTION('',(0.,1.,0.));
#3854 = DIRECTION('',(0.,0.,1.));
#3855 = DEFINITIONAL_REPRESENTATION('',(#3856),#3859);
#3856 = B_SPLINE_CURVE_WITH_KNOTS('',1,(#3857,#3858),.UNSPECIFIED.,.F.,
  .F.,(2,2),(-15.35,-14.35),.PIECEWISE_BEZIER_KNOTS.);
#3857 = CARTESIAN_POINT('',(2.,1.));
#3858 = CARTESIAN_POINT('',(2.,0.));
#3859 = ( GEOMETRIC_REPRESENTATION_CONTEXT(2) 
PARAMETRIC_REPRESENTATION_CONTEXT() REPRESENTATION_CONTEXT('2D SPACE',''
  ) );
#3860 = ORIENTED_EDGE('',*,*,#3861,.F.);
#3861 = EDGE_CURVE('',#3782,#3836,#3862,.T.);
#3862 = SURFACE_CURVE('',#3863,(#3867,#3873),.PCURVE_S1.);
#3863 = LINE('',#3864,#3865);
#3864 = CARTESIAN_POINT('',(1.7,-19.75,2.));
#3865 = VECTOR('',#3866,1.);
#3866 = DIRECTION('',(0.,1.,0.));
#3867 = PCURVE('',#1522,#3868);
#3868 = DEFINITIONAL_REPRESENTATION('',(#3869),#3872);
#3869 = B_SPLINE_CURVE_WITH_KNOTS('',1,(#3870,#3871),.UNSPECIFIED.,.F.,
  .F.,(2,2),(20.25,25.25),.PIECEWISE_BEZIER_KNOTS.);
#3870 = CARTESIAN_POINT('',(29.7,40.5));
#3871 = CARTESIAN_POINT('',(29.7,45.5));
#3872 = ( GEOMETRIC_REPRESENTATION_CONTEXT(2) 
PARAMETRIC_REPRESENTATION_CONTEXT() REPRESENTATION_CONTEXT('2D SPACE',''
  ) );
#3873 = PCURVE('',#3874,#3879);
#3874 = PLANE('',#3875);
#3875 = AXIS2_PLACEMENT_3D('',#3876,#3877,#3878);
#3876 = CARTESIAN_POINT('',(1.7,0.5,0.));
#3877 = DIRECTION('',(1.,0.,0.));
#3878 = DIRECTION('',(0.,0.,1.));
#3879 = DEFINITIONAL_REPRESENTATION('',(#3880),#3883);
#3880 = B_SPLINE_CURVE_WITH_KNOTS('',1,(#3881,#3882),.UNSPECIFIED.,.F.,
  .F.,(2,2),(20.25,25.25),.PIECEWISE_BEZIER_KNOTS.);
#3881 = CARTESIAN_POINT('',(2.,0.));
#3882 = CARTESIAN_POINT('',(2.,-5.));
#3883 = ( GEOMETRIC_REPRESENTATION_CONTEXT(2) 
PARAMETRIC_REPRESENTATION_CONTEXT() REPRESENTATION_CONTEXT('2D SPACE',''
  ) );
#3884 = FACE_BOUND('',#3885,.T.);
#3885 = EDGE_LOOP('',(#3886,#3914,#3940,#3966));
#3886 = ORIENTED_EDGE('',*,*,#3887,.T.);
#3887 = EDGE_CURVE('',#3888,#3890,#3892,.T.);
#3888 = VERTEX_POINT('',#3889);
#3889 = CARTESIAN_POINT('',(6.1,-1.,2.));
#3890 = VERTEX_POINT('',#3891);
#3891 = CARTESIAN_POINT('',(3.9,-1.,2.));
#3892 = SURFACE_CURVE('',#3893,(#3897,#3903),.PCURVE_S1.);
#3893 = LINE('',#3894,#3895);
#3894 = CARTESIAN_POINT('',(-12.05,-1.,2.));
#3895 = VECTOR('',#3896,1.);
#3896 = DIRECTION('',(-1.,0.,0.));
#3897 = PCURVE('',#1522,#3898);
#3898 = DEFINITIONAL_REPRESENTATION('',(#3899),#3902);
#3899 = B_SPLINE_CURVE_WITH_KNOTS('',1,(#3900,#3901),.UNSPECIFIED.,.F.,
  .F.,(2,2),(-18.15,-15.95),.PIECEWISE_BEZIER_KNOTS.);
#3900 = CARTESIAN_POINT('',(34.1,39.));
#3901 = CARTESIAN_POINT('',(31.9,39.));
#3902 = ( GEOMETRIC_REPRESENTATION_CONTEXT(2) 
PARAMETRIC_REPRESENTATION_CONTEXT() REPRESENTATION_CONTEXT('2D SPACE',''
  ) );
#3903 = PCURVE('',#3904,#3909);
#3904 = PLANE('',#3905);
#3905 = AXIS2_PLACEMENT_3D('',#3906,#3907,#3908);
#3906 = CARTESIAN_POINT('',(3.9,-1.,0.));
#3907 = DIRECTION('',(0.,1.,0.));
#3908 = DIRECTION('',(0.,0.,1.));
#3909 = DEFINITIONAL_REPRESENTATION('',(#3910),#3913);
#3910 = B_SPLINE_CURVE_WITH_KNOTS('',1,(#3911,#3912),.UNSPECIFIED.,.F.,
  .F.,(2,2),(-18.15,-15.95),.PIECEWISE_BEZIER_KNOTS.);
#3911 = CARTESIAN_POINT('',(2.,2.2));
#3912 = CARTESIAN_POINT('',(2.,0.));
#3913 = ( GEOMETRIC_REPRESENTATION_CONTEXT(2) 
PARAMETRIC_REPRESENTATION_CONTEXT() REPRESENTATION_CONTEXT('2D SPACE',''
  ) );
#3914 = ORIENTED_EDGE('',*,*,#3915,.T.);
#3915 = EDGE_CURVE('',#3890,#3916,#3918,.T.);
#3916 = VERTEX_POINT('',#3917);
#3917 = CARTESIAN_POINT('',(3.9,29.,2.));
#3918 = SURFACE_CURVE('',#3919,(#3923,#3929),.PCURVE_S1.);
#3919 = LINE('',#3920,#3921);
#3920 = CARTESIAN_POINT('',(3.9,-20.5,2.));
#3921 = VECTOR('',#3922,1.);
#3922 = DIRECTION('',(0.,1.,0.));
#3923 = PCURVE('',#1522,#3924);
#3924 = DEFINITIONAL_REPRESENTATION('',(#3925),#3928);
#3925 = B_SPLINE_CURVE_WITH_KNOTS('',1,(#3926,#3927),.UNSPECIFIED.,.F.,
  .F.,(2,2),(19.5,49.5),.PIECEWISE_BEZIER_KNOTS.);
#3926 = CARTESIAN_POINT('',(31.9,39.));
#3927 = CARTESIAN_POINT('',(31.9,69.));
#3928 = ( GEOMETRIC_REPRESENTATION_CONTEXT(2) 
PARAMETRIC_REPRESENTATION_CONTEXT() REPRESENTATION_CONTEXT('2D SPACE',''
  ) );
#3929 = PCURVE('',#3930,#3935);
#3930 = PLANE('',#3931);
#3931 = AXIS2_PLACEMENT_3D('',#3932,#3933,#3934);
#3932 = CARTESIAN_POINT('',(3.9,-1.,0.));
#3933 = DIRECTION('',(1.,0.,0.));
#3934 = DIRECTION('',(0.,0.,1.));
#3935 = DEFINITIONAL_REPRESENTATION('',(#3936),#3939);
#3936 = B_SPLINE_CURVE_WITH_KNOTS('',1,(#3937,#3938),.UNSPECIFIED.,.F.,
  .F.,(2,2),(19.5,49.5),.PIECEWISE_BEZIER_KNOTS.);
#3937 = CARTESIAN_POINT('',(2.,0.));
#3938 = CARTESIAN_POINT('',(2.,-30.));
#3939 = ( GEOMETRIC_REPRESENTATION_CONTEXT(2) 
PARAMETRIC_REPRESENTATION_CONTEXT() REPRESENTATION_CONTEXT('2D SPACE',''
  ) );
#3940 = ORIENTED_EDGE('',*,*,#3941,.F.);
#3941 = EDGE_CURVE('',#3942,#3916,#3944,.T.);
#3942 = VERTEX_POINT('',#3943);
#3943 = CARTESIAN_POINT('',(6.1,29.,2.));
#3944 = SURFACE_CURVE('',#3945,(#3949,#3955),.PCURVE_S1.);
#3945 = LINE('',#3946,#3947);
#3946 = CARTESIAN_POINT('',(-12.05,29.,2.));
#3947 = VECTOR('',#3948,1.);
#3948 = DIRECTION('',(-1.,0.,0.));
#3949 = PCURVE('',#1522,#3950);
#3950 = DEFINITIONAL_REPRESENTATION('',(#3951),#3954);
#3951 = B_SPLINE_CURVE_WITH_KNOTS('',1,(#3952,#3953),.UNSPECIFIED.,.F.,
  .F.,(2,2),(-18.15,-15.95),.PIECEWISE_BEZIER_KNOTS.);
#3952 = CARTESIAN_POINT('',(34.1,69.));
#3953 = CARTESIAN_POINT('',(31.9,69.));
#3954 = ( GEOMETRIC_REPRESENTATION_CONTEXT(2) 
PARAMETRIC_REPRESENTATION_CONTEXT() REPRESENTATION_CONTEXT('2D SPACE',''
  ) );
#3955 = PCURVE('',#3956,#3961);
#3956 = PLANE('',#3957);
#3957 = AXIS2_PLACEMENT_3D('',#3958,#3959,#3960);
#3958 = CARTESIAN_POINT('',(3.9,29.,0.));
#3959 = DIRECTION('',(0.,1.,0.));
#3960 = DIRECTION('',(0.,0.,1.));
#3961 = DEFINITIONAL_REPRESENTATION('',(#3962),#3965);
#3962 = B_SPLINE_CURVE_WITH_KNOTS('',1,(#3963,#3964),.UNSPECIFIED.,.F.,
  .F.,(2,2),(-18.15,-15.95),.PIECEWISE_BEZIER_KNOTS.);
#3963 = CARTESIAN_POINT('',(2.,2.2));
#3964 = CARTESIAN_POINT('',(2.,0.));
#3965 = ( GEOMETRIC_REPRESENTATION_CONTEXT(2) 
PARAMETRIC_REPRESENTATION_CONTEXT() REPRESENTATION_CONTEXT('2D SPACE',''
  ) );
#3966 = ORIENTED_EDGE('',*,*,#3967,.F.);
#3967 = EDGE_CURVE('',#3888,#3942,#3968,.T.);
#3968 = SURFACE_CURVE('',#3969,(#3973,#3979),.PCURVE_S1.);
#3969 = LINE('',#3970,#3971);
#3970 = CARTESIAN_POINT('',(6.1,-20.5,2.));
#3971 = VECTOR('',#3972,1.);
#3972 = DIRECTION('',(0.,1.,0.));
#3973 = PCURVE('',#1522,#3974);
#3974 = DEFINITIONAL_REPRESENTATION('',(#3975),#3978);
#3975 = B_SPLINE_CURVE_WITH_KNOTS('',1,(#3976,#3977),.UNSPECIFIED.,.F.,
  .F.,(2,2),(19.5,49.5),.PIECEWISE_BEZIER_KNOTS.);
#3976 = CARTESIAN_POINT('',(34.1,39.));
#3977 = CARTESIAN_POINT('',(34.1,69.));
#3978 = ( GEOMETRIC_REPRESENTATION_CONTEXT(2) 
PARAMETRIC_REPRESENTATION_CONTEXT() REPRESENTATION_CONTEXT('2D SPACE',''
  ) );
#3979 = PCURVE('',#3980,#3985);
#3980 = PLANE('',#3981);
#3981 = AXIS2_PLACEMENT_3D('',#3982,#3983,#3984);
#3982 = CARTESIAN_POINT('',(6.1,-1.,0.));
#3983 = DIRECTION('',(1.,0.,0.));
#3984 = DIRECTION('',(0.,0.,1.));
#3985 = DEFINITIONAL_REPRESENTATION('',(#3986),#3989);
#3986 = B_SPLINE_CURVE_WITH_KNOTS('',1,(#3987,#3988),.UNSPECIFIED.,.F.,
  .F.,(2,2),(19.5,49.5),.PIECEWISE_BEZIER_KNOTS.);
#3987 = CARTESIAN_POINT('',(2.,0.));
#3988 = CARTESIAN_POINT('',(2.,-30.));
#3989 = ( GEOMETRIC_REPRESENTATION_CONTEXT(2) 
PARAMETRIC_REPRESENTATION_CONTEXT() REPRESENTATION_CONTEXT('2D SPACE',''
  ) );
#3990 = FACE_BOUND('',#3991,.T.);
#3991 = EDGE_LOOP('',(#3992,#4020,#4046,#4072));
#3992 = ORIENTED_EDGE('',*,*,#3993,.T.);
#3993 = EDGE_CURVE('',#3994,#3996,#3998,.T.);
#3994 = VERTEX_POINT('',#3995);
#3995 = CARTESIAN_POINT('',(1.7,22.5,2.));
#3996 = VERTEX_POINT('',#3997);
#3997 = CARTESIAN_POINT('',(0.7,22.5,2.));
#3998 = SURFACE_CURVE('',#3999,(#4003,#4009),.PCURVE_S1.);
#3999 = LINE('',#4000,#4001);
#4000 = CARTESIAN_POINT('',(-13.65,22.5,2.));
#4001 = VECTOR('',#4002,1.);
#4002 = DIRECTION('',(-1.,0.,0.));
#4003 = PCURVE('',#1522,#4004);
#4004 = DEFINITIONAL_REPRESENTATION('',(#4005),#4008);
#4005 = B_SPLINE_CURVE_WITH_KNOTS('',1,(#4006,#4007),.UNSPECIFIED.,.F.,
  .F.,(2,2),(-15.35,-14.35),.PIECEWISE_BEZIER_KNOTS.);
#4006 = CARTESIAN_POINT('',(29.7,62.5));
#4007 = CARTESIAN_POINT('',(28.7,62.5));
#4008 = ( GEOMETRIC_REPRESENTATION_CONTEXT(2) 
PARAMETRIC_REPRESENTATION_CONTEXT() REPRESENTATION_CONTEXT('2D SPACE',''
  ) );
#4009 = PCURVE('',#4010,#4015);
#4010 = PLANE('',#4011);
#4011 = AXIS2_PLACEMENT_3D('',#4012,#4013,#4014);
#4012 = CARTESIAN_POINT('',(0.7,22.5,0.));
#4013 = DIRECTION('',(0.,1.,0.));
#4014 = DIRECTION('',(0.,0.,1.));
#4015 = DEFINITIONAL_REPRESENTATION('',(#4016),#4019);
#4016 = B_SPLINE_CURVE_WITH_KNOTS('',1,(#4017,#4018),.UNSPECIFIED.,.F.,
  .F.,(2,2),(-15.35,-14.35),.PIECEWISE_BEZIER_KNOTS.);
#4017 = CARTESIAN_POINT('',(2.,1.));
#4018 = CARTESIAN_POINT('',(2.,0.));
#4019 = ( GEOMETRIC_REPRESENTATION_CONTEXT(2) 
PARAMETRIC_REPRESENTATION_CONTEXT() REPRESENTATION_CONTEXT('2D SPACE',''
  ) );
#4020 = ORIENTED_EDGE('',*,*,#4021,.T.);
#4021 = EDGE_CURVE('',#3996,#4022,#4024,.T.);
#4022 = VERTEX_POINT('',#4023);
#4023 = CARTESIAN_POINT('',(0.7,27.5,2.));
#4024 = SURFACE_CURVE('',#4025,(#4029,#4035),.PCURVE_S1.);
#4025 = LINE('',#4026,#4027);
#4026 = CARTESIAN_POINT('',(0.7,-8.75,2.));
#4027 = VECTOR('',#4028,1.);
#4028 = DIRECTION('',(0.,1.,0.));
#4029 = PCURVE('',#1522,#4030);
#4030 = DEFINITIONAL_REPRESENTATION('',(#4031),#4034);
#4031 = B_SPLINE_CURVE_WITH_KNOTS('',1,(#4032,#4033),.UNSPECIFIED.,.F.,
  .F.,(2,2),(31.25,36.25),.PIECEWISE_BEZIER_KNOTS.);
#4032 = CARTESIAN_POINT('',(28.7,62.5));
#4033 = CARTESIAN_POINT('',(28.7,67.5));
#4034 = ( GEOMETRIC_REPRESENTATION_CONTEXT(2) 
PARAMETRIC_REPRESENTATION_CONTEXT() REPRESENTATION_CONTEXT('2D SPACE',''
  ) );
#4035 = PCURVE('',#4036,#4041);
#4036 = PLANE('',#4037);
#4037 = AXIS2_PLACEMENT_3D('',#4038,#4039,#4040);
#4038 = CARTESIAN_POINT('',(0.7,22.5,0.));
#4039 = DIRECTION('',(1.,0.,0.));
#4040 = DIRECTION('',(0.,0.,1.));
#4041 = DEFINITIONAL_REPRESENTATION('',(#4042),#4045);
#4042 = B_SPLINE_CURVE_WITH_KNOTS('',1,(#4043,#4044),.UNSPECIFIED.,.F.,
  .F.,(2,2),(31.25,36.25),.PIECEWISE_BEZIER_KNOTS.);
#4043 = CARTESIAN_POINT('',(2.,0.));
#4044 = CARTESIAN_POINT('',(2.,-5.));
#4045 = ( GEOMETRIC_REPRESENTATION_CONTEXT(2) 
PARAMETRIC_REPRESENTATION_CONTEXT() REPRESENTATION_CONTEXT('2D SPACE',''
  ) );
#4046 = ORIENTED_EDGE('',*,*,#4047,.F.);
#4047 = EDGE_CURVE('',#4048,#4022,#4050,.T.);
#4048 = VERTEX_POINT('',#4049);
#4049 = CARTESIAN_POINT('',(1.7,27.5,2.));
#4050 = SURFACE_CURVE('',#4051,(#4055,#4061),.PCURVE_S1.);
#4051 = LINE('',#4052,#4053);
#4052 = CARTESIAN_POINT('',(-13.65,27.5,2.));
#4053 = VECTOR('',#4054,1.);
#4054 = DIRECTION('',(-1.,0.,0.));
#4055 = PCURVE('',#1522,#4056);
#4056 = DEFINITIONAL_REPRESENTATION('',(#4057),#4060);
#4057 = B_SPLINE_CURVE_WITH_KNOTS('',1,(#4058,#4059),.UNSPECIFIED.,.F.,
  .F.,(2,2),(-15.35,-14.35),.PIECEWISE_BEZIER_KNOTS.);
#4058 = CARTESIAN_POINT('',(29.7,67.5));
#4059 = CARTESIAN_POINT('',(28.7,67.5));
#4060 = ( GEOMETRIC_REPRESENTATION_CONTEXT(2) 
PARAMETRIC_REPRESENTATION_CONTEXT() REPRESENTATION_CONTEXT('2D SPACE',''
  ) );
#4061 = PCURVE('',#4062,#4067);
#4062 = PLANE('',#4063);
#4063 = AXIS2_PLACEMENT_3D('',#4064,#4065,#4066);
#4064 = CARTESIAN_POINT('',(0.7,27.5,0.));
#4065 = DIRECTION('',(0.,1.,0.));
#4066 = DIRECTION('',(0.,0.,1.));
#4067 = DEFINITIONAL_REPRESENTATION('',(#4068),#4071);
#4068 = B_SPLINE_CURVE_WITH_KNOTS('',1,(#4069,#4070),.UNSPECIFIED.,.F.,
  .F.,(2,2),(-15.35,-14.35),.PIECEWISE_BEZIER_KNOTS.);
#4069 = CARTESIAN_POINT('',(2.,1.));
#4070 = CARTESIAN_POINT('',(2.,0.));
#4071 = ( GEOMETRIC_REPRESENTATION_CONTEXT(2) 
PARAMETRIC_REPRESENTATION_CONTEXT() REPRESENTATION_CONTEXT('2D SPACE',''
  ) );
#4072 = ORIENTED_EDGE('',*,*,#4073,.F.);
#4073 = EDGE_CURVE('',#3994,#4048,#4074,.T.);
#4074 = SURFACE_CURVE('',#4075,(#4079,#4085),.PCURVE_S1.);
#4075 = LINE('',#4076,#4077);
#4076 = CARTESIAN_POINT('',(1.7,-8.75,2.));
#4077 = VECTOR('',#4078,1.);
#4078 = DIRECTION('',(0.,1.,0.));
#4079 = PCURVE('',#1522,#4080);
#4080 = DEFINITIONAL_REPRESENTATION('',(#4081),#4084);
#4081 = B_SPLINE_CURVE_WITH_KNOTS('',1,(#4082,#4083),.UNSPECIFIED.,.F.,
  .F.,(2,2),(31.25,36.25),.PIECEWISE_BEZIER_KNOTS.);
#4082 = CARTESIAN_POINT('',(29.7,62.5));
#4083 = CARTESIAN_POINT('',(29.7,67.5));
#4084 = ( GEOMETRIC_REPRESENTATION_CONTEXT(2) 
PARAMETRIC_REPRESENTATION_CONTEXT() REPRESENTATION_CONTEXT('2D SPACE',''
  ) );
#4085 = PCURVE('',#4086,#4091);
#4086 = PLANE('',#4087);
#4087 = AXIS2_PLACEMENT_3D('',#4088,#4089,#4090);
#4088 = CARTESIAN_POINT('',(1.7,22.5,0.));
#4089 = DIRECTION('',(1.,0.,0.));
#4090 = DIRECTION('',(0.,0.,1.));
#4091 = DEFINITIONAL_REPRESENTATION('',(#4092),#4095);
#4092 = B_SPLINE_CURVE_WITH_KNOTS('',1,(#4093,#4094),.UNSPECIFIED.,.F.,
  .F.,(2,2),(31.25,36.25),.PIECEWISE_BEZIER_KNOTS.);
#4093 = CARTESIAN_POINT('',(2.,0.));
#4094 = CARTESIAN_POINT('',(2.,-5.));
#4095 = ( GEOMETRIC_REPRESENTATION_CONTEXT(2) 
PARAMETRIC_REPRESENTATION_CONTEXT() REPRESENTATION_CONTEXT('2D SPACE',''
  ) );
#4096 = FACE_BOUND('',#4097,.T.);
#4097 = EDGE_LOOP('',(#4098,#4126,#4152,#4178));
#4098 = ORIENTED_EDGE('',*,*,#4099,.T.);
#4099 = EDGE_CURVE('',#4100,#4102,#4104,.T.);
#4100 = VERTEX_POINT('',#4101);
#4101 = CARTESIAN_POINT('',(27.3,0.5,2.));
#4102 = VERTEX_POINT('',#4103);
#4103 = CARTESIAN_POINT('',(26.3,0.5,2.));
#4104 = SURFACE_CURVE('',#4105,(#4109,#4115),.PCURVE_S1.);
#4105 = LINE('',#4106,#4107);
#4106 = CARTESIAN_POINT('',(-0.85,0.5,2.));
#4107 = VECTOR('',#4108,1.);
#4108 = DIRECTION('',(-1.,0.,0.));
#4109 = PCURVE('',#1522,#4110);
#4110 = DEFINITIONAL_REPRESENTATION('',(#4111),#4114);
#4111 = B_SPLINE_CURVE_WITH_KNOTS('',1,(#4112,#4113),.UNSPECIFIED.,.F.,
  .F.,(2,2),(-28.15,-27.15),.PIECEWISE_BEZIER_KNOTS.);
#4112 = CARTESIAN_POINT('',(55.3,40.5));
#4113 = CARTESIAN_POINT('',(54.3,40.5));
#4114 = ( GEOMETRIC_REPRESENTATION_CONTEXT(2) 
PARAMETRIC_REPRESENTATION_CONTEXT() REPRESENTATION_CONTEXT('2D SPACE',''
  ) );
#4115 = PCURVE('',#4116,#4121);
#4116 = PLANE('',#4117);
#4117 = AXIS2_PLACEMENT_3D('',#4118,#4119,#4120);
#4118 = CARTESIAN_POINT('',(26.3,0.5,0.));
#4119 = DIRECTION('',(0.,1.,0.));
#4120 = DIRECTION('',(0.,0.,1.));
#4121 = DEFINITIONAL_REPRESENTATION('',(#4122),#4125);
#4122 = B_SPLINE_CURVE_WITH_KNOTS('',1,(#4123,#4124),.UNSPECIFIED.,.F.,
  .F.,(2,2),(-28.15,-27.15),.PIECEWISE_BEZIER_KNOTS.);
#4123 = CARTESIAN_POINT('',(2.,1.));
#4124 = CARTESIAN_POINT('',(2.,0.));
#4125 = ( GEOMETRIC_REPRESENTATION_CONTEXT(2) 
PARAMETRIC_REPRESENTATION_CONTEXT() REPRESENTATION_CONTEXT('2D SPACE',''
  ) );
#4126 = ORIENTED_EDGE('',*,*,#4127,.T.);
#4127 = EDGE_CURVE('',#4102,#4128,#4130,.T.);
#4128 = VERTEX_POINT('',#4129);
#4129 = CARTESIAN_POINT('',(26.3,5.5,2.));
#4130 = SURFACE_CURVE('',#4131,(#4135,#4141),.PCURVE_S1.);
#4131 = LINE('',#4132,#4133);
#4132 = CARTESIAN_POINT('',(26.3,-19.75,2.));
#4133 = VECTOR('',#4134,1.);
#4134 = DIRECTION('',(0.,1.,0.));
#4135 = PCURVE('',#1522,#4136);
#4136 = DEFINITIONAL_REPRESENTATION('',(#4137),#4140);
#4137 = B_SPLINE_CURVE_WITH_KNOTS('',1,(#4138,#4139),.UNSPECIFIED.,.F.,
  .F.,(2,2),(20.25,25.25),.PIECEWISE_BEZIER_KNOTS.);
#4138 = CARTESIAN_POINT('',(54.3,40.5));
#4139 = CARTESIAN_POINT('',(54.3,45.5));
#4140 = ( GEOMETRIC_REPRESENTATION_CONTEXT(2) 
PARAMETRIC_REPRESENTATION_CONTEXT() REPRESENTATION_CONTEXT('2D SPACE',''
  ) );
#4141 = PCURVE('',#4142,#4147);
#4142 = PLANE('',#4143);
#4143 = AXIS2_PLACEMENT_3D('',#4144,#4145,#4146);
#4144 = CARTESIAN_POINT('',(26.3,0.5,0.));
#4145 = DIRECTION('',(1.,0.,0.));
#4146 = DIRECTION('',(0.,0.,1.));
#4147 = DEFINITIONAL_REPRESENTATION('',(#4148),#4151);
#4148 = B_SPLINE_CURVE_WITH_KNOTS('',1,(#4149,#4150),.UNSPECIFIED.,.F.,
  .F.,(2,2),(20.25,25.25),.PIECEWISE_BEZIER_KNOTS.);
#4149 = CARTESIAN_POINT('',(2.,0.));
#4150 = CARTESIAN_POINT('',(2.,-5.));
#4151 = ( GEOMETRIC_REPRESENTATION_CONTEXT(2) 
PARAMETRIC_REPRESENTATION_CONTEXT() REPRESENTATION_CONTEXT('2D SPACE',''
  ) );
#4152 = ORIENTED_EDGE('',*,*,#4153,.F.);
#4153 = EDGE_CURVE('',#4154,#4128,#4156,.T.);
#4154 = VERTEX_POINT('',#4155);
#4155 = CARTESIAN_POINT('',(27.3,5.5,2.));
#4156 = SURFACE_CURVE('',#4157,(#4161,#4167),.PCURVE_S1.);
#4157 = LINE('',#4158,#4159);
#4158 = CARTESIAN_POINT('',(-0.85,5.5,2.));
#4159 = VECTOR('',#4160,1.);
#4160 = DIRECTION('',(-1.,0.,0.));
#4161 = PCURVE('',#1522,#4162);
#4162 = DEFINITIONAL_REPRESENTATION('',(#4163),#4166);
#4163 = B_SPLINE_CURVE_WITH_KNOTS('',1,(#4164,#4165),.UNSPECIFIED.,.F.,
  .F.,(2,2),(-28.15,-27.15),.PIECEWISE_BEZIER_KNOTS.);
#4164 = CARTESIAN_POINT('',(55.3,45.5));
#4165 = CARTESIAN_POINT('',(54.3,45.5));
#4166 = ( GEOMETRIC_REPRESENTATION_CONTEXT(2) 
PARAMETRIC_REPRESENTATION_CONTEXT() REPRESENTATION_CONTEXT('2D SPACE',''
  ) );
#4167 = PCURVE('',#4168,#4173);
#4168 = PLANE('',#4169);
#4169 = AXIS2_PLACEMENT_3D('',#4170,#4171,#4172);
#4170 = CARTESIAN_POINT('',(26.3,5.5,0.));
#4171 = DIRECTION('',(0.,1.,0.));
#4172 = DIRECTION('',(0.,0.,1.));
#4173 = DEFINITIONAL_REPRESENTATION('',(#4174),#4177);
#4174 = B_SPLINE_CURVE_WITH_KNOTS('',1,(#4175,#4176),.UNSPECIFIED.,.F.,
  .F.,(2,2),(-28.15,-27.15),.PIECEWISE_BEZIER_KNOTS.);
#4175 = CARTESIAN_POINT('',(2.,1.));
#4176 = CARTESIAN_POINT('',(2.,0.));
#4177 = ( GEOMETRIC_REPRESENTATION_CONTEXT(2) 
PARAMETRIC_REPRESENTATION_CONTEXT() REPRESENTATION_CONTEXT('2D SPACE',''
  ) );
#4178 = ORIENTED_EDGE('',*,*,#4179,.F.);
#4179 = EDGE_CURVE('',#4100,#4154,#4180,.T.);
#4180 = SURFACE_CURVE('',#4181,(#4185,#4191),.PCURVE_S1.);
#4181 = LINE('',#4182,#4183);
#4182 = CARTESIAN_POINT('',(27.3,-19.75,2.));
#4183 = VECTOR('',#4184,1.);
#4184 = DIRECTION('',(0.,1.,0.));
#4185 = PCURVE('',#1522,#4186);
#4186 = DEFINITIONAL_REPRESENTATION('',(#4187),#4190);
#4187 = B_SPLINE_CURVE_WITH_KNOTS('',1,(#4188,#4189),.UNSPECIFIED.,.F.,
  .F.,(2,2),(20.25,25.25),.PIECEWISE_BEZIER_KNOTS.);
#4188 = CARTESIAN_POINT('',(55.3,40.5));
#4189 = CARTESIAN_POINT('',(55.3,45.5));
#4190 = ( GEOMETRIC_REPRESENTATION_CONTEXT(2) 
PARAMETRIC_REPRESENTATION_CONTEXT() REPRESENTATION_CONTEXT('2D SPACE',''
  ) );
#4191 = PCURVE('',#4192,#4197);
#4192 = PLANE('',#4193);
#4193 = AXIS2_PLACEMENT_3D('',#4194,#4195,#4196);
#4194 = CARTESIAN_POINT('',(27.3,0.5,0.));
#4195 = DIRECTION('',(1.,0.,0.));
#4196 = DIRECTION('',(0.,0.,1.));
#4197 = DEFINITIONAL_REPRESENTATION('',(#4198),#4201);
#4198 = B_SPLINE_CURVE_WITH_KNOTS('',1,(#4199,#4200),.UNSPECIFIED.,.F.,
  .F.,(2,2),(20.25,25.25),.PIECEWISE_BEZIER_KNOTS.);
#4199 = CARTESIAN_POINT('',(2.,0.));
#4200 = CARTESIAN_POINT('',(2.,-5.));
#4201 = ( GEOMETRIC_REPRESENTATION_CONTEXT(2) 
PARAMETRIC_REPRESENTATION_CONTEXT() REPRESENTATION_CONTEXT('2D SPACE',''
  ) );
#4202 = FACE_BOUND('',#4203,.T.);
#4203 = EDGE_LOOP('',(#4204,#4232,#4258,#4284));
#4204 = ORIENTED_EDGE('',*,*,#4205,.T.);
#4205 = EDGE_CURVE('',#4206,#4208,#4210,.T.);
#4206 = VERTEX_POINT('',#4207);
#4207 = CARTESIAN_POINT('',(24.1,-1.,2.));
#4208 = VERTEX_POINT('',#4209);
#4209 = CARTESIAN_POINT('',(21.9,-1.,2.));
#4210 = SURFACE_CURVE('',#4211,(#4215,#4221),.PCURVE_S1.);
#4211 = LINE('',#4212,#4213);
#4212 = CARTESIAN_POINT('',(-3.05,-1.,2.));
#4213 = VECTOR('',#4214,1.);
#4214 = DIRECTION('',(-1.,0.,0.));
#4215 = PCURVE('',#1522,#4216);
#4216 = DEFINITIONAL_REPRESENTATION('',(#4217),#4220);
#4217 = B_SPLINE_CURVE_WITH_KNOTS('',1,(#4218,#4219),.UNSPECIFIED.,.F.,
  .F.,(2,2),(-27.15,-24.95),.PIECEWISE_BEZIER_KNOTS.);
#4218 = CARTESIAN_POINT('',(52.1,39.));
#4219 = CARTESIAN_POINT('',(49.9,39.));
#4220 = ( GEOMETRIC_REPRESENTATION_CONTEXT(2) 
PARAMETRIC_REPRESENTATION_CONTEXT() REPRESENTATION_CONTEXT('2D SPACE',''
  ) );
#4221 = PCURVE('',#4222,#4227);
#4222 = PLANE('',#4223);
#4223 = AXIS2_PLACEMENT_3D('',#4224,#4225,#4226);
#4224 = CARTESIAN_POINT('',(21.9,-1.,0.));
#4225 = DIRECTION('',(0.,1.,0.));
#4226 = DIRECTION('',(0.,0.,1.));
#4227 = DEFINITIONAL_REPRESENTATION('',(#4228),#4231);
#4228 = B_SPLINE_CURVE_WITH_KNOTS('',1,(#4229,#4230),.UNSPECIFIED.,.F.,
  .F.,(2,2),(-27.15,-24.95),.PIECEWISE_BEZIER_KNOTS.);
#4229 = CARTESIAN_POINT('',(2.,2.2));
#4230 = CARTESIAN_POINT('',(2.,0.));
#4231 = ( GEOMETRIC_REPRESENTATION_CONTEXT(2) 
PARAMETRIC_REPRESENTATION_CONTEXT() REPRESENTATION_CONTEXT('2D SPACE',''
  ) );
#4232 = ORIENTED_EDGE('',*,*,#4233,.T.);
#4233 = EDGE_CURVE('',#4208,#4234,#4236,.T.);
#4234 = VERTEX_POINT('',#4235);
#4235 = CARTESIAN_POINT('',(21.9,29.,2.));
#4236 = SURFACE_CURVE('',#4237,(#4241,#4247),.PCURVE_S1.);
#4237 = LINE('',#4238,#4239);
#4238 = CARTESIAN_POINT('',(21.9,-20.5,2.));
#4239 = VECTOR('',#4240,1.);
#4240 = DIRECTION('',(0.,1.,0.));
#4241 = PCURVE('',#1522,#4242);
#4242 = DEFINITIONAL_REPRESENTATION('',(#4243),#4246);
#4243 = B_SPLINE_CURVE_WITH_KNOTS('',1,(#4244,#4245),.UNSPECIFIED.,.F.,
  .F.,(2,2),(19.5,49.5),.PIECEWISE_BEZIER_KNOTS.);
#4244 = CARTESIAN_POINT('',(49.9,39.));
#4245 = CARTESIAN_POINT('',(49.9,69.));
#4246 = ( GEOMETRIC_REPRESENTATION_CONTEXT(2) 
PARAMETRIC_REPRESENTATION_CONTEXT() REPRESENTATION_CONTEXT('2D SPACE',''
  ) );
#4247 = PCURVE('',#4248,#4253);
#4248 = PLANE('',#4249);
#4249 = AXIS2_PLACEMENT_3D('',#4250,#4251,#4252);
#4250 = CARTESIAN_POINT('',(21.9,-1.,0.));
#4251 = DIRECTION('',(1.,0.,0.));
#4252 = DIRECTION('',(0.,0.,1.));
#4253 = DEFINITIONAL_REPRESENTATION('',(#4254),#4257);
#4254 = B_SPLINE_CURVE_WITH_KNOTS('',1,(#4255,#4256),.UNSPECIFIED.,.F.,
  .F.,(2,2),(19.5,49.5),.PIECEWISE_BEZIER_KNOTS.);
#4255 = CARTESIAN_POINT('',(2.,0.));
#4256 = CARTESIAN_POINT('',(2.,-30.));
#4257 = ( GEOMETRIC_REPRESENTATION_CONTEXT(2) 
PARAMETRIC_REPRESENTATION_CONTEXT() REPRESENTATION_CONTEXT('2D SPACE',''
  ) );
#4258 = ORIENTED_EDGE('',*,*,#4259,.F.);
#4259 = EDGE_CURVE('',#4260,#4234,#4262,.T.);
#4260 = VERTEX_POINT('',#4261);
#4261 = CARTESIAN_POINT('',(24.1,29.,2.));
#4262 = SURFACE_CURVE('',#4263,(#4267,#4273),.PCURVE_S1.);
#4263 = LINE('',#4264,#4265);
#4264 = CARTESIAN_POINT('',(-3.05,29.,2.));
#4265 = VECTOR('',#4266,1.);
#4266 = DIRECTION('',(-1.,0.,0.));
#4267 = PCURVE('',#1522,#4268);
#4268 = DEFINITIONAL_REPRESENTATION('',(#4269),#4272);
#4269 = B_SPLINE_CURVE_WITH_KNOTS('',1,(#4270,#4271),.UNSPECIFIED.,.F.,
  .F.,(2,2),(-27.15,-24.95),.PIECEWISE_BEZIER_KNOTS.);
#4270 = CARTESIAN_POINT('',(52.1,69.));
#4271 = CARTESIAN_POINT('',(49.9,69.));
#4272 = ( GEOMETRIC_REPRESENTATION_CONTEXT(2) 
PARAMETRIC_REPRESENTATION_CONTEXT() REPRESENTATION_CONTEXT('2D SPACE',''
  ) );
#4273 = PCURVE('',#4274,#4279);
#4274 = PLANE('',#4275);
#4275 = AXIS2_PLACEMENT_3D('',#4276,#4277,#4278);
#4276 = CARTESIAN_POINT('',(21.9,29.,0.));
#4277 = DIRECTION('',(0.,1.,0.));
#4278 = DIRECTION('',(0.,0.,1.));
#4279 = DEFINITIONAL_REPRESENTATION('',(#4280),#4283);
#4280 = B_SPLINE_CURVE_WITH_KNOTS('',1,(#4281,#4282),.UNSPECIFIED.,.F.,
  .F.,(2,2),(-27.15,-24.95),.PIECEWISE_BEZIER_KNOTS.);
#4281 = CARTESIAN_POINT('',(2.,2.2));
#4282 = CARTESIAN_POINT('',(2.,0.));
#4283 = ( GEOMETRIC_REPRESENTATION_CONTEXT(2) 
PARAMETRIC_REPRESENTATION_CONTEXT() REPRESENTATION_CONTEXT('2D SPACE',''
  ) );
#4284 = ORIENTED_EDGE('',*,*,#4285,.F.);
#4285 = EDGE_CURVE('',#4206,#4260,#4286,.T.);
#4286 = SURFACE_CURVE('',#4287,(#4291,#4297),.PCURVE_S1.);
#4287 = LINE('',#4288,#4289);
#4288 = CARTESIAN_POINT('',(24.1,-20.5,2.));
#4289 = VECTOR('',#4290,1.);
#4290 = DIRECTION('',(0.,1.,0.));
#4291 = PCURVE('',#1522,#4292);
#4292 = DEFINITIONAL_REPRESENTATION('',(#4293),#4296);
#4293 = B_SPLINE_CURVE_WITH_KNOTS('',1,(#4294,#4295),.UNSPECIFIED.,.F.,
  .F.,(2,2),(19.5,49.5),.PIECEWISE_BEZIER_KNOTS.);
#4294 = CARTESIAN_POINT('',(52.1,39.));
#4295 = CARTESIAN_POINT('',(52.1,69.));
#4296 = ( GEOMETRIC_REPRESENTATION_CONTEXT(2) 
PARAMETRIC_REPRESENTATION_CONTEXT() REPRESENTATION_CONTEXT('2D SPACE',''
  ) );
#4297 = PCURVE('',#4298,#4303);
#4298 = PLANE('',#4299);
#4299 = AXIS2_PLACEMENT_3D('',#4300,#4301,#4302);
#4300 = CARTESIAN_POINT('',(24.1,-1.,0.));
#4301 = DIRECTION('',(1.,0.,0.));
#4302 = DIRECTION('',(0.,0.,1.));
#4303 = DEFINITIONAL_REPRESENTATION('',(#4304),#4307);
#4304 = B_SPLINE_CURVE_WITH_KNOTS('',1,(#4305,#4306),.UNSPECIFIED.,.F.,
  .F.,(2,2),(19.5,49.5),.PIECEWISE_BEZIER_KNOTS.);
#4305 = CARTESIAN_POINT('',(2.,0.));
#4306 = CARTESIAN_POINT('',(2.,-30.));
#4307 = ( GEOMETRIC_REPRESENTATION_CONTEXT(2) 
PARAMETRIC_REPRESENTATION_CONTEXT() REPRESENTATION_CONTEXT('2D SPACE',''
  ) );
#4308 = FACE_BOUND('',#4309,.T.);
#4309 = EDGE_LOOP('',(#4310,#4338,#4364,#4390));
#4310 = ORIENTED_EDGE('',*,*,#4311,.T.);
#4311 = EDGE_CURVE('',#4312,#4314,#4316,.T.);
#4312 = VERTEX_POINT('',#4313);
#4313 = CARTESIAN_POINT('',(20.,31.6,2.));
#4314 = VERTEX_POINT('',#4315);
#4315 = CARTESIAN_POINT('',(8.,31.6,2.));
#4316 = SURFACE_CURVE('',#4317,(#4321,#4327),.PCURVE_S1.);
#4317 = LINE('',#4318,#4319);
#4318 = CARTESIAN_POINT('',(-10.,31.6,2.));
#4319 = VECTOR('',#4320,1.);
#4320 = DIRECTION('',(-1.,0.,0.));
#4321 = PCURVE('',#1522,#4322);
#4322 = DEFINITIONAL_REPRESENTATION('',(#4323),#4326);
#4323 = B_SPLINE_CURVE_WITH_KNOTS('',1,(#4324,#4325),.UNSPECIFIED.,.F.,
  .F.,(2,2),(-30.,-18.),.PIECEWISE_BEZIER_KNOTS.);
#4324 = CARTESIAN_POINT('',(48.,71.6));
#4325 = CARTESIAN_POINT('',(36.,71.6));
#4326 = ( GEOMETRIC_REPRESENTATION_CONTEXT(2) 
PARAMETRIC_REPRESENTATION_CONTEXT() REPRESENTATION_CONTEXT('2D SPACE',''
  ) );
#4327 = PCURVE('',#4328,#4333);
#4328 = PLANE('',#4329);
#4329 = AXIS2_PLACEMENT_3D('',#4330,#4331,#4332);
#4330 = CARTESIAN_POINT('',(8.,31.6,0.));
#4331 = DIRECTION('',(0.,1.,0.));
#4332 = DIRECTION('',(0.,0.,1.));
#4333 = DEFINITIONAL_REPRESENTATION('',(#4334),#4337);
#4334 = B_SPLINE_CURVE_WITH_KNOTS('',1,(#4335,#4336),.UNSPECIFIED.,.F.,
  .F.,(2,2),(-30.,-18.),.PIECEWISE_BEZIER_KNOTS.);
#4335 = CARTESIAN_POINT('',(2.,12.));
#4336 = CARTESIAN_POINT('',(2.,0.));
#4337 = ( GEOMETRIC_REPRESENTATION_CONTEXT(2) 
PARAMETRIC_REPRESENTATION_CONTEXT() REPRESENTATION_CONTEXT('2D SPACE',''
  ) );
#4338 = ORIENTED_EDGE('',*,*,#4339,.T.);
#4339 = EDGE_CURVE('',#4314,#4340,#4342,.T.);
#4340 = VERTEX_POINT('',#4341);
#4341 = CARTESIAN_POINT('',(8.,32.6,2.));
#4342 = SURFACE_CURVE('',#4343,(#4347,#4353),.PCURVE_S1.);
#4343 = LINE('',#4344,#4345);
#4344 = CARTESIAN_POINT('',(8.,-4.2,2.));
#4345 = VECTOR('',#4346,1.);
#4346 = DIRECTION('',(0.,1.,0.));
#4347 = PCURVE('',#1522,#4348);
#4348 = DEFINITIONAL_REPRESENTATION('',(#4349),#4352);
#4349 = B_SPLINE_CURVE_WITH_KNOTS('',1,(#4350,#4351),.UNSPECIFIED.,.F.,
  .F.,(2,2),(35.8,36.8),.PIECEWISE_BEZIER_KNOTS.);
#4350 = CARTESIAN_POINT('',(36.,71.6));
#4351 = CARTESIAN_POINT('',(36.,72.6));
#4352 = ( GEOMETRIC_REPRESENTATION_CONTEXT(2) 
PARAMETRIC_REPRESENTATION_CONTEXT() REPRESENTATION_CONTEXT('2D SPACE',''
  ) );
#4353 = PCURVE('',#4354,#4359);
#4354 = PLANE('',#4355);
#4355 = AXIS2_PLACEMENT_3D('',#4356,#4357,#4358);
#4356 = CARTESIAN_POINT('',(8.,31.6,0.));
#4357 = DIRECTION('',(1.,0.,0.));
#4358 = DIRECTION('',(0.,0.,1.));
#4359 = DEFINITIONAL_REPRESENTATION('',(#4360),#4363);
#4360 = B_SPLINE_CURVE_WITH_KNOTS('',1,(#4361,#4362),.UNSPECIFIED.,.F.,
  .F.,(2,2),(35.8,36.8),.PIECEWISE_BEZIER_KNOTS.);
#4361 = CARTESIAN_POINT('',(2.,0.));
#4362 = CARTESIAN_POINT('',(2.,-1.));
#4363 = ( GEOMETRIC_REPRESENTATION_CONTEXT(2) 
PARAMETRIC_REPRESENTATION_CONTEXT() REPRESENTATION_CONTEXT('2D SPACE',''
  ) );
#4364 = ORIENTED_EDGE('',*,*,#4365,.F.);
#4365 = EDGE_CURVE('',#4366,#4340,#4368,.T.);
#4366 = VERTEX_POINT('',#4367);
#4367 = CARTESIAN_POINT('',(20.,32.6,2.));
#4368 = SURFACE_CURVE('',#4369,(#4373,#4379),.PCURVE_S1.);
#4369 = LINE('',#4370,#4371);
#4370 = CARTESIAN_POINT('',(-10.,32.6,2.));
#4371 = VECTOR('',#4372,1.);
#4372 = DIRECTION('',(-1.,0.,0.));
#4373 = PCURVE('',#1522,#4374);
#4374 = DEFINITIONAL_REPRESENTATION('',(#4375),#4378);
#4375 = B_SPLINE_CURVE_WITH_KNOTS('',1,(#4376,#4377),.UNSPECIFIED.,.F.,
  .F.,(2,2),(-30.,-18.),.PIECEWISE_BEZIER_KNOTS.);
#4376 = CARTESIAN_POINT('',(48.,72.6));
#4377 = CARTESIAN_POINT('',(36.,72.6));
#4378 = ( GEOMETRIC_REPRESENTATION_CONTEXT(2) 
PARAMETRIC_REPRESENTATION_CONTEXT() REPRESENTATION_CONTEXT('2D SPACE',''
  ) );
#4379 = PCURVE('',#4380,#4385);
#4380 = PLANE('',#4381);
#4381 = AXIS2_PLACEMENT_3D('',#4382,#4383,#4384);
#4382 = CARTESIAN_POINT('',(8.,32.6,0.));
#4383 = DIRECTION('',(0.,1.,0.));
#4384 = DIRECTION('',(0.,0.,1.));
#4385 = DEFINITIONAL_REPRESENTATION('',(#4386),#4389);
#4386 = B_SPLINE_CURVE_WITH_KNOTS('',1,(#4387,#4388),.UNSPECIFIED.,.F.,
  .F.,(2,2),(-30.,-18.),.PIECEWISE_BEZIER_KNOTS.);
#4387 = CARTESIAN_POINT('',(2.,12.));
#4388 = CARTESIAN_POINT('',(2.,0.));
#4389 = ( GEOMETRIC_REPRESENTATION_CONTEXT(2) 
PARAMETRIC_REPRESENTATION_CONTEXT() REPRESENTATION_CONTEXT('2D SPACE',''
  ) );
#4390 = ORIENTED_EDGE('',*,*,#4391,.F.);
#4391 = EDGE_CURVE('',#4312,#4366,#4392,.T.);
#4392 = SURFACE_CURVE('',#4393,(#4397,#4403),.PCURVE_S1.);
#4393 = LINE('',#4394,#4395);
#4394 = CARTESIAN_POINT('',(20.,-4.2,2.));
#4395 = VECTOR('',#4396,1.);
#4396 = DIRECTION('',(0.,1.,0.));
#4397 = PCURVE('',#1522,#4398);
#4398 = DEFINITIONAL_REPRESENTATION('',(#4399),#4402);
#4399 = B_SPLINE_CURVE_WITH_KNOTS('',1,(#4400,#4401),.UNSPECIFIED.,.F.,
  .F.,(2,2),(35.8,36.8),.PIECEWISE_BEZIER_KNOTS.);
#4400 = CARTESIAN_POINT('',(48.,71.6));
#4401 = CARTESIAN_POINT('',(48.,72.6));
#4402 = ( GEOMETRIC_REPRESENTATION_CONTEXT(2) 
PARAMETRIC_REPRESENTATION_CONTEXT() REPRESENTATION_CONTEXT('2D SPACE',''
  ) );
#4403 = PCURVE('',#4404,#4409);
#4404 = PLANE('',#4405);
#4405 = AXIS2_PLACEMENT_3D('',#4406,#4407,#4408);
#4406 = CARTESIAN_POINT('',(20.,31.6,0.));
#4407 = DIRECTION('',(1.,0.,0.));
#4408 = DIRECTION('',(0.,0.,1.));
#4409 = DEFINITIONAL_REPRESENTATION('',(#4410),#4413);
#4410 = B_SPLINE_CURVE_WITH_KNOTS('',1,(#4411,#4412),.UNSPECIFIED.,.F.,
  .F.,(2,2),(35.8,36.8),.PIECEWISE_BEZIER_KNOTS.);
#4411 = CARTESIAN_POINT('',(2.,0.));
#4412 = CARTESIAN_POINT('',(2.,-1.));
#4413 = ( GEOMETRIC_REPRESENTATION_CONTEXT(2) 
PARAMETRIC_REPRESENTATION_CONTEXT() REPRESENTATION_CONTEXT('2D SPACE',''
  ) );
#4414 = FACE_BOUND('',#4415,.T.);
#4415 = EDGE_LOOP('',(#4416,#4444,#4470,#4496));
#4416 = ORIENTED_EDGE('',*,*,#4417,.T.);
#4417 = EDGE_CURVE('',#4418,#4420,#4422,.T.);
#4418 = VERTEX_POINT('',#4419);
#4419 = CARTESIAN_POINT('',(27.3,22.5,2.));
#4420 = VERTEX_POINT('',#4421);
#4421 = CARTESIAN_POINT('',(26.3,22.5,2.));
#4422 = SURFACE_CURVE('',#4423,(#4427,#4433),.PCURVE_S1.);
#4423 = LINE('',#4424,#4425);
#4424 = CARTESIAN_POINT('',(-0.85,22.5,2.));
#4425 = VECTOR('',#4426,1.);
#4426 = DIRECTION('',(-1.,0.,0.));
#4427 = PCURVE('',#1522,#4428);
#4428 = DEFINITIONAL_REPRESENTATION('',(#4429),#4432);
#4429 = B_SPLINE_CURVE_WITH_KNOTS('',1,(#4430,#4431),.UNSPECIFIED.,.F.,
  .F.,(2,2),(-28.15,-27.15),.PIECEWISE_BEZIER_KNOTS.);
#4430 = CARTESIAN_POINT('',(55.3,62.5));
#4431 = CARTESIAN_POINT('',(54.3,62.5));
#4432 = ( GEOMETRIC_REPRESENTATION_CONTEXT(2) 
PARAMETRIC_REPRESENTATION_CONTEXT() REPRESENTATION_CONTEXT('2D SPACE',''
  ) );
#4433 = PCURVE('',#4434,#4439);
#4434 = PLANE('',#4435);
#4435 = AXIS2_PLACEMENT_3D('',#4436,#4437,#4438);
#4436 = CARTESIAN_POINT('',(26.3,22.5,0.));
#4437 = DIRECTION('',(0.,1.,0.));
#4438 = DIRECTION('',(0.,0.,1.));
#4439 = DEFINITIONAL_REPRESENTATION('',(#4440),#4443);
#4440 = B_SPLINE_CURVE_WITH_KNOTS('',1,(#4441,#4442),.UNSPECIFIED.,.F.,
  .F.,(2,2),(-28.15,-27.15),.PIECEWISE_BEZIER_KNOTS.);
#4441 = CARTESIAN_POINT('',(2.,1.));
#4442 = CARTESIAN_POINT('',(2.,0.));
#4443 = ( GEOMETRIC_REPRESENTATION_CONTEXT(2) 
PARAMETRIC_REPRESENTATION_CONTEXT() REPRESENTATION_CONTEXT('2D SPACE',''
  ) );
#4444 = ORIENTED_EDGE('',*,*,#4445,.T.);
#4445 = EDGE_CURVE('',#4420,#4446,#4448,.T.);
#4446 = VERTEX_POINT('',#4447);
#4447 = CARTESIAN_POINT('',(26.3,27.5,2.));
#4448 = SURFACE_CURVE('',#4449,(#4453,#4459),.PCURVE_S1.);
#4449 = LINE('',#4450,#4451);
#4450 = CARTESIAN_POINT('',(26.3,-8.75,2.));
#4451 = VECTOR('',#4452,1.);
#4452 = DIRECTION('',(0.,1.,0.));
#4453 = PCURVE('',#1522,#4454);
#4454 = DEFINITIONAL_REPRESENTATION('',(#4455),#4458);
#4455 = B_SPLINE_CURVE_WITH_KNOTS('',1,(#4456,#4457),.UNSPECIFIED.,.F.,
  .F.,(2,2),(31.25,36.25),.PIECEWISE_BEZIER_KNOTS.);
#4456 = CARTESIAN_POINT('',(54.3,62.5));
#4457 = CARTESIAN_POINT('',(54.3,67.5));
#4458 = ( GEOMETRIC_REPRESENTATION_CONTEXT(2) 
PARAMETRIC_REPRESENTATION_CONTEXT() REPRESENTATION_CONTEXT('2D SPACE',''
  ) );
#4459 = PCURVE('',#4460,#4465);
#4460 = PLANE('',#4461);
#4461 = AXIS2_PLACEMENT_3D('',#4462,#4463,#4464);
#4462 = CARTESIAN_POINT('',(26.3,22.5,0.));
#4463 = DIRECTION('',(1.,0.,0.));
#4464 = DIRECTION('',(0.,0.,1.));
#4465 = DEFINITIONAL_REPRESENTATION('',(#4466),#4469);
#4466 = B_SPLINE_CURVE_WITH_KNOTS('',1,(#4467,#4468),.UNSPECIFIED.,.F.,
  .F.,(2,2),(31.25,36.25),.PIECEWISE_BEZIER_KNOTS.);
#4467 = CARTESIAN_POINT('',(2.,0.));
#4468 = CARTESIAN_POINT('',(2.,-5.));
#4469 = ( GEOMETRIC_REPRESENTATION_CONTEXT(2) 
PARAMETRIC_REPRESENTATION_CONTEXT() REPRESENTATION_CONTEXT('2D SPACE',''
  ) );
#4470 = ORIENTED_EDGE('',*,*,#4471,.F.);
#4471 = EDGE_CURVE('',#4472,#4446,#4474,.T.);
#4472 = VERTEX_POINT('',#4473);
#4473 = CARTESIAN_POINT('',(27.3,27.5,2.));
#4474 = SURFACE_CURVE('',#4475,(#4479,#4485),.PCURVE_S1.);
#4475 = LINE('',#4476,#4477);
#4476 = CARTESIAN_POINT('',(-0.85,27.5,2.));
#4477 = VECTOR('',#4478,1.);
#4478 = DIRECTION('',(-1.,0.,0.));
#4479 = PCURVE('',#1522,#4480);
#4480 = DEFINITIONAL_REPRESENTATION('',(#4481),#4484);
#4481 = B_SPLINE_CURVE_WITH_KNOTS('',1,(#4482,#4483),.UNSPECIFIED.,.F.,
  .F.,(2,2),(-28.15,-27.15),.PIECEWISE_BEZIER_KNOTS.);
#4482 = CARTESIAN_POINT('',(55.3,67.5));
#4483 = CARTESIAN_POINT('',(54.3,67.5));
#4484 = ( GEOMETRIC_REPRESENTATION_CONTEXT(2) 
PARAMETRIC_REPRESENTATION_CONTEXT() REPRESENTATION_CONTEXT('2D SPACE',''
  ) );
#4485 = PCURVE('',#4486,#4491);
#4486 = PLANE('',#4487);
#4487 = AXIS2_PLACEMENT_3D('',#4488,#4489,#4490);
#4488 = CARTESIAN_POINT('',(26.3,27.5,0.));
#4489 = DIRECTION('',(0.,1.,0.));
#4490 = DIRECTION('',(0.,0.,1.));
#4491 = DEFINITIONAL_REPRESENTATION('',(#4492),#4495);
#4492 = B_SPLINE_CURVE_WITH_KNOTS('',1,(#4493,#4494),.UNSPECIFIED.,.F.,
  .F.,(2,2),(-28.15,-27.15),.PIECEWISE_BEZIER_KNOTS.);
#4493 = CARTESIAN_POINT('',(2.,1.));
#4494 = CARTESIAN_POINT('',(2.,0.));
#4495 = ( GEOMETRIC_REPRESENTATION_CONTEXT(2) 
PARAMETRIC_REPRESENTATION_CONTEXT() REPRESENTATION_CONTEXT('2D SPACE',''
  ) );
#4496 = ORIENTED_EDGE('',*,*,#4497,.F.);
#4497 = EDGE_CURVE('',#4418,#4472,#4498,.T.);
#4498 = SURFACE_CURVE('',#4499,(#4503,#4509),.PCURVE_S1.);
#4499 = LINE('',#4500,#4501);
#4500 = CARTESIAN_POINT('',(27.3,-8.75,2.));
#4501 = VECTOR('',#4502,1.);
#4502 = DIRECTION('',(0.,1.,0.));
#4503 = PCURVE('',#1522,#4504);
#4504 = DEFINITIONAL_REPRESENTATION('',(#4505),#4508);
#4505 = B_SPLINE_CURVE_WITH_KNOTS('',1,(#4506,#4507),.UNSPECIFIED.,.F.,
  .F.,(2,2),(31.25,36.25),.PIECEWISE_BEZIER_KNOTS.);
#4506 = CARTESIAN_POINT('',(55.3,62.5));
#4507 = CARTESIAN_POINT('',(55.3,67.5));
#4508 = ( GEOMETRIC_REPRESENTATION_CONTEXT(2) 
PARAMETRIC_REPRESENTATION_CONTEXT() REPRESENTATION_CONTEXT('2D SPACE',''
  ) );
#4509 = PCURVE('',#4510,#4515);
#4510 = PLANE('',#4511);
#4511 = AXIS2_PLACEMENT_3D('',#4512,#4513,#4514);
#4512 = CARTESIAN_POINT('',(27.3,22.5,0.));
#4513 = DIRECTION('',(1.,0.,0.));
#4514 = DIRECTION('',(0.,0.,1.));
#4515 = DEFINITIONAL_REPRESENTATION('',(#4516),#4519);
#4516 = B_SPLINE_CURVE_WITH_KNOTS('',1,(#4517,#4518),.UNSPECIFIED.,.F.,
  .F.,(2,2),(31.25,36.25),.PIECEWISE_BEZIER_KNOTS.);
#4517 = CARTESIAN_POINT('',(2.,0.));
#4518 = CARTESIAN_POINT('',(2.,-5.));
#4519 = ( GEOMETRIC_REPRESENTATION_CONTEXT(2) 
PARAMETRIC_REPRESENTATION_CONTEXT() REPRESENTATION_CONTEXT('2D SPACE',''
  ) );
#4520 = ADVANCED_FACE('',(#4521),#1843,.T.);
#4521 = FACE_BOUND('',#4522,.T.);
#4522 = EDGE_LOOP('',(#4523,#4544,#4545,#4566));
#4523 = ORIENTED_EDGE('',*,*,#4524,.F.);
#4524 = EDGE_CURVE('',#2320,#1827,#4525,.T.);
#4525 = SURFACE_CURVE('',#4526,(#4530,#4537),.PCURVE_S1.);
#4526 = LINE('',#4527,#4528);
#4527 = CARTESIAN_POINT('',(-3.5,-4.,4.));
#4528 = VECTOR('',#4529,1.);
#4529 = DIRECTION('',(1.,0.,0.));
#4530 = PCURVE('',#1843,#4531);
#4531 = DEFINITIONAL_REPRESENTATION('',(#4532),#4536);
#4532 = LINE('',#4533,#4534);
#4533 = CARTESIAN_POINT('',(0.,8.));
#4534 = VECTOR('',#4535,1.);
#4535 = DIRECTION('',(1.,0.));
#4536 = ( GEOMETRIC_REPRESENTATION_CONTEXT(2) 
PARAMETRIC_REPRESENTATION_CONTEXT() REPRESENTATION_CONTEXT('2D SPACE',''
  ) );
#4537 = PCURVE('',#1919,#4538);
#4538 = DEFINITIONAL_REPRESENTATION('',(#4539),#4543);
#4539 = LINE('',#4540,#4541);
#4540 = CARTESIAN_POINT('',(0.,0.));
#4541 = VECTOR('',#4542,1.);
#4542 = DIRECTION('',(0.,1.));
#4543 = ( GEOMETRIC_REPRESENTATION_CONTEXT(2) 
PARAMETRIC_REPRESENTATION_CONTEXT() REPRESENTATION_CONTEXT('2D SPACE',''
  ) );
#4544 = ORIENTED_EDGE('',*,*,#2319,.T.);
#4545 = ORIENTED_EDGE('',*,*,#4546,.T.);
#4546 = EDGE_CURVE('',#2322,#1829,#4547,.T.);
#4547 = SURFACE_CURVE('',#4548,(#4552,#4559),.PCURVE_S1.);
#4548 = LINE('',#4549,#4550);
#4549 = CARTESIAN_POINT('',(-3.5,-12.,4.));
#4550 = VECTOR('',#4551,1.);
#4551 = DIRECTION('',(1.,0.,0.));
#4552 = PCURVE('',#1843,#4553);
#4553 = DEFINITIONAL_REPRESENTATION('',(#4554),#4558);
#4554 = LINE('',#4555,#4556);
#4555 = CARTESIAN_POINT('',(0.,0.));
#4556 = VECTOR('',#4557,1.);
#4557 = DIRECTION('',(1.,0.));
#4558 = ( GEOMETRIC_REPRESENTATION_CONTEXT(2) 
PARAMETRIC_REPRESENTATION_CONTEXT() REPRESENTATION_CONTEXT('2D SPACE',''
  ) );
#4559 = PCURVE('',#1869,#4560);
#4560 = DEFINITIONAL_REPRESENTATION('',(#4561),#4565);
#4561 = LINE('',#4562,#4563);
#4562 = CARTESIAN_POINT('',(0.,0.));
#4563 = VECTOR('',#4564,1.);
#4564 = DIRECTION('',(0.,1.));
#4565 = ( GEOMETRIC_REPRESENTATION_CONTEXT(2) 
PARAMETRIC_REPRESENTATION_CONTEXT() REPRESENTATION_CONTEXT('2D SPACE',''
  ) );
#4566 = ORIENTED_EDGE('',*,*,#1826,.F.);
#4567 = ADVANCED_FACE('',(#4568),#1919,.F.);
#4568 = FACE_BOUND('',#4569,.F.);
#4569 = EDGE_LOOP('',(#4570,#4571,#4572,#4593));
#4570 = ORIENTED_EDGE('',*,*,#4524,.F.);
#4571 = ORIENTED_EDGE('',*,*,#2384,.T.);
#4572 = ORIENTED_EDGE('',*,*,#4573,.T.);
#4573 = EDGE_CURVE('',#2364,#1881,#4574,.T.);
#4574 = SURFACE_CURVE('',#4575,(#4579,#4586),.PCURVE_S1.);
#4575 = LINE('',#4576,#4577);
#4576 = CARTESIAN_POINT('',(-3.5,-4.,10.));
#4577 = VECTOR('',#4578,1.);
#4578 = DIRECTION('',(1.,0.,0.));
#4579 = PCURVE('',#1919,#4580);
#4580 = DEFINITIONAL_REPRESENTATION('',(#4581),#4585);
#4581 = LINE('',#4582,#4583);
#4582 = CARTESIAN_POINT('',(6.,0.));
#4583 = VECTOR('',#4584,1.);
#4584 = DIRECTION('',(0.,1.));
#4585 = ( GEOMETRIC_REPRESENTATION_CONTEXT(2) 
PARAMETRIC_REPRESENTATION_CONTEXT() REPRESENTATION_CONTEXT('2D SPACE',''
  ) );
#4586 = PCURVE('',#1895,#4587);
#4587 = DEFINITIONAL_REPRESENTATION('',(#4588),#4592);
#4588 = LINE('',#4589,#4590);
#4589 = CARTESIAN_POINT('',(0.,8.));
#4590 = VECTOR('',#4591,1.);
#4591 = DIRECTION('',(1.,0.));
#4592 = ( GEOMETRIC_REPRESENTATION_CONTEXT(2) 
PARAMETRIC_REPRESENTATION_CONTEXT() REPRESENTATION_CONTEXT('2D SPACE',''
  ) );
#4593 = ORIENTED_EDGE('',*,*,#1906,.F.);
#4594 = ADVANCED_FACE('',(#4595),#1869,.T.);
#4595 = FACE_BOUND('',#4596,.T.);
#4596 = EDGE_LOOP('',(#4597,#4598,#4599,#4620));
#4597 = ORIENTED_EDGE('',*,*,#4546,.F.);
#4598 = ORIENTED_EDGE('',*,*,#2342,.T.);
#4599 = ORIENTED_EDGE('',*,*,#4600,.T.);
#4600 = EDGE_CURVE('',#2343,#1855,#4601,.T.);
#4601 = SURFACE_CURVE('',#4602,(#4606,#4613),.PCURVE_S1.);
#4602 = LINE('',#4603,#4604);
#4603 = CARTESIAN_POINT('',(-3.5,-12.,10.));
#4604 = VECTOR('',#4605,1.);
#4605 = DIRECTION('',(1.,0.,0.));
#4606 = PCURVE('',#1869,#4607);
#4607 = DEFINITIONAL_REPRESENTATION('',(#4608),#4612);
#4608 = LINE('',#4609,#4610);
#4609 = CARTESIAN_POINT('',(6.,0.));
#4610 = VECTOR('',#4611,1.);
#4611 = DIRECTION('',(0.,1.));
#4612 = ( GEOMETRIC_REPRESENTATION_CONTEXT(2) 
PARAMETRIC_REPRESENTATION_CONTEXT() REPRESENTATION_CONTEXT('2D SPACE',''
  ) );
#4613 = PCURVE('',#1895,#4614);
#4614 = DEFINITIONAL_REPRESENTATION('',(#4615),#4619);
#4615 = LINE('',#4616,#4617);
#4616 = CARTESIAN_POINT('',(0.,0.));
#4617 = VECTOR('',#4618,1.);
#4618 = DIRECTION('',(1.,0.));
#4619 = ( GEOMETRIC_REPRESENTATION_CONTEXT(2) 
PARAMETRIC_REPRESENTATION_CONTEXT() REPRESENTATION_CONTEXT('2D SPACE',''
  ) );
#4620 = ORIENTED_EDGE('',*,*,#1854,.F.);
#4621 = ADVANCED_FACE('',(#4622),#1895,.F.);
#4622 = FACE_BOUND('',#4623,.F.);
#4623 = EDGE_LOOP('',(#4624,#4625,#4626,#4627));
#4624 = ORIENTED_EDGE('',*,*,#4573,.F.);
#4625 = ORIENTED_EDGE('',*,*,#2363,.T.);
#4626 = ORIENTED_EDGE('',*,*,#4600,.T.);
#4627 = ORIENTED_EDGE('',*,*,#1880,.F.);
#4628 = ADVANCED_FACE('',(#4629),#2018,.F.);
#4629 = FACE_BOUND('',#4630,.F.);
#4630 = EDGE_LOOP('',(#4631,#4654,#4655,#4656));
#4631 = ORIENTED_EDGE('',*,*,#4632,.F.);
#4632 = EDGE_CURVE('',#1980,#4633,#4635,.T.);
#4633 = VERTEX_POINT('',#4634);
#4634 = CARTESIAN_POINT('',(5.8,-38.05,13.6));
#4635 = SURFACE_CURVE('',#4636,(#4640,#4647),.PCURVE_S1.);
#4636 = LINE('',#4637,#4638);
#4637 = CARTESIAN_POINT('',(5.8,-40.05,13.6));
#4638 = VECTOR('',#4639,1.);
#4639 = DIRECTION('',(0.,1.,0.));
#4640 = PCURVE('',#2018,#4641);
#4641 = DEFINITIONAL_REPRESENTATION('',(#4642),#4646);
#4642 = LINE('',#4643,#4644);
#4643 = CARTESIAN_POINT('',(13.6,0.));
#4644 = VECTOR('',#4645,1.);
#4645 = DIRECTION('',(0.,-1.));
#4646 = ( GEOMETRIC_REPRESENTATION_CONTEXT(2) 
PARAMETRIC_REPRESENTATION_CONTEXT() REPRESENTATION_CONTEXT('2D SPACE',''
  ) );
#4647 = PCURVE('',#1994,#4648);
#4648 = DEFINITIONAL_REPRESENTATION('',(#4649),#4653);
#4649 = LINE('',#4650,#4651);
#4650 = CARTESIAN_POINT('',(0.,0.));
#4651 = VECTOR('',#4652,1.);
#4652 = DIRECTION('',(0.,1.));
#4653 = ( GEOMETRIC_REPRESENTATION_CONTEXT(2) 
PARAMETRIC_REPRESENTATION_CONTEXT() REPRESENTATION_CONTEXT('2D SPACE',''
  ) );
#4654 = ORIENTED_EDGE('',*,*,#2005,.T.);
#4655 = ORIENTED_EDGE('',*,*,#2891,.T.);
#4656 = ORIENTED_EDGE('',*,*,#4657,.T.);
#4657 = EDGE_CURVE('',#2892,#4633,#4658,.T.);
#4658 = SURFACE_CURVE('',#4659,(#4663,#4670),.PCURVE_S1.);
#4659 = LINE('',#4660,#4661);
#4660 = CARTESIAN_POINT('',(5.8,-38.05,0.));
#4661 = VECTOR('',#4662,1.);
#4662 = DIRECTION('',(0.,0.,1.));
#4663 = PCURVE('',#2018,#4664);
#4664 = DEFINITIONAL_REPRESENTATION('',(#4665),#4669);
#4665 = LINE('',#4666,#4667);
#4666 = CARTESIAN_POINT('',(0.,-2.));
#4667 = VECTOR('',#4668,1.);
#4668 = DIRECTION('',(1.,0.));
#4669 = ( GEOMETRIC_REPRESENTATION_CONTEXT(2) 
PARAMETRIC_REPRESENTATION_CONTEXT() REPRESENTATION_CONTEXT('2D SPACE',''
  ) );
#4670 = PCURVE('',#2071,#4671);
#4671 = DEFINITIONAL_REPRESENTATION('',(#4672),#4676);
#4672 = LINE('',#4673,#4674);
#4673 = CARTESIAN_POINT('',(0.,0.));
#4674 = VECTOR('',#4675,1.);
#4675 = DIRECTION('',(1.,0.));
#4676 = ( GEOMETRIC_REPRESENTATION_CONTEXT(2) 
PARAMETRIC_REPRESENTATION_CONTEXT() REPRESENTATION_CONTEXT('2D SPACE',''
  ) );
#4677 = ADVANCED_FACE('',(#4678),#1994,.T.);
#4678 = FACE_BOUND('',#4679,.T.);
#4679 = EDGE_LOOP('',(#4680,#4681,#4682,#4683));
#4680 = ORIENTED_EDGE('',*,*,#4632,.F.);
#4681 = ORIENTED_EDGE('',*,*,#1979,.T.);
#4682 = ORIENTED_EDGE('',*,*,#2082,.T.);
#4683 = ORIENTED_EDGE('',*,*,#4684,.F.);
#4684 = EDGE_CURVE('',#4633,#2057,#4685,.T.);
#4685 = SURFACE_CURVE('',#4686,(#4690,#4697),.PCURVE_S1.);
#4686 = LINE('',#4687,#4688);
#4687 = CARTESIAN_POINT('',(5.8,-38.05,13.6));
#4688 = VECTOR('',#4689,1.);
#4689 = DIRECTION('',(1.,0.,0.));
#4690 = PCURVE('',#1994,#4691);
#4691 = DEFINITIONAL_REPRESENTATION('',(#4692),#4696);
#4692 = LINE('',#4693,#4694);
#4693 = CARTESIAN_POINT('',(0.,2.));
#4694 = VECTOR('',#4695,1.);
#4695 = DIRECTION('',(1.,0.));
#4696 = ( GEOMETRIC_REPRESENTATION_CONTEXT(2) 
PARAMETRIC_REPRESENTATION_CONTEXT() REPRESENTATION_CONTEXT('2D SPACE',''
  ) );
#4697 = PCURVE('',#2071,#4698);
#4698 = DEFINITIONAL_REPRESENTATION('',(#4699),#4703);
#4699 = LINE('',#4700,#4701);
#4700 = CARTESIAN_POINT('',(13.6,0.));
#4701 = VECTOR('',#4702,1.);
#4702 = DIRECTION('',(0.,1.));
#4703 = ( GEOMETRIC_REPRESENTATION_CONTEXT(2) 
PARAMETRIC_REPRESENTATION_CONTEXT() REPRESENTATION_CONTEXT('2D SPACE',''
  ) );
#4704 = ADVANCED_FACE('',(#4705),#2071,.T.);
#4705 = FACE_BOUND('',#4706,.T.);
#4706 = EDGE_LOOP('',(#4707,#4728,#4729,#4730,#4731,#4732));
#4707 = ORIENTED_EDGE('',*,*,#4708,.F.);
#4708 = EDGE_CURVE('',#2913,#2690,#4709,.T.);
#4709 = SURFACE_CURVE('',#4710,(#4714,#4721),.PCURVE_S1.);
#4710 = LINE('',#4711,#4712);
#4711 = CARTESIAN_POINT('',(8.6,-38.05,0.));
#4712 = VECTOR('',#4713,1.);
#4713 = DIRECTION('',(0.,0.,1.));
#4714 = PCURVE('',#2071,#4715);
#4715 = DEFINITIONAL_REPRESENTATION('',(#4716),#4720);
#4716 = LINE('',#4717,#4718);
#4717 = CARTESIAN_POINT('',(0.,2.8));
#4718 = VECTOR('',#4719,1.);
#4719 = DIRECTION('',(1.,0.));
#4720 = ( GEOMETRIC_REPRESENTATION_CONTEXT(2) 
PARAMETRIC_REPRESENTATION_CONTEXT() REPRESENTATION_CONTEXT('2D SPACE',''
  ) );
#4721 = PCURVE('',#2704,#4722);
#4722 = DEFINITIONAL_REPRESENTATION('',(#4723),#4727);
#4723 = LINE('',#4724,#4725);
#4724 = CARTESIAN_POINT('',(0.,-2.));
#4725 = VECTOR('',#4726,1.);
#4726 = DIRECTION('',(1.,0.));
#4727 = ( GEOMETRIC_REPRESENTATION_CONTEXT(2) 
PARAMETRIC_REPRESENTATION_CONTEXT() REPRESENTATION_CONTEXT('2D SPACE',''
  ) );
#4728 = ORIENTED_EDGE('',*,*,#2912,.T.);
#4729 = ORIENTED_EDGE('',*,*,#4657,.T.);
#4730 = ORIENTED_EDGE('',*,*,#4684,.T.);
#4731 = ORIENTED_EDGE('',*,*,#2056,.T.);
#4732 = ORIENTED_EDGE('',*,*,#2715,.T.);
#4733 = ADVANCED_FACE('',(#4734,#4742,#4848,#4954,#5060),#2173,.T.);
#4734 = FACE_BOUND('',#4735,.T.);
#4735 = EDGE_LOOP('',(#4736,#4737,#4738,#4739,#4740,#4741));
#4736 = ORIENTED_EDGE('',*,*,#2533,.F.);
#4737 = ORIENTED_EDGE('',*,*,#2559,.T.);
#4738 = ORIENTED_EDGE('',*,*,#2155,.T.);
#4739 = ORIENTED_EDGE('',*,*,#2277,.T.);
#4740 = ORIENTED_EDGE('',*,*,#2406,.F.);
#4741 = ORIENTED_EDGE('',*,*,#2478,.F.);
#4742 = FACE_BOUND('',#4743,.T.);
#4743 = EDGE_LOOP('',(#4744,#4772,#4798,#4824));
#4744 = ORIENTED_EDGE('',*,*,#4745,.T.);
#4745 = EDGE_CURVE('',#4746,#4748,#4750,.T.);
#4746 = VERTEX_POINT('',#4747);
#4747 = CARTESIAN_POINT('',(-8.5,-38.8,2.));
#4748 = VERTEX_POINT('',#4749);
#4749 = CARTESIAN_POINT('',(-24.5,-38.8,2.));
#4750 = SURFACE_CURVE('',#4751,(#4755,#4761),.PCURVE_S1.);
#4751 = LINE('',#4752,#4753);
#4752 = CARTESIAN_POINT('',(-26.25,-38.8,2.));
#4753 = VECTOR('',#4754,1.);
#4754 = DIRECTION('',(-1.,0.,0.));
#4755 = PCURVE('',#2173,#4756);
#4756 = DEFINITIONAL_REPRESENTATION('',(#4757),#4760);
#4757 = B_SPLINE_CURVE_WITH_KNOTS('',1,(#4758,#4759),.UNSPECIFIED.,.F.,
  .F.,(2,2),(-17.75,-1.75),.PIECEWISE_BEZIER_KNOTS.);
#4758 = CARTESIAN_POINT('',(19.5,1.2));
#4759 = CARTESIAN_POINT('',(3.5,1.2));
#4760 = ( GEOMETRIC_REPRESENTATION_CONTEXT(2) 
PARAMETRIC_REPRESENTATION_CONTEXT() REPRESENTATION_CONTEXT('2D SPACE',''
  ) );
#4761 = PCURVE('',#4762,#4767);
#4762 = PLANE('',#4763);
#4763 = AXIS2_PLACEMENT_3D('',#4764,#4765,#4766);
#4764 = CARTESIAN_POINT('',(-24.5,-38.8,0.));
#4765 = DIRECTION('',(0.,1.,0.));
#4766 = DIRECTION('',(0.,0.,1.));
#4767 = DEFINITIONAL_REPRESENTATION('',(#4768),#4771);
#4768 = B_SPLINE_CURVE_WITH_KNOTS('',1,(#4769,#4770),.UNSPECIFIED.,.F.,
  .F.,(2,2),(-17.75,-1.75),.PIECEWISE_BEZIER_KNOTS.);
#4769 = CARTESIAN_POINT('',(2.,16.));
#4770 = CARTESIAN_POINT('',(2.,0.));
#4771 = ( GEOMETRIC_REPRESENTATION_CONTEXT(2) 
PARAMETRIC_REPRESENTATION_CONTEXT() REPRESENTATION_CONTEXT('2D SPACE',''
  ) );
#4772 = ORIENTED_EDGE('',*,*,#4773,.T.);
#4773 = EDGE_CURVE('',#4748,#4774,#4776,.T.);
#4774 = VERTEX_POINT('',#4775);
#4775 = CARTESIAN_POINT('',(-24.5,-37.8,2.));
#4776 = SURFACE_CURVE('',#4777,(#4781,#4787),.PCURVE_S1.);
#4777 = LINE('',#4778,#4779);
#4778 = CARTESIAN_POINT('',(-24.5,-39.4,2.));
#4779 = VECTOR('',#4780,1.);
#4780 = DIRECTION('',(0.,1.,0.));
#4781 = PCURVE('',#2173,#4782);
#4782 = DEFINITIONAL_REPRESENTATION('',(#4783),#4786);
#4783 = B_SPLINE_CURVE_WITH_KNOTS('',1,(#4784,#4785),.UNSPECIFIED.,.F.,
  .F.,(2,2),(0.6,1.6),.PIECEWISE_BEZIER_KNOTS.);
#4784 = CARTESIAN_POINT('',(3.5,1.2));
#4785 = CARTESIAN_POINT('',(3.5,2.2));
#4786 = ( GEOMETRIC_REPRESENTATION_CONTEXT(2) 
PARAMETRIC_REPRESENTATION_CONTEXT() REPRESENTATION_CONTEXT('2D SPACE',''
  ) );
#4787 = PCURVE('',#4788,#4793);
#4788 = PLANE('',#4789);
#4789 = AXIS2_PLACEMENT_3D('',#4790,#4791,#4792);
#4790 = CARTESIAN_POINT('',(-24.5,-38.8,0.));
#4791 = DIRECTION('',(1.,0.,0.));
#4792 = DIRECTION('',(0.,0.,1.));
#4793 = DEFINITIONAL_REPRESENTATION('',(#4794),#4797);
#4794 = B_SPLINE_CURVE_WITH_KNOTS('',1,(#4795,#4796),.UNSPECIFIED.,.F.,
  .F.,(2,2),(0.6,1.6),.PIECEWISE_BEZIER_KNOTS.);
#4795 = CARTESIAN_POINT('',(2.,0.));
#4796 = CARTESIAN_POINT('',(2.,-1.));
#4797 = ( GEOMETRIC_REPRESENTATION_CONTEXT(2) 
PARAMETRIC_REPRESENTATION_CONTEXT() REPRESENTATION_CONTEXT('2D SPACE',''
  ) );
#4798 = ORIENTED_EDGE('',*,*,#4799,.F.);
#4799 = EDGE_CURVE('',#4800,#4774,#4802,.T.);
#4800 = VERTEX_POINT('',#4801);
#4801 = CARTESIAN_POINT('',(-8.5,-37.8,2.));
#4802 = SURFACE_CURVE('',#4803,(#4807,#4813),.PCURVE_S1.);
#4803 = LINE('',#4804,#4805);
#4804 = CARTESIAN_POINT('',(-26.25,-37.8,2.));
#4805 = VECTOR('',#4806,1.);
#4806 = DIRECTION('',(-1.,0.,0.));
#4807 = PCURVE('',#2173,#4808);
#4808 = DEFINITIONAL_REPRESENTATION('',(#4809),#4812);
#4809 = B_SPLINE_CURVE_WITH_KNOTS('',1,(#4810,#4811),.UNSPECIFIED.,.F.,
  .F.,(2,2),(-17.75,-1.75),.PIECEWISE_BEZIER_KNOTS.);
#4810 = CARTESIAN_POINT('',(19.5,2.2));
#4811 = CARTESIAN_POINT('',(3.5,2.2));
#4812 = ( GEOMETRIC_REPRESENTATION_CONTEXT(2) 
PARAMETRIC_REPRESENTATION_CONTEXT() REPRESENTATION_CONTEXT('2D SPACE',''
  ) );
#4813 = PCURVE('',#4814,#4819);
#4814 = PLANE('',#4815);
#4815 = AXIS2_PLACEMENT_3D('',#4816,#4817,#4818);
#4816 = CARTESIAN_POINT('',(-24.5,-37.8,0.));
#4817 = DIRECTION('',(0.,1.,0.));
#4818 = DIRECTION('',(0.,0.,1.));
#4819 = DEFINITIONAL_REPRESENTATION('',(#4820),#4823);
#4820 = B_SPLINE_CURVE_WITH_KNOTS('',1,(#4821,#4822),.UNSPECIFIED.,.F.,
  .F.,(2,2),(-17.75,-1.75),.PIECEWISE_BEZIER_KNOTS.);
#4821 = CARTESIAN_POINT('',(2.,16.));
#4822 = CARTESIAN_POINT('',(2.,0.));
#4823 = ( GEOMETRIC_REPRESENTATION_CONTEXT(2) 
PARAMETRIC_REPRESENTATION_CONTEXT() REPRESENTATION_CONTEXT('2D SPACE',''
  ) );
#4824 = ORIENTED_EDGE('',*,*,#4825,.F.);
#4825 = EDGE_CURVE('',#4746,#4800,#4826,.T.);
#4826 = SURFACE_CURVE('',#4827,(#4831,#4837),.PCURVE_S1.);
#4827 = LINE('',#4828,#4829);
#4828 = CARTESIAN_POINT('',(-8.5,-39.4,2.));
#4829 = VECTOR('',#4830,1.);
#4830 = DIRECTION('',(0.,1.,0.));
#4831 = PCURVE('',#2173,#4832);
#4832 = DEFINITIONAL_REPRESENTATION('',(#4833),#4836);
#4833 = B_SPLINE_CURVE_WITH_KNOTS('',1,(#4834,#4835),.UNSPECIFIED.,.F.,
  .F.,(2,2),(0.6,1.6),.PIECEWISE_BEZIER_KNOTS.);
#4834 = CARTESIAN_POINT('',(19.5,1.2));
#4835 = CARTESIAN_POINT('',(19.5,2.2));
#4836 = ( GEOMETRIC_REPRESENTATION_CONTEXT(2) 
PARAMETRIC_REPRESENTATION_CONTEXT() REPRESENTATION_CONTEXT('2D SPACE',''
  ) );
#4837 = PCURVE('',#4838,#4843);
#4838 = PLANE('',#4839);
#4839 = AXIS2_PLACEMENT_3D('',#4840,#4841,#4842);
#4840 = CARTESIAN_POINT('',(-8.5,-38.8,0.));
#4841 = DIRECTION('',(1.,0.,0.));
#4842 = DIRECTION('',(0.,0.,1.));
#4843 = DEFINITIONAL_REPRESENTATION('',(#4844),#4847);
#4844 = B_SPLINE_CURVE_WITH_KNOTS('',1,(#4845,#4846),.UNSPECIFIED.,.F.,
  .F.,(2,2),(0.6,1.6),.PIECEWISE_BEZIER_KNOTS.);
#4845 = CARTESIAN_POINT('',(2.,0.));
#4846 = CARTESIAN_POINT('',(2.,-1.));
#4847 = ( GEOMETRIC_REPRESENTATION_CONTEXT(2) 
PARAMETRIC_REPRESENTATION_CONTEXT() REPRESENTATION_CONTEXT('2D SPACE',''
  ) );
#4848 = FACE_BOUND('',#4849,.T.);
#4849 = EDGE_LOOP('',(#4850,#4878,#4904,#4930));
#4850 = ORIENTED_EDGE('',*,*,#4851,.T.);
#4851 = EDGE_CURVE('',#4852,#4854,#4856,.T.);
#4852 = VERTEX_POINT('',#4853);
#4853 = CARTESIAN_POINT('',(-4.2,-31.,2.));
#4854 = VERTEX_POINT('',#4855);
#4855 = CARTESIAN_POINT('',(-5.2,-31.,2.));
#4856 = SURFACE_CURVE('',#4857,(#4861,#4867),.PCURVE_S1.);
#4857 = LINE('',#4858,#4859);
#4858 = CARTESIAN_POINT('',(-16.6,-31.,2.));
#4859 = VECTOR('',#4860,1.);
#4860 = DIRECTION('',(-1.,0.,0.));
#4861 = PCURVE('',#2173,#4862);
#4862 = DEFINITIONAL_REPRESENTATION('',(#4863),#4866);
#4863 = B_SPLINE_CURVE_WITH_KNOTS('',1,(#4864,#4865),.UNSPECIFIED.,.F.,
  .F.,(2,2),(-12.4,-11.4),.PIECEWISE_BEZIER_KNOTS.);
#4864 = CARTESIAN_POINT('',(23.8,9.));
#4865 = CARTESIAN_POINT('',(22.8,9.));
#4866 = ( GEOMETRIC_REPRESENTATION_CONTEXT(2) 
PARAMETRIC_REPRESENTATION_CONTEXT() REPRESENTATION_CONTEXT('2D SPACE',''
  ) );
#4867 = PCURVE('',#4868,#4873);
#4868 = PLANE('',#4869);
#4869 = AXIS2_PLACEMENT_3D('',#4870,#4871,#4872);
#4870 = CARTESIAN_POINT('',(-5.2,-31.,0.));
#4871 = DIRECTION('',(0.,1.,0.));
#4872 = DIRECTION('',(0.,0.,1.));
#4873 = DEFINITIONAL_REPRESENTATION('',(#4874),#4877);
#4874 = B_SPLINE_CURVE_WITH_KNOTS('',1,(#4875,#4876),.UNSPECIFIED.,.F.,
  .F.,(2,2),(-12.4,-11.4),.PIECEWISE_BEZIER_KNOTS.);
#4875 = CARTESIAN_POINT('',(2.,1.));
#4876 = CARTESIAN_POINT('',(2.,0.));
#4877 = ( GEOMETRIC_REPRESENTATION_CONTEXT(2) 
PARAMETRIC_REPRESENTATION_CONTEXT() REPRESENTATION_CONTEXT('2D SPACE',''
  ) );
#4878 = ORIENTED_EDGE('',*,*,#4879,.T.);
#4879 = EDGE_CURVE('',#4854,#4880,#4882,.T.);
#4880 = VERTEX_POINT('',#4881);
#4881 = CARTESIAN_POINT('',(-5.2,-21.,2.));
#4882 = SURFACE_CURVE('',#4883,(#4887,#4893),.PCURVE_S1.);
#4883 = LINE('',#4884,#4885);
#4884 = CARTESIAN_POINT('',(-5.2,-35.5,2.));
#4885 = VECTOR('',#4886,1.);
#4886 = DIRECTION('',(0.,1.,0.));
#4887 = PCURVE('',#2173,#4888);
#4888 = DEFINITIONAL_REPRESENTATION('',(#4889),#4892);
#4889 = B_SPLINE_CURVE_WITH_KNOTS('',1,(#4890,#4891),.UNSPECIFIED.,.F.,
  .F.,(2,2),(4.5,14.5),.PIECEWISE_BEZIER_KNOTS.);
#4890 = CARTESIAN_POINT('',(22.8,9.));
#4891 = CARTESIAN_POINT('',(22.8,19.));
#4892 = ( GEOMETRIC_REPRESENTATION_CONTEXT(2) 
PARAMETRIC_REPRESENTATION_CONTEXT() REPRESENTATION_CONTEXT('2D SPACE',''
  ) );
#4893 = PCURVE('',#4894,#4899);
#4894 = PLANE('',#4895);
#4895 = AXIS2_PLACEMENT_3D('',#4896,#4897,#4898);
#4896 = CARTESIAN_POINT('',(-5.2,-31.,0.));
#4897 = DIRECTION('',(1.,0.,0.));
#4898 = DIRECTION('',(0.,0.,1.));
#4899 = DEFINITIONAL_REPRESENTATION('',(#4900),#4903);
#4900 = B_SPLINE_CURVE_WITH_KNOTS('',1,(#4901,#4902),.UNSPECIFIED.,.F.,
  .F.,(2,2),(4.5,14.5),.PIECEWISE_BEZIER_KNOTS.);
#4901 = CARTESIAN_POINT('',(2.,0.));
#4902 = CARTESIAN_POINT('',(2.,-10.));
#4903 = ( GEOMETRIC_REPRESENTATION_CONTEXT(2) 
PARAMETRIC_REPRESENTATION_CONTEXT() REPRESENTATION_CONTEXT('2D SPACE',''
  ) );
#4904 = ORIENTED_EDGE('',*,*,#4905,.F.);
#4905 = EDGE_CURVE('',#4906,#4880,#4908,.T.);
#4906 = VERTEX_POINT('',#4907);
#4907 = CARTESIAN_POINT('',(-4.2,-21.,2.));
#4908 = SURFACE_CURVE('',#4909,(#4913,#4919),.PCURVE_S1.);
#4909 = LINE('',#4910,#4911);
#4910 = CARTESIAN_POINT('',(-16.6,-21.,2.));
#4911 = VECTOR('',#4912,1.);
#4912 = DIRECTION('',(-1.,0.,0.));
#4913 = PCURVE('',#2173,#4914);
#4914 = DEFINITIONAL_REPRESENTATION('',(#4915),#4918);
#4915 = B_SPLINE_CURVE_WITH_KNOTS('',1,(#4916,#4917),.UNSPECIFIED.,.F.,
  .F.,(2,2),(-12.4,-11.4),.PIECEWISE_BEZIER_KNOTS.);
#4916 = CARTESIAN_POINT('',(23.8,19.));
#4917 = CARTESIAN_POINT('',(22.8,19.));
#4918 = ( GEOMETRIC_REPRESENTATION_CONTEXT(2) 
PARAMETRIC_REPRESENTATION_CONTEXT() REPRESENTATION_CONTEXT('2D SPACE',''
  ) );
#4919 = PCURVE('',#4920,#4925);
#4920 = PLANE('',#4921);
#4921 = AXIS2_PLACEMENT_3D('',#4922,#4923,#4924);
#4922 = CARTESIAN_POINT('',(-5.2,-21.,0.));
#4923 = DIRECTION('',(0.,1.,0.));
#4924 = DIRECTION('',(0.,0.,1.));
#4925 = DEFINITIONAL_REPRESENTATION('',(#4926),#4929);
#4926 = B_SPLINE_CURVE_WITH_KNOTS('',1,(#4927,#4928),.UNSPECIFIED.,.F.,
  .F.,(2,2),(-12.4,-11.4),.PIECEWISE_BEZIER_KNOTS.);
#4927 = CARTESIAN_POINT('',(2.,1.));
#4928 = CARTESIAN_POINT('',(2.,0.));
#4929 = ( GEOMETRIC_REPRESENTATION_CONTEXT(2) 
PARAMETRIC_REPRESENTATION_CONTEXT() REPRESENTATION_CONTEXT('2D SPACE',''
  ) );
#4930 = ORIENTED_EDGE('',*,*,#4931,.F.);
#4931 = EDGE_CURVE('',#4852,#4906,#4932,.T.);
#4932 = SURFACE_CURVE('',#4933,(#4937,#4943),.PCURVE_S1.);
#4933 = LINE('',#4934,#4935);
#4934 = CARTESIAN_POINT('',(-4.2,-35.5,2.));
#4935 = VECTOR('',#4936,1.);
#4936 = DIRECTION('',(0.,1.,0.));
#4937 = PCURVE('',#2173,#4938);
#4938 = DEFINITIONAL_REPRESENTATION('',(#4939),#4942);
#4939 = B_SPLINE_CURVE_WITH_KNOTS('',1,(#4940,#4941),.UNSPECIFIED.,.F.,
  .F.,(2,2),(4.5,14.5),.PIECEWISE_BEZIER_KNOTS.);
#4940 = CARTESIAN_POINT('',(23.8,9.));
#4941 = CARTESIAN_POINT('',(23.8,19.));
#4942 = ( GEOMETRIC_REPRESENTATION_CONTEXT(2) 
PARAMETRIC_REPRESENTATION_CONTEXT() REPRESENTATION_CONTEXT('2D SPACE',''
  ) );
#4943 = PCURVE('',#4944,#4949);
#4944 = PLANE('',#4945);
#4945 = AXIS2_PLACEMENT_3D('',#4946,#4947,#4948);
#4946 = CARTESIAN_POINT('',(-4.2,-31.,0.));
#4947 = DIRECTION('',(1.,0.,0.));
#4948 = DIRECTION('',(0.,0.,1.));
#4949 = DEFINITIONAL_REPRESENTATION('',(#4950),#4953);
#4950 = B_SPLINE_CURVE_WITH_KNOTS('',1,(#4951,#4952),.UNSPECIFIED.,.F.,
  .F.,(2,2),(4.5,14.5),.PIECEWISE_BEZIER_KNOTS.);
#4951 = CARTESIAN_POINT('',(2.,0.));
#4952 = CARTESIAN_POINT('',(2.,-10.));
#4953 = ( GEOMETRIC_REPRESENTATION_CONTEXT(2) 
PARAMETRIC_REPRESENTATION_CONTEXT() REPRESENTATION_CONTEXT('2D SPACE',''
  ) );
#4954 = FACE_BOUND('',#4955,.T.);
#4955 = EDGE_LOOP('',(#4956,#4984,#5010,#5036));
#4956 = ORIENTED_EDGE('',*,*,#4957,.T.);
#4957 = EDGE_CURVE('',#4958,#4960,#4962,.T.);
#4958 = VERTEX_POINT('',#4959);
#4959 = CARTESIAN_POINT('',(-8.5,37.8,2.));
#4960 = VERTEX_POINT('',#4961);
#4961 = CARTESIAN_POINT('',(-24.5,37.8,2.));
#4962 = SURFACE_CURVE('',#4963,(#4967,#4973),.PCURVE_S1.);
#4963 = LINE('',#4964,#4965);
#4964 = CARTESIAN_POINT('',(-26.25,37.8,2.));
#4965 = VECTOR('',#4966,1.);
#4966 = DIRECTION('',(-1.,0.,0.));
#4967 = PCURVE('',#2173,#4968);
#4968 = DEFINITIONAL_REPRESENTATION('',(#4969),#4972);
#4969 = B_SPLINE_CURVE_WITH_KNOTS('',1,(#4970,#4971),.UNSPECIFIED.,.F.,
  .F.,(2,2),(-17.75,-1.75),.PIECEWISE_BEZIER_KNOTS.);
#4970 = CARTESIAN_POINT('',(19.5,77.8));
#4971 = CARTESIAN_POINT('',(3.5,77.8));
#4972 = ( GEOMETRIC_REPRESENTATION_CONTEXT(2) 
PARAMETRIC_REPRESENTATION_CONTEXT() REPRESENTATION_CONTEXT('2D SPACE',''
  ) );
#4973 = PCURVE('',#4974,#4979);
#4974 = PLANE('',#4975);
#4975 = AXIS2_PLACEMENT_3D('',#4976,#4977,#4978);
#4976 = CARTESIAN_POINT('',(-24.5,37.8,0.));
#4977 = DIRECTION('',(0.,1.,0.));
#4978 = DIRECTION('',(0.,0.,1.));
#4979 = DEFINITIONAL_REPRESENTATION('',(#4980),#4983);
#4980 = B_SPLINE_CURVE_WITH_KNOTS('',1,(#4981,#4982),.UNSPECIFIED.,.F.,
  .F.,(2,2),(-17.75,-1.75),.PIECEWISE_BEZIER_KNOTS.);
#4981 = CARTESIAN_POINT('',(2.,16.));
#4982 = CARTESIAN_POINT('',(2.,0.));
#4983 = ( GEOMETRIC_REPRESENTATION_CONTEXT(2) 
PARAMETRIC_REPRESENTATION_CONTEXT() REPRESENTATION_CONTEXT('2D SPACE',''
  ) );
#4984 = ORIENTED_EDGE('',*,*,#4985,.T.);
#4985 = EDGE_CURVE('',#4960,#4986,#4988,.T.);
#4986 = VERTEX_POINT('',#4987);
#4987 = CARTESIAN_POINT('',(-24.5,38.8,2.));
#4988 = SURFACE_CURVE('',#4989,(#4993,#4999),.PCURVE_S1.);
#4989 = LINE('',#4990,#4991);
#4990 = CARTESIAN_POINT('',(-24.5,-1.1,2.));
#4991 = VECTOR('',#4992,1.);
#4992 = DIRECTION('',(0.,1.,0.));
#4993 = PCURVE('',#2173,#4994);
#4994 = DEFINITIONAL_REPRESENTATION('',(#4995),#4998);
#4995 = B_SPLINE_CURVE_WITH_KNOTS('',1,(#4996,#4997),.UNSPECIFIED.,.F.,
  .F.,(2,2),(38.9,39.9),.PIECEWISE_BEZIER_KNOTS.);
#4996 = CARTESIAN_POINT('',(3.5,77.8));
#4997 = CARTESIAN_POINT('',(3.5,78.8));
#4998 = ( GEOMETRIC_REPRESENTATION_CONTEXT(2) 
PARAMETRIC_REPRESENTATION_CONTEXT() REPRESENTATION_CONTEXT('2D SPACE',''
  ) );
#4999 = PCURVE('',#5000,#5005);
#5000 = PLANE('',#5001);
#5001 = AXIS2_PLACEMENT_3D('',#5002,#5003,#5004);
#5002 = CARTESIAN_POINT('',(-24.5,37.8,0.));
#5003 = DIRECTION('',(1.,0.,0.));
#5004 = DIRECTION('',(0.,0.,1.));
#5005 = DEFINITIONAL_REPRESENTATION('',(#5006),#5009);
#5006 = B_SPLINE_CURVE_WITH_KNOTS('',1,(#5007,#5008),.UNSPECIFIED.,.F.,
  .F.,(2,2),(38.9,39.9),.PIECEWISE_BEZIER_KNOTS.);
#5007 = CARTESIAN_POINT('',(2.,0.));
#5008 = CARTESIAN_POINT('',(2.,-1.));
#5009 = ( GEOMETRIC_REPRESENTATION_CONTEXT(2) 
PARAMETRIC_REPRESENTATION_CONTEXT() REPRESENTATION_CONTEXT('2D SPACE',''
  ) );
#5010 = ORIENTED_EDGE('',*,*,#5011,.F.);
#5011 = EDGE_CURVE('',#5012,#4986,#5014,.T.);
#5012 = VERTEX_POINT('',#5013);
#5013 = CARTESIAN_POINT('',(-8.5,38.8,2.));
#5014 = SURFACE_CURVE('',#5015,(#5019,#5025),.PCURVE_S1.);
#5015 = LINE('',#5016,#5017);
#5016 = CARTESIAN_POINT('',(-26.25,38.8,2.));
#5017 = VECTOR('',#5018,1.);
#5018 = DIRECTION('',(-1.,0.,0.));
#5019 = PCURVE('',#2173,#5020);
#5020 = DEFINITIONAL_REPRESENTATION('',(#5021),#5024);
#5021 = B_SPLINE_CURVE_WITH_KNOTS('',1,(#5022,#5023),.UNSPECIFIED.,.F.,
  .F.,(2,2),(-17.75,-1.75),.PIECEWISE_BEZIER_KNOTS.);
#5022 = CARTESIAN_POINT('',(19.5,78.8));
#5023 = CARTESIAN_POINT('',(3.5,78.8));
#5024 = ( GEOMETRIC_REPRESENTATION_CONTEXT(2) 
PARAMETRIC_REPRESENTATION_CONTEXT() REPRESENTATION_CONTEXT('2D SPACE',''
  ) );
#5025 = PCURVE('',#5026,#5031);
#5026 = PLANE('',#5027);
#5027 = AXIS2_PLACEMENT_3D('',#5028,#5029,#5030);
#5028 = CARTESIAN_POINT('',(-24.5,38.8,0.));
#5029 = DIRECTION('',(0.,1.,0.));
#5030 = DIRECTION('',(0.,0.,1.));
#5031 = DEFINITIONAL_REPRESENTATION('',(#5032),#5035);
#5032 = B_SPLINE_CURVE_WITH_KNOTS('',1,(#5033,#5034),.UNSPECIFIED.,.F.,
  .F.,(2,2),(-17.75,-1.75),.PIECEWISE_BEZIER_KNOTS.);
#5033 = CARTESIAN_POINT('',(2.,16.));
#5034 = CARTESIAN_POINT('',(2.,0.));
#5035 = ( GEOMETRIC_REPRESENTATION_CONTEXT(2) 
PARAMETRIC_REPRESENTATION_CONTEXT() REPRESENTATION_CONTEXT('2D SPACE',''
  ) );
#5036 = ORIENTED_EDGE('',*,*,#5037,.F.);
#5037 = EDGE_CURVE('',#4958,#5012,#5038,.T.);
#5038 = SURFACE_CURVE('',#5039,(#5043,#5049),.PCURVE_S1.);
#5039 = LINE('',#5040,#5041);
#5040 = CARTESIAN_POINT('',(-8.5,-1.1,2.));
#5041 = VECTOR('',#5042,1.);
#5042 = DIRECTION('',(0.,1.,0.));
#5043 = PCURVE('',#2173,#5044);
#5044 = DEFINITIONAL_REPRESENTATION('',(#5045),#5048);
#5045 = B_SPLINE_CURVE_WITH_KNOTS('',1,(#5046,#5047),.UNSPECIFIED.,.F.,
  .F.,(2,2),(38.9,39.9),.PIECEWISE_BEZIER_KNOTS.);
#5046 = CARTESIAN_POINT('',(19.5,77.8));
#5047 = CARTESIAN_POINT('',(19.5,78.8));
#5048 = ( GEOMETRIC_REPRESENTATION_CONTEXT(2) 
PARAMETRIC_REPRESENTATION_CONTEXT() REPRESENTATION_CONTEXT('2D SPACE',''
  ) );
#5049 = PCURVE('',#5050,#5055);
#5050 = PLANE('',#5051);
#5051 = AXIS2_PLACEMENT_3D('',#5052,#5053,#5054);
#5052 = CARTESIAN_POINT('',(-8.5,37.8,0.));
#5053 = DIRECTION('',(1.,0.,0.));
#5054 = DIRECTION('',(0.,0.,1.));
#5055 = DEFINITIONAL_REPRESENTATION('',(#5056),#5059);
#5056 = B_SPLINE_CURVE_WITH_KNOTS('',1,(#5057,#5058),.UNSPECIFIED.,.F.,
  .F.,(2,2),(38.9,39.9),.PIECEWISE_BEZIER_KNOTS.);
#5057 = CARTESIAN_POINT('',(2.,0.));
#5058 = CARTESIAN_POINT('',(2.,-1.));
#5059 = ( GEOMETRIC_REPRESENTATION_CONTEXT(2) 
PARAMETRIC_REPRESENTATION_CONTEXT() REPRESENTATION_CONTEXT('2D SPACE',''
  ) );
#5060 = FACE_BOUND('',#5061,.T.);
#5061 = EDGE_LOOP('',(#5062,#5090,#5116,#5142));
#5062 = ORIENTED_EDGE('',*,*,#5063,.T.);
#5063 = EDGE_CURVE('',#5064,#5066,#5068,.T.);
#5064 = VERTEX_POINT('',#5065);
#5065 = CARTESIAN_POINT('',(-4.2,21.,2.));
#5066 = VERTEX_POINT('',#5067);
#5067 = CARTESIAN_POINT('',(-5.2,21.,2.));
#5068 = SURFACE_CURVE('',#5069,(#5073,#5079),.PCURVE_S1.);
#5069 = LINE('',#5070,#5071);
#5070 = CARTESIAN_POINT('',(-16.6,21.,2.));
#5071 = VECTOR('',#5072,1.);
#5072 = DIRECTION('',(-1.,0.,0.));
#5073 = PCURVE('',#2173,#5074);
#5074 = DEFINITIONAL_REPRESENTATION('',(#5075),#5078);
#5075 = B_SPLINE_CURVE_WITH_KNOTS('',1,(#5076,#5077),.UNSPECIFIED.,.F.,
  .F.,(2,2),(-12.4,-11.4),.PIECEWISE_BEZIER_KNOTS.);
#5076 = CARTESIAN_POINT('',(23.8,61.));
#5077 = CARTESIAN_POINT('',(22.8,61.));
#5078 = ( GEOMETRIC_REPRESENTATION_CONTEXT(2) 
PARAMETRIC_REPRESENTATION_CONTEXT() REPRESENTATION_CONTEXT('2D SPACE',''
  ) );
#5079 = PCURVE('',#5080,#5085);
#5080 = PLANE('',#5081);
#5081 = AXIS2_PLACEMENT_3D('',#5082,#5083,#5084);
#5082 = CARTESIAN_POINT('',(-5.2,21.,0.));
#5083 = DIRECTION('',(0.,1.,0.));
#5084 = DIRECTION('',(0.,0.,1.));
#5085 = DEFINITIONAL_REPRESENTATION('',(#5086),#5089);
#5086 = B_SPLINE_CURVE_WITH_KNOTS('',1,(#5087,#5088),.UNSPECIFIED.,.F.,
  .F.,(2,2),(-12.4,-11.4),.PIECEWISE_BEZIER_KNOTS.);
#5087 = CARTESIAN_POINT('',(2.,1.));
#5088 = CARTESIAN_POINT('',(2.,0.));
#5089 = ( GEOMETRIC_REPRESENTATION_CONTEXT(2) 
PARAMETRIC_REPRESENTATION_CONTEXT() REPRESENTATION_CONTEXT('2D SPACE',''
  ) );
#5090 = ORIENTED_EDGE('',*,*,#5091,.T.);
#5091 = EDGE_CURVE('',#5066,#5092,#5094,.T.);
#5092 = VERTEX_POINT('',#5093);
#5093 = CARTESIAN_POINT('',(-5.2,31.,2.));
#5094 = SURFACE_CURVE('',#5095,(#5099,#5105),.PCURVE_S1.);
#5095 = LINE('',#5096,#5097);
#5096 = CARTESIAN_POINT('',(-5.2,-9.5,2.));
#5097 = VECTOR('',#5098,1.);
#5098 = DIRECTION('',(0.,1.,0.));
#5099 = PCURVE('',#2173,#5100);
#5100 = DEFINITIONAL_REPRESENTATION('',(#5101),#5104);
#5101 = B_SPLINE_CURVE_WITH_KNOTS('',1,(#5102,#5103),.UNSPECIFIED.,.F.,
  .F.,(2,2),(30.5,40.5),.PIECEWISE_BEZIER_KNOTS.);
#5102 = CARTESIAN_POINT('',(22.8,61.));
#5103 = CARTESIAN_POINT('',(22.8,71.));
#5104 = ( GEOMETRIC_REPRESENTATION_CONTEXT(2) 
PARAMETRIC_REPRESENTATION_CONTEXT() REPRESENTATION_CONTEXT('2D SPACE',''
  ) );
#5105 = PCURVE('',#5106,#5111);
#5106 = PLANE('',#5107);
#5107 = AXIS2_PLACEMENT_3D('',#5108,#5109,#5110);
#5108 = CARTESIAN_POINT('',(-5.2,21.,0.));
#5109 = DIRECTION('',(1.,0.,0.));
#5110 = DIRECTION('',(0.,0.,1.));
#5111 = DEFINITIONAL_REPRESENTATION('',(#5112),#5115);
#5112 = B_SPLINE_CURVE_WITH_KNOTS('',1,(#5113,#5114),.UNSPECIFIED.,.F.,
  .F.,(2,2),(30.5,40.5),.PIECEWISE_BEZIER_KNOTS.);
#5113 = CARTESIAN_POINT('',(2.,0.));
#5114 = CARTESIAN_POINT('',(2.,-10.));
#5115 = ( GEOMETRIC_REPRESENTATION_CONTEXT(2) 
PARAMETRIC_REPRESENTATION_CONTEXT() REPRESENTATION_CONTEXT('2D SPACE',''
  ) );
#5116 = ORIENTED_EDGE('',*,*,#5117,.F.);
#5117 = EDGE_CURVE('',#5118,#5092,#5120,.T.);
#5118 = VERTEX_POINT('',#5119);
#5119 = CARTESIAN_POINT('',(-4.2,31.,2.));
#5120 = SURFACE_CURVE('',#5121,(#5125,#5131),.PCURVE_S1.);
#5121 = LINE('',#5122,#5123);
#5122 = CARTESIAN_POINT('',(-16.6,31.,2.));
#5123 = VECTOR('',#5124,1.);
#5124 = DIRECTION('',(-1.,0.,0.));
#5125 = PCURVE('',#2173,#5126);
#5126 = DEFINITIONAL_REPRESENTATION('',(#5127),#5130);
#5127 = B_SPLINE_CURVE_WITH_KNOTS('',1,(#5128,#5129),.UNSPECIFIED.,.F.,
  .F.,(2,2),(-12.4,-11.4),.PIECEWISE_BEZIER_KNOTS.);
#5128 = CARTESIAN_POINT('',(23.8,71.));
#5129 = CARTESIAN_POINT('',(22.8,71.));
#5130 = ( GEOMETRIC_REPRESENTATION_CONTEXT(2) 
PARAMETRIC_REPRESENTATION_CONTEXT() REPRESENTATION_CONTEXT('2D SPACE',''
  ) );
#5131 = PCURVE('',#5132,#5137);
#5132 = PLANE('',#5133);
#5133 = AXIS2_PLACEMENT_3D('',#5134,#5135,#5136);
#5134 = CARTESIAN_POINT('',(-5.2,31.,0.));
#5135 = DIRECTION('',(0.,1.,0.));
#5136 = DIRECTION('',(0.,0.,1.));
#5137 = DEFINITIONAL_REPRESENTATION('',(#5138),#5141);
#5138 = B_SPLINE_CURVE_WITH_KNOTS('',1,(#5139,#5140),.UNSPECIFIED.,.F.,
  .F.,(2,2),(-12.4,-11.4),.PIECEWISE_BEZIER_KNOTS.);
#5139 = CARTESIAN_POINT('',(2.,1.));
#5140 = CARTESIAN_POINT('',(2.,0.));
#5141 = ( GEOMETRIC_REPRESENTATION_CONTEXT(2) 
PARAMETRIC_REPRESENTATION_CONTEXT() REPRESENTATION_CONTEXT('2D SPACE',''
  ) );
#5142 = ORIENTED_EDGE('',*,*,#5143,.F.);
#5143 = EDGE_CURVE('',#5064,#5118,#5144,.T.);
#5144 = SURFACE_CURVE('',#5145,(#5149,#5155),.PCURVE_S1.);
#5145 = LINE('',#5146,#5147);
#5146 = CARTESIAN_POINT('',(-4.2,-9.5,2.));
#5147 = VECTOR('',#5148,1.);
#5148 = DIRECTION('',(0.,1.,0.));
#5149 = PCURVE('',#2173,#5150);
#5150 = DEFINITIONAL_REPRESENTATION('',(#5151),#5154);
#5151 = B_SPLINE_CURVE_WITH_KNOTS('',1,(#5152,#5153),.UNSPECIFIED.,.F.,
  .F.,(2,2),(30.5,40.5),.PIECEWISE_BEZIER_KNOTS.);
#5152 = CARTESIAN_POINT('',(23.8,61.));
#5153 = CARTESIAN_POINT('',(23.8,71.));
#5154 = ( GEOMETRIC_REPRESENTATION_CONTEXT(2) 
PARAMETRIC_REPRESENTATION_CONTEXT() REPRESENTATION_CONTEXT('2D SPACE',''
  ) );
#5155 = PCURVE('',#5156,#5161);
#5156 = PLANE('',#5157);
#5157 = AXIS2_PLACEMENT_3D('',#5158,#5159,#5160);
#5158 = CARTESIAN_POINT('',(-4.2,21.,0.));
#5159 = DIRECTION('',(1.,0.,0.));
#5160 = DIRECTION('',(0.,0.,1.));
#5161 = DEFINITIONAL_REPRESENTATION('',(#5162),#5165);
#5162 = B_SPLINE_CURVE_WITH_KNOTS('',1,(#5163,#5164),.UNSPECIFIED.,.F.,
  .F.,(2,2),(30.5,40.5),.PIECEWISE_BEZIER_KNOTS.);
#5163 = CARTESIAN_POINT('',(2.,0.));
#5164 = CARTESIAN_POINT('',(2.,-10.));
#5165 = ( GEOMETRIC_REPRESENTATION_CONTEXT(2) 
PARAMETRIC_REPRESENTATION_CONTEXT() REPRESENTATION_CONTEXT('2D SPACE',''
  ) );
#5166 = ADVANCED_FACE('',(#5167),#2704,.T.);
#5167 = FACE_BOUND('',#5168,.T.);
#5168 = EDGE_LOOP('',(#5169,#5170,#5189,#5190));
#5169 = ORIENTED_EDGE('',*,*,#2689,.T.);
#5170 = ORIENTED_EDGE('',*,*,#5171,.T.);
#5171 = EDGE_CURVE('',#2664,#2934,#5172,.T.);
#5172 = SURFACE_CURVE('',#5173,(#5177,#5183),.PCURVE_S1.);
#5173 = LINE('',#5174,#5175);
#5174 = CARTESIAN_POINT('',(8.6,-40.,1.));
#5175 = VECTOR('',#5176,1.);
#5176 = DIRECTION('',(0.,0.,-1.));
#5177 = PCURVE('',#2704,#5178);
#5178 = DEFINITIONAL_REPRESENTATION('',(#5179),#5182);
#5179 = B_SPLINE_CURVE_WITH_KNOTS('',1,(#5180,#5181),.UNSPECIFIED.,.F.,
  .F.,(2,2),(-12.6,-1.),.PIECEWISE_BEZIER_KNOTS.);
#5180 = CARTESIAN_POINT('',(13.6,-5.E-02));
#5181 = CARTESIAN_POINT('',(2.,-5.E-02));
#5182 = ( GEOMETRIC_REPRESENTATION_CONTEXT(2) 
PARAMETRIC_REPRESENTATION_CONTEXT() REPRESENTATION_CONTEXT('2D SPACE',''
  ) );
#5183 = PCURVE('',#2678,#5184);
#5184 = DEFINITIONAL_REPRESENTATION('',(#5185),#5188);
#5185 = B_SPLINE_CURVE_WITH_KNOTS('',1,(#5186,#5187),.UNSPECIFIED.,.F.,
  .F.,(2,2),(-12.6,-1.),.PIECEWISE_BEZIER_KNOTS.);
#5186 = CARTESIAN_POINT('',(11.6,36.6));
#5187 = CARTESIAN_POINT('',(0.,36.6));
#5188 = ( GEOMETRIC_REPRESENTATION_CONTEXT(2) 
PARAMETRIC_REPRESENTATION_CONTEXT() REPRESENTATION_CONTEXT('2D SPACE',''
  ) );
#5189 = ORIENTED_EDGE('',*,*,#2933,.T.);
#5190 = ORIENTED_EDGE('',*,*,#4708,.T.);
#5191 = ADVANCED_FACE('',(#5192),#2678,.T.);
#5192 = FACE_BOUND('',#5193,.T.);
#5193 = EDGE_LOOP('',(#5194,#5195,#5196,#5215));
#5194 = ORIENTED_EDGE('',*,*,#5171,.F.);
#5195 = ORIENTED_EDGE('',*,*,#2663,.T.);
#5196 = ORIENTED_EDGE('',*,*,#5197,.T.);
#5197 = EDGE_CURVE('',#2638,#2955,#5198,.T.);
#5198 = SURFACE_CURVE('',#5199,(#5203,#5209),.PCURVE_S1.);
#5199 = LINE('',#5200,#5201);
#5200 = CARTESIAN_POINT('',(19.4,-40.,1.));
#5201 = VECTOR('',#5202,1.);
#5202 = DIRECTION('',(0.,0.,-1.));
#5203 = PCURVE('',#2678,#5204);
#5204 = DEFINITIONAL_REPRESENTATION('',(#5205),#5208);
#5205 = B_SPLINE_CURVE_WITH_KNOTS('',1,(#5206,#5207),.UNSPECIFIED.,.F.,
  .F.,(2,2),(-12.6,-1.),.PIECEWISE_BEZIER_KNOTS.);
#5206 = CARTESIAN_POINT('',(11.6,47.4));
#5207 = CARTESIAN_POINT('',(0.,47.4));
#5208 = ( GEOMETRIC_REPRESENTATION_CONTEXT(2) 
PARAMETRIC_REPRESENTATION_CONTEXT() REPRESENTATION_CONTEXT('2D SPACE',''
  ) );
#5209 = PCURVE('',#2652,#5210);
#5210 = DEFINITIONAL_REPRESENTATION('',(#5211),#5214);
#5211 = B_SPLINE_CURVE_WITH_KNOTS('',1,(#5212,#5213),.UNSPECIFIED.,.F.,
  .F.,(2,2),(-12.6,-1.),.PIECEWISE_BEZIER_KNOTS.);
#5212 = CARTESIAN_POINT('',(13.6,-5.E-02));
#5213 = CARTESIAN_POINT('',(2.,-5.E-02));
#5214 = ( GEOMETRIC_REPRESENTATION_CONTEXT(2) 
PARAMETRIC_REPRESENTATION_CONTEXT() REPRESENTATION_CONTEXT('2D SPACE',''
  ) );
#5215 = ORIENTED_EDGE('',*,*,#2954,.F.);
#5216 = ADVANCED_FACE('',(#5217),#2652,.F.);
#5217 = FACE_BOUND('',#5218,.F.);
#5218 = EDGE_LOOP('',(#5219,#5220,#5221,#5222));
#5219 = ORIENTED_EDGE('',*,*,#2637,.T.);
#5220 = ORIENTED_EDGE('',*,*,#5197,.T.);
#5221 = ORIENTED_EDGE('',*,*,#2977,.T.);
#5222 = ORIENTED_EDGE('',*,*,#2837,.T.);
#5223 = ADVANCED_FACE('',(#5224),#3022,.F.);
#5224 = FACE_BOUND('',#5225,.F.);
#5225 = EDGE_LOOP('',(#5226,#5249,#5250,#5273));
#5226 = ORIENTED_EDGE('',*,*,#5227,.F.);
#5227 = EDGE_CURVE('',#3006,#5228,#5230,.T.);
#5228 = VERTEX_POINT('',#5229);
#5229 = CARTESIAN_POINT('',(4.75,-33.7,13.6));
#5230 = SURFACE_CURVE('',#5231,(#5235,#5242),.PCURVE_S1.);
#5231 = LINE('',#5232,#5233);
#5232 = CARTESIAN_POINT('',(4.75,-33.7,0.));
#5233 = VECTOR('',#5234,1.);
#5234 = DIRECTION('',(0.,0.,1.));
#5235 = PCURVE('',#3022,#5236);
#5236 = DEFINITIONAL_REPRESENTATION('',(#5237),#5241);
#5237 = LINE('',#5238,#5239);
#5238 = CARTESIAN_POINT('',(0.,2.2));
#5239 = VECTOR('',#5240,1.);
#5240 = DIRECTION('',(1.,0.));
#5241 = ( GEOMETRIC_REPRESENTATION_CONTEXT(2) 
PARAMETRIC_REPRESENTATION_CONTEXT() REPRESENTATION_CONTEXT('2D SPACE',''
  ) );
#5242 = PCURVE('',#3098,#5243);
#5243 = DEFINITIONAL_REPRESENTATION('',(#5244),#5248);
#5244 = LINE('',#5245,#5246);
#5245 = CARTESIAN_POINT('',(0.,0.));
#5246 = VECTOR('',#5247,1.);
#5247 = DIRECTION('',(1.,0.));
#5248 = ( GEOMETRIC_REPRESENTATION_CONTEXT(2) 
PARAMETRIC_REPRESENTATION_CONTEXT() REPRESENTATION_CONTEXT('2D SPACE',''
  ) );
#5249 = ORIENTED_EDGE('',*,*,#3005,.T.);
#5250 = ORIENTED_EDGE('',*,*,#5251,.T.);
#5251 = EDGE_CURVE('',#3008,#5252,#5254,.T.);
#5252 = VERTEX_POINT('',#5253);
#5253 = CARTESIAN_POINT('',(2.55,-33.7,13.6));
#5254 = SURFACE_CURVE('',#5255,(#5259,#5266),.PCURVE_S1.);
#5255 = LINE('',#5256,#5257);
#5256 = CARTESIAN_POINT('',(2.55,-33.7,0.));
#5257 = VECTOR('',#5258,1.);
#5258 = DIRECTION('',(0.,0.,1.));
#5259 = PCURVE('',#3022,#5260);
#5260 = DEFINITIONAL_REPRESENTATION('',(#5261),#5265);
#5261 = LINE('',#5262,#5263);
#5262 = CARTESIAN_POINT('',(0.,0.));
#5263 = VECTOR('',#5264,1.);
#5264 = DIRECTION('',(1.,0.));
#5265 = ( GEOMETRIC_REPRESENTATION_CONTEXT(2) 
PARAMETRIC_REPRESENTATION_CONTEXT() REPRESENTATION_CONTEXT('2D SPACE',''
  ) );
#5266 = PCURVE('',#3048,#5267);
#5267 = DEFINITIONAL_REPRESENTATION('',(#5268),#5272);
#5268 = LINE('',#5269,#5270);
#5269 = CARTESIAN_POINT('',(0.,0.));
#5270 = VECTOR('',#5271,1.);
#5271 = DIRECTION('',(1.,0.));
#5272 = ( GEOMETRIC_REPRESENTATION_CONTEXT(2) 
PARAMETRIC_REPRESENTATION_CONTEXT() REPRESENTATION_CONTEXT('2D SPACE',''
  ) );
#5273 = ORIENTED_EDGE('',*,*,#5274,.T.);
#5274 = EDGE_CURVE('',#5252,#5228,#5275,.T.);
#5275 = SURFACE_CURVE('',#5276,(#5280,#5287),.PCURVE_S1.);
#5276 = LINE('',#5277,#5278);
#5277 = CARTESIAN_POINT('',(2.55,-33.7,13.6));
#5278 = VECTOR('',#5279,1.);
#5279 = DIRECTION('',(1.,0.,0.));
#5280 = PCURVE('',#3022,#5281);
#5281 = DEFINITIONAL_REPRESENTATION('',(#5282),#5286);
#5282 = LINE('',#5283,#5284);
#5283 = CARTESIAN_POINT('',(13.6,0.));
#5284 = VECTOR('',#5285,1.);
#5285 = DIRECTION('',(0.,1.));
#5286 = ( GEOMETRIC_REPRESENTATION_CONTEXT(2) 
PARAMETRIC_REPRESENTATION_CONTEXT() REPRESENTATION_CONTEXT('2D SPACE',''
  ) );
#5287 = PCURVE('',#5288,#5293);
#5288 = PLANE('',#5289);
#5289 = AXIS2_PLACEMENT_3D('',#5290,#5291,#5292);
#5290 = CARTESIAN_POINT('',(2.55,-33.7,13.6));
#5291 = DIRECTION('',(0.,0.,1.));
#5292 = DIRECTION('',(1.,0.,0.));
#5293 = DEFINITIONAL_REPRESENTATION('',(#5294),#5298);
#5294 = LINE('',#5295,#5296);
#5295 = CARTESIAN_POINT('',(0.,0.));
#5296 = VECTOR('',#5297,1.);
#5297 = DIRECTION('',(1.,0.));
#5298 = ( GEOMETRIC_REPRESENTATION_CONTEXT(2) 
PARAMETRIC_REPRESENTATION_CONTEXT() REPRESENTATION_CONTEXT('2D SPACE',''
  ) );
#5299 = ADVANCED_FACE('',(#5300),#3098,.T.);
#5300 = FACE_BOUND('',#5301,.T.);
#5301 = EDGE_LOOP('',(#5302,#5303,#5304,#5327));
#5302 = ORIENTED_EDGE('',*,*,#5227,.F.);
#5303 = ORIENTED_EDGE('',*,*,#3085,.T.);
#5304 = ORIENTED_EDGE('',*,*,#5305,.T.);
#5305 = EDGE_CURVE('',#3060,#5306,#5308,.T.);
#5306 = VERTEX_POINT('',#5307);
#5307 = CARTESIAN_POINT('',(4.75,-31.5,13.6));
#5308 = SURFACE_CURVE('',#5309,(#5313,#5320),.PCURVE_S1.);
#5309 = LINE('',#5310,#5311);
#5310 = CARTESIAN_POINT('',(4.75,-31.5,0.));
#5311 = VECTOR('',#5312,1.);
#5312 = DIRECTION('',(0.,0.,1.));
#5313 = PCURVE('',#3098,#5314);
#5314 = DEFINITIONAL_REPRESENTATION('',(#5315),#5319);
#5315 = LINE('',#5316,#5317);
#5316 = CARTESIAN_POINT('',(0.,-2.2));
#5317 = VECTOR('',#5318,1.);
#5318 = DIRECTION('',(1.,0.));
#5319 = ( GEOMETRIC_REPRESENTATION_CONTEXT(2) 
PARAMETRIC_REPRESENTATION_CONTEXT() REPRESENTATION_CONTEXT('2D SPACE',''
  ) );
#5320 = PCURVE('',#3074,#5321);
#5321 = DEFINITIONAL_REPRESENTATION('',(#5322),#5326);
#5322 = LINE('',#5323,#5324);
#5323 = CARTESIAN_POINT('',(0.,2.2));
#5324 = VECTOR('',#5325,1.);
#5325 = DIRECTION('',(1.,0.));
#5326 = ( GEOMETRIC_REPRESENTATION_CONTEXT(2) 
PARAMETRIC_REPRESENTATION_CONTEXT() REPRESENTATION_CONTEXT('2D SPACE',''
  ) );
#5327 = ORIENTED_EDGE('',*,*,#5328,.F.);
#5328 = EDGE_CURVE('',#5228,#5306,#5329,.T.);
#5329 = SURFACE_CURVE('',#5330,(#5334,#5341),.PCURVE_S1.);
#5330 = LINE('',#5331,#5332);
#5331 = CARTESIAN_POINT('',(4.75,-33.7,13.6));
#5332 = VECTOR('',#5333,1.);
#5333 = DIRECTION('',(0.,1.,0.));
#5334 = PCURVE('',#3098,#5335);
#5335 = DEFINITIONAL_REPRESENTATION('',(#5336),#5340);
#5336 = LINE('',#5337,#5338);
#5337 = CARTESIAN_POINT('',(13.6,0.));
#5338 = VECTOR('',#5339,1.);
#5339 = DIRECTION('',(0.,-1.));
#5340 = ( GEOMETRIC_REPRESENTATION_CONTEXT(2) 
PARAMETRIC_REPRESENTATION_CONTEXT() REPRESENTATION_CONTEXT('2D SPACE',''
  ) );
#5341 = PCURVE('',#5288,#5342);
#5342 = DEFINITIONAL_REPRESENTATION('',(#5343),#5347);
#5343 = LINE('',#5344,#5345);
#5344 = CARTESIAN_POINT('',(2.2,0.));
#5345 = VECTOR('',#5346,1.);
#5346 = DIRECTION('',(0.,1.));
#5347 = ( GEOMETRIC_REPRESENTATION_CONTEXT(2) 
PARAMETRIC_REPRESENTATION_CONTEXT() REPRESENTATION_CONTEXT('2D SPACE',''
  ) );
#5348 = ADVANCED_FACE('',(#5349),#3048,.F.);
#5349 = FACE_BOUND('',#5350,.F.);
#5350 = EDGE_LOOP('',(#5351,#5352,#5353,#5376));
#5351 = ORIENTED_EDGE('',*,*,#5251,.F.);
#5352 = ORIENTED_EDGE('',*,*,#3033,.T.);
#5353 = ORIENTED_EDGE('',*,*,#5354,.T.);
#5354 = EDGE_CURVE('',#3034,#5355,#5357,.T.);
#5355 = VERTEX_POINT('',#5356);
#5356 = CARTESIAN_POINT('',(2.55,-31.5,13.6));
#5357 = SURFACE_CURVE('',#5358,(#5362,#5369),.PCURVE_S1.);
#5358 = LINE('',#5359,#5360);
#5359 = CARTESIAN_POINT('',(2.55,-31.5,0.));
#5360 = VECTOR('',#5361,1.);
#5361 = DIRECTION('',(0.,0.,1.));
#5362 = PCURVE('',#3048,#5363);
#5363 = DEFINITIONAL_REPRESENTATION('',(#5364),#5368);
#5364 = LINE('',#5365,#5366);
#5365 = CARTESIAN_POINT('',(0.,-2.2));
#5366 = VECTOR('',#5367,1.);
#5367 = DIRECTION('',(1.,0.));
#5368 = ( GEOMETRIC_REPRESENTATION_CONTEXT(2) 
PARAMETRIC_REPRESENTATION_CONTEXT() REPRESENTATION_CONTEXT('2D SPACE',''
  ) );
#5369 = PCURVE('',#3074,#5370);
#5370 = DEFINITIONAL_REPRESENTATION('',(#5371),#5375);
#5371 = LINE('',#5372,#5373);
#5372 = CARTESIAN_POINT('',(0.,0.));
#5373 = VECTOR('',#5374,1.);
#5374 = DIRECTION('',(1.,0.));
#5375 = ( GEOMETRIC_REPRESENTATION_CONTEXT(2) 
PARAMETRIC_REPRESENTATION_CONTEXT() REPRESENTATION_CONTEXT('2D SPACE',''
  ) );
#5376 = ORIENTED_EDGE('',*,*,#5377,.F.);
#5377 = EDGE_CURVE('',#5252,#5355,#5378,.T.);
#5378 = SURFACE_CURVE('',#5379,(#5383,#5390),.PCURVE_S1.);
#5379 = LINE('',#5380,#5381);
#5380 = CARTESIAN_POINT('',(2.55,-33.7,13.6));
#5381 = VECTOR('',#5382,1.);
#5382 = DIRECTION('',(0.,1.,0.));
#5383 = PCURVE('',#3048,#5384);
#5384 = DEFINITIONAL_REPRESENTATION('',(#5385),#5389);
#5385 = LINE('',#5386,#5387);
#5386 = CARTESIAN_POINT('',(13.6,0.));
#5387 = VECTOR('',#5388,1.);
#5388 = DIRECTION('',(0.,-1.));
#5389 = ( GEOMETRIC_REPRESENTATION_CONTEXT(2) 
PARAMETRIC_REPRESENTATION_CONTEXT() REPRESENTATION_CONTEXT('2D SPACE',''
  ) );
#5390 = PCURVE('',#5288,#5391);
#5391 = DEFINITIONAL_REPRESENTATION('',(#5392),#5396);
#5392 = LINE('',#5393,#5394);
#5393 = CARTESIAN_POINT('',(0.,0.));
#5394 = VECTOR('',#5395,1.);
#5395 = DIRECTION('',(0.,1.));
#5396 = ( GEOMETRIC_REPRESENTATION_CONTEXT(2) 
PARAMETRIC_REPRESENTATION_CONTEXT() REPRESENTATION_CONTEXT('2D SPACE',''
  ) );
#5397 = ADVANCED_FACE('',(#5398),#3074,.T.);
#5398 = FACE_BOUND('',#5399,.T.);
#5399 = EDGE_LOOP('',(#5400,#5401,#5402,#5403));
#5400 = ORIENTED_EDGE('',*,*,#5305,.F.);
#5401 = ORIENTED_EDGE('',*,*,#3059,.T.);
#5402 = ORIENTED_EDGE('',*,*,#5354,.T.);
#5403 = ORIENTED_EDGE('',*,*,#5404,.T.);
#5404 = EDGE_CURVE('',#5355,#5306,#5405,.T.);
#5405 = SURFACE_CURVE('',#5406,(#5410,#5417),.PCURVE_S1.);
#5406 = LINE('',#5407,#5408);
#5407 = CARTESIAN_POINT('',(2.55,-31.5,13.6));
#5408 = VECTOR('',#5409,1.);
#5409 = DIRECTION('',(1.,0.,0.));
#5410 = PCURVE('',#3074,#5411);
#5411 = DEFINITIONAL_REPRESENTATION('',(#5412),#5416);
#5412 = LINE('',#5413,#5414);
#5413 = CARTESIAN_POINT('',(13.6,0.));
#5414 = VECTOR('',#5415,1.);
#5415 = DIRECTION('',(0.,1.));
#5416 = ( GEOMETRIC_REPRESENTATION_CONTEXT(2) 
PARAMETRIC_REPRESENTATION_CONTEXT() REPRESENTATION_CONTEXT('2D SPACE',''
  ) );
#5417 = PCURVE('',#5288,#5418);
#5418 = DEFINITIONAL_REPRESENTATION('',(#5419),#5423);
#5419 = LINE('',#5420,#5421);
#5420 = CARTESIAN_POINT('',(0.,2.2));
#5421 = VECTOR('',#5422,1.);
#5422 = DIRECTION('',(1.,0.));
#5423 = ( GEOMETRIC_REPRESENTATION_CONTEXT(2) 
PARAMETRIC_REPRESENTATION_CONTEXT() REPRESENTATION_CONTEXT('2D SPACE',''
  ) );
#5424 = ADVANCED_FACE('',(#5425),#3128,.F.);
#5425 = FACE_BOUND('',#5426,.F.);
#5426 = EDGE_LOOP('',(#5427,#5450,#5451,#5474));
#5427 = ORIENTED_EDGE('',*,*,#5428,.F.);
#5428 = EDGE_CURVE('',#3112,#5429,#5431,.T.);
#5429 = VERTEX_POINT('',#5430);
#5430 = CARTESIAN_POINT('',(4.75,-21.5,13.6));
#5431 = SURFACE_CURVE('',#5432,(#5436,#5443),.PCURVE_S1.);
#5432 = LINE('',#5433,#5434);
#5433 = CARTESIAN_POINT('',(4.75,-21.5,0.));
#5434 = VECTOR('',#5435,1.);
#5435 = DIRECTION('',(0.,0.,1.));
#5436 = PCURVE('',#3128,#5437);
#5437 = DEFINITIONAL_REPRESENTATION('',(#5438),#5442);
#5438 = LINE('',#5439,#5440);
#5439 = CARTESIAN_POINT('',(0.,2.2));
#5440 = VECTOR('',#5441,1.);
#5441 = DIRECTION('',(1.,0.));
#5442 = ( GEOMETRIC_REPRESENTATION_CONTEXT(2) 
PARAMETRIC_REPRESENTATION_CONTEXT() REPRESENTATION_CONTEXT('2D SPACE',''
  ) );
#5443 = PCURVE('',#3204,#5444);
#5444 = DEFINITIONAL_REPRESENTATION('',(#5445),#5449);
#5445 = LINE('',#5446,#5447);
#5446 = CARTESIAN_POINT('',(0.,0.));
#5447 = VECTOR('',#5448,1.);
#5448 = DIRECTION('',(1.,0.));
#5449 = ( GEOMETRIC_REPRESENTATION_CONTEXT(2) 
PARAMETRIC_REPRESENTATION_CONTEXT() REPRESENTATION_CONTEXT('2D SPACE',''
  ) );
#5450 = ORIENTED_EDGE('',*,*,#3111,.T.);
#5451 = ORIENTED_EDGE('',*,*,#5452,.T.);
#5452 = EDGE_CURVE('',#3114,#5453,#5455,.T.);
#5453 = VERTEX_POINT('',#5454);
#5454 = CARTESIAN_POINT('',(2.55,-21.5,13.6));
#5455 = SURFACE_CURVE('',#5456,(#5460,#5467),.PCURVE_S1.);
#5456 = LINE('',#5457,#5458);
#5457 = CARTESIAN_POINT('',(2.55,-21.5,0.));
#5458 = VECTOR('',#5459,1.);
#5459 = DIRECTION('',(0.,0.,1.));
#5460 = PCURVE('',#3128,#5461);
#5461 = DEFINITIONAL_REPRESENTATION('',(#5462),#5466);
#5462 = LINE('',#5463,#5464);
#5463 = CARTESIAN_POINT('',(0.,0.));
#5464 = VECTOR('',#5465,1.);
#5465 = DIRECTION('',(1.,0.));
#5466 = ( GEOMETRIC_REPRESENTATION_CONTEXT(2) 
PARAMETRIC_REPRESENTATION_CONTEXT() REPRESENTATION_CONTEXT('2D SPACE',''
  ) );
#5467 = PCURVE('',#3154,#5468);
#5468 = DEFINITIONAL_REPRESENTATION('',(#5469),#5473);
#5469 = LINE('',#5470,#5471);
#5470 = CARTESIAN_POINT('',(0.,0.));
#5471 = VECTOR('',#5472,1.);
#5472 = DIRECTION('',(1.,0.));
#5473 = ( GEOMETRIC_REPRESENTATION_CONTEXT(2) 
PARAMETRIC_REPRESENTATION_CONTEXT() REPRESENTATION_CONTEXT('2D SPACE',''
  ) );
#5474 = ORIENTED_EDGE('',*,*,#5475,.T.);
#5475 = EDGE_CURVE('',#5453,#5429,#5476,.T.);
#5476 = SURFACE_CURVE('',#5477,(#5481,#5488),.PCURVE_S1.);
#5477 = LINE('',#5478,#5479);
#5478 = CARTESIAN_POINT('',(2.55,-21.5,13.6));
#5479 = VECTOR('',#5480,1.);
#5480 = DIRECTION('',(1.,0.,0.));
#5481 = PCURVE('',#3128,#5482);
#5482 = DEFINITIONAL_REPRESENTATION('',(#5483),#5487);
#5483 = LINE('',#5484,#5485);
#5484 = CARTESIAN_POINT('',(13.6,0.));
#5485 = VECTOR('',#5486,1.);
#5486 = DIRECTION('',(0.,1.));
#5487 = ( GEOMETRIC_REPRESENTATION_CONTEXT(2) 
PARAMETRIC_REPRESENTATION_CONTEXT() REPRESENTATION_CONTEXT('2D SPACE',''
  ) );
#5488 = PCURVE('',#5489,#5494);
#5489 = PLANE('',#5490);
#5490 = AXIS2_PLACEMENT_3D('',#5491,#5492,#5493);
#5491 = CARTESIAN_POINT('',(2.55,-21.5,13.6));
#5492 = DIRECTION('',(0.,0.,1.));
#5493 = DIRECTION('',(1.,0.,0.));
#5494 = DEFINITIONAL_REPRESENTATION('',(#5495),#5499);
#5495 = LINE('',#5496,#5497);
#5496 = CARTESIAN_POINT('',(0.,0.));
#5497 = VECTOR('',#5498,1.);
#5498 = DIRECTION('',(1.,0.));
#5499 = ( GEOMETRIC_REPRESENTATION_CONTEXT(2) 
PARAMETRIC_REPRESENTATION_CONTEXT() REPRESENTATION_CONTEXT('2D SPACE',''
  ) );
#5500 = ADVANCED_FACE('',(#5501),#3204,.T.);
#5501 = FACE_BOUND('',#5502,.T.);
#5502 = EDGE_LOOP('',(#5503,#5504,#5505,#5528));
#5503 = ORIENTED_EDGE('',*,*,#5428,.F.);
#5504 = ORIENTED_EDGE('',*,*,#3191,.T.);
#5505 = ORIENTED_EDGE('',*,*,#5506,.T.);
#5506 = EDGE_CURVE('',#3166,#5507,#5509,.T.);
#5507 = VERTEX_POINT('',#5508);
#5508 = CARTESIAN_POINT('',(4.75,-19.3,13.6));
#5509 = SURFACE_CURVE('',#5510,(#5514,#5521),.PCURVE_S1.);
#5510 = LINE('',#5511,#5512);
#5511 = CARTESIAN_POINT('',(4.75,-19.3,0.));
#5512 = VECTOR('',#5513,1.);
#5513 = DIRECTION('',(0.,0.,1.));
#5514 = PCURVE('',#3204,#5515);
#5515 = DEFINITIONAL_REPRESENTATION('',(#5516),#5520);
#5516 = LINE('',#5517,#5518);
#5517 = CARTESIAN_POINT('',(0.,-2.2));
#5518 = VECTOR('',#5519,1.);
#5519 = DIRECTION('',(1.,0.));
#5520 = ( GEOMETRIC_REPRESENTATION_CONTEXT(2) 
PARAMETRIC_REPRESENTATION_CONTEXT() REPRESENTATION_CONTEXT('2D SPACE',''
  ) );
#5521 = PCURVE('',#3180,#5522);
#5522 = DEFINITIONAL_REPRESENTATION('',(#5523),#5527);
#5523 = LINE('',#5524,#5525);
#5524 = CARTESIAN_POINT('',(0.,2.2));
#5525 = VECTOR('',#5526,1.);
#5526 = DIRECTION('',(1.,0.));
#5527 = ( GEOMETRIC_REPRESENTATION_CONTEXT(2) 
PARAMETRIC_REPRESENTATION_CONTEXT() REPRESENTATION_CONTEXT('2D SPACE',''
  ) );
#5528 = ORIENTED_EDGE('',*,*,#5529,.F.);
#5529 = EDGE_CURVE('',#5429,#5507,#5530,.T.);
#5530 = SURFACE_CURVE('',#5531,(#5535,#5542),.PCURVE_S1.);
#5531 = LINE('',#5532,#5533);
#5532 = CARTESIAN_POINT('',(4.75,-21.5,13.6));
#5533 = VECTOR('',#5534,1.);
#5534 = DIRECTION('',(0.,1.,0.));
#5535 = PCURVE('',#3204,#5536);
#5536 = DEFINITIONAL_REPRESENTATION('',(#5537),#5541);
#5537 = LINE('',#5538,#5539);
#5538 = CARTESIAN_POINT('',(13.6,0.));
#5539 = VECTOR('',#5540,1.);
#5540 = DIRECTION('',(0.,-1.));
#5541 = ( GEOMETRIC_REPRESENTATION_CONTEXT(2) 
PARAMETRIC_REPRESENTATION_CONTEXT() REPRESENTATION_CONTEXT('2D SPACE',''
  ) );
#5542 = PCURVE('',#5489,#5543);
#5543 = DEFINITIONAL_REPRESENTATION('',(#5544),#5548);
#5544 = LINE('',#5545,#5546);
#5545 = CARTESIAN_POINT('',(2.2,0.));
#5546 = VECTOR('',#5547,1.);
#5547 = DIRECTION('',(0.,1.));
#5548 = ( GEOMETRIC_REPRESENTATION_CONTEXT(2) 
PARAMETRIC_REPRESENTATION_CONTEXT() REPRESENTATION_CONTEXT('2D SPACE',''
  ) );
#5549 = ADVANCED_FACE('',(#5550),#3154,.F.);
#5550 = FACE_BOUND('',#5551,.F.);
#5551 = EDGE_LOOP('',(#5552,#5553,#5554,#5577));
#5552 = ORIENTED_EDGE('',*,*,#5452,.F.);
#5553 = ORIENTED_EDGE('',*,*,#3139,.T.);
#5554 = ORIENTED_EDGE('',*,*,#5555,.T.);
#5555 = EDGE_CURVE('',#3140,#5556,#5558,.T.);
#5556 = VERTEX_POINT('',#5557);
#5557 = CARTESIAN_POINT('',(2.55,-19.3,13.6));
#5558 = SURFACE_CURVE('',#5559,(#5563,#5570),.PCURVE_S1.);
#5559 = LINE('',#5560,#5561);
#5560 = CARTESIAN_POINT('',(2.55,-19.3,0.));
#5561 = VECTOR('',#5562,1.);
#5562 = DIRECTION('',(0.,0.,1.));
#5563 = PCURVE('',#3154,#5564);
#5564 = DEFINITIONAL_REPRESENTATION('',(#5565),#5569);
#5565 = LINE('',#5566,#5567);
#5566 = CARTESIAN_POINT('',(0.,-2.2));
#5567 = VECTOR('',#5568,1.);
#5568 = DIRECTION('',(1.,0.));
#5569 = ( GEOMETRIC_REPRESENTATION_CONTEXT(2) 
PARAMETRIC_REPRESENTATION_CONTEXT() REPRESENTATION_CONTEXT('2D SPACE',''
  ) );
#5570 = PCURVE('',#3180,#5571);
#5571 = DEFINITIONAL_REPRESENTATION('',(#5572),#5576);
#5572 = LINE('',#5573,#5574);
#5573 = CARTESIAN_POINT('',(0.,0.));
#5574 = VECTOR('',#5575,1.);
#5575 = DIRECTION('',(1.,0.));
#5576 = ( GEOMETRIC_REPRESENTATION_CONTEXT(2) 
PARAMETRIC_REPRESENTATION_CONTEXT() REPRESENTATION_CONTEXT('2D SPACE',''
  ) );
#5577 = ORIENTED_EDGE('',*,*,#5578,.F.);
#5578 = EDGE_CURVE('',#5453,#5556,#5579,.T.);
#5579 = SURFACE_CURVE('',#5580,(#5584,#5591),.PCURVE_S1.);
#5580 = LINE('',#5581,#5582);
#5581 = CARTESIAN_POINT('',(2.55,-21.5,13.6));
#5582 = VECTOR('',#5583,1.);
#5583 = DIRECTION('',(0.,1.,0.));
#5584 = PCURVE('',#3154,#5585);
#5585 = DEFINITIONAL_REPRESENTATION('',(#5586),#5590);
#5586 = LINE('',#5587,#5588);
#5587 = CARTESIAN_POINT('',(13.6,0.));
#5588 = VECTOR('',#5589,1.);
#5589 = DIRECTION('',(0.,-1.));
#5590 = ( GEOMETRIC_REPRESENTATION_CONTEXT(2) 
PARAMETRIC_REPRESENTATION_CONTEXT() REPRESENTATION_CONTEXT('2D SPACE',''
  ) );
#5591 = PCURVE('',#5489,#5592);
#5592 = DEFINITIONAL_REPRESENTATION('',(#5593),#5597);
#5593 = LINE('',#5594,#5595);
#5594 = CARTESIAN_POINT('',(0.,0.));
#5595 = VECTOR('',#5596,1.);
#5596 = DIRECTION('',(0.,1.));
#5597 = ( GEOMETRIC_REPRESENTATION_CONTEXT(2) 
PARAMETRIC_REPRESENTATION_CONTEXT() REPRESENTATION_CONTEXT('2D SPACE',''
  ) );
#5598 = ADVANCED_FACE('',(#5599),#3180,.T.);
#5599 = FACE_BOUND('',#5600,.T.);
#5600 = EDGE_LOOP('',(#5601,#5602,#5603,#5604));
#5601 = ORIENTED_EDGE('',*,*,#5506,.F.);
#5602 = ORIENTED_EDGE('',*,*,#3165,.T.);
#5603 = ORIENTED_EDGE('',*,*,#5555,.T.);
#5604 = ORIENTED_EDGE('',*,*,#5605,.T.);
#5605 = EDGE_CURVE('',#5556,#5507,#5606,.T.);
#5606 = SURFACE_CURVE('',#5607,(#5611,#5618),.PCURVE_S1.);
#5607 = LINE('',#5608,#5609);
#5608 = CARTESIAN_POINT('',(2.55,-19.3,13.6));
#5609 = VECTOR('',#5610,1.);
#5610 = DIRECTION('',(1.,0.,0.));
#5611 = PCURVE('',#3180,#5612);
#5612 = DEFINITIONAL_REPRESENTATION('',(#5613),#5617);
#5613 = LINE('',#5614,#5615);
#5614 = CARTESIAN_POINT('',(13.6,0.));
#5615 = VECTOR('',#5616,1.);
#5616 = DIRECTION('',(0.,1.));
#5617 = ( GEOMETRIC_REPRESENTATION_CONTEXT(2) 
PARAMETRIC_REPRESENTATION_CONTEXT() REPRESENTATION_CONTEXT('2D SPACE',''
  ) );
#5618 = PCURVE('',#5489,#5619);
#5619 = DEFINITIONAL_REPRESENTATION('',(#5620),#5624);
#5620 = LINE('',#5621,#5622);
#5621 = CARTESIAN_POINT('',(0.,2.2));
#5622 = VECTOR('',#5623,1.);
#5623 = DIRECTION('',(1.,0.));
#5624 = ( GEOMETRIC_REPRESENTATION_CONTEXT(2) 
PARAMETRIC_REPRESENTATION_CONTEXT() REPRESENTATION_CONTEXT('2D SPACE',''
  ) );
#5625 = ADVANCED_FACE('',(#5626),#3238,.T.);
#5626 = FACE_BOUND('',#5627,.F.);
#5627 = EDGE_LOOP('',(#5628,#5629,#5652,#5679));
#5628 = ORIENTED_EDGE('',*,*,#3217,.T.);
#5629 = ORIENTED_EDGE('',*,*,#5630,.T.);
#5630 = EDGE_CURVE('',#3218,#5631,#5633,.T.);
#5631 = VERTEX_POINT('',#5632);
#5632 = CARTESIAN_POINT('',(10.9,-33.9,12.));
#5633 = SEAM_CURVE('',#5634,(#5638,#5645),.PCURVE_S1.);
#5634 = LINE('',#5635,#5636);
#5635 = CARTESIAN_POINT('',(10.9,-33.9,0.));
#5636 = VECTOR('',#5637,1.);
#5637 = DIRECTION('',(0.,0.,1.));
#5638 = PCURVE('',#3238,#5639);
#5639 = DEFINITIONAL_REPRESENTATION('',(#5640),#5644);
#5640 = LINE('',#5641,#5642);
#5641 = CARTESIAN_POINT('',(-6.28318530718,0.));
#5642 = VECTOR('',#5643,1.);
#5643 = DIRECTION('',(-0.,-1.));
#5644 = ( GEOMETRIC_REPRESENTATION_CONTEXT(2) 
PARAMETRIC_REPRESENTATION_CONTEXT() REPRESENTATION_CONTEXT('2D SPACE',''
  ) );
#5645 = PCURVE('',#3238,#5646);
#5646 = DEFINITIONAL_REPRESENTATION('',(#5647),#5651);
#5647 = LINE('',#5648,#5649);
#5648 = CARTESIAN_POINT('',(-0.,0.));
#5649 = VECTOR('',#5650,1.);
#5650 = DIRECTION('',(-0.,-1.));
#5651 = ( GEOMETRIC_REPRESENTATION_CONTEXT(2) 
PARAMETRIC_REPRESENTATION_CONTEXT() REPRESENTATION_CONTEXT('2D SPACE',''
  ) );
#5652 = ORIENTED_EDGE('',*,*,#5653,.T.);
#5653 = EDGE_CURVE('',#5631,#5631,#5654,.T.);
#5654 = SURFACE_CURVE('',#5655,(#5660,#5667),.PCURVE_S1.);
#5655 = CIRCLE('',#5656,1.5);
#5656 = AXIS2_PLACEMENT_3D('',#5657,#5658,#5659);
#5657 = CARTESIAN_POINT('',(9.4,-33.9,12.));
#5658 = DIRECTION('',(0.,0.,1.));
#5659 = DIRECTION('',(1.,0.,0.));
#5660 = PCURVE('',#3238,#5661);
#5661 = DEFINITIONAL_REPRESENTATION('',(#5662),#5666);
#5662 = LINE('',#5663,#5664);
#5663 = CARTESIAN_POINT('',(-0.,-12.));
#5664 = VECTOR('',#5665,1.);
#5665 = DIRECTION('',(-1.,0.));
#5666 = ( GEOMETRIC_REPRESENTATION_CONTEXT(2) 
PARAMETRIC_REPRESENTATION_CONTEXT() REPRESENTATION_CONTEXT('2D SPACE',''
  ) );
#5667 = PCURVE('',#5668,#5673);
#5668 = PLANE('',#5669);
#5669 = AXIS2_PLACEMENT_3D('',#5670,#5671,#5672);
#5670 = CARTESIAN_POINT('',(9.4,-33.9,12.));
#5671 = DIRECTION('',(0.,0.,1.));
#5672 = DIRECTION('',(1.,0.,-0.));
#5673 = DEFINITIONAL_REPRESENTATION('',(#5674),#5678);
#5674 = CIRCLE('',#5675,1.5);
#5675 = AXIS2_PLACEMENT_2D('',#5676,#5677);
#5676 = CARTESIAN_POINT('',(0.,0.));
#5677 = DIRECTION('',(1.,0.));
#5678 = ( GEOMETRIC_REPRESENTATION_CONTEXT(2) 
PARAMETRIC_REPRESENTATION_CONTEXT() REPRESENTATION_CONTEXT('2D SPACE',''
  ) );
#5679 = ORIENTED_EDGE('',*,*,#5630,.F.);
#5680 = ADVANCED_FACE('',(#5681),#3273,.T.);
#5681 = FACE_BOUND('',#5682,.F.);
#5682 = EDGE_LOOP('',(#5683,#5684,#5707,#5734));
#5683 = ORIENTED_EDGE('',*,*,#3252,.T.);
#5684 = ORIENTED_EDGE('',*,*,#5685,.T.);
#5685 = EDGE_CURVE('',#3253,#5686,#5688,.T.);
#5686 = VERTEX_POINT('',#5687);
#5687 = CARTESIAN_POINT('',(10.9,-19.1,12.));
#5688 = SEAM_CURVE('',#5689,(#5693,#5700),.PCURVE_S1.);
#5689 = LINE('',#5690,#5691);
#5690 = CARTESIAN_POINT('',(10.9,-19.1,0.));
#5691 = VECTOR('',#5692,1.);
#5692 = DIRECTION('',(0.,0.,1.));
#5693 = PCURVE('',#3273,#5694);
#5694 = DEFINITIONAL_REPRESENTATION('',(#5695),#5699);
#5695 = LINE('',#5696,#5697);
#5696 = CARTESIAN_POINT('',(-6.28318530718,0.));
#5697 = VECTOR('',#5698,1.);
#5698 = DIRECTION('',(-0.,-1.));
#5699 = ( GEOMETRIC_REPRESENTATION_CONTEXT(2) 
PARAMETRIC_REPRESENTATION_CONTEXT() REPRESENTATION_CONTEXT('2D SPACE',''
  ) );
#5700 = PCURVE('',#3273,#5701);
#5701 = DEFINITIONAL_REPRESENTATION('',(#5702),#5706);
#5702 = LINE('',#5703,#5704);
#5703 = CARTESIAN_POINT('',(-0.,0.));
#5704 = VECTOR('',#5705,1.);
#5705 = DIRECTION('',(-0.,-1.));
#5706 = ( GEOMETRIC_REPRESENTATION_CONTEXT(2) 
PARAMETRIC_REPRESENTATION_CONTEXT() REPRESENTATION_CONTEXT('2D SPACE',''
  ) );
#5707 = ORIENTED_EDGE('',*,*,#5708,.T.);
#5708 = EDGE_CURVE('',#5686,#5686,#5709,.T.);
#5709 = SURFACE_CURVE('',#5710,(#5715,#5722),.PCURVE_S1.);
#5710 = CIRCLE('',#5711,1.5);
#5711 = AXIS2_PLACEMENT_3D('',#5712,#5713,#5714);
#5712 = CARTESIAN_POINT('',(9.4,-19.1,12.));
#5713 = DIRECTION('',(0.,0.,1.));
#5714 = DIRECTION('',(1.,0.,0.));
#5715 = PCURVE('',#3273,#5716);
#5716 = DEFINITIONAL_REPRESENTATION('',(#5717),#5721);
#5717 = LINE('',#5718,#5719);
#5718 = CARTESIAN_POINT('',(-0.,-12.));
#5719 = VECTOR('',#5720,1.);
#5720 = DIRECTION('',(-1.,0.));
#5721 = ( GEOMETRIC_REPRESENTATION_CONTEXT(2) 
PARAMETRIC_REPRESENTATION_CONTEXT() REPRESENTATION_CONTEXT('2D SPACE',''
  ) );
#5722 = PCURVE('',#5723,#5728);
#5723 = PLANE('',#5724);
#5724 = AXIS2_PLACEMENT_3D('',#5725,#5726,#5727);
#5725 = CARTESIAN_POINT('',(9.4,-19.1,12.));
#5726 = DIRECTION('',(0.,0.,1.));
#5727 = DIRECTION('',(1.,0.,-0.));
#5728 = DEFINITIONAL_REPRESENTATION('',(#5729),#5733);
#5729 = CIRCLE('',#5730,1.5);
#5730 = AXIS2_PLACEMENT_2D('',#5731,#5732);
#5731 = CARTESIAN_POINT('',(0.,0.));
#5732 = DIRECTION('',(1.,0.));
#5733 = ( GEOMETRIC_REPRESENTATION_CONTEXT(2) 
PARAMETRIC_REPRESENTATION_CONTEXT() REPRESENTATION_CONTEXT('2D SPACE',''
  ) );
#5734 = ORIENTED_EDGE('',*,*,#5685,.F.);
#5735 = ADVANCED_FACE('',(#5736),#3308,.T.);
#5736 = FACE_BOUND('',#5737,.F.);
#5737 = EDGE_LOOP('',(#5738,#5739,#5762,#5789));
#5738 = ORIENTED_EDGE('',*,*,#3287,.T.);
#5739 = ORIENTED_EDGE('',*,*,#5740,.T.);
#5740 = EDGE_CURVE('',#3288,#5741,#5743,.T.);
#5741 = VERTEX_POINT('',#5742);
#5742 = CARTESIAN_POINT('',(20.1,-33.9,12.));
#5743 = SEAM_CURVE('',#5744,(#5748,#5755),.PCURVE_S1.);
#5744 = LINE('',#5745,#5746);
#5745 = CARTESIAN_POINT('',(20.1,-33.9,0.));
#5746 = VECTOR('',#5747,1.);
#5747 = DIRECTION('',(0.,0.,1.));
#5748 = PCURVE('',#3308,#5749);
#5749 = DEFINITIONAL_REPRESENTATION('',(#5750),#5754);
#5750 = LINE('',#5751,#5752);
#5751 = CARTESIAN_POINT('',(-6.28318530718,0.));
#5752 = VECTOR('',#5753,1.);
#5753 = DIRECTION('',(-0.,-1.));
#5754 = ( GEOMETRIC_REPRESENTATION_CONTEXT(2) 
PARAMETRIC_REPRESENTATION_CONTEXT() REPRESENTATION_CONTEXT('2D SPACE',''
  ) );
#5755 = PCURVE('',#3308,#5756);
#5756 = DEFINITIONAL_REPRESENTATION('',(#5757),#5761);
#5757 = LINE('',#5758,#5759);
#5758 = CARTESIAN_POINT('',(-0.,0.));
#5759 = VECTOR('',#5760,1.);
#5760 = DIRECTION('',(-0.,-1.));
#5761 = ( GEOMETRIC_REPRESENTATION_CONTEXT(2) 
PARAMETRIC_REPRESENTATION_CONTEXT() REPRESENTATION_CONTEXT('2D SPACE',''
  ) );
#5762 = ORIENTED_EDGE('',*,*,#5763,.T.);
#5763 = EDGE_CURVE('',#5741,#5741,#5764,.T.);
#5764 = SURFACE_CURVE('',#5765,(#5770,#5777),.PCURVE_S1.);
#5765 = CIRCLE('',#5766,1.5);
#5766 = AXIS2_PLACEMENT_3D('',#5767,#5768,#5769);
#5767 = CARTESIAN_POINT('',(18.6,-33.9,12.));
#5768 = DIRECTION('',(0.,0.,1.));
#5769 = DIRECTION('',(1.,0.,0.));
#5770 = PCURVE('',#3308,#5771);
#5771 = DEFINITIONAL_REPRESENTATION('',(#5772),#5776);
#5772 = LINE('',#5773,#5774);
#5773 = CARTESIAN_POINT('',(-0.,-12.));
#5774 = VECTOR('',#5775,1.);
#5775 = DIRECTION('',(-1.,0.));
#5776 = ( GEOMETRIC_REPRESENTATION_CONTEXT(2) 
PARAMETRIC_REPRESENTATION_CONTEXT() REPRESENTATION_CONTEXT('2D SPACE',''
  ) );
#5777 = PCURVE('',#5778,#5783);
#5778 = PLANE('',#5779);
#5779 = AXIS2_PLACEMENT_3D('',#5780,#5781,#5782);
#5780 = CARTESIAN_POINT('',(18.6,-33.9,12.));
#5781 = DIRECTION('',(0.,0.,1.));
#5782 = DIRECTION('',(1.,0.,-0.));
#5783 = DEFINITIONAL_REPRESENTATION('',(#5784),#5788);
#5784 = CIRCLE('',#5785,1.5);
#5785 = AXIS2_PLACEMENT_2D('',#5786,#5787);
#5786 = CARTESIAN_POINT('',(0.,0.));
#5787 = DIRECTION('',(1.,0.));
#5788 = ( GEOMETRIC_REPRESENTATION_CONTEXT(2) 
PARAMETRIC_REPRESENTATION_CONTEXT() REPRESENTATION_CONTEXT('2D SPACE',''
  ) );
#5789 = ORIENTED_EDGE('',*,*,#5740,.F.);
#5790 = ADVANCED_FACE('',(#5791),#3343,.T.);
#5791 = FACE_BOUND('',#5792,.F.);
#5792 = EDGE_LOOP('',(#5793,#5794,#5817,#5844));
#5793 = ORIENTED_EDGE('',*,*,#3322,.T.);
#5794 = ORIENTED_EDGE('',*,*,#5795,.T.);
#5795 = EDGE_CURVE('',#3323,#5796,#5798,.T.);
#5796 = VERTEX_POINT('',#5797);
#5797 = CARTESIAN_POINT('',(20.1,-19.1,12.));
#5798 = SEAM_CURVE('',#5799,(#5803,#5810),.PCURVE_S1.);
#5799 = LINE('',#5800,#5801);
#5800 = CARTESIAN_POINT('',(20.1,-19.1,0.));
#5801 = VECTOR('',#5802,1.);
#5802 = DIRECTION('',(0.,0.,1.));
#5803 = PCURVE('',#3343,#5804);
#5804 = DEFINITIONAL_REPRESENTATION('',(#5805),#5809);
#5805 = LINE('',#5806,#5807);
#5806 = CARTESIAN_POINT('',(-6.28318530718,0.));
#5807 = VECTOR('',#5808,1.);
#5808 = DIRECTION('',(-0.,-1.));
#5809 = ( GEOMETRIC_REPRESENTATION_CONTEXT(2) 
PARAMETRIC_REPRESENTATION_CONTEXT() REPRESENTATION_CONTEXT('2D SPACE',''
  ) );
#5810 = PCURVE('',#3343,#5811);
#5811 = DEFINITIONAL_REPRESENTATION('',(#5812),#5816);
#5812 = LINE('',#5813,#5814);
#5813 = CARTESIAN_POINT('',(-0.,0.));
#5814 = VECTOR('',#5815,1.);
#5815 = DIRECTION('',(-0.,-1.));
#5816 = ( GEOMETRIC_REPRESENTATION_CONTEXT(2) 
PARAMETRIC_REPRESENTATION_CONTEXT() REPRESENTATION_CONTEXT('2D SPACE',''
  ) );
#5817 = ORIENTED_EDGE('',*,*,#5818,.T.);
#5818 = EDGE_CURVE('',#5796,#5796,#5819,.T.);
#5819 = SURFACE_CURVE('',#5820,(#5825,#5832),.PCURVE_S1.);
#5820 = CIRCLE('',#5821,1.5);
#5821 = AXIS2_PLACEMENT_3D('',#5822,#5823,#5824);
#5822 = CARTESIAN_POINT('',(18.6,-19.1,12.));
#5823 = DIRECTION('',(0.,0.,1.));
#5824 = DIRECTION('',(1.,0.,0.));
#5825 = PCURVE('',#3343,#5826);
#5826 = DEFINITIONAL_REPRESENTATION('',(#5827),#5831);
#5827 = LINE('',#5828,#5829);
#5828 = CARTESIAN_POINT('',(-0.,-12.));
#5829 = VECTOR('',#5830,1.);
#5830 = DIRECTION('',(-1.,0.));
#5831 = ( GEOMETRIC_REPRESENTATION_CONTEXT(2) 
PARAMETRIC_REPRESENTATION_CONTEXT() REPRESENTATION_CONTEXT('2D SPACE',''
  ) );
#5832 = PCURVE('',#5833,#5838);
#5833 = PLANE('',#5834);
#5834 = AXIS2_PLACEMENT_3D('',#5835,#5836,#5837);
#5835 = CARTESIAN_POINT('',(18.6,-19.1,12.));
#5836 = DIRECTION('',(0.,0.,1.));
#5837 = DIRECTION('',(1.,0.,-0.));
#5838 = DEFINITIONAL_REPRESENTATION('',(#5839),#5843);
#5839 = CIRCLE('',#5840,1.5);
#5840 = AXIS2_PLACEMENT_2D('',#5841,#5842);
#5841 = CARTESIAN_POINT('',(0.,0.));
#5842 = DIRECTION('',(1.,0.));
#5843 = ( GEOMETRIC_REPRESENTATION_CONTEXT(2) 
PARAMETRIC_REPRESENTATION_CONTEXT() REPRESENTATION_CONTEXT('2D SPACE',''
  ) );
#5844 = ORIENTED_EDGE('',*,*,#5795,.F.);
#5845 = ADVANCED_FACE('',(#5846),#3374,.F.);
#5846 = FACE_BOUND('',#5847,.F.);
#5847 = EDGE_LOOP('',(#5848,#5871,#5872,#5895));
#5848 = ORIENTED_EDGE('',*,*,#5849,.F.);
#5849 = EDGE_CURVE('',#3358,#5850,#5852,.T.);
#5850 = VERTEX_POINT('',#5851);
#5851 = CARTESIAN_POINT('',(25.45,-33.7,13.6));
#5852 = SURFACE_CURVE('',#5853,(#5857,#5864),.PCURVE_S1.);
#5853 = LINE('',#5854,#5855);
#5854 = CARTESIAN_POINT('',(25.45,-33.7,0.));
#5855 = VECTOR('',#5856,1.);
#5856 = DIRECTION('',(0.,0.,1.));
#5857 = PCURVE('',#3374,#5858);
#5858 = DEFINITIONAL_REPRESENTATION('',(#5859),#5863);
#5859 = LINE('',#5860,#5861);
#5860 = CARTESIAN_POINT('',(0.,2.2));
#5861 = VECTOR('',#5862,1.);
#5862 = DIRECTION('',(1.,0.));
#5863 = ( GEOMETRIC_REPRESENTATION_CONTEXT(2) 
PARAMETRIC_REPRESENTATION_CONTEXT() REPRESENTATION_CONTEXT('2D SPACE',''
  ) );
#5864 = PCURVE('',#3450,#5865);
#5865 = DEFINITIONAL_REPRESENTATION('',(#5866),#5870);
#5866 = LINE('',#5867,#5868);
#5867 = CARTESIAN_POINT('',(0.,0.));
#5868 = VECTOR('',#5869,1.);
#5869 = DIRECTION('',(1.,0.));
#5870 = ( GEOMETRIC_REPRESENTATION_CONTEXT(2) 
PARAMETRIC_REPRESENTATION_CONTEXT() REPRESENTATION_CONTEXT('2D SPACE',''
  ) );
#5871 = ORIENTED_EDGE('',*,*,#3357,.T.);
#5872 = ORIENTED_EDGE('',*,*,#5873,.T.);
#5873 = EDGE_CURVE('',#3360,#5874,#5876,.T.);
#5874 = VERTEX_POINT('',#5875);
#5875 = CARTESIAN_POINT('',(23.25,-33.7,13.6));
#5876 = SURFACE_CURVE('',#5877,(#5881,#5888),.PCURVE_S1.);
#5877 = LINE('',#5878,#5879);
#5878 = CARTESIAN_POINT('',(23.25,-33.7,0.));
#5879 = VECTOR('',#5880,1.);
#5880 = DIRECTION('',(0.,0.,1.));
#5881 = PCURVE('',#3374,#5882);
#5882 = DEFINITIONAL_REPRESENTATION('',(#5883),#5887);
#5883 = LINE('',#5884,#5885);
#5884 = CARTESIAN_POINT('',(0.,0.));
#5885 = VECTOR('',#5886,1.);
#5886 = DIRECTION('',(1.,0.));
#5887 = ( GEOMETRIC_REPRESENTATION_CONTEXT(2) 
PARAMETRIC_REPRESENTATION_CONTEXT() REPRESENTATION_CONTEXT('2D SPACE',''
  ) );
#5888 = PCURVE('',#3400,#5889);
#5889 = DEFINITIONAL_REPRESENTATION('',(#5890),#5894);
#5890 = LINE('',#5891,#5892);
#5891 = CARTESIAN_POINT('',(0.,0.));
#5892 = VECTOR('',#5893,1.);
#5893 = DIRECTION('',(1.,0.));
#5894 = ( GEOMETRIC_REPRESENTATION_CONTEXT(2) 
PARAMETRIC_REPRESENTATION_CONTEXT() REPRESENTATION_CONTEXT('2D SPACE',''
  ) );
#5895 = ORIENTED_EDGE('',*,*,#5896,.T.);
#5896 = EDGE_CURVE('',#5874,#5850,#5897,.T.);
#5897 = SURFACE_CURVE('',#5898,(#5902,#5909),.PCURVE_S1.);
#5898 = LINE('',#5899,#5900);
#5899 = CARTESIAN_POINT('',(23.25,-33.7,13.6));
#5900 = VECTOR('',#5901,1.);
#5901 = DIRECTION('',(1.,0.,0.));
#5902 = PCURVE('',#3374,#5903);
#5903 = DEFINITIONAL_REPRESENTATION('',(#5904),#5908);
#5904 = LINE('',#5905,#5906);
#5905 = CARTESIAN_POINT('',(13.6,0.));
#5906 = VECTOR('',#5907,1.);
#5907 = DIRECTION('',(0.,1.));
#5908 = ( GEOMETRIC_REPRESENTATION_CONTEXT(2) 
PARAMETRIC_REPRESENTATION_CONTEXT() REPRESENTATION_CONTEXT('2D SPACE',''
  ) );
#5909 = PCURVE('',#5910,#5915);
#5910 = PLANE('',#5911);
#5911 = AXIS2_PLACEMENT_3D('',#5912,#5913,#5914);
#5912 = CARTESIAN_POINT('',(23.25,-33.7,13.6));
#5913 = DIRECTION('',(0.,0.,1.));
#5914 = DIRECTION('',(1.,0.,0.));
#5915 = DEFINITIONAL_REPRESENTATION('',(#5916),#5920);
#5916 = LINE('',#5917,#5918);
#5917 = CARTESIAN_POINT('',(0.,0.));
#5918 = VECTOR('',#5919,1.);
#5919 = DIRECTION('',(1.,0.));
#5920 = ( GEOMETRIC_REPRESENTATION_CONTEXT(2) 
PARAMETRIC_REPRESENTATION_CONTEXT() REPRESENTATION_CONTEXT('2D SPACE',''
  ) );
#5921 = ADVANCED_FACE('',(#5922),#3450,.T.);
#5922 = FACE_BOUND('',#5923,.T.);
#5923 = EDGE_LOOP('',(#5924,#5925,#5926,#5949));
#5924 = ORIENTED_EDGE('',*,*,#5849,.F.);
#5925 = ORIENTED_EDGE('',*,*,#3437,.T.);
#5926 = ORIENTED_EDGE('',*,*,#5927,.T.);
#5927 = EDGE_CURVE('',#3412,#5928,#5930,.T.);
#5928 = VERTEX_POINT('',#5929);
#5929 = CARTESIAN_POINT('',(25.45,-31.5,13.6));
#5930 = SURFACE_CURVE('',#5931,(#5935,#5942),.PCURVE_S1.);
#5931 = LINE('',#5932,#5933);
#5932 = CARTESIAN_POINT('',(25.45,-31.5,0.));
#5933 = VECTOR('',#5934,1.);
#5934 = DIRECTION('',(0.,0.,1.));
#5935 = PCURVE('',#3450,#5936);
#5936 = DEFINITIONAL_REPRESENTATION('',(#5937),#5941);
#5937 = LINE('',#5938,#5939);
#5938 = CARTESIAN_POINT('',(0.,-2.2));
#5939 = VECTOR('',#5940,1.);
#5940 = DIRECTION('',(1.,0.));
#5941 = ( GEOMETRIC_REPRESENTATION_CONTEXT(2) 
PARAMETRIC_REPRESENTATION_CONTEXT() REPRESENTATION_CONTEXT('2D SPACE',''
  ) );
#5942 = PCURVE('',#3426,#5943);
#5943 = DEFINITIONAL_REPRESENTATION('',(#5944),#5948);
#5944 = LINE('',#5945,#5946);
#5945 = CARTESIAN_POINT('',(0.,2.2));
#5946 = VECTOR('',#5947,1.);
#5947 = DIRECTION('',(1.,0.));
#5948 = ( GEOMETRIC_REPRESENTATION_CONTEXT(2) 
PARAMETRIC_REPRESENTATION_CONTEXT() REPRESENTATION_CONTEXT('2D SPACE',''
  ) );
#5949 = ORIENTED_EDGE('',*,*,#5950,.F.);
#5950 = EDGE_CURVE('',#5850,#5928,#5951,.T.);
#5951 = SURFACE_CURVE('',#5952,(#5956,#5963),.PCURVE_S1.);
#5952 = LINE('',#5953,#5954);
#5953 = CARTESIAN_POINT('',(25.45,-33.7,13.6));
#5954 = VECTOR('',#5955,1.);
#5955 = DIRECTION('',(0.,1.,0.));
#5956 = PCURVE('',#3450,#5957);
#5957 = DEFINITIONAL_REPRESENTATION('',(#5958),#5962);
#5958 = LINE('',#5959,#5960);
#5959 = CARTESIAN_POINT('',(13.6,0.));
#5960 = VECTOR('',#5961,1.);
#5961 = DIRECTION('',(0.,-1.));
#5962 = ( GEOMETRIC_REPRESENTATION_CONTEXT(2) 
PARAMETRIC_REPRESENTATION_CONTEXT() REPRESENTATION_CONTEXT('2D SPACE',''
  ) );
#5963 = PCURVE('',#5910,#5964);
#5964 = DEFINITIONAL_REPRESENTATION('',(#5965),#5969);
#5965 = LINE('',#5966,#5967);
#5966 = CARTESIAN_POINT('',(2.2,0.));
#5967 = VECTOR('',#5968,1.);
#5968 = DIRECTION('',(0.,1.));
#5969 = ( GEOMETRIC_REPRESENTATION_CONTEXT(2) 
PARAMETRIC_REPRESENTATION_CONTEXT() REPRESENTATION_CONTEXT('2D SPACE',''
  ) );
#5970 = ADVANCED_FACE('',(#5971),#3400,.F.);
#5971 = FACE_BOUND('',#5972,.F.);
#5972 = EDGE_LOOP('',(#5973,#5974,#5975,#5998));
#5973 = ORIENTED_EDGE('',*,*,#5873,.F.);
#5974 = ORIENTED_EDGE('',*,*,#3385,.T.);
#5975 = ORIENTED_EDGE('',*,*,#5976,.T.);
#5976 = EDGE_CURVE('',#3386,#5977,#5979,.T.);
#5977 = VERTEX_POINT('',#5978);
#5978 = CARTESIAN_POINT('',(23.25,-31.5,13.6));
#5979 = SURFACE_CURVE('',#5980,(#5984,#5991),.PCURVE_S1.);
#5980 = LINE('',#5981,#5982);
#5981 = CARTESIAN_POINT('',(23.25,-31.5,0.));
#5982 = VECTOR('',#5983,1.);
#5983 = DIRECTION('',(0.,0.,1.));
#5984 = PCURVE('',#3400,#5985);
#5985 = DEFINITIONAL_REPRESENTATION('',(#5986),#5990);
#5986 = LINE('',#5987,#5988);
#5987 = CARTESIAN_POINT('',(0.,-2.2));
#5988 = VECTOR('',#5989,1.);
#5989 = DIRECTION('',(1.,0.));
#5990 = ( GEOMETRIC_REPRESENTATION_CONTEXT(2) 
PARAMETRIC_REPRESENTATION_CONTEXT() REPRESENTATION_CONTEXT('2D SPACE',''
  ) );
#5991 = PCURVE('',#3426,#5992);
#5992 = DEFINITIONAL_REPRESENTATION('',(#5993),#5997);
#5993 = LINE('',#5994,#5995);
#5994 = CARTESIAN_POINT('',(0.,0.));
#5995 = VECTOR('',#5996,1.);
#5996 = DIRECTION('',(1.,0.));
#5997 = ( GEOMETRIC_REPRESENTATION_CONTEXT(2) 
PARAMETRIC_REPRESENTATION_CONTEXT() REPRESENTATION_CONTEXT('2D SPACE',''
  ) );
#5998 = ORIENTED_EDGE('',*,*,#5999,.F.);
#5999 = EDGE_CURVE('',#5874,#5977,#6000,.T.);
#6000 = SURFACE_CURVE('',#6001,(#6005,#6012),.PCURVE_S1.);
#6001 = LINE('',#6002,#6003);
#6002 = CARTESIAN_POINT('',(23.25,-33.7,13.6));
#6003 = VECTOR('',#6004,1.);
#6004 = DIRECTION('',(0.,1.,0.));
#6005 = PCURVE('',#3400,#6006);
#6006 = DEFINITIONAL_REPRESENTATION('',(#6007),#6011);
#6007 = LINE('',#6008,#6009);
#6008 = CARTESIAN_POINT('',(13.6,0.));
#6009 = VECTOR('',#6010,1.);
#6010 = DIRECTION('',(0.,-1.));
#6011 = ( GEOMETRIC_REPRESENTATION_CONTEXT(2) 
PARAMETRIC_REPRESENTATION_CONTEXT() REPRESENTATION_CONTEXT('2D SPACE',''
  ) );
#6012 = PCURVE('',#5910,#6013);
#6013 = DEFINITIONAL_REPRESENTATION('',(#6014),#6018);
#6014 = LINE('',#6015,#6016);
#6015 = CARTESIAN_POINT('',(0.,0.));
#6016 = VECTOR('',#6017,1.);
#6017 = DIRECTION('',(0.,1.));
#6018 = ( GEOMETRIC_REPRESENTATION_CONTEXT(2) 
PARAMETRIC_REPRESENTATION_CONTEXT() REPRESENTATION_CONTEXT('2D SPACE',''
  ) );
#6019 = ADVANCED_FACE('',(#6020),#3426,.T.);
#6020 = FACE_BOUND('',#6021,.T.);
#6021 = EDGE_LOOP('',(#6022,#6023,#6024,#6025));
#6022 = ORIENTED_EDGE('',*,*,#5927,.F.);
#6023 = ORIENTED_EDGE('',*,*,#3411,.T.);
#6024 = ORIENTED_EDGE('',*,*,#5976,.T.);
#6025 = ORIENTED_EDGE('',*,*,#6026,.T.);
#6026 = EDGE_CURVE('',#5977,#5928,#6027,.T.);
#6027 = SURFACE_CURVE('',#6028,(#6032,#6039),.PCURVE_S1.);
#6028 = LINE('',#6029,#6030);
#6029 = CARTESIAN_POINT('',(23.25,-31.5,13.6));
#6030 = VECTOR('',#6031,1.);
#6031 = DIRECTION('',(1.,0.,0.));
#6032 = PCURVE('',#3426,#6033);
#6033 = DEFINITIONAL_REPRESENTATION('',(#6034),#6038);
#6034 = LINE('',#6035,#6036);
#6035 = CARTESIAN_POINT('',(13.6,0.));
#6036 = VECTOR('',#6037,1.);
#6037 = DIRECTION('',(0.,1.));
#6038 = ( GEOMETRIC_REPRESENTATION_CONTEXT(2) 
PARAMETRIC_REPRESENTATION_CONTEXT() REPRESENTATION_CONTEXT('2D SPACE',''
  ) );
#6039 = PCURVE('',#5910,#6040);
#6040 = DEFINITIONAL_REPRESENTATION('',(#6041),#6045);
#6041 = LINE('',#6042,#6043);
#6042 = CARTESIAN_POINT('',(0.,2.2));
#6043 = VECTOR('',#6044,1.);
#6044 = DIRECTION('',(1.,0.));
#6045 = ( GEOMETRIC_REPRESENTATION_CONTEXT(2) 
PARAMETRIC_REPRESENTATION_CONTEXT() REPRESENTATION_CONTEXT('2D SPACE',''
  ) );
#6046 = ADVANCED_FACE('',(#6047),#3480,.F.);
#6047 = FACE_BOUND('',#6048,.F.);
#6048 = EDGE_LOOP('',(#6049,#6072,#6073,#6096));
#6049 = ORIENTED_EDGE('',*,*,#6050,.F.);
#6050 = EDGE_CURVE('',#3464,#6051,#6053,.T.);
#6051 = VERTEX_POINT('',#6052);
#6052 = CARTESIAN_POINT('',(25.45,-21.5,13.6));
#6053 = SURFACE_CURVE('',#6054,(#6058,#6065),.PCURVE_S1.);
#6054 = LINE('',#6055,#6056);
#6055 = CARTESIAN_POINT('',(25.45,-21.5,0.));
#6056 = VECTOR('',#6057,1.);
#6057 = DIRECTION('',(0.,0.,1.));
#6058 = PCURVE('',#3480,#6059);
#6059 = DEFINITIONAL_REPRESENTATION('',(#6060),#6064);
#6060 = LINE('',#6061,#6062);
#6061 = CARTESIAN_POINT('',(0.,2.2));
#6062 = VECTOR('',#6063,1.);
#6063 = DIRECTION('',(1.,0.));
#6064 = ( GEOMETRIC_REPRESENTATION_CONTEXT(2) 
PARAMETRIC_REPRESENTATION_CONTEXT() REPRESENTATION_CONTEXT('2D SPACE',''
  ) );
#6065 = PCURVE('',#3556,#6066);
#6066 = DEFINITIONAL_REPRESENTATION('',(#6067),#6071);
#6067 = LINE('',#6068,#6069);
#6068 = CARTESIAN_POINT('',(0.,0.));
#6069 = VECTOR('',#6070,1.);
#6070 = DIRECTION('',(1.,0.));
#6071 = ( GEOMETRIC_REPRESENTATION_CONTEXT(2) 
PARAMETRIC_REPRESENTATION_CONTEXT() REPRESENTATION_CONTEXT('2D SPACE',''
  ) );
#6072 = ORIENTED_EDGE('',*,*,#3463,.T.);
#6073 = ORIENTED_EDGE('',*,*,#6074,.T.);
#6074 = EDGE_CURVE('',#3466,#6075,#6077,.T.);
#6075 = VERTEX_POINT('',#6076);
#6076 = CARTESIAN_POINT('',(23.25,-21.5,13.6));
#6077 = SURFACE_CURVE('',#6078,(#6082,#6089),.PCURVE_S1.);
#6078 = LINE('',#6079,#6080);
#6079 = CARTESIAN_POINT('',(23.25,-21.5,0.));
#6080 = VECTOR('',#6081,1.);
#6081 = DIRECTION('',(0.,0.,1.));
#6082 = PCURVE('',#3480,#6083);
#6083 = DEFINITIONAL_REPRESENTATION('',(#6084),#6088);
#6084 = LINE('',#6085,#6086);
#6085 = CARTESIAN_POINT('',(0.,0.));
#6086 = VECTOR('',#6087,1.);
#6087 = DIRECTION('',(1.,0.));
#6088 = ( GEOMETRIC_REPRESENTATION_CONTEXT(2) 
PARAMETRIC_REPRESENTATION_CONTEXT() REPRESENTATION_CONTEXT('2D SPACE',''
  ) );
#6089 = PCURVE('',#3506,#6090);
#6090 = DEFINITIONAL_REPRESENTATION('',(#6091),#6095);
#6091 = LINE('',#6092,#6093);
#6092 = CARTESIAN_POINT('',(0.,0.));
#6093 = VECTOR('',#6094,1.);
#6094 = DIRECTION('',(1.,0.));
#6095 = ( GEOMETRIC_REPRESENTATION_CONTEXT(2) 
PARAMETRIC_REPRESENTATION_CONTEXT() REPRESENTATION_CONTEXT('2D SPACE',''
  ) );
#6096 = ORIENTED_EDGE('',*,*,#6097,.T.);
#6097 = EDGE_CURVE('',#6075,#6051,#6098,.T.);
#6098 = SURFACE_CURVE('',#6099,(#6103,#6110),.PCURVE_S1.);
#6099 = LINE('',#6100,#6101);
#6100 = CARTESIAN_POINT('',(23.25,-21.5,13.6));
#6101 = VECTOR('',#6102,1.);
#6102 = DIRECTION('',(1.,0.,0.));
#6103 = PCURVE('',#3480,#6104);
#6104 = DEFINITIONAL_REPRESENTATION('',(#6105),#6109);
#6105 = LINE('',#6106,#6107);
#6106 = CARTESIAN_POINT('',(13.6,0.));
#6107 = VECTOR('',#6108,1.);
#6108 = DIRECTION('',(0.,1.));
#6109 = ( GEOMETRIC_REPRESENTATION_CONTEXT(2) 
PARAMETRIC_REPRESENTATION_CONTEXT() REPRESENTATION_CONTEXT('2D SPACE',''
  ) );
#6110 = PCURVE('',#6111,#6116);
#6111 = PLANE('',#6112);
#6112 = AXIS2_PLACEMENT_3D('',#6113,#6114,#6115);
#6113 = CARTESIAN_POINT('',(23.25,-21.5,13.6));
#6114 = DIRECTION('',(0.,0.,1.));
#6115 = DIRECTION('',(1.,0.,0.));
#6116 = DEFINITIONAL_REPRESENTATION('',(#6117),#6121);
#6117 = LINE('',#6118,#6119);
#6118 = CARTESIAN_POINT('',(0.,0.));
#6119 = VECTOR('',#6120,1.);
#6120 = DIRECTION('',(1.,0.));
#6121 = ( GEOMETRIC_REPRESENTATION_CONTEXT(2) 
PARAMETRIC_REPRESENTATION_CONTEXT() REPRESENTATION_CONTEXT('2D SPACE',''
  ) );
#6122 = ADVANCED_FACE('',(#6123),#3556,.T.);
#6123 = FACE_BOUND('',#6124,.T.);
#6124 = EDGE_LOOP('',(#6125,#6126,#6127,#6150));
#6125 = ORIENTED_EDGE('',*,*,#6050,.F.);
#6126 = ORIENTED_EDGE('',*,*,#3543,.T.);
#6127 = ORIENTED_EDGE('',*,*,#6128,.T.);
#6128 = EDGE_CURVE('',#3518,#6129,#6131,.T.);
#6129 = VERTEX_POINT('',#6130);
#6130 = CARTESIAN_POINT('',(25.45,-19.3,13.6));
#6131 = SURFACE_CURVE('',#6132,(#6136,#6143),.PCURVE_S1.);
#6132 = LINE('',#6133,#6134);
#6133 = CARTESIAN_POINT('',(25.45,-19.3,0.));
#6134 = VECTOR('',#6135,1.);
#6135 = DIRECTION('',(0.,0.,1.));
#6136 = PCURVE('',#3556,#6137);
#6137 = DEFINITIONAL_REPRESENTATION('',(#6138),#6142);
#6138 = LINE('',#6139,#6140);
#6139 = CARTESIAN_POINT('',(0.,-2.2));
#6140 = VECTOR('',#6141,1.);
#6141 = DIRECTION('',(1.,0.));
#6142 = ( GEOMETRIC_REPRESENTATION_CONTEXT(2) 
PARAMETRIC_REPRESENTATION_CONTEXT() REPRESENTATION_CONTEXT('2D SPACE',''
  ) );
#6143 = PCURVE('',#3532,#6144);
#6144 = DEFINITIONAL_REPRESENTATION('',(#6145),#6149);
#6145 = LINE('',#6146,#6147);
#6146 = CARTESIAN_POINT('',(0.,2.2));
#6147 = VECTOR('',#6148,1.);
#6148 = DIRECTION('',(1.,0.));
#6149 = ( GEOMETRIC_REPRESENTATION_CONTEXT(2) 
PARAMETRIC_REPRESENTATION_CONTEXT() REPRESENTATION_CONTEXT('2D SPACE',''
  ) );
#6150 = ORIENTED_EDGE('',*,*,#6151,.F.);
#6151 = EDGE_CURVE('',#6051,#6129,#6152,.T.);
#6152 = SURFACE_CURVE('',#6153,(#6157,#6164),.PCURVE_S1.);
#6153 = LINE('',#6154,#6155);
#6154 = CARTESIAN_POINT('',(25.45,-21.5,13.6));
#6155 = VECTOR('',#6156,1.);
#6156 = DIRECTION('',(0.,1.,0.));
#6157 = PCURVE('',#3556,#6158);
#6158 = DEFINITIONAL_REPRESENTATION('',(#6159),#6163);
#6159 = LINE('',#6160,#6161);
#6160 = CARTESIAN_POINT('',(13.6,0.));
#6161 = VECTOR('',#6162,1.);
#6162 = DIRECTION('',(0.,-1.));
#6163 = ( GEOMETRIC_REPRESENTATION_CONTEXT(2) 
PARAMETRIC_REPRESENTATION_CONTEXT() REPRESENTATION_CONTEXT('2D SPACE',''
  ) );
#6164 = PCURVE('',#6111,#6165);
#6165 = DEFINITIONAL_REPRESENTATION('',(#6166),#6170);
#6166 = LINE('',#6167,#6168);
#6167 = CARTESIAN_POINT('',(2.2,0.));
#6168 = VECTOR('',#6169,1.);
#6169 = DIRECTION('',(0.,1.));
#6170 = ( GEOMETRIC_REPRESENTATION_CONTEXT(2) 
PARAMETRIC_REPRESENTATION_CONTEXT() REPRESENTATION_CONTEXT('2D SPACE',''
  ) );
#6171 = ADVANCED_FACE('',(#6172),#3506,.F.);
#6172 = FACE_BOUND('',#6173,.F.);
#6173 = EDGE_LOOP('',(#6174,#6175,#6176,#6199));
#6174 = ORIENTED_EDGE('',*,*,#6074,.F.);
#6175 = ORIENTED_EDGE('',*,*,#3491,.T.);
#6176 = ORIENTED_EDGE('',*,*,#6177,.T.);
#6177 = EDGE_CURVE('',#3492,#6178,#6180,.T.);
#6178 = VERTEX_POINT('',#6179);
#6179 = CARTESIAN_POINT('',(23.25,-19.3,13.6));
#6180 = SURFACE_CURVE('',#6181,(#6185,#6192),.PCURVE_S1.);
#6181 = LINE('',#6182,#6183);
#6182 = CARTESIAN_POINT('',(23.25,-19.3,0.));
#6183 = VECTOR('',#6184,1.);
#6184 = DIRECTION('',(0.,0.,1.));
#6185 = PCURVE('',#3506,#6186);
#6186 = DEFINITIONAL_REPRESENTATION('',(#6187),#6191);
#6187 = LINE('',#6188,#6189);
#6188 = CARTESIAN_POINT('',(0.,-2.2));
#6189 = VECTOR('',#6190,1.);
#6190 = DIRECTION('',(1.,0.));
#6191 = ( GEOMETRIC_REPRESENTATION_CONTEXT(2) 
PARAMETRIC_REPRESENTATION_CONTEXT() REPRESENTATION_CONTEXT('2D SPACE',''
  ) );
#6192 = PCURVE('',#3532,#6193);
#6193 = DEFINITIONAL_REPRESENTATION('',(#6194),#6198);
#6194 = LINE('',#6195,#6196);
#6195 = CARTESIAN_POINT('',(0.,0.));
#6196 = VECTOR('',#6197,1.);
#6197 = DIRECTION('',(1.,0.));
#6198 = ( GEOMETRIC_REPRESENTATION_CONTEXT(2) 
PARAMETRIC_REPRESENTATION_CONTEXT() REPRESENTATION_CONTEXT('2D SPACE',''
  ) );
#6199 = ORIENTED_EDGE('',*,*,#6200,.F.);
#6200 = EDGE_CURVE('',#6075,#6178,#6201,.T.);
#6201 = SURFACE_CURVE('',#6202,(#6206,#6213),.PCURVE_S1.);
#6202 = LINE('',#6203,#6204);
#6203 = CARTESIAN_POINT('',(23.25,-21.5,13.6));
#6204 = VECTOR('',#6205,1.);
#6205 = DIRECTION('',(0.,1.,0.));
#6206 = PCURVE('',#3506,#6207);
#6207 = DEFINITIONAL_REPRESENTATION('',(#6208),#6212);
#6208 = LINE('',#6209,#6210);
#6209 = CARTESIAN_POINT('',(13.6,0.));
#6210 = VECTOR('',#6211,1.);
#6211 = DIRECTION('',(0.,-1.));
#6212 = ( GEOMETRIC_REPRESENTATION_CONTEXT(2) 
PARAMETRIC_REPRESENTATION_CONTEXT() REPRESENTATION_CONTEXT('2D SPACE',''
  ) );
#6213 = PCURVE('',#6111,#6214);
#6214 = DEFINITIONAL_REPRESENTATION('',(#6215),#6219);
#6215 = LINE('',#6216,#6217);
#6216 = CARTESIAN_POINT('',(0.,0.));
#6217 = VECTOR('',#6218,1.);
#6218 = DIRECTION('',(0.,1.));
#6219 = ( GEOMETRIC_REPRESENTATION_CONTEXT(2) 
PARAMETRIC_REPRESENTATION_CONTEXT() REPRESENTATION_CONTEXT('2D SPACE',''
  ) );
#6220 = ADVANCED_FACE('',(#6221),#3532,.T.);
#6221 = FACE_BOUND('',#6222,.T.);
#6222 = EDGE_LOOP('',(#6223,#6224,#6225,#6226));
#6223 = ORIENTED_EDGE('',*,*,#6128,.F.);
#6224 = ORIENTED_EDGE('',*,*,#3517,.T.);
#6225 = ORIENTED_EDGE('',*,*,#6177,.T.);
#6226 = ORIENTED_EDGE('',*,*,#6227,.T.);
#6227 = EDGE_CURVE('',#6178,#6129,#6228,.T.);
#6228 = SURFACE_CURVE('',#6229,(#6233,#6240),.PCURVE_S1.);
#6229 = LINE('',#6230,#6231);
#6230 = CARTESIAN_POINT('',(23.25,-19.3,13.6));
#6231 = VECTOR('',#6232,1.);
#6232 = DIRECTION('',(1.,0.,0.));
#6233 = PCURVE('',#3532,#6234);
#6234 = DEFINITIONAL_REPRESENTATION('',(#6235),#6239);
#6235 = LINE('',#6236,#6237);
#6236 = CARTESIAN_POINT('',(13.6,0.));
#6237 = VECTOR('',#6238,1.);
#6238 = DIRECTION('',(0.,1.));
#6239 = ( GEOMETRIC_REPRESENTATION_CONTEXT(2) 
PARAMETRIC_REPRESENTATION_CONTEXT() REPRESENTATION_CONTEXT('2D SPACE',''
  ) );
#6240 = PCURVE('',#6111,#6241);
#6241 = DEFINITIONAL_REPRESENTATION('',(#6242),#6246);
#6242 = LINE('',#6243,#6244);
#6243 = CARTESIAN_POINT('',(0.,2.2));
#6244 = VECTOR('',#6245,1.);
#6245 = DIRECTION('',(1.,0.));
#6246 = ( GEOMETRIC_REPRESENTATION_CONTEXT(2) 
PARAMETRIC_REPRESENTATION_CONTEXT() REPRESENTATION_CONTEXT('2D SPACE',''
  ) );
#6247 = ADVANCED_FACE('',(#6248),#3586,.F.);
#6248 = FACE_BOUND('',#6249,.F.);
#6249 = EDGE_LOOP('',(#6250,#6273,#6274,#6297));
#6250 = ORIENTED_EDGE('',*,*,#6251,.F.);
#6251 = EDGE_CURVE('',#3570,#6252,#6254,.T.);
#6252 = VERTEX_POINT('',#6253);
#6253 = CARTESIAN_POINT('',(18.,-14.95,13.6));
#6254 = SURFACE_CURVE('',#6255,(#6259,#6266),.PCURVE_S1.);
#6255 = LINE('',#6256,#6257);
#6256 = CARTESIAN_POINT('',(18.,-14.95,0.));
#6257 = VECTOR('',#6258,1.);
#6258 = DIRECTION('',(0.,0.,1.));
#6259 = PCURVE('',#3586,#6260);
#6260 = DEFINITIONAL_REPRESENTATION('',(#6261),#6265);
#6261 = LINE('',#6262,#6263);
#6262 = CARTESIAN_POINT('',(0.,8.));
#6263 = VECTOR('',#6264,1.);
#6264 = DIRECTION('',(1.,0.));
#6265 = ( GEOMETRIC_REPRESENTATION_CONTEXT(2) 
PARAMETRIC_REPRESENTATION_CONTEXT() REPRESENTATION_CONTEXT('2D SPACE',''
  ) );
#6266 = PCURVE('',#3662,#6267);
#6267 = DEFINITIONAL_REPRESENTATION('',(#6268),#6272);
#6268 = LINE('',#6269,#6270);
#6269 = CARTESIAN_POINT('',(0.,0.));
#6270 = VECTOR('',#6271,1.);
#6271 = DIRECTION('',(1.,0.));
#6272 = ( GEOMETRIC_REPRESENTATION_CONTEXT(2) 
PARAMETRIC_REPRESENTATION_CONTEXT() REPRESENTATION_CONTEXT('2D SPACE',''
  ) );
#6273 = ORIENTED_EDGE('',*,*,#3569,.T.);
#6274 = ORIENTED_EDGE('',*,*,#6275,.T.);
#6275 = EDGE_CURVE('',#3572,#6276,#6278,.T.);
#6276 = VERTEX_POINT('',#6277);
#6277 = CARTESIAN_POINT('',(10.,-14.95,13.6));
#6278 = SURFACE_CURVE('',#6279,(#6283,#6290),.PCURVE_S1.);
#6279 = LINE('',#6280,#6281);
#6280 = CARTESIAN_POINT('',(10.,-14.95,0.));
#6281 = VECTOR('',#6282,1.);
#6282 = DIRECTION('',(0.,0.,1.));
#6283 = PCURVE('',#3586,#6284);
#6284 = DEFINITIONAL_REPRESENTATION('',(#6285),#6289);
#6285 = LINE('',#6286,#6287);
#6286 = CARTESIAN_POINT('',(0.,0.));
#6287 = VECTOR('',#6288,1.);
#6288 = DIRECTION('',(1.,0.));
#6289 = ( GEOMETRIC_REPRESENTATION_CONTEXT(2) 
PARAMETRIC_REPRESENTATION_CONTEXT() REPRESENTATION_CONTEXT('2D SPACE',''
  ) );
#6290 = PCURVE('',#3612,#6291);
#6291 = DEFINITIONAL_REPRESENTATION('',(#6292),#6296);
#6292 = LINE('',#6293,#6294);
#6293 = CARTESIAN_POINT('',(0.,0.));
#6294 = VECTOR('',#6295,1.);
#6295 = DIRECTION('',(1.,0.));
#6296 = ( GEOMETRIC_REPRESENTATION_CONTEXT(2) 
PARAMETRIC_REPRESENTATION_CONTEXT() REPRESENTATION_CONTEXT('2D SPACE',''
  ) );
#6297 = ORIENTED_EDGE('',*,*,#6298,.T.);
#6298 = EDGE_CURVE('',#6276,#6252,#6299,.T.);
#6299 = SURFACE_CURVE('',#6300,(#6304,#6311),.PCURVE_S1.);
#6300 = LINE('',#6301,#6302);
#6301 = CARTESIAN_POINT('',(10.,-14.95,13.6));
#6302 = VECTOR('',#6303,1.);
#6303 = DIRECTION('',(1.,0.,0.));
#6304 = PCURVE('',#3586,#6305);
#6305 = DEFINITIONAL_REPRESENTATION('',(#6306),#6310);
#6306 = LINE('',#6307,#6308);
#6307 = CARTESIAN_POINT('',(13.6,0.));
#6308 = VECTOR('',#6309,1.);
#6309 = DIRECTION('',(0.,1.));
#6310 = ( GEOMETRIC_REPRESENTATION_CONTEXT(2) 
PARAMETRIC_REPRESENTATION_CONTEXT() REPRESENTATION_CONTEXT('2D SPACE',''
  ) );
#6311 = PCURVE('',#6312,#6317);
#6312 = PLANE('',#6313);
#6313 = AXIS2_PLACEMENT_3D('',#6314,#6315,#6316);
#6314 = CARTESIAN_POINT('',(10.,-14.95,13.6));
#6315 = DIRECTION('',(0.,0.,1.));
#6316 = DIRECTION('',(1.,0.,0.));
#6317 = DEFINITIONAL_REPRESENTATION('',(#6318),#6322);
#6318 = LINE('',#6319,#6320);
#6319 = CARTESIAN_POINT('',(0.,0.));
#6320 = VECTOR('',#6321,1.);
#6321 = DIRECTION('',(1.,0.));
#6322 = ( GEOMETRIC_REPRESENTATION_CONTEXT(2) 
PARAMETRIC_REPRESENTATION_CONTEXT() REPRESENTATION_CONTEXT('2D SPACE',''
  ) );
#6323 = ADVANCED_FACE('',(#6324),#3662,.T.);
#6324 = FACE_BOUND('',#6325,.T.);
#6325 = EDGE_LOOP('',(#6326,#6327,#6328,#6351));
#6326 = ORIENTED_EDGE('',*,*,#6251,.F.);
#6327 = ORIENTED_EDGE('',*,*,#3649,.T.);
#6328 = ORIENTED_EDGE('',*,*,#6329,.T.);
#6329 = EDGE_CURVE('',#3624,#6330,#6332,.T.);
#6330 = VERTEX_POINT('',#6331);
#6331 = CARTESIAN_POINT('',(18.,-12.95,13.6));
#6332 = SURFACE_CURVE('',#6333,(#6337,#6344),.PCURVE_S1.);
#6333 = LINE('',#6334,#6335);
#6334 = CARTESIAN_POINT('',(18.,-12.95,0.));
#6335 = VECTOR('',#6336,1.);
#6336 = DIRECTION('',(0.,0.,1.));
#6337 = PCURVE('',#3662,#6338);
#6338 = DEFINITIONAL_REPRESENTATION('',(#6339),#6343);
#6339 = LINE('',#6340,#6341);
#6340 = CARTESIAN_POINT('',(0.,-2.));
#6341 = VECTOR('',#6342,1.);
#6342 = DIRECTION('',(1.,0.));
#6343 = ( GEOMETRIC_REPRESENTATION_CONTEXT(2) 
PARAMETRIC_REPRESENTATION_CONTEXT() REPRESENTATION_CONTEXT('2D SPACE',''
  ) );
#6344 = PCURVE('',#3638,#6345);
#6345 = DEFINITIONAL_REPRESENTATION('',(#6346),#6350);
#6346 = LINE('',#6347,#6348);
#6347 = CARTESIAN_POINT('',(0.,8.));
#6348 = VECTOR('',#6349,1.);
#6349 = DIRECTION('',(1.,0.));
#6350 = ( GEOMETRIC_REPRESENTATION_CONTEXT(2) 
PARAMETRIC_REPRESENTATION_CONTEXT() REPRESENTATION_CONTEXT('2D SPACE',''
  ) );
#6351 = ORIENTED_EDGE('',*,*,#6352,.F.);
#6352 = EDGE_CURVE('',#6252,#6330,#6353,.T.);
#6353 = SURFACE_CURVE('',#6354,(#6358,#6365),.PCURVE_S1.);
#6354 = LINE('',#6355,#6356);
#6355 = CARTESIAN_POINT('',(18.,-14.95,13.6));
#6356 = VECTOR('',#6357,1.);
#6357 = DIRECTION('',(0.,1.,0.));
#6358 = PCURVE('',#3662,#6359);
#6359 = DEFINITIONAL_REPRESENTATION('',(#6360),#6364);
#6360 = LINE('',#6361,#6362);
#6361 = CARTESIAN_POINT('',(13.6,0.));
#6362 = VECTOR('',#6363,1.);
#6363 = DIRECTION('',(0.,-1.));
#6364 = ( GEOMETRIC_REPRESENTATION_CONTEXT(2) 
PARAMETRIC_REPRESENTATION_CONTEXT() REPRESENTATION_CONTEXT('2D SPACE',''
  ) );
#6365 = PCURVE('',#6312,#6366);
#6366 = DEFINITIONAL_REPRESENTATION('',(#6367),#6371);
#6367 = LINE('',#6368,#6369);
#6368 = CARTESIAN_POINT('',(8.,0.));
#6369 = VECTOR('',#6370,1.);
#6370 = DIRECTION('',(0.,1.));
#6371 = ( GEOMETRIC_REPRESENTATION_CONTEXT(2) 
PARAMETRIC_REPRESENTATION_CONTEXT() REPRESENTATION_CONTEXT('2D SPACE',''
  ) );
#6372 = ADVANCED_FACE('',(#6373),#3612,.F.);
#6373 = FACE_BOUND('',#6374,.F.);
#6374 = EDGE_LOOP('',(#6375,#6376,#6377,#6400));
#6375 = ORIENTED_EDGE('',*,*,#6275,.F.);
#6376 = ORIENTED_EDGE('',*,*,#3597,.T.);
#6377 = ORIENTED_EDGE('',*,*,#6378,.T.);
#6378 = EDGE_CURVE('',#3598,#6379,#6381,.T.);
#6379 = VERTEX_POINT('',#6380);
#6380 = CARTESIAN_POINT('',(10.,-12.95,13.6));
#6381 = SURFACE_CURVE('',#6382,(#6386,#6393),.PCURVE_S1.);
#6382 = LINE('',#6383,#6384);
#6383 = CARTESIAN_POINT('',(10.,-12.95,0.));
#6384 = VECTOR('',#6385,1.);
#6385 = DIRECTION('',(0.,0.,1.));
#6386 = PCURVE('',#3612,#6387);
#6387 = DEFINITIONAL_REPRESENTATION('',(#6388),#6392);
#6388 = LINE('',#6389,#6390);
#6389 = CARTESIAN_POINT('',(0.,-2.));
#6390 = VECTOR('',#6391,1.);
#6391 = DIRECTION('',(1.,0.));
#6392 = ( GEOMETRIC_REPRESENTATION_CONTEXT(2) 
PARAMETRIC_REPRESENTATION_CONTEXT() REPRESENTATION_CONTEXT('2D SPACE',''
  ) );
#6393 = PCURVE('',#3638,#6394);
#6394 = DEFINITIONAL_REPRESENTATION('',(#6395),#6399);
#6395 = LINE('',#6396,#6397);
#6396 = CARTESIAN_POINT('',(0.,0.));
#6397 = VECTOR('',#6398,1.);
#6398 = DIRECTION('',(1.,0.));
#6399 = ( GEOMETRIC_REPRESENTATION_CONTEXT(2) 
PARAMETRIC_REPRESENTATION_CONTEXT() REPRESENTATION_CONTEXT('2D SPACE',''
  ) );
#6400 = ORIENTED_EDGE('',*,*,#6401,.F.);
#6401 = EDGE_CURVE('',#6276,#6379,#6402,.T.);
#6402 = SURFACE_CURVE('',#6403,(#6407,#6414),.PCURVE_S1.);
#6403 = LINE('',#6404,#6405);
#6404 = CARTESIAN_POINT('',(10.,-14.95,13.6));
#6405 = VECTOR('',#6406,1.);
#6406 = DIRECTION('',(0.,1.,0.));
#6407 = PCURVE('',#3612,#6408);
#6408 = DEFINITIONAL_REPRESENTATION('',(#6409),#6413);
#6409 = LINE('',#6410,#6411);
#6410 = CARTESIAN_POINT('',(13.6,0.));
#6411 = VECTOR('',#6412,1.);
#6412 = DIRECTION('',(0.,-1.));
#6413 = ( GEOMETRIC_REPRESENTATION_CONTEXT(2) 
PARAMETRIC_REPRESENTATION_CONTEXT() REPRESENTATION_CONTEXT('2D SPACE',''
  ) );
#6414 = PCURVE('',#6312,#6415);
#6415 = DEFINITIONAL_REPRESENTATION('',(#6416),#6420);
#6416 = LINE('',#6417,#6418);
#6417 = CARTESIAN_POINT('',(0.,0.));
#6418 = VECTOR('',#6419,1.);
#6419 = DIRECTION('',(0.,1.));
#6420 = ( GEOMETRIC_REPRESENTATION_CONTEXT(2) 
PARAMETRIC_REPRESENTATION_CONTEXT() REPRESENTATION_CONTEXT('2D SPACE',''
  ) );
#6421 = ADVANCED_FACE('',(#6422),#3638,.T.);
#6422 = FACE_BOUND('',#6423,.T.);
#6423 = EDGE_LOOP('',(#6424,#6425,#6426,#6427));
#6424 = ORIENTED_EDGE('',*,*,#6329,.F.);
#6425 = ORIENTED_EDGE('',*,*,#3623,.T.);
#6426 = ORIENTED_EDGE('',*,*,#6378,.T.);
#6427 = ORIENTED_EDGE('',*,*,#6428,.T.);
#6428 = EDGE_CURVE('',#6379,#6330,#6429,.T.);
#6429 = SURFACE_CURVE('',#6430,(#6434,#6441),.PCURVE_S1.);
#6430 = LINE('',#6431,#6432);
#6431 = CARTESIAN_POINT('',(10.,-12.95,13.6));
#6432 = VECTOR('',#6433,1.);
#6433 = DIRECTION('',(1.,0.,0.));
#6434 = PCURVE('',#3638,#6435);
#6435 = DEFINITIONAL_REPRESENTATION('',(#6436),#6440);
#6436 = LINE('',#6437,#6438);
#6437 = CARTESIAN_POINT('',(13.6,0.));
#6438 = VECTOR('',#6439,1.);
#6439 = DIRECTION('',(0.,1.));
#6440 = ( GEOMETRIC_REPRESENTATION_CONTEXT(2) 
PARAMETRIC_REPRESENTATION_CONTEXT() REPRESENTATION_CONTEXT('2D SPACE',''
  ) );
#6441 = PCURVE('',#6312,#6442);
#6442 = DEFINITIONAL_REPRESENTATION('',(#6443),#6447);
#6443 = LINE('',#6444,#6445);
#6444 = CARTESIAN_POINT('',(0.,2.));
#6445 = VECTOR('',#6446,1.);
#6446 = DIRECTION('',(1.,0.));
#6447 = ( GEOMETRIC_REPRESENTATION_CONTEXT(2) 
PARAMETRIC_REPRESENTATION_CONTEXT() REPRESENTATION_CONTEXT('2D SPACE',''
  ) );
#6448 = ADVANCED_FACE('',(#6449),#3692,.F.);
#6449 = FACE_BOUND('',#6450,.F.);
#6450 = EDGE_LOOP('',(#6451,#6474,#6475,#6498));
#6451 = ORIENTED_EDGE('',*,*,#6452,.F.);
#6452 = EDGE_CURVE('',#3676,#6453,#6455,.T.);
#6453 = VERTEX_POINT('',#6454);
#6454 = CARTESIAN_POINT('',(20.,-4.6,8.));
#6455 = SURFACE_CURVE('',#6456,(#6460,#6467),.PCURVE_S1.);
#6456 = LINE('',#6457,#6458);
#6457 = CARTESIAN_POINT('',(20.,-4.6,0.));
#6458 = VECTOR('',#6459,1.);
#6459 = DIRECTION('',(0.,0.,1.));
#6460 = PCURVE('',#3692,#6461);
#6461 = DEFINITIONAL_REPRESENTATION('',(#6462),#6466);
#6462 = LINE('',#6463,#6464);
#6463 = CARTESIAN_POINT('',(0.,12.));
#6464 = VECTOR('',#6465,1.);
#6465 = DIRECTION('',(1.,0.));
#6466 = ( GEOMETRIC_REPRESENTATION_CONTEXT(2) 
PARAMETRIC_REPRESENTATION_CONTEXT() REPRESENTATION_CONTEXT('2D SPACE',''
  ) );
#6467 = PCURVE('',#3768,#6468);
#6468 = DEFINITIONAL_REPRESENTATION('',(#6469),#6473);
#6469 = LINE('',#6470,#6471);
#6470 = CARTESIAN_POINT('',(0.,0.));
#6471 = VECTOR('',#6472,1.);
#6472 = DIRECTION('',(1.,0.));
#6473 = ( GEOMETRIC_REPRESENTATION_CONTEXT(2) 
PARAMETRIC_REPRESENTATION_CONTEXT() REPRESENTATION_CONTEXT('2D SPACE',''
  ) );
#6474 = ORIENTED_EDGE('',*,*,#3675,.T.);
#6475 = ORIENTED_EDGE('',*,*,#6476,.T.);
#6476 = EDGE_CURVE('',#3678,#6477,#6479,.T.);
#6477 = VERTEX_POINT('',#6478);
#6478 = CARTESIAN_POINT('',(8.,-4.6,8.));
#6479 = SURFACE_CURVE('',#6480,(#6484,#6491),.PCURVE_S1.);
#6480 = LINE('',#6481,#6482);
#6481 = CARTESIAN_POINT('',(8.,-4.6,0.));
#6482 = VECTOR('',#6483,1.);
#6483 = DIRECTION('',(0.,0.,1.));
#6484 = PCURVE('',#3692,#6485);
#6485 = DEFINITIONAL_REPRESENTATION('',(#6486),#6490);
#6486 = LINE('',#6487,#6488);
#6487 = CARTESIAN_POINT('',(0.,0.));
#6488 = VECTOR('',#6489,1.);
#6489 = DIRECTION('',(1.,0.));
#6490 = ( GEOMETRIC_REPRESENTATION_CONTEXT(2) 
PARAMETRIC_REPRESENTATION_CONTEXT() REPRESENTATION_CONTEXT('2D SPACE',''
  ) );
#6491 = PCURVE('',#3718,#6492);
#6492 = DEFINITIONAL_REPRESENTATION('',(#6493),#6497);
#6493 = LINE('',#6494,#6495);
#6494 = CARTESIAN_POINT('',(0.,0.));
#6495 = VECTOR('',#6496,1.);
#6496 = DIRECTION('',(1.,0.));
#6497 = ( GEOMETRIC_REPRESENTATION_CONTEXT(2) 
PARAMETRIC_REPRESENTATION_CONTEXT() REPRESENTATION_CONTEXT('2D SPACE',''
  ) );
#6498 = ORIENTED_EDGE('',*,*,#6499,.T.);
#6499 = EDGE_CURVE('',#6477,#6453,#6500,.T.);
#6500 = SURFACE_CURVE('',#6501,(#6505,#6512),.PCURVE_S1.);
#6501 = LINE('',#6502,#6503);
#6502 = CARTESIAN_POINT('',(8.,-4.6,8.));
#6503 = VECTOR('',#6504,1.);
#6504 = DIRECTION('',(1.,0.,0.));
#6505 = PCURVE('',#3692,#6506);
#6506 = DEFINITIONAL_REPRESENTATION('',(#6507),#6511);
#6507 = LINE('',#6508,#6509);
#6508 = CARTESIAN_POINT('',(8.,0.));
#6509 = VECTOR('',#6510,1.);
#6510 = DIRECTION('',(0.,1.));
#6511 = ( GEOMETRIC_REPRESENTATION_CONTEXT(2) 
PARAMETRIC_REPRESENTATION_CONTEXT() REPRESENTATION_CONTEXT('2D SPACE',''
  ) );
#6512 = PCURVE('',#6513,#6518);
#6513 = PLANE('',#6514);
#6514 = AXIS2_PLACEMENT_3D('',#6515,#6516,#6517);
#6515 = CARTESIAN_POINT('',(8.,-4.6,8.));
#6516 = DIRECTION('',(0.,0.,1.));
#6517 = DIRECTION('',(1.,0.,0.));
#6518 = DEFINITIONAL_REPRESENTATION('',(#6519),#6523);
#6519 = LINE('',#6520,#6521);
#6520 = CARTESIAN_POINT('',(0.,0.));
#6521 = VECTOR('',#6522,1.);
#6522 = DIRECTION('',(1.,0.));
#6523 = ( GEOMETRIC_REPRESENTATION_CONTEXT(2) 
PARAMETRIC_REPRESENTATION_CONTEXT() REPRESENTATION_CONTEXT('2D SPACE',''
  ) );
#6524 = ADVANCED_FACE('',(#6525),#3768,.T.);
#6525 = FACE_BOUND('',#6526,.T.);
#6526 = EDGE_LOOP('',(#6527,#6528,#6529,#6552));
#6527 = ORIENTED_EDGE('',*,*,#6452,.F.);
#6528 = ORIENTED_EDGE('',*,*,#3755,.T.);
#6529 = ORIENTED_EDGE('',*,*,#6530,.T.);
#6530 = EDGE_CURVE('',#3730,#6531,#6533,.T.);
#6531 = VERTEX_POINT('',#6532);
#6532 = CARTESIAN_POINT('',(20.,-3.6,8.));
#6533 = SURFACE_CURVE('',#6534,(#6538,#6545),.PCURVE_S1.);
#6534 = LINE('',#6535,#6536);
#6535 = CARTESIAN_POINT('',(20.,-3.6,0.));
#6536 = VECTOR('',#6537,1.);
#6537 = DIRECTION('',(0.,0.,1.));
#6538 = PCURVE('',#3768,#6539);
#6539 = DEFINITIONAL_REPRESENTATION('',(#6540),#6544);
#6540 = LINE('',#6541,#6542);
#6541 = CARTESIAN_POINT('',(0.,-1.));
#6542 = VECTOR('',#6543,1.);
#6543 = DIRECTION('',(1.,0.));
#6544 = ( GEOMETRIC_REPRESENTATION_CONTEXT(2) 
PARAMETRIC_REPRESENTATION_CONTEXT() REPRESENTATION_CONTEXT('2D SPACE',''
  ) );
#6545 = PCURVE('',#3744,#6546);
#6546 = DEFINITIONAL_REPRESENTATION('',(#6547),#6551);
#6547 = LINE('',#6548,#6549);
#6548 = CARTESIAN_POINT('',(0.,12.));
#6549 = VECTOR('',#6550,1.);
#6550 = DIRECTION('',(1.,0.));
#6551 = ( GEOMETRIC_REPRESENTATION_CONTEXT(2) 
PARAMETRIC_REPRESENTATION_CONTEXT() REPRESENTATION_CONTEXT('2D SPACE',''
  ) );
#6552 = ORIENTED_EDGE('',*,*,#6553,.F.);
#6553 = EDGE_CURVE('',#6453,#6531,#6554,.T.);
#6554 = SURFACE_CURVE('',#6555,(#6559,#6566),.PCURVE_S1.);
#6555 = LINE('',#6556,#6557);
#6556 = CARTESIAN_POINT('',(20.,-4.6,8.));
#6557 = VECTOR('',#6558,1.);
#6558 = DIRECTION('',(0.,1.,0.));
#6559 = PCURVE('',#3768,#6560);
#6560 = DEFINITIONAL_REPRESENTATION('',(#6561),#6565);
#6561 = LINE('',#6562,#6563);
#6562 = CARTESIAN_POINT('',(8.,0.));
#6563 = VECTOR('',#6564,1.);
#6564 = DIRECTION('',(0.,-1.));
#6565 = ( GEOMETRIC_REPRESENTATION_CONTEXT(2) 
PARAMETRIC_REPRESENTATION_CONTEXT() REPRESENTATION_CONTEXT('2D SPACE',''
  ) );
#6566 = PCURVE('',#6513,#6567);
#6567 = DEFINITIONAL_REPRESENTATION('',(#6568),#6572);
#6568 = LINE('',#6569,#6570);
#6569 = CARTESIAN_POINT('',(12.,0.));
#6570 = VECTOR('',#6571,1.);
#6571 = DIRECTION('',(0.,1.));
#6572 = ( GEOMETRIC_REPRESENTATION_CONTEXT(2) 
PARAMETRIC_REPRESENTATION_CONTEXT() REPRESENTATION_CONTEXT('2D SPACE',''
  ) );
#6573 = ADVANCED_FACE('',(#6574),#3718,.F.);
#6574 = FACE_BOUND('',#6575,.F.);
#6575 = EDGE_LOOP('',(#6576,#6577,#6578,#6601));
#6576 = ORIENTED_EDGE('',*,*,#6476,.F.);
#6577 = ORIENTED_EDGE('',*,*,#3703,.T.);
#6578 = ORIENTED_EDGE('',*,*,#6579,.T.);
#6579 = EDGE_CURVE('',#3704,#6580,#6582,.T.);
#6580 = VERTEX_POINT('',#6581);
#6581 = CARTESIAN_POINT('',(8.,-3.6,8.));
#6582 = SURFACE_CURVE('',#6583,(#6587,#6594),.PCURVE_S1.);
#6583 = LINE('',#6584,#6585);
#6584 = CARTESIAN_POINT('',(8.,-3.6,0.));
#6585 = VECTOR('',#6586,1.);
#6586 = DIRECTION('',(0.,0.,1.));
#6587 = PCURVE('',#3718,#6588);
#6588 = DEFINITIONAL_REPRESENTATION('',(#6589),#6593);
#6589 = LINE('',#6590,#6591);
#6590 = CARTESIAN_POINT('',(0.,-1.));
#6591 = VECTOR('',#6592,1.);
#6592 = DIRECTION('',(1.,0.));
#6593 = ( GEOMETRIC_REPRESENTATION_CONTEXT(2) 
PARAMETRIC_REPRESENTATION_CONTEXT() REPRESENTATION_CONTEXT('2D SPACE',''
  ) );
#6594 = PCURVE('',#3744,#6595);
#6595 = DEFINITIONAL_REPRESENTATION('',(#6596),#6600);
#6596 = LINE('',#6597,#6598);
#6597 = CARTESIAN_POINT('',(0.,0.));
#6598 = VECTOR('',#6599,1.);
#6599 = DIRECTION('',(1.,0.));
#6600 = ( GEOMETRIC_REPRESENTATION_CONTEXT(2) 
PARAMETRIC_REPRESENTATION_CONTEXT() REPRESENTATION_CONTEXT('2D SPACE',''
  ) );
#6601 = ORIENTED_EDGE('',*,*,#6602,.F.);
#6602 = EDGE_CURVE('',#6477,#6580,#6603,.T.);
#6603 = SURFACE_CURVE('',#6604,(#6608,#6615),.PCURVE_S1.);
#6604 = LINE('',#6605,#6606);
#6605 = CARTESIAN_POINT('',(8.,-4.6,8.));
#6606 = VECTOR('',#6607,1.);
#6607 = DIRECTION('',(0.,1.,0.));
#6608 = PCURVE('',#3718,#6609);
#6609 = DEFINITIONAL_REPRESENTATION('',(#6610),#6614);
#6610 = LINE('',#6611,#6612);
#6611 = CARTESIAN_POINT('',(8.,0.));
#6612 = VECTOR('',#6613,1.);
#6613 = DIRECTION('',(0.,-1.));
#6614 = ( GEOMETRIC_REPRESENTATION_CONTEXT(2) 
PARAMETRIC_REPRESENTATION_CONTEXT() REPRESENTATION_CONTEXT('2D SPACE',''
  ) );
#6615 = PCURVE('',#6513,#6616);
#6616 = DEFINITIONAL_REPRESENTATION('',(#6617),#6621);
#6617 = LINE('',#6618,#6619);
#6618 = CARTESIAN_POINT('',(0.,0.));
#6619 = VECTOR('',#6620,1.);
#6620 = DIRECTION('',(0.,1.));
#6621 = ( GEOMETRIC_REPRESENTATION_CONTEXT(2) 
PARAMETRIC_REPRESENTATION_CONTEXT() REPRESENTATION_CONTEXT('2D SPACE',''
  ) );
#6622 = ADVANCED_FACE('',(#6623),#3744,.T.);
#6623 = FACE_BOUND('',#6624,.T.);
#6624 = EDGE_LOOP('',(#6625,#6626,#6627,#6628));
#6625 = ORIENTED_EDGE('',*,*,#6530,.F.);
#6626 = ORIENTED_EDGE('',*,*,#3729,.T.);
#6627 = ORIENTED_EDGE('',*,*,#6579,.T.);
#6628 = ORIENTED_EDGE('',*,*,#6629,.T.);
#6629 = EDGE_CURVE('',#6580,#6531,#6630,.T.);
#6630 = SURFACE_CURVE('',#6631,(#6635,#6642),.PCURVE_S1.);
#6631 = LINE('',#6632,#6633);
#6632 = CARTESIAN_POINT('',(8.,-3.6,8.));
#6633 = VECTOR('',#6634,1.);
#6634 = DIRECTION('',(1.,0.,0.));
#6635 = PCURVE('',#3744,#6636);
#6636 = DEFINITIONAL_REPRESENTATION('',(#6637),#6641);
#6637 = LINE('',#6638,#6639);
#6638 = CARTESIAN_POINT('',(8.,0.));
#6639 = VECTOR('',#6640,1.);
#6640 = DIRECTION('',(0.,1.));
#6641 = ( GEOMETRIC_REPRESENTATION_CONTEXT(2) 
PARAMETRIC_REPRESENTATION_CONTEXT() REPRESENTATION_CONTEXT('2D SPACE',''
  ) );
#6642 = PCURVE('',#6513,#6643);
#6643 = DEFINITIONAL_REPRESENTATION('',(#6644),#6648);
#6644 = LINE('',#6645,#6646);
#6645 = CARTESIAN_POINT('',(0.,1.));
#6646 = VECTOR('',#6647,1.);
#6647 = DIRECTION('',(1.,0.));
#6648 = ( GEOMETRIC_REPRESENTATION_CONTEXT(2) 
PARAMETRIC_REPRESENTATION_CONTEXT() REPRESENTATION_CONTEXT('2D SPACE',''
  ) );
#6649 = ADVANCED_FACE('',(#6650),#3798,.F.);
#6650 = FACE_BOUND('',#6651,.F.);
#6651 = EDGE_LOOP('',(#6652,#6675,#6676,#6699));
#6652 = ORIENTED_EDGE('',*,*,#6653,.F.);
#6653 = EDGE_CURVE('',#3782,#6654,#6656,.T.);
#6654 = VERTEX_POINT('',#6655);
#6655 = CARTESIAN_POINT('',(1.7,0.5,8.));
#6656 = SURFACE_CURVE('',#6657,(#6661,#6668),.PCURVE_S1.);
#6657 = LINE('',#6658,#6659);
#6658 = CARTESIAN_POINT('',(1.7,0.5,0.));
#6659 = VECTOR('',#6660,1.);
#6660 = DIRECTION('',(0.,0.,1.));
#6661 = PCURVE('',#3798,#6662);
#6662 = DEFINITIONAL_REPRESENTATION('',(#6663),#6667);
#6663 = LINE('',#6664,#6665);
#6664 = CARTESIAN_POINT('',(0.,1.));
#6665 = VECTOR('',#6666,1.);
#6666 = DIRECTION('',(1.,0.));
#6667 = ( GEOMETRIC_REPRESENTATION_CONTEXT(2) 
PARAMETRIC_REPRESENTATION_CONTEXT() REPRESENTATION_CONTEXT('2D SPACE',''
  ) );
#6668 = PCURVE('',#3874,#6669);
#6669 = DEFINITIONAL_REPRESENTATION('',(#6670),#6674);
#6670 = LINE('',#6671,#6672);
#6671 = CARTESIAN_POINT('',(0.,0.));
#6672 = VECTOR('',#6673,1.);
#6673 = DIRECTION('',(1.,0.));
#6674 = ( GEOMETRIC_REPRESENTATION_CONTEXT(2) 
PARAMETRIC_REPRESENTATION_CONTEXT() REPRESENTATION_CONTEXT('2D SPACE',''
  ) );
#6675 = ORIENTED_EDGE('',*,*,#3781,.T.);
#6676 = ORIENTED_EDGE('',*,*,#6677,.T.);
#6677 = EDGE_CURVE('',#3784,#6678,#6680,.T.);
#6678 = VERTEX_POINT('',#6679);
#6679 = CARTESIAN_POINT('',(0.7,0.5,8.));
#6680 = SURFACE_CURVE('',#6681,(#6685,#6692),.PCURVE_S1.);
#6681 = LINE('',#6682,#6683);
#6682 = CARTESIAN_POINT('',(0.7,0.5,0.));
#6683 = VECTOR('',#6684,1.);
#6684 = DIRECTION('',(0.,0.,1.));
#6685 = PCURVE('',#3798,#6686);
#6686 = DEFINITIONAL_REPRESENTATION('',(#6687),#6691);
#6687 = LINE('',#6688,#6689);
#6688 = CARTESIAN_POINT('',(0.,0.));
#6689 = VECTOR('',#6690,1.);
#6690 = DIRECTION('',(1.,0.));
#6691 = ( GEOMETRIC_REPRESENTATION_CONTEXT(2) 
PARAMETRIC_REPRESENTATION_CONTEXT() REPRESENTATION_CONTEXT('2D SPACE',''
  ) );
#6692 = PCURVE('',#3824,#6693);
#6693 = DEFINITIONAL_REPRESENTATION('',(#6694),#6698);
#6694 = LINE('',#6695,#6696);
#6695 = CARTESIAN_POINT('',(0.,0.));
#6696 = VECTOR('',#6697,1.);
#6697 = DIRECTION('',(1.,0.));
#6698 = ( GEOMETRIC_REPRESENTATION_CONTEXT(2) 
PARAMETRIC_REPRESENTATION_CONTEXT() REPRESENTATION_CONTEXT('2D SPACE',''
  ) );
#6699 = ORIENTED_EDGE('',*,*,#6700,.T.);
#6700 = EDGE_CURVE('',#6678,#6654,#6701,.T.);
#6701 = SURFACE_CURVE('',#6702,(#6706,#6713),.PCURVE_S1.);
#6702 = LINE('',#6703,#6704);
#6703 = CARTESIAN_POINT('',(0.7,0.5,8.));
#6704 = VECTOR('',#6705,1.);
#6705 = DIRECTION('',(1.,0.,0.));
#6706 = PCURVE('',#3798,#6707);
#6707 = DEFINITIONAL_REPRESENTATION('',(#6708),#6712);
#6708 = LINE('',#6709,#6710);
#6709 = CARTESIAN_POINT('',(8.,0.));
#6710 = VECTOR('',#6711,1.);
#6711 = DIRECTION('',(0.,1.));
#6712 = ( GEOMETRIC_REPRESENTATION_CONTEXT(2) 
PARAMETRIC_REPRESENTATION_CONTEXT() REPRESENTATION_CONTEXT('2D SPACE',''
  ) );
#6713 = PCURVE('',#6714,#6719);
#6714 = PLANE('',#6715);
#6715 = AXIS2_PLACEMENT_3D('',#6716,#6717,#6718);
#6716 = CARTESIAN_POINT('',(0.7,0.5,8.));
#6717 = DIRECTION('',(0.,0.,1.));
#6718 = DIRECTION('',(1.,0.,0.));
#6719 = DEFINITIONAL_REPRESENTATION('',(#6720),#6724);
#6720 = LINE('',#6721,#6722);
#6721 = CARTESIAN_POINT('',(0.,0.));
#6722 = VECTOR('',#6723,1.);
#6723 = DIRECTION('',(1.,0.));
#6724 = ( GEOMETRIC_REPRESENTATION_CONTEXT(2) 
PARAMETRIC_REPRESENTATION_CONTEXT() REPRESENTATION_CONTEXT('2D SPACE',''
  ) );
#6725 = ADVANCED_FACE('',(#6726),#3874,.T.);
#6726 = FACE_BOUND('',#6727,.T.);
#6727 = EDGE_LOOP('',(#6728,#6729,#6730,#6753));
#6728 = ORIENTED_EDGE('',*,*,#6653,.F.);
#6729 = ORIENTED_EDGE('',*,*,#3861,.T.);
#6730 = ORIENTED_EDGE('',*,*,#6731,.T.);
#6731 = EDGE_CURVE('',#3836,#6732,#6734,.T.);
#6732 = VERTEX_POINT('',#6733);
#6733 = CARTESIAN_POINT('',(1.7,5.5,8.));
#6734 = SURFACE_CURVE('',#6735,(#6739,#6746),.PCURVE_S1.);
#6735 = LINE('',#6736,#6737);
#6736 = CARTESIAN_POINT('',(1.7,5.5,0.));
#6737 = VECTOR('',#6738,1.);
#6738 = DIRECTION('',(0.,0.,1.));
#6739 = PCURVE('',#3874,#6740);
#6740 = DEFINITIONAL_REPRESENTATION('',(#6741),#6745);
#6741 = LINE('',#6742,#6743);
#6742 = CARTESIAN_POINT('',(0.,-5.));
#6743 = VECTOR('',#6744,1.);
#6744 = DIRECTION('',(1.,0.));
#6745 = ( GEOMETRIC_REPRESENTATION_CONTEXT(2) 
PARAMETRIC_REPRESENTATION_CONTEXT() REPRESENTATION_CONTEXT('2D SPACE',''
  ) );
#6746 = PCURVE('',#3850,#6747);
#6747 = DEFINITIONAL_REPRESENTATION('',(#6748),#6752);
#6748 = LINE('',#6749,#6750);
#6749 = CARTESIAN_POINT('',(0.,1.));
#6750 = VECTOR('',#6751,1.);
#6751 = DIRECTION('',(1.,0.));
#6752 = ( GEOMETRIC_REPRESENTATION_CONTEXT(2) 
PARAMETRIC_REPRESENTATION_CONTEXT() REPRESENTATION_CONTEXT('2D SPACE',''
  ) );
#6753 = ORIENTED_EDGE('',*,*,#6754,.F.);
#6754 = EDGE_CURVE('',#6654,#6732,#6755,.T.);
#6755 = SURFACE_CURVE('',#6756,(#6760,#6767),.PCURVE_S1.);
#6756 = LINE('',#6757,#6758);
#6757 = CARTESIAN_POINT('',(1.7,0.5,8.));
#6758 = VECTOR('',#6759,1.);
#6759 = DIRECTION('',(0.,1.,0.));
#6760 = PCURVE('',#3874,#6761);
#6761 = DEFINITIONAL_REPRESENTATION('',(#6762),#6766);
#6762 = LINE('',#6763,#6764);
#6763 = CARTESIAN_POINT('',(8.,0.));
#6764 = VECTOR('',#6765,1.);
#6765 = DIRECTION('',(0.,-1.));
#6766 = ( GEOMETRIC_REPRESENTATION_CONTEXT(2) 
PARAMETRIC_REPRESENTATION_CONTEXT() REPRESENTATION_CONTEXT('2D SPACE',''
  ) );
#6767 = PCURVE('',#6714,#6768);
#6768 = DEFINITIONAL_REPRESENTATION('',(#6769),#6773);
#6769 = LINE('',#6770,#6771);
#6770 = CARTESIAN_POINT('',(1.,0.));
#6771 = VECTOR('',#6772,1.);
#6772 = DIRECTION('',(0.,1.));
#6773 = ( GEOMETRIC_REPRESENTATION_CONTEXT(2) 
PARAMETRIC_REPRESENTATION_CONTEXT() REPRESENTATION_CONTEXT('2D SPACE',''
  ) );
#6774 = ADVANCED_FACE('',(#6775),#3824,.F.);
#6775 = FACE_BOUND('',#6776,.F.);
#6776 = EDGE_LOOP('',(#6777,#6778,#6779,#6802));
#6777 = ORIENTED_EDGE('',*,*,#6677,.F.);
#6778 = ORIENTED_EDGE('',*,*,#3809,.T.);
#6779 = ORIENTED_EDGE('',*,*,#6780,.T.);
#6780 = EDGE_CURVE('',#3810,#6781,#6783,.T.);
#6781 = VERTEX_POINT('',#6782);
#6782 = CARTESIAN_POINT('',(0.7,5.5,8.));
#6783 = SURFACE_CURVE('',#6784,(#6788,#6795),.PCURVE_S1.);
#6784 = LINE('',#6785,#6786);
#6785 = CARTESIAN_POINT('',(0.7,5.5,0.));
#6786 = VECTOR('',#6787,1.);
#6787 = DIRECTION('',(0.,0.,1.));
#6788 = PCURVE('',#3824,#6789);
#6789 = DEFINITIONAL_REPRESENTATION('',(#6790),#6794);
#6790 = LINE('',#6791,#6792);
#6791 = CARTESIAN_POINT('',(0.,-5.));
#6792 = VECTOR('',#6793,1.);
#6793 = DIRECTION('',(1.,0.));
#6794 = ( GEOMETRIC_REPRESENTATION_CONTEXT(2) 
PARAMETRIC_REPRESENTATION_CONTEXT() REPRESENTATION_CONTEXT('2D SPACE',''
  ) );
#6795 = PCURVE('',#3850,#6796);
#6796 = DEFINITIONAL_REPRESENTATION('',(#6797),#6801);
#6797 = LINE('',#6798,#6799);
#6798 = CARTESIAN_POINT('',(0.,0.));
#6799 = VECTOR('',#6800,1.);
#6800 = DIRECTION('',(1.,0.));
#6801 = ( GEOMETRIC_REPRESENTATION_CONTEXT(2) 
PARAMETRIC_REPRESENTATION_CONTEXT() REPRESENTATION_CONTEXT('2D SPACE',''
  ) );
#6802 = ORIENTED_EDGE('',*,*,#6803,.F.);
#6803 = EDGE_CURVE('',#6678,#6781,#6804,.T.);
#6804 = SURFACE_CURVE('',#6805,(#6809,#6816),.PCURVE_S1.);
#6805 = LINE('',#6806,#6807);
#6806 = CARTESIAN_POINT('',(0.7,0.5,8.));
#6807 = VECTOR('',#6808,1.);
#6808 = DIRECTION('',(0.,1.,0.));
#6809 = PCURVE('',#3824,#6810);
#6810 = DEFINITIONAL_REPRESENTATION('',(#6811),#6815);
#6811 = LINE('',#6812,#6813);
#6812 = CARTESIAN_POINT('',(8.,0.));
#6813 = VECTOR('',#6814,1.);
#6814 = DIRECTION('',(0.,-1.));
#6815 = ( GEOMETRIC_REPRESENTATION_CONTEXT(2) 
PARAMETRIC_REPRESENTATION_CONTEXT() REPRESENTATION_CONTEXT('2D SPACE',''
  ) );
#6816 = PCURVE('',#6714,#6817);
#6817 = DEFINITIONAL_REPRESENTATION('',(#6818),#6822);
#6818 = LINE('',#6819,#6820);
#6819 = CARTESIAN_POINT('',(0.,0.));
#6820 = VECTOR('',#6821,1.);
#6821 = DIRECTION('',(0.,1.));
#6822 = ( GEOMETRIC_REPRESENTATION_CONTEXT(2) 
PARAMETRIC_REPRESENTATION_CONTEXT() REPRESENTATION_CONTEXT('2D SPACE',''
  ) );
#6823 = ADVANCED_FACE('',(#6824),#3850,.T.);
#6824 = FACE_BOUND('',#6825,.T.);
#6825 = EDGE_LOOP('',(#6826,#6827,#6828,#6829));
#6826 = ORIENTED_EDGE('',*,*,#6731,.F.);
#6827 = ORIENTED_EDGE('',*,*,#3835,.T.);
#6828 = ORIENTED_EDGE('',*,*,#6780,.T.);
#6829 = ORIENTED_EDGE('',*,*,#6830,.T.);
#6830 = EDGE_CURVE('',#6781,#6732,#6831,.T.);
#6831 = SURFACE_CURVE('',#6832,(#6836,#6843),.PCURVE_S1.);
#6832 = LINE('',#6833,#6834);
#6833 = CARTESIAN_POINT('',(0.7,5.5,8.));
#6834 = VECTOR('',#6835,1.);
#6835 = DIRECTION('',(1.,0.,0.));
#6836 = PCURVE('',#3850,#6837);
#6837 = DEFINITIONAL_REPRESENTATION('',(#6838),#6842);
#6838 = LINE('',#6839,#6840);
#6839 = CARTESIAN_POINT('',(8.,0.));
#6840 = VECTOR('',#6841,1.);
#6841 = DIRECTION('',(0.,1.));
#6842 = ( GEOMETRIC_REPRESENTATION_CONTEXT(2) 
PARAMETRIC_REPRESENTATION_CONTEXT() REPRESENTATION_CONTEXT('2D SPACE',''
  ) );
#6843 = PCURVE('',#6714,#6844);
#6844 = DEFINITIONAL_REPRESENTATION('',(#6845),#6849);
#6845 = LINE('',#6846,#6847);
#6846 = CARTESIAN_POINT('',(0.,5.));
#6847 = VECTOR('',#6848,1.);
#6848 = DIRECTION('',(1.,0.));
#6849 = ( GEOMETRIC_REPRESENTATION_CONTEXT(2) 
PARAMETRIC_REPRESENTATION_CONTEXT() REPRESENTATION_CONTEXT('2D SPACE',''
  ) );
#6850 = ADVANCED_FACE('',(#6851),#3904,.F.);
#6851 = FACE_BOUND('',#6852,.F.);
#6852 = EDGE_LOOP('',(#6853,#6876,#6877,#6900));
#6853 = ORIENTED_EDGE('',*,*,#6854,.F.);
#6854 = EDGE_CURVE('',#3888,#6855,#6857,.T.);
#6855 = VERTEX_POINT('',#6856);
#6856 = CARTESIAN_POINT('',(6.1,-1.,5.5));
#6857 = SURFACE_CURVE('',#6858,(#6862,#6869),.PCURVE_S1.);
#6858 = LINE('',#6859,#6860);
#6859 = CARTESIAN_POINT('',(6.1,-1.,0.));
#6860 = VECTOR('',#6861,1.);
#6861 = DIRECTION('',(0.,0.,1.));
#6862 = PCURVE('',#3904,#6863);
#6863 = DEFINITIONAL_REPRESENTATION('',(#6864),#6868);
#6864 = LINE('',#6865,#6866);
#6865 = CARTESIAN_POINT('',(0.,2.2));
#6866 = VECTOR('',#6867,1.);
#6867 = DIRECTION('',(1.,0.));
#6868 = ( GEOMETRIC_REPRESENTATION_CONTEXT(2) 
PARAMETRIC_REPRESENTATION_CONTEXT() REPRESENTATION_CONTEXT('2D SPACE',''
  ) );
#6869 = PCURVE('',#3980,#6870);
#6870 = DEFINITIONAL_REPRESENTATION('',(#6871),#6875);
#6871 = LINE('',#6872,#6873);
#6872 = CARTESIAN_POINT('',(0.,0.));
#6873 = VECTOR('',#6874,1.);
#6874 = DIRECTION('',(1.,0.));
#6875 = ( GEOMETRIC_REPRESENTATION_CONTEXT(2) 
PARAMETRIC_REPRESENTATION_CONTEXT() REPRESENTATION_CONTEXT('2D SPACE',''
  ) );
#6876 = ORIENTED_EDGE('',*,*,#3887,.T.);
#6877 = ORIENTED_EDGE('',*,*,#6878,.T.);
#6878 = EDGE_CURVE('',#3890,#6879,#6881,.T.);
#6879 = VERTEX_POINT('',#6880);
#6880 = CARTESIAN_POINT('',(3.9,-1.,5.5));
#6881 = SURFACE_CURVE('',#6882,(#6886,#6893),.PCURVE_S1.);
#6882 = LINE('',#6883,#6884);
#6883 = CARTESIAN_POINT('',(3.9,-1.,0.));
#6884 = VECTOR('',#6885,1.);
#6885 = DIRECTION('',(0.,0.,1.));
#6886 = PCURVE('',#3904,#6887);
#6887 = DEFINITIONAL_REPRESENTATION('',(#6888),#6892);
#6888 = LINE('',#6889,#6890);
#6889 = CARTESIAN_POINT('',(0.,0.));
#6890 = VECTOR('',#6891,1.);
#6891 = DIRECTION('',(1.,0.));
#6892 = ( GEOMETRIC_REPRESENTATION_CONTEXT(2) 
PARAMETRIC_REPRESENTATION_CONTEXT() REPRESENTATION_CONTEXT('2D SPACE',''
  ) );
#6893 = PCURVE('',#3930,#6894);
#6894 = DEFINITIONAL_REPRESENTATION('',(#6895),#6899);
#6895 = LINE('',#6896,#6897);
#6896 = CARTESIAN_POINT('',(0.,0.));
#6897 = VECTOR('',#6898,1.);
#6898 = DIRECTION('',(1.,0.));
#6899 = ( GEOMETRIC_REPRESENTATION_CONTEXT(2) 
PARAMETRIC_REPRESENTATION_CONTEXT() REPRESENTATION_CONTEXT('2D SPACE',''
  ) );
#6900 = ORIENTED_EDGE('',*,*,#6901,.T.);
#6901 = EDGE_CURVE('',#6879,#6855,#6902,.T.);
#6902 = SURFACE_CURVE('',#6903,(#6907,#6914),.PCURVE_S1.);
#6903 = LINE('',#6904,#6905);
#6904 = CARTESIAN_POINT('',(3.9,-1.,5.5));
#6905 = VECTOR('',#6906,1.);
#6906 = DIRECTION('',(1.,0.,0.));
#6907 = PCURVE('',#3904,#6908);
#6908 = DEFINITIONAL_REPRESENTATION('',(#6909),#6913);
#6909 = LINE('',#6910,#6911);
#6910 = CARTESIAN_POINT('',(5.5,0.));
#6911 = VECTOR('',#6912,1.);
#6912 = DIRECTION('',(0.,1.));
#6913 = ( GEOMETRIC_REPRESENTATION_CONTEXT(2) 
PARAMETRIC_REPRESENTATION_CONTEXT() REPRESENTATION_CONTEXT('2D SPACE',''
  ) );
#6914 = PCURVE('',#6915,#6920);
#6915 = PLANE('',#6916);
#6916 = AXIS2_PLACEMENT_3D('',#6917,#6918,#6919);
#6917 = CARTESIAN_POINT('',(3.9,-1.,5.5));
#6918 = DIRECTION('',(0.,0.,1.));
#6919 = DIRECTION('',(1.,0.,0.));
#6920 = DEFINITIONAL_REPRESENTATION('',(#6921),#6925);
#6921 = LINE('',#6922,#6923);
#6922 = CARTESIAN_POINT('',(0.,0.));
#6923 = VECTOR('',#6924,1.);
#6924 = DIRECTION('',(1.,0.));
#6925 = ( GEOMETRIC_REPRESENTATION_CONTEXT(2) 
PARAMETRIC_REPRESENTATION_CONTEXT() REPRESENTATION_CONTEXT('2D SPACE',''
  ) );
#6926 = ADVANCED_FACE('',(#6927),#3980,.T.);
#6927 = FACE_BOUND('',#6928,.T.);
#6928 = EDGE_LOOP('',(#6929,#6930,#6931,#6954));
#6929 = ORIENTED_EDGE('',*,*,#6854,.F.);
#6930 = ORIENTED_EDGE('',*,*,#3967,.T.);
#6931 = ORIENTED_EDGE('',*,*,#6932,.T.);
#6932 = EDGE_CURVE('',#3942,#6933,#6935,.T.);
#6933 = VERTEX_POINT('',#6934);
#6934 = CARTESIAN_POINT('',(6.1,29.,5.5));
#6935 = SURFACE_CURVE('',#6936,(#6940,#6947),.PCURVE_S1.);
#6936 = LINE('',#6937,#6938);
#6937 = CARTESIAN_POINT('',(6.1,29.,0.));
#6938 = VECTOR('',#6939,1.);
#6939 = DIRECTION('',(0.,0.,1.));
#6940 = PCURVE('',#3980,#6941);
#6941 = DEFINITIONAL_REPRESENTATION('',(#6942),#6946);
#6942 = LINE('',#6943,#6944);
#6943 = CARTESIAN_POINT('',(0.,-30.));
#6944 = VECTOR('',#6945,1.);
#6945 = DIRECTION('',(1.,0.));
#6946 = ( GEOMETRIC_REPRESENTATION_CONTEXT(2) 
PARAMETRIC_REPRESENTATION_CONTEXT() REPRESENTATION_CONTEXT('2D SPACE',''
  ) );
#6947 = PCURVE('',#3956,#6948);
#6948 = DEFINITIONAL_REPRESENTATION('',(#6949),#6953);
#6949 = LINE('',#6950,#6951);
#6950 = CARTESIAN_POINT('',(0.,2.2));
#6951 = VECTOR('',#6952,1.);
#6952 = DIRECTION('',(1.,0.));
#6953 = ( GEOMETRIC_REPRESENTATION_CONTEXT(2) 
PARAMETRIC_REPRESENTATION_CONTEXT() REPRESENTATION_CONTEXT('2D SPACE',''
  ) );
#6954 = ORIENTED_EDGE('',*,*,#6955,.F.);
#6955 = EDGE_CURVE('',#6855,#6933,#6956,.T.);
#6956 = SURFACE_CURVE('',#6957,(#6961,#6968),.PCURVE_S1.);
#6957 = LINE('',#6958,#6959);
#6958 = CARTESIAN_POINT('',(6.1,-1.,5.5));
#6959 = VECTOR('',#6960,1.);
#6960 = DIRECTION('',(0.,1.,0.));
#6961 = PCURVE('',#3980,#6962);
#6962 = DEFINITIONAL_REPRESENTATION('',(#6963),#6967);
#6963 = LINE('',#6964,#6965);
#6964 = CARTESIAN_POINT('',(5.5,0.));
#6965 = VECTOR('',#6966,1.);
#6966 = DIRECTION('',(0.,-1.));
#6967 = ( GEOMETRIC_REPRESENTATION_CONTEXT(2) 
PARAMETRIC_REPRESENTATION_CONTEXT() REPRESENTATION_CONTEXT('2D SPACE',''
  ) );
#6968 = PCURVE('',#6915,#6969);
#6969 = DEFINITIONAL_REPRESENTATION('',(#6970),#6974);
#6970 = LINE('',#6971,#6972);
#6971 = CARTESIAN_POINT('',(2.2,0.));
#6972 = VECTOR('',#6973,1.);
#6973 = DIRECTION('',(0.,1.));
#6974 = ( GEOMETRIC_REPRESENTATION_CONTEXT(2) 
PARAMETRIC_REPRESENTATION_CONTEXT() REPRESENTATION_CONTEXT('2D SPACE',''
  ) );
#6975 = ADVANCED_FACE('',(#6976),#3930,.F.);
#6976 = FACE_BOUND('',#6977,.F.);
#6977 = EDGE_LOOP('',(#6978,#6979,#6980,#7003));
#6978 = ORIENTED_EDGE('',*,*,#6878,.F.);
#6979 = ORIENTED_EDGE('',*,*,#3915,.T.);
#6980 = ORIENTED_EDGE('',*,*,#6981,.T.);
#6981 = EDGE_CURVE('',#3916,#6982,#6984,.T.);
#6982 = VERTEX_POINT('',#6983);
#6983 = CARTESIAN_POINT('',(3.9,29.,5.5));
#6984 = SURFACE_CURVE('',#6985,(#6989,#6996),.PCURVE_S1.);
#6985 = LINE('',#6986,#6987);
#6986 = CARTESIAN_POINT('',(3.9,29.,0.));
#6987 = VECTOR('',#6988,1.);
#6988 = DIRECTION('',(0.,0.,1.));
#6989 = PCURVE('',#3930,#6990);
#6990 = DEFINITIONAL_REPRESENTATION('',(#6991),#6995);
#6991 = LINE('',#6992,#6993);
#6992 = CARTESIAN_POINT('',(0.,-30.));
#6993 = VECTOR('',#6994,1.);
#6994 = DIRECTION('',(1.,0.));
#6995 = ( GEOMETRIC_REPRESENTATION_CONTEXT(2) 
PARAMETRIC_REPRESENTATION_CONTEXT() REPRESENTATION_CONTEXT('2D SPACE',''
  ) );
#6996 = PCURVE('',#3956,#6997);
#6997 = DEFINITIONAL_REPRESENTATION('',(#6998),#7002);
#6998 = LINE('',#6999,#7000);
#6999 = CARTESIAN_POINT('',(0.,0.));
#7000 = VECTOR('',#7001,1.);
#7001 = DIRECTION('',(1.,0.));
#7002 = ( GEOMETRIC_REPRESENTATION_CONTEXT(2) 
PARAMETRIC_REPRESENTATION_CONTEXT() REPRESENTATION_CONTEXT('2D SPACE',''
  ) );
#7003 = ORIENTED_EDGE('',*,*,#7004,.F.);
#7004 = EDGE_CURVE('',#6879,#6982,#7005,.T.);
#7005 = SURFACE_CURVE('',#7006,(#7010,#7017),.PCURVE_S1.);
#7006 = LINE('',#7007,#7008);
#7007 = CARTESIAN_POINT('',(3.9,-1.,5.5));
#7008 = VECTOR('',#7009,1.);
#7009 = DIRECTION('',(0.,1.,0.));
#7010 = PCURVE('',#3930,#7011);
#7011 = DEFINITIONAL_REPRESENTATION('',(#7012),#7016);
#7012 = LINE('',#7013,#7014);
#7013 = CARTESIAN_POINT('',(5.5,0.));
#7014 = VECTOR('',#7015,1.);
#7015 = DIRECTION('',(0.,-1.));
#7016 = ( GEOMETRIC_REPRESENTATION_CONTEXT(2) 
PARAMETRIC_REPRESENTATION_CONTEXT() REPRESENTATION_CONTEXT('2D SPACE',''
  ) );
#7017 = PCURVE('',#6915,#7018);
#7018 = DEFINITIONAL_REPRESENTATION('',(#7019),#7023);
#7019 = LINE('',#7020,#7021);
#7020 = CARTESIAN_POINT('',(0.,0.));
#7021 = VECTOR('',#7022,1.);
#7022 = DIRECTION('',(0.,1.));
#7023 = ( GEOMETRIC_REPRESENTATION_CONTEXT(2) 
PARAMETRIC_REPRESENTATION_CONTEXT() REPRESENTATION_CONTEXT('2D SPACE',''
  ) );
#7024 = ADVANCED_FACE('',(#7025),#3956,.T.);
#7025 = FACE_BOUND('',#7026,.T.);
#7026 = EDGE_LOOP('',(#7027,#7028,#7029,#7030));
#7027 = ORIENTED_EDGE('',*,*,#6932,.F.);
#7028 = ORIENTED_EDGE('',*,*,#3941,.T.);
#7029 = ORIENTED_EDGE('',*,*,#6981,.T.);
#7030 = ORIENTED_EDGE('',*,*,#7031,.T.);
#7031 = EDGE_CURVE('',#6982,#6933,#7032,.T.);
#7032 = SURFACE_CURVE('',#7033,(#7037,#7044),.PCURVE_S1.);
#7033 = LINE('',#7034,#7035);
#7034 = CARTESIAN_POINT('',(3.9,29.,5.5));
#7035 = VECTOR('',#7036,1.);
#7036 = DIRECTION('',(1.,0.,0.));
#7037 = PCURVE('',#3956,#7038);
#7038 = DEFINITIONAL_REPRESENTATION('',(#7039),#7043);
#7039 = LINE('',#7040,#7041);
#7040 = CARTESIAN_POINT('',(5.5,0.));
#7041 = VECTOR('',#7042,1.);
#7042 = DIRECTION('',(0.,1.));
#7043 = ( GEOMETRIC_REPRESENTATION_CONTEXT(2) 
PARAMETRIC_REPRESENTATION_CONTEXT() REPRESENTATION_CONTEXT('2D SPACE',''
  ) );
#7044 = PCURVE('',#6915,#7045);
#7045 = DEFINITIONAL_REPRESENTATION('',(#7046),#7050);
#7046 = LINE('',#7047,#7048);
#7047 = CARTESIAN_POINT('',(0.,30.));
#7048 = VECTOR('',#7049,1.);
#7049 = DIRECTION('',(1.,0.));
#7050 = ( GEOMETRIC_REPRESENTATION_CONTEXT(2) 
PARAMETRIC_REPRESENTATION_CONTEXT() REPRESENTATION_CONTEXT('2D SPACE',''
  ) );
#7051 = ADVANCED_FACE('',(#7052),#4010,.F.);
#7052 = FACE_BOUND('',#7053,.F.);
#7053 = EDGE_LOOP('',(#7054,#7077,#7078,#7101));
#7054 = ORIENTED_EDGE('',*,*,#7055,.F.);
#7055 = EDGE_CURVE('',#3994,#7056,#7058,.T.);
#7056 = VERTEX_POINT('',#7057);
#7057 = CARTESIAN_POINT('',(1.7,22.5,8.));
#7058 = SURFACE_CURVE('',#7059,(#7063,#7070),.PCURVE_S1.);
#7059 = LINE('',#7060,#7061);
#7060 = CARTESIAN_POINT('',(1.7,22.5,0.));
#7061 = VECTOR('',#7062,1.);
#7062 = DIRECTION('',(0.,0.,1.));
#7063 = PCURVE('',#4010,#7064);
#7064 = DEFINITIONAL_REPRESENTATION('',(#7065),#7069);
#7065 = LINE('',#7066,#7067);
#7066 = CARTESIAN_POINT('',(0.,1.));
#7067 = VECTOR('',#7068,1.);
#7068 = DIRECTION('',(1.,0.));
#7069 = ( GEOMETRIC_REPRESENTATION_CONTEXT(2) 
PARAMETRIC_REPRESENTATION_CONTEXT() REPRESENTATION_CONTEXT('2D SPACE',''
  ) );
#7070 = PCURVE('',#4086,#7071);
#7071 = DEFINITIONAL_REPRESENTATION('',(#7072),#7076);
#7072 = LINE('',#7073,#7074);
#7073 = CARTESIAN_POINT('',(0.,0.));
#7074 = VECTOR('',#7075,1.);
#7075 = DIRECTION('',(1.,0.));
#7076 = ( GEOMETRIC_REPRESENTATION_CONTEXT(2) 
PARAMETRIC_REPRESENTATION_CONTEXT() REPRESENTATION_CONTEXT('2D SPACE',''
  ) );
#7077 = ORIENTED_EDGE('',*,*,#3993,.T.);
#7078 = ORIENTED_EDGE('',*,*,#7079,.T.);
#7079 = EDGE_CURVE('',#3996,#7080,#7082,.T.);
#7080 = VERTEX_POINT('',#7081);
#7081 = CARTESIAN_POINT('',(0.7,22.5,8.));
#7082 = SURFACE_CURVE('',#7083,(#7087,#7094),.PCURVE_S1.);
#7083 = LINE('',#7084,#7085);
#7084 = CARTESIAN_POINT('',(0.7,22.5,0.));
#7085 = VECTOR('',#7086,1.);
#7086 = DIRECTION('',(0.,0.,1.));
#7087 = PCURVE('',#4010,#7088);
#7088 = DEFINITIONAL_REPRESENTATION('',(#7089),#7093);
#7089 = LINE('',#7090,#7091);
#7090 = CARTESIAN_POINT('',(0.,0.));
#7091 = VECTOR('',#7092,1.);
#7092 = DIRECTION('',(1.,0.));
#7093 = ( GEOMETRIC_REPRESENTATION_CONTEXT(2) 
PARAMETRIC_REPRESENTATION_CONTEXT() REPRESENTATION_CONTEXT('2D SPACE',''
  ) );
#7094 = PCURVE('',#4036,#7095);
#7095 = DEFINITIONAL_REPRESENTATION('',(#7096),#7100);
#7096 = LINE('',#7097,#7098);
#7097 = CARTESIAN_POINT('',(0.,0.));
#7098 = VECTOR('',#7099,1.);
#7099 = DIRECTION('',(1.,0.));
#7100 = ( GEOMETRIC_REPRESENTATION_CONTEXT(2) 
PARAMETRIC_REPRESENTATION_CONTEXT() REPRESENTATION_CONTEXT('2D SPACE',''
  ) );
#7101 = ORIENTED_EDGE('',*,*,#7102,.T.);
#7102 = EDGE_CURVE('',#7080,#7056,#7103,.T.);
#7103 = SURFACE_CURVE('',#7104,(#7108,#7115),.PCURVE_S1.);
#7104 = LINE('',#7105,#7106);
#7105 = CARTESIAN_POINT('',(0.7,22.5,8.));
#7106 = VECTOR('',#7107,1.);
#7107 = DIRECTION('',(1.,0.,0.));
#7108 = PCURVE('',#4010,#7109);
#7109 = DEFINITIONAL_REPRESENTATION('',(#7110),#7114);
#7110 = LINE('',#7111,#7112);
#7111 = CARTESIAN_POINT('',(8.,0.));
#7112 = VECTOR('',#7113,1.);
#7113 = DIRECTION('',(0.,1.));
#7114 = ( GEOMETRIC_REPRESENTATION_CONTEXT(2) 
PARAMETRIC_REPRESENTATION_CONTEXT() REPRESENTATION_CONTEXT('2D SPACE',''
  ) );
#7115 = PCURVE('',#7116,#7121);
#7116 = PLANE('',#7117);
#7117 = AXIS2_PLACEMENT_3D('',#7118,#7119,#7120);
#7118 = CARTESIAN_POINT('',(0.7,22.5,8.));
#7119 = DIRECTION('',(0.,0.,1.));
#7120 = DIRECTION('',(1.,0.,0.));
#7121 = DEFINITIONAL_REPRESENTATION('',(#7122),#7126);
#7122 = LINE('',#7123,#7124);
#7123 = CARTESIAN_POINT('',(0.,0.));
#7124 = VECTOR('',#7125,1.);
#7125 = DIRECTION('',(1.,0.));
#7126 = ( GEOMETRIC_REPRESENTATION_CONTEXT(2) 
PARAMETRIC_REPRESENTATION_CONTEXT() REPRESENTATION_CONTEXT('2D SPACE',''
  ) );
#7127 = ADVANCED_FACE('',(#7128),#4086,.T.);
#7128 = FACE_BOUND('',#7129,.T.);
#7129 = EDGE_LOOP('',(#7130,#7131,#7132,#7155));
#7130 = ORIENTED_EDGE('',*,*,#7055,.F.);
#7131 = ORIENTED_EDGE('',*,*,#4073,.T.);
#7132 = ORIENTED_EDGE('',*,*,#7133,.T.);
#7133 = EDGE_CURVE('',#4048,#7134,#7136,.T.);
#7134 = VERTEX_POINT('',#7135);
#7135 = CARTESIAN_POINT('',(1.7,27.5,8.));
#7136 = SURFACE_CURVE('',#7137,(#7141,#7148),.PCURVE_S1.);
#7137 = LINE('',#7138,#7139);
#7138 = CARTESIAN_POINT('',(1.7,27.5,0.));
#7139 = VECTOR('',#7140,1.);
#7140 = DIRECTION('',(0.,0.,1.));
#7141 = PCURVE('',#4086,#7142);
#7142 = DEFINITIONAL_REPRESENTATION('',(#7143),#7147);
#7143 = LINE('',#7144,#7145);
#7144 = CARTESIAN_POINT('',(0.,-5.));
#7145 = VECTOR('',#7146,1.);
#7146 = DIRECTION('',(1.,0.));
#7147 = ( GEOMETRIC_REPRESENTATION_CONTEXT(2) 
PARAMETRIC_REPRESENTATION_CONTEXT() REPRESENTATION_CONTEXT('2D SPACE',''
  ) );
#7148 = PCURVE('',#4062,#7149);
#7149 = DEFINITIONAL_REPRESENTATION('',(#7150),#7154);
#7150 = LINE('',#7151,#7152);
#7151 = CARTESIAN_POINT('',(0.,1.));
#7152 = VECTOR('',#7153,1.);
#7153 = DIRECTION('',(1.,0.));
#7154 = ( GEOMETRIC_REPRESENTATION_CONTEXT(2) 
PARAMETRIC_REPRESENTATION_CONTEXT() REPRESENTATION_CONTEXT('2D SPACE',''
  ) );
#7155 = ORIENTED_EDGE('',*,*,#7156,.F.);
#7156 = EDGE_CURVE('',#7056,#7134,#7157,.T.);
#7157 = SURFACE_CURVE('',#7158,(#7162,#7169),.PCURVE_S1.);
#7158 = LINE('',#7159,#7160);
#7159 = CARTESIAN_POINT('',(1.7,22.5,8.));
#7160 = VECTOR('',#7161,1.);
#7161 = DIRECTION('',(0.,1.,0.));
#7162 = PCURVE('',#4086,#7163);
#7163 = DEFINITIONAL_REPRESENTATION('',(#7164),#7168);
#7164 = LINE('',#7165,#7166);
#7165 = CARTESIAN_POINT('',(8.,0.));
#7166 = VECTOR('',#7167,1.);
#7167 = DIRECTION('',(0.,-1.));
#7168 = ( GEOMETRIC_REPRESENTATION_CONTEXT(2) 
PARAMETRIC_REPRESENTATION_CONTEXT() REPRESENTATION_CONTEXT('2D SPACE',''
  ) );
#7169 = PCURVE('',#7116,#7170);
#7170 = DEFINITIONAL_REPRESENTATION('',(#7171),#7175);
#7171 = LINE('',#7172,#7173);
#7172 = CARTESIAN_POINT('',(1.,0.));
#7173 = VECTOR('',#7174,1.);
#7174 = DIRECTION('',(0.,1.));
#7175 = ( GEOMETRIC_REPRESENTATION_CONTEXT(2) 
PARAMETRIC_REPRESENTATION_CONTEXT() REPRESENTATION_CONTEXT('2D SPACE',''
  ) );
#7176 = ADVANCED_FACE('',(#7177),#4036,.F.);
#7177 = FACE_BOUND('',#7178,.F.);
#7178 = EDGE_LOOP('',(#7179,#7180,#7181,#7204));
#7179 = ORIENTED_EDGE('',*,*,#7079,.F.);
#7180 = ORIENTED_EDGE('',*,*,#4021,.T.);
#7181 = ORIENTED_EDGE('',*,*,#7182,.T.);
#7182 = EDGE_CURVE('',#4022,#7183,#7185,.T.);
#7183 = VERTEX_POINT('',#7184);
#7184 = CARTESIAN_POINT('',(0.7,27.5,8.));
#7185 = SURFACE_CURVE('',#7186,(#7190,#7197),.PCURVE_S1.);
#7186 = LINE('',#7187,#7188);
#7187 = CARTESIAN_POINT('',(0.7,27.5,0.));
#7188 = VECTOR('',#7189,1.);
#7189 = DIRECTION('',(0.,0.,1.));
#7190 = PCURVE('',#4036,#7191);
#7191 = DEFINITIONAL_REPRESENTATION('',(#7192),#7196);
#7192 = LINE('',#7193,#7194);
#7193 = CARTESIAN_POINT('',(0.,-5.));
#7194 = VECTOR('',#7195,1.);
#7195 = DIRECTION('',(1.,0.));
#7196 = ( GEOMETRIC_REPRESENTATION_CONTEXT(2) 
PARAMETRIC_REPRESENTATION_CONTEXT() REPRESENTATION_CONTEXT('2D SPACE',''
  ) );
#7197 = PCURVE('',#4062,#7198);
#7198 = DEFINITIONAL_REPRESENTATION('',(#7199),#7203);
#7199 = LINE('',#7200,#7201);
#7200 = CARTESIAN_POINT('',(0.,0.));
#7201 = VECTOR('',#7202,1.);
#7202 = DIRECTION('',(1.,0.));
#7203 = ( GEOMETRIC_REPRESENTATION_CONTEXT(2) 
PARAMETRIC_REPRESENTATION_CONTEXT() REPRESENTATION_CONTEXT('2D SPACE',''
  ) );
#7204 = ORIENTED_EDGE('',*,*,#7205,.F.);
#7205 = EDGE_CURVE('',#7080,#7183,#7206,.T.);
#7206 = SURFACE_CURVE('',#7207,(#7211,#7218),.PCURVE_S1.);
#7207 = LINE('',#7208,#7209);
#7208 = CARTESIAN_POINT('',(0.7,22.5,8.));
#7209 = VECTOR('',#7210,1.);
#7210 = DIRECTION('',(0.,1.,0.));
#7211 = PCURVE('',#4036,#7212);
#7212 = DEFINITIONAL_REPRESENTATION('',(#7213),#7217);
#7213 = LINE('',#7214,#7215);
#7214 = CARTESIAN_POINT('',(8.,0.));
#7215 = VECTOR('',#7216,1.);
#7216 = DIRECTION('',(0.,-1.));
#7217 = ( GEOMETRIC_REPRESENTATION_CONTEXT(2) 
PARAMETRIC_REPRESENTATION_CONTEXT() REPRESENTATION_CONTEXT('2D SPACE',''
  ) );
#7218 = PCURVE('',#7116,#7219);
#7219 = DEFINITIONAL_REPRESENTATION('',(#7220),#7224);
#7220 = LINE('',#7221,#7222);
#7221 = CARTESIAN_POINT('',(0.,0.));
#7222 = VECTOR('',#7223,1.);
#7223 = DIRECTION('',(0.,1.));
#7224 = ( GEOMETRIC_REPRESENTATION_CONTEXT(2) 
PARAMETRIC_REPRESENTATION_CONTEXT() REPRESENTATION_CONTEXT('2D SPACE',''
  ) );
#7225 = ADVANCED_FACE('',(#7226),#4062,.T.);
#7226 = FACE_BOUND('',#7227,.T.);
#7227 = EDGE_LOOP('',(#7228,#7229,#7230,#7231));
#7228 = ORIENTED_EDGE('',*,*,#7133,.F.);
#7229 = ORIENTED_EDGE('',*,*,#4047,.T.);
#7230 = ORIENTED_EDGE('',*,*,#7182,.T.);
#7231 = ORIENTED_EDGE('',*,*,#7232,.T.);
#7232 = EDGE_CURVE('',#7183,#7134,#7233,.T.);
#7233 = SURFACE_CURVE('',#7234,(#7238,#7245),.PCURVE_S1.);
#7234 = LINE('',#7235,#7236);
#7235 = CARTESIAN_POINT('',(0.7,27.5,8.));
#7236 = VECTOR('',#7237,1.);
#7237 = DIRECTION('',(1.,0.,0.));
#7238 = PCURVE('',#4062,#7239);
#7239 = DEFINITIONAL_REPRESENTATION('',(#7240),#7244);
#7240 = LINE('',#7241,#7242);
#7241 = CARTESIAN_POINT('',(8.,0.));
#7242 = VECTOR('',#7243,1.);
#7243 = DIRECTION('',(0.,1.));
#7244 = ( GEOMETRIC_REPRESENTATION_CONTEXT(2) 
PARAMETRIC_REPRESENTATION_CONTEXT() REPRESENTATION_CONTEXT('2D SPACE',''
  ) );
#7245 = PCURVE('',#7116,#7246);
#7246 = DEFINITIONAL_REPRESENTATION('',(#7247),#7251);
#7247 = LINE('',#7248,#7249);
#7248 = CARTESIAN_POINT('',(0.,5.));
#7249 = VECTOR('',#7250,1.);
#7250 = DIRECTION('',(1.,0.));
#7251 = ( GEOMETRIC_REPRESENTATION_CONTEXT(2) 
PARAMETRIC_REPRESENTATION_CONTEXT() REPRESENTATION_CONTEXT('2D SPACE',''
  ) );
#7252 = ADVANCED_FACE('',(#7253),#4116,.F.);
#7253 = FACE_BOUND('',#7254,.F.);
#7254 = EDGE_LOOP('',(#7255,#7278,#7279,#7302));
#7255 = ORIENTED_EDGE('',*,*,#7256,.F.);
#7256 = EDGE_CURVE('',#4100,#7257,#7259,.T.);
#7257 = VERTEX_POINT('',#7258);
#7258 = CARTESIAN_POINT('',(27.3,0.5,8.));
#7259 = SURFACE_CURVE('',#7260,(#7264,#7271),.PCURVE_S1.);
#7260 = LINE('',#7261,#7262);
#7261 = CARTESIAN_POINT('',(27.3,0.5,0.));
#7262 = VECTOR('',#7263,1.);
#7263 = DIRECTION('',(0.,0.,1.));
#7264 = PCURVE('',#4116,#7265);
#7265 = DEFINITIONAL_REPRESENTATION('',(#7266),#7270);
#7266 = LINE('',#7267,#7268);
#7267 = CARTESIAN_POINT('',(0.,1.));
#7268 = VECTOR('',#7269,1.);
#7269 = DIRECTION('',(1.,0.));
#7270 = ( GEOMETRIC_REPRESENTATION_CONTEXT(2) 
PARAMETRIC_REPRESENTATION_CONTEXT() REPRESENTATION_CONTEXT('2D SPACE',''
  ) );
#7271 = PCURVE('',#4192,#7272);
#7272 = DEFINITIONAL_REPRESENTATION('',(#7273),#7277);
#7273 = LINE('',#7274,#7275);
#7274 = CARTESIAN_POINT('',(0.,0.));
#7275 = VECTOR('',#7276,1.);
#7276 = DIRECTION('',(1.,0.));
#7277 = ( GEOMETRIC_REPRESENTATION_CONTEXT(2) 
PARAMETRIC_REPRESENTATION_CONTEXT() REPRESENTATION_CONTEXT('2D SPACE',''
  ) );
#7278 = ORIENTED_EDGE('',*,*,#4099,.T.);
#7279 = ORIENTED_EDGE('',*,*,#7280,.T.);
#7280 = EDGE_CURVE('',#4102,#7281,#7283,.T.);
#7281 = VERTEX_POINT('',#7282);
#7282 = CARTESIAN_POINT('',(26.3,0.5,8.));
#7283 = SURFACE_CURVE('',#7284,(#7288,#7295),.PCURVE_S1.);
#7284 = LINE('',#7285,#7286);
#7285 = CARTESIAN_POINT('',(26.3,0.5,0.));
#7286 = VECTOR('',#7287,1.);
#7287 = DIRECTION('',(0.,0.,1.));
#7288 = PCURVE('',#4116,#7289);
#7289 = DEFINITIONAL_REPRESENTATION('',(#7290),#7294);
#7290 = LINE('',#7291,#7292);
#7291 = CARTESIAN_POINT('',(0.,0.));
#7292 = VECTOR('',#7293,1.);
#7293 = DIRECTION('',(1.,0.));
#7294 = ( GEOMETRIC_REPRESENTATION_CONTEXT(2) 
PARAMETRIC_REPRESENTATION_CONTEXT() REPRESENTATION_CONTEXT('2D SPACE',''
  ) );
#7295 = PCURVE('',#4142,#7296);
#7296 = DEFINITIONAL_REPRESENTATION('',(#7297),#7301);
#7297 = LINE('',#7298,#7299);
#7298 = CARTESIAN_POINT('',(0.,0.));
#7299 = VECTOR('',#7300,1.);
#7300 = DIRECTION('',(1.,0.));
#7301 = ( GEOMETRIC_REPRESENTATION_CONTEXT(2) 
PARAMETRIC_REPRESENTATION_CONTEXT() REPRESENTATION_CONTEXT('2D SPACE',''
  ) );
#7302 = ORIENTED_EDGE('',*,*,#7303,.T.);
#7303 = EDGE_CURVE('',#7281,#7257,#7304,.T.);
#7304 = SURFACE_CURVE('',#7305,(#7309,#7316),.PCURVE_S1.);
#7305 = LINE('',#7306,#7307);
#7306 = CARTESIAN_POINT('',(26.3,0.5,8.));
#7307 = VECTOR('',#7308,1.);
#7308 = DIRECTION('',(1.,0.,0.));
#7309 = PCURVE('',#4116,#7310);
#7310 = DEFINITIONAL_REPRESENTATION('',(#7311),#7315);
#7311 = LINE('',#7312,#7313);
#7312 = CARTESIAN_POINT('',(8.,0.));
#7313 = VECTOR('',#7314,1.);
#7314 = DIRECTION('',(0.,1.));
#7315 = ( GEOMETRIC_REPRESENTATION_CONTEXT(2) 
PARAMETRIC_REPRESENTATION_CONTEXT() REPRESENTATION_CONTEXT('2D SPACE',''
  ) );
#7316 = PCURVE('',#7317,#7322);
#7317 = PLANE('',#7318);
#7318 = AXIS2_PLACEMENT_3D('',#7319,#7320,#7321);
#7319 = CARTESIAN_POINT('',(26.3,0.5,8.));
#7320 = DIRECTION('',(0.,0.,1.));
#7321 = DIRECTION('',(1.,0.,0.));
#7322 = DEFINITIONAL_REPRESENTATION('',(#7323),#7327);
#7323 = LINE('',#7324,#7325);
#7324 = CARTESIAN_POINT('',(0.,0.));
#7325 = VECTOR('',#7326,1.);
#7326 = DIRECTION('',(1.,0.));
#7327 = ( GEOMETRIC_REPRESENTATION_CONTEXT(2) 
PARAMETRIC_REPRESENTATION_CONTEXT() REPRESENTATION_CONTEXT('2D SPACE',''
  ) );
#7328 = ADVANCED_FACE('',(#7329),#4192,.T.);
#7329 = FACE_BOUND('',#7330,.T.);
#7330 = EDGE_LOOP('',(#7331,#7332,#7333,#7356));
#7331 = ORIENTED_EDGE('',*,*,#7256,.F.);
#7332 = ORIENTED_EDGE('',*,*,#4179,.T.);
#7333 = ORIENTED_EDGE('',*,*,#7334,.T.);
#7334 = EDGE_CURVE('',#4154,#7335,#7337,.T.);
#7335 = VERTEX_POINT('',#7336);
#7336 = CARTESIAN_POINT('',(27.3,5.5,8.));
#7337 = SURFACE_CURVE('',#7338,(#7342,#7349),.PCURVE_S1.);
#7338 = LINE('',#7339,#7340);
#7339 = CARTESIAN_POINT('',(27.3,5.5,0.));
#7340 = VECTOR('',#7341,1.);
#7341 = DIRECTION('',(0.,0.,1.));
#7342 = PCURVE('',#4192,#7343);
#7343 = DEFINITIONAL_REPRESENTATION('',(#7344),#7348);
#7344 = LINE('',#7345,#7346);
#7345 = CARTESIAN_POINT('',(0.,-5.));
#7346 = VECTOR('',#7347,1.);
#7347 = DIRECTION('',(1.,0.));
#7348 = ( GEOMETRIC_REPRESENTATION_CONTEXT(2) 
PARAMETRIC_REPRESENTATION_CONTEXT() REPRESENTATION_CONTEXT('2D SPACE',''
  ) );
#7349 = PCURVE('',#4168,#7350);
#7350 = DEFINITIONAL_REPRESENTATION('',(#7351),#7355);
#7351 = LINE('',#7352,#7353);
#7352 = CARTESIAN_POINT('',(0.,1.));
#7353 = VECTOR('',#7354,1.);
#7354 = DIRECTION('',(1.,0.));
#7355 = ( GEOMETRIC_REPRESENTATION_CONTEXT(2) 
PARAMETRIC_REPRESENTATION_CONTEXT() REPRESENTATION_CONTEXT('2D SPACE',''
  ) );
#7356 = ORIENTED_EDGE('',*,*,#7357,.F.);
#7357 = EDGE_CURVE('',#7257,#7335,#7358,.T.);
#7358 = SURFACE_CURVE('',#7359,(#7363,#7370),.PCURVE_S1.);
#7359 = LINE('',#7360,#7361);
#7360 = CARTESIAN_POINT('',(27.3,0.5,8.));
#7361 = VECTOR('',#7362,1.);
#7362 = DIRECTION('',(0.,1.,0.));
#7363 = PCURVE('',#4192,#7364);
#7364 = DEFINITIONAL_REPRESENTATION('',(#7365),#7369);
#7365 = LINE('',#7366,#7367);
#7366 = CARTESIAN_POINT('',(8.,0.));
#7367 = VECTOR('',#7368,1.);
#7368 = DIRECTION('',(0.,-1.));
#7369 = ( GEOMETRIC_REPRESENTATION_CONTEXT(2) 
PARAMETRIC_REPRESENTATION_CONTEXT() REPRESENTATION_CONTEXT('2D SPACE',''
  ) );
#7370 = PCURVE('',#7317,#7371);
#7371 = DEFINITIONAL_REPRESENTATION('',(#7372),#7376);
#7372 = LINE('',#7373,#7374);
#7373 = CARTESIAN_POINT('',(1.,0.));
#7374 = VECTOR('',#7375,1.);
#7375 = DIRECTION('',(0.,1.));
#7376 = ( GEOMETRIC_REPRESENTATION_CONTEXT(2) 
PARAMETRIC_REPRESENTATION_CONTEXT() REPRESENTATION_CONTEXT('2D SPACE',''
  ) );
#7377 = ADVANCED_FACE('',(#7378),#4142,.F.);
#7378 = FACE_BOUND('',#7379,.F.);
#7379 = EDGE_LOOP('',(#7380,#7381,#7382,#7405));
#7380 = ORIENTED_EDGE('',*,*,#7280,.F.);
#7381 = ORIENTED_EDGE('',*,*,#4127,.T.);
#7382 = ORIENTED_EDGE('',*,*,#7383,.T.);
#7383 = EDGE_CURVE('',#4128,#7384,#7386,.T.);
#7384 = VERTEX_POINT('',#7385);
#7385 = CARTESIAN_POINT('',(26.3,5.5,8.));
#7386 = SURFACE_CURVE('',#7387,(#7391,#7398),.PCURVE_S1.);
#7387 = LINE('',#7388,#7389);
#7388 = CARTESIAN_POINT('',(26.3,5.5,0.));
#7389 = VECTOR('',#7390,1.);
#7390 = DIRECTION('',(0.,0.,1.));
#7391 = PCURVE('',#4142,#7392);
#7392 = DEFINITIONAL_REPRESENTATION('',(#7393),#7397);
#7393 = LINE('',#7394,#7395);
#7394 = CARTESIAN_POINT('',(0.,-5.));
#7395 = VECTOR('',#7396,1.);
#7396 = DIRECTION('',(1.,0.));
#7397 = ( GEOMETRIC_REPRESENTATION_CONTEXT(2) 
PARAMETRIC_REPRESENTATION_CONTEXT() REPRESENTATION_CONTEXT('2D SPACE',''
  ) );
#7398 = PCURVE('',#4168,#7399);
#7399 = DEFINITIONAL_REPRESENTATION('',(#7400),#7404);
#7400 = LINE('',#7401,#7402);
#7401 = CARTESIAN_POINT('',(0.,0.));
#7402 = VECTOR('',#7403,1.);
#7403 = DIRECTION('',(1.,0.));
#7404 = ( GEOMETRIC_REPRESENTATION_CONTEXT(2) 
PARAMETRIC_REPRESENTATION_CONTEXT() REPRESENTATION_CONTEXT('2D SPACE',''
  ) );
#7405 = ORIENTED_EDGE('',*,*,#7406,.F.);
#7406 = EDGE_CURVE('',#7281,#7384,#7407,.T.);
#7407 = SURFACE_CURVE('',#7408,(#7412,#7419),.PCURVE_S1.);
#7408 = LINE('',#7409,#7410);
#7409 = CARTESIAN_POINT('',(26.3,0.5,8.));
#7410 = VECTOR('',#7411,1.);
#7411 = DIRECTION('',(0.,1.,0.));
#7412 = PCURVE('',#4142,#7413);
#7413 = DEFINITIONAL_REPRESENTATION('',(#7414),#7418);
#7414 = LINE('',#7415,#7416);
#7415 = CARTESIAN_POINT('',(8.,0.));
#7416 = VECTOR('',#7417,1.);
#7417 = DIRECTION('',(0.,-1.));
#7418 = ( GEOMETRIC_REPRESENTATION_CONTEXT(2) 
PARAMETRIC_REPRESENTATION_CONTEXT() REPRESENTATION_CONTEXT('2D SPACE',''
  ) );
#7419 = PCURVE('',#7317,#7420);
#7420 = DEFINITIONAL_REPRESENTATION('',(#7421),#7425);
#7421 = LINE('',#7422,#7423);
#7422 = CARTESIAN_POINT('',(0.,0.));
#7423 = VECTOR('',#7424,1.);
#7424 = DIRECTION('',(0.,1.));
#7425 = ( GEOMETRIC_REPRESENTATION_CONTEXT(2) 
PARAMETRIC_REPRESENTATION_CONTEXT() REPRESENTATION_CONTEXT('2D SPACE',''
  ) );
#7426 = ADVANCED_FACE('',(#7427),#4168,.T.);
#7427 = FACE_BOUND('',#7428,.T.);
#7428 = EDGE_LOOP('',(#7429,#7430,#7431,#7432));
#7429 = ORIENTED_EDGE('',*,*,#7334,.F.);
#7430 = ORIENTED_EDGE('',*,*,#4153,.T.);
#7431 = ORIENTED_EDGE('',*,*,#7383,.T.);
#7432 = ORIENTED_EDGE('',*,*,#7433,.T.);
#7433 = EDGE_CURVE('',#7384,#7335,#7434,.T.);
#7434 = SURFACE_CURVE('',#7435,(#7439,#7446),.PCURVE_S1.);
#7435 = LINE('',#7436,#7437);
#7436 = CARTESIAN_POINT('',(26.3,5.5,8.));
#7437 = VECTOR('',#7438,1.);
#7438 = DIRECTION('',(1.,0.,0.));
#7439 = PCURVE('',#4168,#7440);
#7440 = DEFINITIONAL_REPRESENTATION('',(#7441),#7445);
#7441 = LINE('',#7442,#7443);
#7442 = CARTESIAN_POINT('',(8.,0.));
#7443 = VECTOR('',#7444,1.);
#7444 = DIRECTION('',(0.,1.));
#7445 = ( GEOMETRIC_REPRESENTATION_CONTEXT(2) 
PARAMETRIC_REPRESENTATION_CONTEXT() REPRESENTATION_CONTEXT('2D SPACE',''
  ) );
#7446 = PCURVE('',#7317,#7447);
#7447 = DEFINITIONAL_REPRESENTATION('',(#7448),#7452);
#7448 = LINE('',#7449,#7450);
#7449 = CARTESIAN_POINT('',(0.,5.));
#7450 = VECTOR('',#7451,1.);
#7451 = DIRECTION('',(1.,0.));
#7452 = ( GEOMETRIC_REPRESENTATION_CONTEXT(2) 
PARAMETRIC_REPRESENTATION_CONTEXT() REPRESENTATION_CONTEXT('2D SPACE',''
  ) );
#7453 = ADVANCED_FACE('',(#7454),#4222,.F.);
#7454 = FACE_BOUND('',#7455,.F.);
#7455 = EDGE_LOOP('',(#7456,#7479,#7480,#7503));
#7456 = ORIENTED_EDGE('',*,*,#7457,.F.);
#7457 = EDGE_CURVE('',#4206,#7458,#7460,.T.);
#7458 = VERTEX_POINT('',#7459);
#7459 = CARTESIAN_POINT('',(24.1,-1.,5.5));
#7460 = SURFACE_CURVE('',#7461,(#7465,#7472),.PCURVE_S1.);
#7461 = LINE('',#7462,#7463);
#7462 = CARTESIAN_POINT('',(24.1,-1.,0.));
#7463 = VECTOR('',#7464,1.);
#7464 = DIRECTION('',(0.,0.,1.));
#7465 = PCURVE('',#4222,#7466);
#7466 = DEFINITIONAL_REPRESENTATION('',(#7467),#7471);
#7467 = LINE('',#7468,#7469);
#7468 = CARTESIAN_POINT('',(0.,2.2));
#7469 = VECTOR('',#7470,1.);
#7470 = DIRECTION('',(1.,0.));
#7471 = ( GEOMETRIC_REPRESENTATION_CONTEXT(2) 
PARAMETRIC_REPRESENTATION_CONTEXT() REPRESENTATION_CONTEXT('2D SPACE',''
  ) );
#7472 = PCURVE('',#4298,#7473);
#7473 = DEFINITIONAL_REPRESENTATION('',(#7474),#7478);
#7474 = LINE('',#7475,#7476);
#7475 = CARTESIAN_POINT('',(0.,0.));
#7476 = VECTOR('',#7477,1.);
#7477 = DIRECTION('',(1.,0.));
#7478 = ( GEOMETRIC_REPRESENTATION_CONTEXT(2) 
PARAMETRIC_REPRESENTATION_CONTEXT() REPRESENTATION_CONTEXT('2D SPACE',''
  ) );
#7479 = ORIENTED_EDGE('',*,*,#4205,.T.);
#7480 = ORIENTED_EDGE('',*,*,#7481,.T.);
#7481 = EDGE_CURVE('',#4208,#7482,#7484,.T.);
#7482 = VERTEX_POINT('',#7483);
#7483 = CARTESIAN_POINT('',(21.9,-1.,5.5));
#7484 = SURFACE_CURVE('',#7485,(#7489,#7496),.PCURVE_S1.);
#7485 = LINE('',#7486,#7487);
#7486 = CARTESIAN_POINT('',(21.9,-1.,0.));
#7487 = VECTOR('',#7488,1.);
#7488 = DIRECTION('',(0.,0.,1.));
#7489 = PCURVE('',#4222,#7490);
#7490 = DEFINITIONAL_REPRESENTATION('',(#7491),#7495);
#7491 = LINE('',#7492,#7493);
#7492 = CARTESIAN_POINT('',(0.,0.));
#7493 = VECTOR('',#7494,1.);
#7494 = DIRECTION('',(1.,0.));
#7495 = ( GEOMETRIC_REPRESENTATION_CONTEXT(2) 
PARAMETRIC_REPRESENTATION_CONTEXT() REPRESENTATION_CONTEXT('2D SPACE',''
  ) );
#7496 = PCURVE('',#4248,#7497);
#7497 = DEFINITIONAL_REPRESENTATION('',(#7498),#7502);
#7498 = LINE('',#7499,#7500);
#7499 = CARTESIAN_POINT('',(0.,0.));
#7500 = VECTOR('',#7501,1.);
#7501 = DIRECTION('',(1.,0.));
#7502 = ( GEOMETRIC_REPRESENTATION_CONTEXT(2) 
PARAMETRIC_REPRESENTATION_CONTEXT() REPRESENTATION_CONTEXT('2D SPACE',''
  ) );
#7503 = ORIENTED_EDGE('',*,*,#7504,.T.);
#7504 = EDGE_CURVE('',#7482,#7458,#7505,.T.);
#7505 = SURFACE_CURVE('',#7506,(#7510,#7517),.PCURVE_S1.);
#7506 = LINE('',#7507,#7508);
#7507 = CARTESIAN_POINT('',(21.9,-1.,5.5));
#7508 = VECTOR('',#7509,1.);
#7509 = DIRECTION('',(1.,0.,0.));
#7510 = PCURVE('',#4222,#7511);
#7511 = DEFINITIONAL_REPRESENTATION('',(#7512),#7516);
#7512 = LINE('',#7513,#7514);
#7513 = CARTESIAN_POINT('',(5.5,0.));
#7514 = VECTOR('',#7515,1.);
#7515 = DIRECTION('',(0.,1.));
#7516 = ( GEOMETRIC_REPRESENTATION_CONTEXT(2) 
PARAMETRIC_REPRESENTATION_CONTEXT() REPRESENTATION_CONTEXT('2D SPACE',''
  ) );
#7517 = PCURVE('',#7518,#7523);
#7518 = PLANE('',#7519);
#7519 = AXIS2_PLACEMENT_3D('',#7520,#7521,#7522);
#7520 = CARTESIAN_POINT('',(21.9,-1.,5.5));
#7521 = DIRECTION('',(0.,0.,1.));
#7522 = DIRECTION('',(1.,0.,0.));
#7523 = DEFINITIONAL_REPRESENTATION('',(#7524),#7528);
#7524 = LINE('',#7525,#7526);
#7525 = CARTESIAN_POINT('',(0.,0.));
#7526 = VECTOR('',#7527,1.);
#7527 = DIRECTION('',(1.,0.));
#7528 = ( GEOMETRIC_REPRESENTATION_CONTEXT(2) 
PARAMETRIC_REPRESENTATION_CONTEXT() REPRESENTATION_CONTEXT('2D SPACE',''
  ) );
#7529 = ADVANCED_FACE('',(#7530),#4298,.T.);
#7530 = FACE_BOUND('',#7531,.T.);
#7531 = EDGE_LOOP('',(#7532,#7533,#7534,#7557));
#7532 = ORIENTED_EDGE('',*,*,#7457,.F.);
#7533 = ORIENTED_EDGE('',*,*,#4285,.T.);
#7534 = ORIENTED_EDGE('',*,*,#7535,.T.);
#7535 = EDGE_CURVE('',#4260,#7536,#7538,.T.);
#7536 = VERTEX_POINT('',#7537);
#7537 = CARTESIAN_POINT('',(24.1,29.,5.5));
#7538 = SURFACE_CURVE('',#7539,(#7543,#7550),.PCURVE_S1.);
#7539 = LINE('',#7540,#7541);
#7540 = CARTESIAN_POINT('',(24.1,29.,0.));
#7541 = VECTOR('',#7542,1.);
#7542 = DIRECTION('',(0.,0.,1.));
#7543 = PCURVE('',#4298,#7544);
#7544 = DEFINITIONAL_REPRESENTATION('',(#7545),#7549);
#7545 = LINE('',#7546,#7547);
#7546 = CARTESIAN_POINT('',(0.,-30.));
#7547 = VECTOR('',#7548,1.);
#7548 = DIRECTION('',(1.,0.));
#7549 = ( GEOMETRIC_REPRESENTATION_CONTEXT(2) 
PARAMETRIC_REPRESENTATION_CONTEXT() REPRESENTATION_CONTEXT('2D SPACE',''
  ) );
#7550 = PCURVE('',#4274,#7551);
#7551 = DEFINITIONAL_REPRESENTATION('',(#7552),#7556);
#7552 = LINE('',#7553,#7554);
#7553 = CARTESIAN_POINT('',(0.,2.2));
#7554 = VECTOR('',#7555,1.);
#7555 = DIRECTION('',(1.,0.));
#7556 = ( GEOMETRIC_REPRESENTATION_CONTEXT(2) 
PARAMETRIC_REPRESENTATION_CONTEXT() REPRESENTATION_CONTEXT('2D SPACE',''
  ) );
#7557 = ORIENTED_EDGE('',*,*,#7558,.F.);
#7558 = EDGE_CURVE('',#7458,#7536,#7559,.T.);
#7559 = SURFACE_CURVE('',#7560,(#7564,#7571),.PCURVE_S1.);
#7560 = LINE('',#7561,#7562);
#7561 = CARTESIAN_POINT('',(24.1,-1.,5.5));
#7562 = VECTOR('',#7563,1.);
#7563 = DIRECTION('',(0.,1.,0.));
#7564 = PCURVE('',#4298,#7565);
#7565 = DEFINITIONAL_REPRESENTATION('',(#7566),#7570);
#7566 = LINE('',#7567,#7568);
#7567 = CARTESIAN_POINT('',(5.5,0.));
#7568 = VECTOR('',#7569,1.);
#7569 = DIRECTION('',(0.,-1.));
#7570 = ( GEOMETRIC_REPRESENTATION_CONTEXT(2) 
PARAMETRIC_REPRESENTATION_CONTEXT() REPRESENTATION_CONTEXT('2D SPACE',''
  ) );
#7571 = PCURVE('',#7518,#7572);
#7572 = DEFINITIONAL_REPRESENTATION('',(#7573),#7577);
#7573 = LINE('',#7574,#7575);
#7574 = CARTESIAN_POINT('',(2.2,0.));
#7575 = VECTOR('',#7576,1.);
#7576 = DIRECTION('',(0.,1.));
#7577 = ( GEOMETRIC_REPRESENTATION_CONTEXT(2) 
PARAMETRIC_REPRESENTATION_CONTEXT() REPRESENTATION_CONTEXT('2D SPACE',''
  ) );
#7578 = ADVANCED_FACE('',(#7579),#4248,.F.);
#7579 = FACE_BOUND('',#7580,.F.);
#7580 = EDGE_LOOP('',(#7581,#7582,#7583,#7606));
#7581 = ORIENTED_EDGE('',*,*,#7481,.F.);
#7582 = ORIENTED_EDGE('',*,*,#4233,.T.);
#7583 = ORIENTED_EDGE('',*,*,#7584,.T.);
#7584 = EDGE_CURVE('',#4234,#7585,#7587,.T.);
#7585 = VERTEX_POINT('',#7586);
#7586 = CARTESIAN_POINT('',(21.9,29.,5.5));
#7587 = SURFACE_CURVE('',#7588,(#7592,#7599),.PCURVE_S1.);
#7588 = LINE('',#7589,#7590);
#7589 = CARTESIAN_POINT('',(21.9,29.,0.));
#7590 = VECTOR('',#7591,1.);
#7591 = DIRECTION('',(0.,0.,1.));
#7592 = PCURVE('',#4248,#7593);
#7593 = DEFINITIONAL_REPRESENTATION('',(#7594),#7598);
#7594 = LINE('',#7595,#7596);
#7595 = CARTESIAN_POINT('',(0.,-30.));
#7596 = VECTOR('',#7597,1.);
#7597 = DIRECTION('',(1.,0.));
#7598 = ( GEOMETRIC_REPRESENTATION_CONTEXT(2) 
PARAMETRIC_REPRESENTATION_CONTEXT() REPRESENTATION_CONTEXT('2D SPACE',''
  ) );
#7599 = PCURVE('',#4274,#7600);
#7600 = DEFINITIONAL_REPRESENTATION('',(#7601),#7605);
#7601 = LINE('',#7602,#7603);
#7602 = CARTESIAN_POINT('',(0.,0.));
#7603 = VECTOR('',#7604,1.);
#7604 = DIRECTION('',(1.,0.));
#7605 = ( GEOMETRIC_REPRESENTATION_CONTEXT(2) 
PARAMETRIC_REPRESENTATION_CONTEXT() REPRESENTATION_CONTEXT('2D SPACE',''
  ) );
#7606 = ORIENTED_EDGE('',*,*,#7607,.F.);
#7607 = EDGE_CURVE('',#7482,#7585,#7608,.T.);
#7608 = SURFACE_CURVE('',#7609,(#7613,#7620),.PCURVE_S1.);
#7609 = LINE('',#7610,#7611);
#7610 = CARTESIAN_POINT('',(21.9,-1.,5.5));
#7611 = VECTOR('',#7612,1.);
#7612 = DIRECTION('',(0.,1.,0.));
#7613 = PCURVE('',#4248,#7614);
#7614 = DEFINITIONAL_REPRESENTATION('',(#7615),#7619);
#7615 = LINE('',#7616,#7617);
#7616 = CARTESIAN_POINT('',(5.5,0.));
#7617 = VECTOR('',#7618,1.);
#7618 = DIRECTION('',(0.,-1.));
#7619 = ( GEOMETRIC_REPRESENTATION_CONTEXT(2) 
PARAMETRIC_REPRESENTATION_CONTEXT() REPRESENTATION_CONTEXT('2D SPACE',''
  ) );
#7620 = PCURVE('',#7518,#7621);
#7621 = DEFINITIONAL_REPRESENTATION('',(#7622),#7626);
#7622 = LINE('',#7623,#7624);
#7623 = CARTESIAN_POINT('',(0.,0.));
#7624 = VECTOR('',#7625,1.);
#7625 = DIRECTION('',(0.,1.));
#7626 = ( GEOMETRIC_REPRESENTATION_CONTEXT(2) 
PARAMETRIC_REPRESENTATION_CONTEXT() REPRESENTATION_CONTEXT('2D SPACE',''
  ) );
#7627 = ADVANCED_FACE('',(#7628),#4274,.T.);
#7628 = FACE_BOUND('',#7629,.T.);
#7629 = EDGE_LOOP('',(#7630,#7631,#7632,#7633));
#7630 = ORIENTED_EDGE('',*,*,#7535,.F.);
#7631 = ORIENTED_EDGE('',*,*,#4259,.T.);
#7632 = ORIENTED_EDGE('',*,*,#7584,.T.);
#7633 = ORIENTED_EDGE('',*,*,#7634,.T.);
#7634 = EDGE_CURVE('',#7585,#7536,#7635,.T.);
#7635 = SURFACE_CURVE('',#7636,(#7640,#7647),.PCURVE_S1.);
#7636 = LINE('',#7637,#7638);
#7637 = CARTESIAN_POINT('',(21.9,29.,5.5));
#7638 = VECTOR('',#7639,1.);
#7639 = DIRECTION('',(1.,0.,0.));
#7640 = PCURVE('',#4274,#7641);
#7641 = DEFINITIONAL_REPRESENTATION('',(#7642),#7646);
#7642 = LINE('',#7643,#7644);
#7643 = CARTESIAN_POINT('',(5.5,0.));
#7644 = VECTOR('',#7645,1.);
#7645 = DIRECTION('',(0.,1.));
#7646 = ( GEOMETRIC_REPRESENTATION_CONTEXT(2) 
PARAMETRIC_REPRESENTATION_CONTEXT() REPRESENTATION_CONTEXT('2D SPACE',''
  ) );
#7647 = PCURVE('',#7518,#7648);
#7648 = DEFINITIONAL_REPRESENTATION('',(#7649),#7653);
#7649 = LINE('',#7650,#7651);
#7650 = CARTESIAN_POINT('',(0.,30.));
#7651 = VECTOR('',#7652,1.);
#7652 = DIRECTION('',(1.,0.));
#7653 = ( GEOMETRIC_REPRESENTATION_CONTEXT(2) 
PARAMETRIC_REPRESENTATION_CONTEXT() REPRESENTATION_CONTEXT('2D SPACE',''
  ) );
#7654 = ADVANCED_FACE('',(#7655),#4328,.F.);
#7655 = FACE_BOUND('',#7656,.F.);
#7656 = EDGE_LOOP('',(#7657,#7680,#7681,#7704));
#7657 = ORIENTED_EDGE('',*,*,#7658,.F.);
#7658 = EDGE_CURVE('',#4312,#7659,#7661,.T.);
#7659 = VERTEX_POINT('',#7660);
#7660 = CARTESIAN_POINT('',(20.,31.6,8.));
#7661 = SURFACE_CURVE('',#7662,(#7666,#7673),.PCURVE_S1.);
#7662 = LINE('',#7663,#7664);
#7663 = CARTESIAN_POINT('',(20.,31.6,0.));
#7664 = VECTOR('',#7665,1.);
#7665 = DIRECTION('',(0.,0.,1.));
#7666 = PCURVE('',#4328,#7667);
#7667 = DEFINITIONAL_REPRESENTATION('',(#7668),#7672);
#7668 = LINE('',#7669,#7670);
#7669 = CARTESIAN_POINT('',(0.,12.));
#7670 = VECTOR('',#7671,1.);
#7671 = DIRECTION('',(1.,0.));
#7672 = ( GEOMETRIC_REPRESENTATION_CONTEXT(2) 
PARAMETRIC_REPRESENTATION_CONTEXT() REPRESENTATION_CONTEXT('2D SPACE',''
  ) );
#7673 = PCURVE('',#4404,#7674);
#7674 = DEFINITIONAL_REPRESENTATION('',(#7675),#7679);
#7675 = LINE('',#7676,#7677);
#7676 = CARTESIAN_POINT('',(0.,0.));
#7677 = VECTOR('',#7678,1.);
#7678 = DIRECTION('',(1.,0.));
#7679 = ( GEOMETRIC_REPRESENTATION_CONTEXT(2) 
PARAMETRIC_REPRESENTATION_CONTEXT() REPRESENTATION_CONTEXT('2D SPACE',''
  ) );
#7680 = ORIENTED_EDGE('',*,*,#4311,.T.);
#7681 = ORIENTED_EDGE('',*,*,#7682,.T.);
#7682 = EDGE_CURVE('',#4314,#7683,#7685,.T.);
#7683 = VERTEX_POINT('',#7684);
#7684 = CARTESIAN_POINT('',(8.,31.6,8.));
#7685 = SURFACE_CURVE('',#7686,(#7690,#7697),.PCURVE_S1.);
#7686 = LINE('',#7687,#7688);
#7687 = CARTESIAN_POINT('',(8.,31.6,0.));
#7688 = VECTOR('',#7689,1.);
#7689 = DIRECTION('',(0.,0.,1.));
#7690 = PCURVE('',#4328,#7691);
#7691 = DEFINITIONAL_REPRESENTATION('',(#7692),#7696);
#7692 = LINE('',#7693,#7694);
#7693 = CARTESIAN_POINT('',(0.,0.));
#7694 = VECTOR('',#7695,1.);
#7695 = DIRECTION('',(1.,0.));
#7696 = ( GEOMETRIC_REPRESENTATION_CONTEXT(2) 
PARAMETRIC_REPRESENTATION_CONTEXT() REPRESENTATION_CONTEXT('2D SPACE',''
  ) );
#7697 = PCURVE('',#4354,#7698);
#7698 = DEFINITIONAL_REPRESENTATION('',(#7699),#7703);
#7699 = LINE('',#7700,#7701);
#7700 = CARTESIAN_POINT('',(0.,0.));
#7701 = VECTOR('',#7702,1.);
#7702 = DIRECTION('',(1.,0.));
#7703 = ( GEOMETRIC_REPRESENTATION_CONTEXT(2) 
PARAMETRIC_REPRESENTATION_CONTEXT() REPRESENTATION_CONTEXT('2D SPACE',''
  ) );
#7704 = ORIENTED_EDGE('',*,*,#7705,.T.);
#7705 = EDGE_CURVE('',#7683,#7659,#7706,.T.);
#7706 = SURFACE_CURVE('',#7707,(#7711,#7718),.PCURVE_S1.);
#7707 = LINE('',#7708,#7709);
#7708 = CARTESIAN_POINT('',(8.,31.6,8.));
#7709 = VECTOR('',#7710,1.);
#7710 = DIRECTION('',(1.,0.,0.));
#7711 = PCURVE('',#4328,#7712);
#7712 = DEFINITIONAL_REPRESENTATION('',(#7713),#7717);
#7713 = LINE('',#7714,#7715);
#7714 = CARTESIAN_POINT('',(8.,0.));
#7715 = VECTOR('',#7716,1.);
#7716 = DIRECTION('',(0.,1.));
#7717 = ( GEOMETRIC_REPRESENTATION_CONTEXT(2) 
PARAMETRIC_REPRESENTATION_CONTEXT() REPRESENTATION_CONTEXT('2D SPACE',''
  ) );
#7718 = PCURVE('',#7719,#7724);
#7719 = PLANE('',#7720);
#7720 = AXIS2_PLACEMENT_3D('',#7721,#7722,#7723);
#7721 = CARTESIAN_POINT('',(8.,31.6,8.));
#7722 = DIRECTION('',(0.,0.,1.));
#7723 = DIRECTION('',(1.,0.,0.));
#7724 = DEFINITIONAL_REPRESENTATION('',(#7725),#7729);
#7725 = LINE('',#7726,#7727);
#7726 = CARTESIAN_POINT('',(0.,0.));
#7727 = VECTOR('',#7728,1.);
#7728 = DIRECTION('',(1.,0.));
#7729 = ( GEOMETRIC_REPRESENTATION_CONTEXT(2) 
PARAMETRIC_REPRESENTATION_CONTEXT() REPRESENTATION_CONTEXT('2D SPACE',''
  ) );
#7730 = ADVANCED_FACE('',(#7731),#4404,.T.);
#7731 = FACE_BOUND('',#7732,.T.);
#7732 = EDGE_LOOP('',(#7733,#7734,#7735,#7758));
#7733 = ORIENTED_EDGE('',*,*,#7658,.F.);
#7734 = ORIENTED_EDGE('',*,*,#4391,.T.);
#7735 = ORIENTED_EDGE('',*,*,#7736,.T.);
#7736 = EDGE_CURVE('',#4366,#7737,#7739,.T.);
#7737 = VERTEX_POINT('',#7738);
#7738 = CARTESIAN_POINT('',(20.,32.6,8.));
#7739 = SURFACE_CURVE('',#7740,(#7744,#7751),.PCURVE_S1.);
#7740 = LINE('',#7741,#7742);
#7741 = CARTESIAN_POINT('',(20.,32.6,0.));
#7742 = VECTOR('',#7743,1.);
#7743 = DIRECTION('',(0.,0.,1.));
#7744 = PCURVE('',#4404,#7745);
#7745 = DEFINITIONAL_REPRESENTATION('',(#7746),#7750);
#7746 = LINE('',#7747,#7748);
#7747 = CARTESIAN_POINT('',(0.,-1.));
#7748 = VECTOR('',#7749,1.);
#7749 = DIRECTION('',(1.,0.));
#7750 = ( GEOMETRIC_REPRESENTATION_CONTEXT(2) 
PARAMETRIC_REPRESENTATION_CONTEXT() REPRESENTATION_CONTEXT('2D SPACE',''
  ) );
#7751 = PCURVE('',#4380,#7752);
#7752 = DEFINITIONAL_REPRESENTATION('',(#7753),#7757);
#7753 = LINE('',#7754,#7755);
#7754 = CARTESIAN_POINT('',(0.,12.));
#7755 = VECTOR('',#7756,1.);
#7756 = DIRECTION('',(1.,0.));
#7757 = ( GEOMETRIC_REPRESENTATION_CONTEXT(2) 
PARAMETRIC_REPRESENTATION_CONTEXT() REPRESENTATION_CONTEXT('2D SPACE',''
  ) );
#7758 = ORIENTED_EDGE('',*,*,#7759,.F.);
#7759 = EDGE_CURVE('',#7659,#7737,#7760,.T.);
#7760 = SURFACE_CURVE('',#7761,(#7765,#7772),.PCURVE_S1.);
#7761 = LINE('',#7762,#7763);
#7762 = CARTESIAN_POINT('',(20.,31.6,8.));
#7763 = VECTOR('',#7764,1.);
#7764 = DIRECTION('',(0.,1.,0.));
#7765 = PCURVE('',#4404,#7766);
#7766 = DEFINITIONAL_REPRESENTATION('',(#7767),#7771);
#7767 = LINE('',#7768,#7769);
#7768 = CARTESIAN_POINT('',(8.,0.));
#7769 = VECTOR('',#7770,1.);
#7770 = DIRECTION('',(0.,-1.));
#7771 = ( GEOMETRIC_REPRESENTATION_CONTEXT(2) 
PARAMETRIC_REPRESENTATION_CONTEXT() REPRESENTATION_CONTEXT('2D SPACE',''
  ) );
#7772 = PCURVE('',#7719,#7773);
#7773 = DEFINITIONAL_REPRESENTATION('',(#7774),#7778);
#7774 = LINE('',#7775,#7776);
#7775 = CARTESIAN_POINT('',(12.,0.));
#7776 = VECTOR('',#7777,1.);
#7777 = DIRECTION('',(0.,1.));
#7778 = ( GEOMETRIC_REPRESENTATION_CONTEXT(2) 
PARAMETRIC_REPRESENTATION_CONTEXT() REPRESENTATION_CONTEXT('2D SPACE',''
  ) );
#7779 = ADVANCED_FACE('',(#7780),#4380,.T.);
#7780 = FACE_BOUND('',#7781,.T.);
#7781 = EDGE_LOOP('',(#7782,#7783,#7784,#7807));
#7782 = ORIENTED_EDGE('',*,*,#7736,.F.);
#7783 = ORIENTED_EDGE('',*,*,#4365,.T.);
#7784 = ORIENTED_EDGE('',*,*,#7785,.T.);
#7785 = EDGE_CURVE('',#4340,#7786,#7788,.T.);
#7786 = VERTEX_POINT('',#7787);
#7787 = CARTESIAN_POINT('',(8.,32.6,8.));
#7788 = SURFACE_CURVE('',#7789,(#7793,#7800),.PCURVE_S1.);
#7789 = LINE('',#7790,#7791);
#7790 = CARTESIAN_POINT('',(8.,32.6,0.));
#7791 = VECTOR('',#7792,1.);
#7792 = DIRECTION('',(0.,0.,1.));
#7793 = PCURVE('',#4380,#7794);
#7794 = DEFINITIONAL_REPRESENTATION('',(#7795),#7799);
#7795 = LINE('',#7796,#7797);
#7796 = CARTESIAN_POINT('',(0.,0.));
#7797 = VECTOR('',#7798,1.);
#7798 = DIRECTION('',(1.,0.));
#7799 = ( GEOMETRIC_REPRESENTATION_CONTEXT(2) 
PARAMETRIC_REPRESENTATION_CONTEXT() REPRESENTATION_CONTEXT('2D SPACE',''
  ) );
#7800 = PCURVE('',#4354,#7801);
#7801 = DEFINITIONAL_REPRESENTATION('',(#7802),#7806);
#7802 = LINE('',#7803,#7804);
#7803 = CARTESIAN_POINT('',(0.,-1.));
#7804 = VECTOR('',#7805,1.);
#7805 = DIRECTION('',(1.,0.));
#7806 = ( GEOMETRIC_REPRESENTATION_CONTEXT(2) 
PARAMETRIC_REPRESENTATION_CONTEXT() REPRESENTATION_CONTEXT('2D SPACE',''
  ) );
#7807 = ORIENTED_EDGE('',*,*,#7808,.T.);
#7808 = EDGE_CURVE('',#7786,#7737,#7809,.T.);
#7809 = SURFACE_CURVE('',#7810,(#7814,#7821),.PCURVE_S1.);
#7810 = LINE('',#7811,#7812);
#7811 = CARTESIAN_POINT('',(8.,32.6,8.));
#7812 = VECTOR('',#7813,1.);
#7813 = DIRECTION('',(1.,0.,0.));
#7814 = PCURVE('',#4380,#7815);
#7815 = DEFINITIONAL_REPRESENTATION('',(#7816),#7820);
#7816 = LINE('',#7817,#7818);
#7817 = CARTESIAN_POINT('',(8.,0.));
#7818 = VECTOR('',#7819,1.);
#7819 = DIRECTION('',(0.,1.));
#7820 = ( GEOMETRIC_REPRESENTATION_CONTEXT(2) 
PARAMETRIC_REPRESENTATION_CONTEXT() REPRESENTATION_CONTEXT('2D SPACE',''
  ) );
#7821 = PCURVE('',#7719,#7822);
#7822 = DEFINITIONAL_REPRESENTATION('',(#7823),#7827);
#7823 = LINE('',#7824,#7825);
#7824 = CARTESIAN_POINT('',(0.,1.));
#7825 = VECTOR('',#7826,1.);
#7826 = DIRECTION('',(1.,0.));
#7827 = ( GEOMETRIC_REPRESENTATION_CONTEXT(2) 
PARAMETRIC_REPRESENTATION_CONTEXT() REPRESENTATION_CONTEXT('2D SPACE',''
  ) );
#7828 = ADVANCED_FACE('',(#7829),#4354,.F.);
#7829 = FACE_BOUND('',#7830,.F.);
#7830 = EDGE_LOOP('',(#7831,#7832,#7833,#7834));
#7831 = ORIENTED_EDGE('',*,*,#7682,.F.);
#7832 = ORIENTED_EDGE('',*,*,#4339,.T.);
#7833 = ORIENTED_EDGE('',*,*,#7785,.T.);
#7834 = ORIENTED_EDGE('',*,*,#7835,.F.);
#7835 = EDGE_CURVE('',#7683,#7786,#7836,.T.);
#7836 = SURFACE_CURVE('',#7837,(#7841,#7848),.PCURVE_S1.);
#7837 = LINE('',#7838,#7839);
#7838 = CARTESIAN_POINT('',(8.,31.6,8.));
#7839 = VECTOR('',#7840,1.);
#7840 = DIRECTION('',(0.,1.,0.));
#7841 = PCURVE('',#4354,#7842);
#7842 = DEFINITIONAL_REPRESENTATION('',(#7843),#7847);
#7843 = LINE('',#7844,#7845);
#7844 = CARTESIAN_POINT('',(8.,0.));
#7845 = VECTOR('',#7846,1.);
#7846 = DIRECTION('',(0.,-1.));
#7847 = ( GEOMETRIC_REPRESENTATION_CONTEXT(2) 
PARAMETRIC_REPRESENTATION_CONTEXT() REPRESENTATION_CONTEXT('2D SPACE',''
  ) );
#7848 = PCURVE('',#7719,#7849);
#7849 = DEFINITIONAL_REPRESENTATION('',(#7850),#7854);
#7850 = LINE('',#7851,#7852);
#7851 = CARTESIAN_POINT('',(0.,0.));
#7852 = VECTOR('',#7853,1.);
#7853 = DIRECTION('',(0.,1.));
#7854 = ( GEOMETRIC_REPRESENTATION_CONTEXT(2) 
PARAMETRIC_REPRESENTATION_CONTEXT() REPRESENTATION_CONTEXT('2D SPACE',''
  ) );
#7855 = ADVANCED_FACE('',(#7856),#4434,.F.);
#7856 = FACE_BOUND('',#7857,.F.);
#7857 = EDGE_LOOP('',(#7858,#7881,#7882,#7905));
#7858 = ORIENTED_EDGE('',*,*,#7859,.F.);
#7859 = EDGE_CURVE('',#4418,#7860,#7862,.T.);
#7860 = VERTEX_POINT('',#7861);
#7861 = CARTESIAN_POINT('',(27.3,22.5,8.));
#7862 = SURFACE_CURVE('',#7863,(#7867,#7874),.PCURVE_S1.);
#7863 = LINE('',#7864,#7865);
#7864 = CARTESIAN_POINT('',(27.3,22.5,0.));
#7865 = VECTOR('',#7866,1.);
#7866 = DIRECTION('',(0.,0.,1.));
#7867 = PCURVE('',#4434,#7868);
#7868 = DEFINITIONAL_REPRESENTATION('',(#7869),#7873);
#7869 = LINE('',#7870,#7871);
#7870 = CARTESIAN_POINT('',(0.,1.));
#7871 = VECTOR('',#7872,1.);
#7872 = DIRECTION('',(1.,0.));
#7873 = ( GEOMETRIC_REPRESENTATION_CONTEXT(2) 
PARAMETRIC_REPRESENTATION_CONTEXT() REPRESENTATION_CONTEXT('2D SPACE',''
  ) );
#7874 = PCURVE('',#4510,#7875);
#7875 = DEFINITIONAL_REPRESENTATION('',(#7876),#7880);
#7876 = LINE('',#7877,#7878);
#7877 = CARTESIAN_POINT('',(0.,0.));
#7878 = VECTOR('',#7879,1.);
#7879 = DIRECTION('',(1.,0.));
#7880 = ( GEOMETRIC_REPRESENTATION_CONTEXT(2) 
PARAMETRIC_REPRESENTATION_CONTEXT() REPRESENTATION_CONTEXT('2D SPACE',''
  ) );
#7881 = ORIENTED_EDGE('',*,*,#4417,.T.);
#7882 = ORIENTED_EDGE('',*,*,#7883,.T.);
#7883 = EDGE_CURVE('',#4420,#7884,#7886,.T.);
#7884 = VERTEX_POINT('',#7885);
#7885 = CARTESIAN_POINT('',(26.3,22.5,8.));
#7886 = SURFACE_CURVE('',#7887,(#7891,#7898),.PCURVE_S1.);
#7887 = LINE('',#7888,#7889);
#7888 = CARTESIAN_POINT('',(26.3,22.5,0.));
#7889 = VECTOR('',#7890,1.);
#7890 = DIRECTION('',(0.,0.,1.));
#7891 = PCURVE('',#4434,#7892);
#7892 = DEFINITIONAL_REPRESENTATION('',(#7893),#7897);
#7893 = LINE('',#7894,#7895);
#7894 = CARTESIAN_POINT('',(0.,0.));
#7895 = VECTOR('',#7896,1.);
#7896 = DIRECTION('',(1.,0.));
#7897 = ( GEOMETRIC_REPRESENTATION_CONTEXT(2) 
PARAMETRIC_REPRESENTATION_CONTEXT() REPRESENTATION_CONTEXT('2D SPACE',''
  ) );
#7898 = PCURVE('',#4460,#7899);
#7899 = DEFINITIONAL_REPRESENTATION('',(#7900),#7904);
#7900 = LINE('',#7901,#7902);
#7901 = CARTESIAN_POINT('',(0.,0.));
#7902 = VECTOR('',#7903,1.);
#7903 = DIRECTION('',(1.,0.));
#7904 = ( GEOMETRIC_REPRESENTATION_CONTEXT(2) 
PARAMETRIC_REPRESENTATION_CONTEXT() REPRESENTATION_CONTEXT('2D SPACE',''
  ) );
#7905 = ORIENTED_EDGE('',*,*,#7906,.T.);
#7906 = EDGE_CURVE('',#7884,#7860,#7907,.T.);
#7907 = SURFACE_CURVE('',#7908,(#7912,#7919),.PCURVE_S1.);
#7908 = LINE('',#7909,#7910);
#7909 = CARTESIAN_POINT('',(26.3,22.5,8.));
#7910 = VECTOR('',#7911,1.);
#7911 = DIRECTION('',(1.,0.,0.));
#7912 = PCURVE('',#4434,#7913);
#7913 = DEFINITIONAL_REPRESENTATION('',(#7914),#7918);
#7914 = LINE('',#7915,#7916);
#7915 = CARTESIAN_POINT('',(8.,0.));
#7916 = VECTOR('',#7917,1.);
#7917 = DIRECTION('',(0.,1.));
#7918 = ( GEOMETRIC_REPRESENTATION_CONTEXT(2) 
PARAMETRIC_REPRESENTATION_CONTEXT() REPRESENTATION_CONTEXT('2D SPACE',''
  ) );
#7919 = PCURVE('',#7920,#7925);
#7920 = PLANE('',#7921);
#7921 = AXIS2_PLACEMENT_3D('',#7922,#7923,#7924);
#7922 = CARTESIAN_POINT('',(26.3,22.5,8.));
#7923 = DIRECTION('',(0.,0.,1.));
#7924 = DIRECTION('',(1.,0.,0.));
#7925 = DEFINITIONAL_REPRESENTATION('',(#7926),#7930);
#7926 = LINE('',#7927,#7928);
#7927 = CARTESIAN_POINT('',(0.,0.));
#7928 = VECTOR('',#7929,1.);
#7929 = DIRECTION('',(1.,0.));
#7930 = ( GEOMETRIC_REPRESENTATION_CONTEXT(2) 
PARAMETRIC_REPRESENTATION_CONTEXT() REPRESENTATION_CONTEXT('2D SPACE',''
  ) );
#7931 = ADVANCED_FACE('',(#7932),#4510,.T.);
#7932 = FACE_BOUND('',#7933,.T.);
#7933 = EDGE_LOOP('',(#7934,#7935,#7936,#7959));
#7934 = ORIENTED_EDGE('',*,*,#7859,.F.);
#7935 = ORIENTED_EDGE('',*,*,#4497,.T.);
#7936 = ORIENTED_EDGE('',*,*,#7937,.T.);
#7937 = EDGE_CURVE('',#4472,#7938,#7940,.T.);
#7938 = VERTEX_POINT('',#7939);
#7939 = CARTESIAN_POINT('',(27.3,27.5,8.));
#7940 = SURFACE_CURVE('',#7941,(#7945,#7952),.PCURVE_S1.);
#7941 = LINE('',#7942,#7943);
#7942 = CARTESIAN_POINT('',(27.3,27.5,0.));
#7943 = VECTOR('',#7944,1.);
#7944 = DIRECTION('',(0.,0.,1.));
#7945 = PCURVE('',#4510,#7946);
#7946 = DEFINITIONAL_REPRESENTATION('',(#7947),#7951);
#7947 = LINE('',#7948,#7949);
#7948 = CARTESIAN_POINT('',(0.,-5.));
#7949 = VECTOR('',#7950,1.);
#7950 = DIRECTION('',(1.,0.));
#7951 = ( GEOMETRIC_REPRESENTATION_CONTEXT(2) 
PARAMETRIC_REPRESENTATION_CONTEXT() REPRESENTATION_CONTEXT('2D SPACE',''
  ) );
#7952 = PCURVE('',#4486,#7953);
#7953 = DEFINITIONAL_REPRESENTATION('',(#7954),#7958);
#7954 = LINE('',#7955,#7956);
#7955 = CARTESIAN_POINT('',(0.,1.));
#7956 = VECTOR('',#7957,1.);
#7957 = DIRECTION('',(1.,0.));
#7958 = ( GEOMETRIC_REPRESENTATION_CONTEXT(2) 
PARAMETRIC_REPRESENTATION_CONTEXT() REPRESENTATION_CONTEXT('2D SPACE',''
  ) );
#7959 = ORIENTED_EDGE('',*,*,#7960,.F.);
#7960 = EDGE_CURVE('',#7860,#7938,#7961,.T.);
#7961 = SURFACE_CURVE('',#7962,(#7966,#7973),.PCURVE_S1.);
#7962 = LINE('',#7963,#7964);
#7963 = CARTESIAN_POINT('',(27.3,22.5,8.));
#7964 = VECTOR('',#7965,1.);
#7965 = DIRECTION('',(0.,1.,0.));
#7966 = PCURVE('',#4510,#7967);
#7967 = DEFINITIONAL_REPRESENTATION('',(#7968),#7972);
#7968 = LINE('',#7969,#7970);
#7969 = CARTESIAN_POINT('',(8.,0.));
#7970 = VECTOR('',#7971,1.);
#7971 = DIRECTION('',(0.,-1.));
#7972 = ( GEOMETRIC_REPRESENTATION_CONTEXT(2) 
PARAMETRIC_REPRESENTATION_CONTEXT() REPRESENTATION_CONTEXT('2D SPACE',''
  ) );
#7973 = PCURVE('',#7920,#7974);
#7974 = DEFINITIONAL_REPRESENTATION('',(#7975),#7979);
#7975 = LINE('',#7976,#7977);
#7976 = CARTESIAN_POINT('',(1.,0.));
#7977 = VECTOR('',#7978,1.);
#7978 = DIRECTION('',(0.,1.));
#7979 = ( GEOMETRIC_REPRESENTATION_CONTEXT(2) 
PARAMETRIC_REPRESENTATION_CONTEXT() REPRESENTATION_CONTEXT('2D SPACE',''
  ) );
#7980 = ADVANCED_FACE('',(#7981),#4460,.F.);
#7981 = FACE_BOUND('',#7982,.F.);
#7982 = EDGE_LOOP('',(#7983,#7984,#7985,#8008));
#7983 = ORIENTED_EDGE('',*,*,#7883,.F.);
#7984 = ORIENTED_EDGE('',*,*,#4445,.T.);
#7985 = ORIENTED_EDGE('',*,*,#7986,.T.);
#7986 = EDGE_CURVE('',#4446,#7987,#7989,.T.);
#7987 = VERTEX_POINT('',#7988);
#7988 = CARTESIAN_POINT('',(26.3,27.5,8.));
#7989 = SURFACE_CURVE('',#7990,(#7994,#8001),.PCURVE_S1.);
#7990 = LINE('',#7991,#7992);
#7991 = CARTESIAN_POINT('',(26.3,27.5,0.));
#7992 = VECTOR('',#7993,1.);
#7993 = DIRECTION('',(0.,0.,1.));
#7994 = PCURVE('',#4460,#7995);
#7995 = DEFINITIONAL_REPRESENTATION('',(#7996),#8000);
#7996 = LINE('',#7997,#7998);
#7997 = CARTESIAN_POINT('',(0.,-5.));
#7998 = VECTOR('',#7999,1.);
#7999 = DIRECTION('',(1.,0.));
#8000 = ( GEOMETRIC_REPRESENTATION_CONTEXT(2) 
PARAMETRIC_REPRESENTATION_CONTEXT() REPRESENTATION_CONTEXT('2D SPACE',''
  ) );
#8001 = PCURVE('',#4486,#8002);
#8002 = DEFINITIONAL_REPRESENTATION('',(#8003),#8007);
#8003 = LINE('',#8004,#8005);
#8004 = CARTESIAN_POINT('',(0.,0.));
#8005 = VECTOR('',#8006,1.);
#8006 = DIRECTION('',(1.,0.));
#8007 = ( GEOMETRIC_REPRESENTATION_CONTEXT(2) 
PARAMETRIC_REPRESENTATION_CONTEXT() REPRESENTATION_CONTEXT('2D SPACE',''
  ) );
#8008 = ORIENTED_EDGE('',*,*,#8009,.F.);
#8009 = EDGE_CURVE('',#7884,#7987,#8010,.T.);
#8010 = SURFACE_CURVE('',#8011,(#8015,#8022),.PCURVE_S1.);
#8011 = LINE('',#8012,#8013);
#8012 = CARTESIAN_POINT('',(26.3,22.5,8.));
#8013 = VECTOR('',#8014,1.);
#8014 = DIRECTION('',(0.,1.,0.));
#8015 = PCURVE('',#4460,#8016);
#8016 = DEFINITIONAL_REPRESENTATION('',(#8017),#8021);
#8017 = LINE('',#8018,#8019);
#8018 = CARTESIAN_POINT('',(8.,0.));
#8019 = VECTOR('',#8020,1.);
#8020 = DIRECTION('',(0.,-1.));
#8021 = ( GEOMETRIC_REPRESENTATION_CONTEXT(2) 
PARAMETRIC_REPRESENTATION_CONTEXT() REPRESENTATION_CONTEXT('2D SPACE',''
  ) );
#8022 = PCURVE('',#7920,#8023);
#8023 = DEFINITIONAL_REPRESENTATION('',(#8024),#8028);
#8024 = LINE('',#8025,#8026);
#8025 = CARTESIAN_POINT('',(0.,0.));
#8026 = VECTOR('',#8027,1.);
#8027 = DIRECTION('',(0.,1.));
#8028 = ( GEOMETRIC_REPRESENTATION_CONTEXT(2) 
PARAMETRIC_REPRESENTATION_CONTEXT() REPRESENTATION_CONTEXT('2D SPACE',''
  ) );
#8029 = ADVANCED_FACE('',(#8030),#4486,.T.);
#8030 = FACE_BOUND('',#8031,.T.);
#8031 = EDGE_LOOP('',(#8032,#8033,#8034,#8035));
#8032 = ORIENTED_EDGE('',*,*,#7937,.F.);
#8033 = ORIENTED_EDGE('',*,*,#4471,.T.);
#8034 = ORIENTED_EDGE('',*,*,#7986,.T.);
#8035 = ORIENTED_EDGE('',*,*,#8036,.T.);
#8036 = EDGE_CURVE('',#7987,#7938,#8037,.T.);
#8037 = SURFACE_CURVE('',#8038,(#8042,#8049),.PCURVE_S1.);
#8038 = LINE('',#8039,#8040);
#8039 = CARTESIAN_POINT('',(26.3,27.5,8.));
#8040 = VECTOR('',#8041,1.);
#8041 = DIRECTION('',(1.,0.,0.));
#8042 = PCURVE('',#4486,#8043);
#8043 = DEFINITIONAL_REPRESENTATION('',(#8044),#8048);
#8044 = LINE('',#8045,#8046);
#8045 = CARTESIAN_POINT('',(8.,0.));
#8046 = VECTOR('',#8047,1.);
#8047 = DIRECTION('',(0.,1.));
#8048 = ( GEOMETRIC_REPRESENTATION_CONTEXT(2) 
PARAMETRIC_REPRESENTATION_CONTEXT() REPRESENTATION_CONTEXT('2D SPACE',''
  ) );
#8049 = PCURVE('',#7920,#8050);
#8050 = DEFINITIONAL_REPRESENTATION('',(#8051),#8055);
#8051 = LINE('',#8052,#8053);
#8052 = CARTESIAN_POINT('',(0.,5.));
#8053 = VECTOR('',#8054,1.);
#8054 = DIRECTION('',(1.,0.));
#8055 = ( GEOMETRIC_REPRESENTATION_CONTEXT(2) 
PARAMETRIC_REPRESENTATION_CONTEXT() REPRESENTATION_CONTEXT('2D SPACE',''
  ) );
#8056 = ADVANCED_FACE('',(#8057),#4762,.F.);
#8057 = FACE_BOUND('',#8058,.F.);
#8058 = EDGE_LOOP('',(#8059,#8082,#8083,#8106));
#8059 = ORIENTED_EDGE('',*,*,#8060,.F.);
#8060 = EDGE_CURVE('',#4746,#8061,#8063,.T.);
#8061 = VERTEX_POINT('',#8062);
#8062 = CARTESIAN_POINT('',(-8.5,-38.8,6.));
#8063 = SURFACE_CURVE('',#8064,(#8068,#8075),.PCURVE_S1.);
#8064 = LINE('',#8065,#8066);
#8065 = CARTESIAN_POINT('',(-8.5,-38.8,0.));
#8066 = VECTOR('',#8067,1.);
#8067 = DIRECTION('',(0.,0.,1.));
#8068 = PCURVE('',#4762,#8069);
#8069 = DEFINITIONAL_REPRESENTATION('',(#8070),#8074);
#8070 = LINE('',#8071,#8072);
#8071 = CARTESIAN_POINT('',(0.,16.));
#8072 = VECTOR('',#8073,1.);
#8073 = DIRECTION('',(1.,0.));
#8074 = ( GEOMETRIC_REPRESENTATION_CONTEXT(2) 
PARAMETRIC_REPRESENTATION_CONTEXT() REPRESENTATION_CONTEXT('2D SPACE',''
  ) );
#8075 = PCURVE('',#4838,#8076);
#8076 = DEFINITIONAL_REPRESENTATION('',(#8077),#8081);
#8077 = LINE('',#8078,#8079);
#8078 = CARTESIAN_POINT('',(0.,0.));
#8079 = VECTOR('',#8080,1.);
#8080 = DIRECTION('',(1.,0.));
#8081 = ( GEOMETRIC_REPRESENTATION_CONTEXT(2) 
PARAMETRIC_REPRESENTATION_CONTEXT() REPRESENTATION_CONTEXT('2D SPACE',''
  ) );
#8082 = ORIENTED_EDGE('',*,*,#4745,.T.);
#8083 = ORIENTED_EDGE('',*,*,#8084,.T.);
#8084 = EDGE_CURVE('',#4748,#8085,#8087,.T.);
#8085 = VERTEX_POINT('',#8086);
#8086 = CARTESIAN_POINT('',(-24.5,-38.8,6.));
#8087 = SURFACE_CURVE('',#8088,(#8092,#8099),.PCURVE_S1.);
#8088 = LINE('',#8089,#8090);
#8089 = CARTESIAN_POINT('',(-24.5,-38.8,0.));
#8090 = VECTOR('',#8091,1.);
#8091 = DIRECTION('',(0.,0.,1.));
#8092 = PCURVE('',#4762,#8093);
#8093 = DEFINITIONAL_REPRESENTATION('',(#8094),#8098);
#8094 = LINE('',#8095,#8096);
#8095 = CARTESIAN_POINT('',(0.,0.));
#8096 = VECTOR('',#8097,1.);
#8097 = DIRECTION('',(1.,0.));
#8098 = ( GEOMETRIC_REPRESENTATION_CONTEXT(2) 
PARAMETRIC_REPRESENTATION_CONTEXT() REPRESENTATION_CONTEXT('2D SPACE',''
  ) );
#8099 = PCURVE('',#4788,#8100);
#8100 = DEFINITIONAL_REPRESENTATION('',(#8101),#8105);
#8101 = LINE('',#8102,#8103);
#8102 = CARTESIAN_POINT('',(0.,0.));
#8103 = VECTOR('',#8104,1.);
#8104 = DIRECTION('',(1.,0.));
#8105 = ( GEOMETRIC_REPRESENTATION_CONTEXT(2) 
PARAMETRIC_REPRESENTATION_CONTEXT() REPRESENTATION_CONTEXT('2D SPACE',''
  ) );
#8106 = ORIENTED_EDGE('',*,*,#8107,.T.);
#8107 = EDGE_CURVE('',#8085,#8061,#8108,.T.);
#8108 = SURFACE_CURVE('',#8109,(#8113,#8120),.PCURVE_S1.);
#8109 = LINE('',#8110,#8111);
#8110 = CARTESIAN_POINT('',(-24.5,-38.8,6.));
#8111 = VECTOR('',#8112,1.);
#8112 = DIRECTION('',(1.,0.,0.));
#8113 = PCURVE('',#4762,#8114);
#8114 = DEFINITIONAL_REPRESENTATION('',(#8115),#8119);
#8115 = LINE('',#8116,#8117);
#8116 = CARTESIAN_POINT('',(6.,0.));
#8117 = VECTOR('',#8118,1.);
#8118 = DIRECTION('',(0.,1.));
#8119 = ( GEOMETRIC_REPRESENTATION_CONTEXT(2) 
PARAMETRIC_REPRESENTATION_CONTEXT() REPRESENTATION_CONTEXT('2D SPACE',''
  ) );
#8120 = PCURVE('',#8121,#8126);
#8121 = PLANE('',#8122);
#8122 = AXIS2_PLACEMENT_3D('',#8123,#8124,#8125);
#8123 = CARTESIAN_POINT('',(-24.5,-38.8,6.));
#8124 = DIRECTION('',(0.,0.,1.));
#8125 = DIRECTION('',(1.,0.,0.));
#8126 = DEFINITIONAL_REPRESENTATION('',(#8127),#8131);
#8127 = LINE('',#8128,#8129);
#8128 = CARTESIAN_POINT('',(0.,0.));
#8129 = VECTOR('',#8130,1.);
#8130 = DIRECTION('',(1.,0.));
#8131 = ( GEOMETRIC_REPRESENTATION_CONTEXT(2) 
PARAMETRIC_REPRESENTATION_CONTEXT() REPRESENTATION_CONTEXT('2D SPACE',''
  ) );
#8132 = ADVANCED_FACE('',(#8133),#4838,.T.);
#8133 = FACE_BOUND('',#8134,.T.);
#8134 = EDGE_LOOP('',(#8135,#8136,#8137,#8160));
#8135 = ORIENTED_EDGE('',*,*,#8060,.F.);
#8136 = ORIENTED_EDGE('',*,*,#4825,.T.);
#8137 = ORIENTED_EDGE('',*,*,#8138,.T.);
#8138 = EDGE_CURVE('',#4800,#8139,#8141,.T.);
#8139 = VERTEX_POINT('',#8140);
#8140 = CARTESIAN_POINT('',(-8.5,-37.8,6.));
#8141 = SURFACE_CURVE('',#8142,(#8146,#8153),.PCURVE_S1.);
#8142 = LINE('',#8143,#8144);
#8143 = CARTESIAN_POINT('',(-8.5,-37.8,0.));
#8144 = VECTOR('',#8145,1.);
#8145 = DIRECTION('',(0.,0.,1.));
#8146 = PCURVE('',#4838,#8147);
#8147 = DEFINITIONAL_REPRESENTATION('',(#8148),#8152);
#8148 = LINE('',#8149,#8150);
#8149 = CARTESIAN_POINT('',(0.,-1.));
#8150 = VECTOR('',#8151,1.);
#8151 = DIRECTION('',(1.,0.));
#8152 = ( GEOMETRIC_REPRESENTATION_CONTEXT(2) 
PARAMETRIC_REPRESENTATION_CONTEXT() REPRESENTATION_CONTEXT('2D SPACE',''
  ) );
#8153 = PCURVE('',#4814,#8154);
#8154 = DEFINITIONAL_REPRESENTATION('',(#8155),#8159);
#8155 = LINE('',#8156,#8157);
#8156 = CARTESIAN_POINT('',(0.,16.));
#8157 = VECTOR('',#8158,1.);
#8158 = DIRECTION('',(1.,0.));
#8159 = ( GEOMETRIC_REPRESENTATION_CONTEXT(2) 
PARAMETRIC_REPRESENTATION_CONTEXT() REPRESENTATION_CONTEXT('2D SPACE',''
  ) );
#8160 = ORIENTED_EDGE('',*,*,#8161,.F.);
#8161 = EDGE_CURVE('',#8061,#8139,#8162,.T.);
#8162 = SURFACE_CURVE('',#8163,(#8167,#8174),.PCURVE_S1.);
#8163 = LINE('',#8164,#8165);
#8164 = CARTESIAN_POINT('',(-8.5,-38.8,6.));
#8165 = VECTOR('',#8166,1.);
#8166 = DIRECTION('',(0.,1.,0.));
#8167 = PCURVE('',#4838,#8168);
#8168 = DEFINITIONAL_REPRESENTATION('',(#8169),#8173);
#8169 = LINE('',#8170,#8171);
#8170 = CARTESIAN_POINT('',(6.,0.));
#8171 = VECTOR('',#8172,1.);
#8172 = DIRECTION('',(0.,-1.));
#8173 = ( GEOMETRIC_REPRESENTATION_CONTEXT(2) 
PARAMETRIC_REPRESENTATION_CONTEXT() REPRESENTATION_CONTEXT('2D SPACE',''
  ) );
#8174 = PCURVE('',#8121,#8175);
#8175 = DEFINITIONAL_REPRESENTATION('',(#8176),#8180);
#8176 = LINE('',#8177,#8178);
#8177 = CARTESIAN_POINT('',(16.,0.));
#8178 = VECTOR('',#8179,1.);
#8179 = DIRECTION('',(0.,1.));
#8180 = ( GEOMETRIC_REPRESENTATION_CONTEXT(2) 
PARAMETRIC_REPRESENTATION_CONTEXT() REPRESENTATION_CONTEXT('2D SPACE',''
  ) );
#8181 = ADVANCED_FACE('',(#8182),#4788,.F.);
#8182 = FACE_BOUND('',#8183,.F.);
#8183 = EDGE_LOOP('',(#8184,#8185,#8186,#8209));
#8184 = ORIENTED_EDGE('',*,*,#8084,.F.);
#8185 = ORIENTED_EDGE('',*,*,#4773,.T.);
#8186 = ORIENTED_EDGE('',*,*,#8187,.T.);
#8187 = EDGE_CURVE('',#4774,#8188,#8190,.T.);
#8188 = VERTEX_POINT('',#8189);
#8189 = CARTESIAN_POINT('',(-24.5,-37.8,6.));
#8190 = SURFACE_CURVE('',#8191,(#8195,#8202),.PCURVE_S1.);
#8191 = LINE('',#8192,#8193);
#8192 = CARTESIAN_POINT('',(-24.5,-37.8,0.));
#8193 = VECTOR('',#8194,1.);
#8194 = DIRECTION('',(0.,0.,1.));
#8195 = PCURVE('',#4788,#8196);
#8196 = DEFINITIONAL_REPRESENTATION('',(#8197),#8201);
#8197 = LINE('',#8198,#8199);
#8198 = CARTESIAN_POINT('',(0.,-1.));
#8199 = VECTOR('',#8200,1.);
#8200 = DIRECTION('',(1.,0.));
#8201 = ( GEOMETRIC_REPRESENTATION_CONTEXT(2) 
PARAMETRIC_REPRESENTATION_CONTEXT() REPRESENTATION_CONTEXT('2D SPACE',''
  ) );
#8202 = PCURVE('',#4814,#8203);
#8203 = DEFINITIONAL_REPRESENTATION('',(#8204),#8208);
#8204 = LINE('',#8205,#8206);
#8205 = CARTESIAN_POINT('',(0.,0.));
#8206 = VECTOR('',#8207,1.);
#8207 = DIRECTION('',(1.,0.));
#8208 = ( GEOMETRIC_REPRESENTATION_CONTEXT(2) 
PARAMETRIC_REPRESENTATION_CONTEXT() REPRESENTATION_CONTEXT('2D SPACE',''
  ) );
#8209 = ORIENTED_EDGE('',*,*,#8210,.F.);
#8210 = EDGE_CURVE('',#8085,#8188,#8211,.T.);
#8211 = SURFACE_CURVE('',#8212,(#8216,#8223),.PCURVE_S1.);
#8212 = LINE('',#8213,#8214);
#8213 = CARTESIAN_POINT('',(-24.5,-38.8,6.));
#8214 = VECTOR('',#8215,1.);
#8215 = DIRECTION('',(0.,1.,0.));
#8216 = PCURVE('',#4788,#8217);
#8217 = DEFINITIONAL_REPRESENTATION('',(#8218),#8222);
#8218 = LINE('',#8219,#8220);
#8219 = CARTESIAN_POINT('',(6.,0.));
#8220 = VECTOR('',#8221,1.);
#8221 = DIRECTION('',(0.,-1.));
#8222 = ( GEOMETRIC_REPRESENTATION_CONTEXT(2) 
PARAMETRIC_REPRESENTATION_CONTEXT() REPRESENTATION_CONTEXT('2D SPACE',''
  ) );
#8223 = PCURVE('',#8121,#8224);
#8224 = DEFINITIONAL_REPRESENTATION('',(#8225),#8229);
#8225 = LINE('',#8226,#8227);
#8226 = CARTESIAN_POINT('',(0.,0.));
#8227 = VECTOR('',#8228,1.);
#8228 = DIRECTION('',(0.,1.));
#8229 = ( GEOMETRIC_REPRESENTATION_CONTEXT(2) 
PARAMETRIC_REPRESENTATION_CONTEXT() REPRESENTATION_CONTEXT('2D SPACE',''
  ) );
#8230 = ADVANCED_FACE('',(#8231),#4814,.T.);
#8231 = FACE_BOUND('',#8232,.T.);
#8232 = EDGE_LOOP('',(#8233,#8234,#8235,#8236));
#8233 = ORIENTED_EDGE('',*,*,#8138,.F.);
#8234 = ORIENTED_EDGE('',*,*,#4799,.T.);
#8235 = ORIENTED_EDGE('',*,*,#8187,.T.);
#8236 = ORIENTED_EDGE('',*,*,#8237,.T.);
#8237 = EDGE_CURVE('',#8188,#8139,#8238,.T.);
#8238 = SURFACE_CURVE('',#8239,(#8243,#8250),.PCURVE_S1.);
#8239 = LINE('',#8240,#8241);
#8240 = CARTESIAN_POINT('',(-24.5,-37.8,6.));
#8241 = VECTOR('',#8242,1.);
#8242 = DIRECTION('',(1.,0.,0.));
#8243 = PCURVE('',#4814,#8244);
#8244 = DEFINITIONAL_REPRESENTATION('',(#8245),#8249);
#8245 = LINE('',#8246,#8247);
#8246 = CARTESIAN_POINT('',(6.,0.));
#8247 = VECTOR('',#8248,1.);
#8248 = DIRECTION('',(0.,1.));
#8249 = ( GEOMETRIC_REPRESENTATION_CONTEXT(2) 
PARAMETRIC_REPRESENTATION_CONTEXT() REPRESENTATION_CONTEXT('2D SPACE',''
  ) );
#8250 = PCURVE('',#8121,#8251);
#8251 = DEFINITIONAL_REPRESENTATION('',(#8252),#8256);
#8252 = LINE('',#8253,#8254);
#8253 = CARTESIAN_POINT('',(0.,1.));
#8254 = VECTOR('',#8255,1.);
#8255 = DIRECTION('',(1.,0.));
#8256 = ( GEOMETRIC_REPRESENTATION_CONTEXT(2) 
PARAMETRIC_REPRESENTATION_CONTEXT() REPRESENTATION_CONTEXT('2D SPACE',''
  ) );
#8257 = ADVANCED_FACE('',(#8258),#4868,.F.);
#8258 = FACE_BOUND('',#8259,.F.);
#8259 = EDGE_LOOP('',(#8260,#8283,#8284,#8307));
#8260 = ORIENTED_EDGE('',*,*,#8261,.F.);
#8261 = EDGE_CURVE('',#4852,#8262,#8264,.T.);
#8262 = VERTEX_POINT('',#8263);
#8263 = CARTESIAN_POINT('',(-4.2,-31.,6.));
#8264 = SURFACE_CURVE('',#8265,(#8269,#8276),.PCURVE_S1.);
#8265 = LINE('',#8266,#8267);
#8266 = CARTESIAN_POINT('',(-4.2,-31.,0.));
#8267 = VECTOR('',#8268,1.);
#8268 = DIRECTION('',(0.,0.,1.));
#8269 = PCURVE('',#4868,#8270);
#8270 = DEFINITIONAL_REPRESENTATION('',(#8271),#8275);
#8271 = LINE('',#8272,#8273);
#8272 = CARTESIAN_POINT('',(0.,1.));
#8273 = VECTOR('',#8274,1.);
#8274 = DIRECTION('',(1.,0.));
#8275 = ( GEOMETRIC_REPRESENTATION_CONTEXT(2) 
PARAMETRIC_REPRESENTATION_CONTEXT() REPRESENTATION_CONTEXT('2D SPACE',''
  ) );
#8276 = PCURVE('',#4944,#8277);
#8277 = DEFINITIONAL_REPRESENTATION('',(#8278),#8282);
#8278 = LINE('',#8279,#8280);
#8279 = CARTESIAN_POINT('',(0.,0.));
#8280 = VECTOR('',#8281,1.);
#8281 = DIRECTION('',(1.,0.));
#8282 = ( GEOMETRIC_REPRESENTATION_CONTEXT(2) 
PARAMETRIC_REPRESENTATION_CONTEXT() REPRESENTATION_CONTEXT('2D SPACE',''
  ) );
#8283 = ORIENTED_EDGE('',*,*,#4851,.T.);
#8284 = ORIENTED_EDGE('',*,*,#8285,.T.);
#8285 = EDGE_CURVE('',#4854,#8286,#8288,.T.);
#8286 = VERTEX_POINT('',#8287);
#8287 = CARTESIAN_POINT('',(-5.2,-31.,6.));
#8288 = SURFACE_CURVE('',#8289,(#8293,#8300),.PCURVE_S1.);
#8289 = LINE('',#8290,#8291);
#8290 = CARTESIAN_POINT('',(-5.2,-31.,0.));
#8291 = VECTOR('',#8292,1.);
#8292 = DIRECTION('',(0.,0.,1.));
#8293 = PCURVE('',#4868,#8294);
#8294 = DEFINITIONAL_REPRESENTATION('',(#8295),#8299);
#8295 = LINE('',#8296,#8297);
#8296 = CARTESIAN_POINT('',(0.,0.));
#8297 = VECTOR('',#8298,1.);
#8298 = DIRECTION('',(1.,0.));
#8299 = ( GEOMETRIC_REPRESENTATION_CONTEXT(2) 
PARAMETRIC_REPRESENTATION_CONTEXT() REPRESENTATION_CONTEXT('2D SPACE',''
  ) );
#8300 = PCURVE('',#4894,#8301);
#8301 = DEFINITIONAL_REPRESENTATION('',(#8302),#8306);
#8302 = LINE('',#8303,#8304);
#8303 = CARTESIAN_POINT('',(0.,0.));
#8304 = VECTOR('',#8305,1.);
#8305 = DIRECTION('',(1.,0.));
#8306 = ( GEOMETRIC_REPRESENTATION_CONTEXT(2) 
PARAMETRIC_REPRESENTATION_CONTEXT() REPRESENTATION_CONTEXT('2D SPACE',''
  ) );
#8307 = ORIENTED_EDGE('',*,*,#8308,.T.);
#8308 = EDGE_CURVE('',#8286,#8262,#8309,.T.);
#8309 = SURFACE_CURVE('',#8310,(#8314,#8321),.PCURVE_S1.);
#8310 = LINE('',#8311,#8312);
#8311 = CARTESIAN_POINT('',(-5.2,-31.,6.));
#8312 = VECTOR('',#8313,1.);
#8313 = DIRECTION('',(1.,0.,0.));
#8314 = PCURVE('',#4868,#8315);
#8315 = DEFINITIONAL_REPRESENTATION('',(#8316),#8320);
#8316 = LINE('',#8317,#8318);
#8317 = CARTESIAN_POINT('',(6.,0.));
#8318 = VECTOR('',#8319,1.);
#8319 = DIRECTION('',(0.,1.));
#8320 = ( GEOMETRIC_REPRESENTATION_CONTEXT(2) 
PARAMETRIC_REPRESENTATION_CONTEXT() REPRESENTATION_CONTEXT('2D SPACE',''
  ) );
#8321 = PCURVE('',#8322,#8327);
#8322 = PLANE('',#8323);
#8323 = AXIS2_PLACEMENT_3D('',#8324,#8325,#8326);
#8324 = CARTESIAN_POINT('',(-5.2,-31.,6.));
#8325 = DIRECTION('',(0.,0.,1.));
#8326 = DIRECTION('',(1.,0.,0.));
#8327 = DEFINITIONAL_REPRESENTATION('',(#8328),#8332);
#8328 = LINE('',#8329,#8330);
#8329 = CARTESIAN_POINT('',(0.,0.));
#8330 = VECTOR('',#8331,1.);
#8331 = DIRECTION('',(1.,0.));
#8332 = ( GEOMETRIC_REPRESENTATION_CONTEXT(2) 
PARAMETRIC_REPRESENTATION_CONTEXT() REPRESENTATION_CONTEXT('2D SPACE',''
  ) );
#8333 = ADVANCED_FACE('',(#8334),#4944,.T.);
#8334 = FACE_BOUND('',#8335,.T.);
#8335 = EDGE_LOOP('',(#8336,#8337,#8338,#8361));
#8336 = ORIENTED_EDGE('',*,*,#8261,.F.);
#8337 = ORIENTED_EDGE('',*,*,#4931,.T.);
#8338 = ORIENTED_EDGE('',*,*,#8339,.T.);
#8339 = EDGE_CURVE('',#4906,#8340,#8342,.T.);
#8340 = VERTEX_POINT('',#8341);
#8341 = CARTESIAN_POINT('',(-4.2,-21.,6.));
#8342 = SURFACE_CURVE('',#8343,(#8347,#8354),.PCURVE_S1.);
#8343 = LINE('',#8344,#8345);
#8344 = CARTESIAN_POINT('',(-4.2,-21.,0.));
#8345 = VECTOR('',#8346,1.);
#8346 = DIRECTION('',(0.,0.,1.));
#8347 = PCURVE('',#4944,#8348);
#8348 = DEFINITIONAL_REPRESENTATION('',(#8349),#8353);
#8349 = LINE('',#8350,#8351);
#8350 = CARTESIAN_POINT('',(0.,-10.));
#8351 = VECTOR('',#8352,1.);
#8352 = DIRECTION('',(1.,0.));
#8353 = ( GEOMETRIC_REPRESENTATION_CONTEXT(2) 
PARAMETRIC_REPRESENTATION_CONTEXT() REPRESENTATION_CONTEXT('2D SPACE',''
  ) );
#8354 = PCURVE('',#4920,#8355);
#8355 = DEFINITIONAL_REPRESENTATION('',(#8356),#8360);
#8356 = LINE('',#8357,#8358);
#8357 = CARTESIAN_POINT('',(0.,1.));
#8358 = VECTOR('',#8359,1.);
#8359 = DIRECTION('',(1.,0.));
#8360 = ( GEOMETRIC_REPRESENTATION_CONTEXT(2) 
PARAMETRIC_REPRESENTATION_CONTEXT() REPRESENTATION_CONTEXT('2D SPACE',''
  ) );
#8361 = ORIENTED_EDGE('',*,*,#8362,.F.);
#8362 = EDGE_CURVE('',#8262,#8340,#8363,.T.);
#8363 = SURFACE_CURVE('',#8364,(#8368,#8375),.PCURVE_S1.);
#8364 = LINE('',#8365,#8366);
#8365 = CARTESIAN_POINT('',(-4.2,-31.,6.));
#8366 = VECTOR('',#8367,1.);
#8367 = DIRECTION('',(0.,1.,0.));
#8368 = PCURVE('',#4944,#8369);
#8369 = DEFINITIONAL_REPRESENTATION('',(#8370),#8374);
#8370 = LINE('',#8371,#8372);
#8371 = CARTESIAN_POINT('',(6.,0.));
#8372 = VECTOR('',#8373,1.);
#8373 = DIRECTION('',(0.,-1.));
#8374 = ( GEOMETRIC_REPRESENTATION_CONTEXT(2) 
PARAMETRIC_REPRESENTATION_CONTEXT() REPRESENTATION_CONTEXT('2D SPACE',''
  ) );
#8375 = PCURVE('',#8322,#8376);
#8376 = DEFINITIONAL_REPRESENTATION('',(#8377),#8381);
#8377 = LINE('',#8378,#8379);
#8378 = CARTESIAN_POINT('',(1.,0.));
#8379 = VECTOR('',#8380,1.);
#8380 = DIRECTION('',(0.,1.));
#8381 = ( GEOMETRIC_REPRESENTATION_CONTEXT(2) 
PARAMETRIC_REPRESENTATION_CONTEXT() REPRESENTATION_CONTEXT('2D SPACE',''
  ) );
#8382 = ADVANCED_FACE('',(#8383),#4894,.F.);
#8383 = FACE_BOUND('',#8384,.F.);
#8384 = EDGE_LOOP('',(#8385,#8386,#8387,#8410));
#8385 = ORIENTED_EDGE('',*,*,#8285,.F.);
#8386 = ORIENTED_EDGE('',*,*,#4879,.T.);
#8387 = ORIENTED_EDGE('',*,*,#8388,.T.);
#8388 = EDGE_CURVE('',#4880,#8389,#8391,.T.);
#8389 = VERTEX_POINT('',#8390);
#8390 = CARTESIAN_POINT('',(-5.2,-21.,6.));
#8391 = SURFACE_CURVE('',#8392,(#8396,#8403),.PCURVE_S1.);
#8392 = LINE('',#8393,#8394);
#8393 = CARTESIAN_POINT('',(-5.2,-21.,0.));
#8394 = VECTOR('',#8395,1.);
#8395 = DIRECTION('',(0.,0.,1.));
#8396 = PCURVE('',#4894,#8397);
#8397 = DEFINITIONAL_REPRESENTATION('',(#8398),#8402);
#8398 = LINE('',#8399,#8400);
#8399 = CARTESIAN_POINT('',(0.,-10.));
#8400 = VECTOR('',#8401,1.);
#8401 = DIRECTION('',(1.,0.));
#8402 = ( GEOMETRIC_REPRESENTATION_CONTEXT(2) 
PARAMETRIC_REPRESENTATION_CONTEXT() REPRESENTATION_CONTEXT('2D SPACE',''
  ) );
#8403 = PCURVE('',#4920,#8404);
#8404 = DEFINITIONAL_REPRESENTATION('',(#8405),#8409);
#8405 = LINE('',#8406,#8407);
#8406 = CARTESIAN_POINT('',(0.,0.));
#8407 = VECTOR('',#8408,1.);
#8408 = DIRECTION('',(1.,0.));
#8409 = ( GEOMETRIC_REPRESENTATION_CONTEXT(2) 
PARAMETRIC_REPRESENTATION_CONTEXT() REPRESENTATION_CONTEXT('2D SPACE',''
  ) );
#8410 = ORIENTED_EDGE('',*,*,#8411,.F.);
#8411 = EDGE_CURVE('',#8286,#8389,#8412,.T.);
#8412 = SURFACE_CURVE('',#8413,(#8417,#8424),.PCURVE_S1.);
#8413 = LINE('',#8414,#8415);
#8414 = CARTESIAN_POINT('',(-5.2,-31.,6.));
#8415 = VECTOR('',#8416,1.);
#8416 = DIRECTION('',(0.,1.,0.));
#8417 = PCURVE('',#4894,#8418);
#8418 = DEFINITIONAL_REPRESENTATION('',(#8419),#8423);
#8419 = LINE('',#8420,#8421);
#8420 = CARTESIAN_POINT('',(6.,0.));
#8421 = VECTOR('',#8422,1.);
#8422 = DIRECTION('',(0.,-1.));
#8423 = ( GEOMETRIC_REPRESENTATION_CONTEXT(2) 
PARAMETRIC_REPRESENTATION_CONTEXT() REPRESENTATION_CONTEXT('2D SPACE',''
  ) );
#8424 = PCURVE('',#8322,#8425);
#8425 = DEFINITIONAL_REPRESENTATION('',(#8426),#8430);
#8426 = LINE('',#8427,#8428);
#8427 = CARTESIAN_POINT('',(0.,0.));
#8428 = VECTOR('',#8429,1.);
#8429 = DIRECTION('',(0.,1.));
#8430 = ( GEOMETRIC_REPRESENTATION_CONTEXT(2) 
PARAMETRIC_REPRESENTATION_CONTEXT() REPRESENTATION_CONTEXT('2D SPACE',''
  ) );
#8431 = ADVANCED_FACE('',(#8432),#4920,.T.);
#8432 = FACE_BOUND('',#8433,.T.);
#8433 = EDGE_LOOP('',(#8434,#8435,#8436,#8437));
#8434 = ORIENTED_EDGE('',*,*,#8339,.F.);
#8435 = ORIENTED_EDGE('',*,*,#4905,.T.);
#8436 = ORIENTED_EDGE('',*,*,#8388,.T.);
#8437 = ORIENTED_EDGE('',*,*,#8438,.T.);
#8438 = EDGE_CURVE('',#8389,#8340,#8439,.T.);
#8439 = SURFACE_CURVE('',#8440,(#8444,#8451),.PCURVE_S1.);
#8440 = LINE('',#8441,#8442);
#8441 = CARTESIAN_POINT('',(-5.2,-21.,6.));
#8442 = VECTOR('',#8443,1.);
#8443 = DIRECTION('',(1.,0.,0.));
#8444 = PCURVE('',#4920,#8445);
#8445 = DEFINITIONAL_REPRESENTATION('',(#8446),#8450);
#8446 = LINE('',#8447,#8448);
#8447 = CARTESIAN_POINT('',(6.,0.));
#8448 = VECTOR('',#8449,1.);
#8449 = DIRECTION('',(0.,1.));
#8450 = ( GEOMETRIC_REPRESENTATION_CONTEXT(2) 
PARAMETRIC_REPRESENTATION_CONTEXT() REPRESENTATION_CONTEXT('2D SPACE',''
  ) );
#8451 = PCURVE('',#8322,#8452);
#8452 = DEFINITIONAL_REPRESENTATION('',(#8453),#8457);
#8453 = LINE('',#8454,#8455);
#8454 = CARTESIAN_POINT('',(0.,10.));
#8455 = VECTOR('',#8456,1.);
#8456 = DIRECTION('',(1.,0.));
#8457 = ( GEOMETRIC_REPRESENTATION_CONTEXT(2) 
PARAMETRIC_REPRESENTATION_CONTEXT() REPRESENTATION_CONTEXT('2D SPACE',''
  ) );
#8458 = ADVANCED_FACE('',(#8459),#4974,.F.);
#8459 = FACE_BOUND('',#8460,.F.);
#8460 = EDGE_LOOP('',(#8461,#8484,#8485,#8508));
#8461 = ORIENTED_EDGE('',*,*,#8462,.F.);
#8462 = EDGE_CURVE('',#4958,#8463,#8465,.T.);
#8463 = VERTEX_POINT('',#8464);
#8464 = CARTESIAN_POINT('',(-8.5,37.8,6.));
#8465 = SURFACE_CURVE('',#8466,(#8470,#8477),.PCURVE_S1.);
#8466 = LINE('',#8467,#8468);
#8467 = CARTESIAN_POINT('',(-8.5,37.8,0.));
#8468 = VECTOR('',#8469,1.);
#8469 = DIRECTION('',(0.,0.,1.));
#8470 = PCURVE('',#4974,#8471);
#8471 = DEFINITIONAL_REPRESENTATION('',(#8472),#8476);
#8472 = LINE('',#8473,#8474);
#8473 = CARTESIAN_POINT('',(0.,16.));
#8474 = VECTOR('',#8475,1.);
#8475 = DIRECTION('',(1.,0.));
#8476 = ( GEOMETRIC_REPRESENTATION_CONTEXT(2) 
PARAMETRIC_REPRESENTATION_CONTEXT() REPRESENTATION_CONTEXT('2D SPACE',''
  ) );
#8477 = PCURVE('',#5050,#8478);
#8478 = DEFINITIONAL_REPRESENTATION('',(#8479),#8483);
#8479 = LINE('',#8480,#8481);
#8480 = CARTESIAN_POINT('',(0.,0.));
#8481 = VECTOR('',#8482,1.);
#8482 = DIRECTION('',(1.,0.));
#8483 = ( GEOMETRIC_REPRESENTATION_CONTEXT(2) 
PARAMETRIC_REPRESENTATION_CONTEXT() REPRESENTATION_CONTEXT('2D SPACE',''
  ) );
#8484 = ORIENTED_EDGE('',*,*,#4957,.T.);
#8485 = ORIENTED_EDGE('',*,*,#8486,.T.);
#8486 = EDGE_CURVE('',#4960,#8487,#8489,.T.);
#8487 = VERTEX_POINT('',#8488);
#8488 = CARTESIAN_POINT('',(-24.5,37.8,6.));
#8489 = SURFACE_CURVE('',#8490,(#8494,#8501),.PCURVE_S1.);
#8490 = LINE('',#8491,#8492);
#8491 = CARTESIAN_POINT('',(-24.5,37.8,0.));
#8492 = VECTOR('',#8493,1.);
#8493 = DIRECTION('',(0.,0.,1.));
#8494 = PCURVE('',#4974,#8495);
#8495 = DEFINITIONAL_REPRESENTATION('',(#8496),#8500);
#8496 = LINE('',#8497,#8498);
#8497 = CARTESIAN_POINT('',(0.,0.));
#8498 = VECTOR('',#8499,1.);
#8499 = DIRECTION('',(1.,0.));
#8500 = ( GEOMETRIC_REPRESENTATION_CONTEXT(2) 
PARAMETRIC_REPRESENTATION_CONTEXT() REPRESENTATION_CONTEXT('2D SPACE',''
  ) );
#8501 = PCURVE('',#5000,#8502);
#8502 = DEFINITIONAL_REPRESENTATION('',(#8503),#8507);
#8503 = LINE('',#8504,#8505);
#8504 = CARTESIAN_POINT('',(0.,0.));
#8505 = VECTOR('',#8506,1.);
#8506 = DIRECTION('',(1.,0.));
#8507 = ( GEOMETRIC_REPRESENTATION_CONTEXT(2) 
PARAMETRIC_REPRESENTATION_CONTEXT() REPRESENTATION_CONTEXT('2D SPACE',''
  ) );
#8508 = ORIENTED_EDGE('',*,*,#8509,.T.);
#8509 = EDGE_CURVE('',#8487,#8463,#8510,.T.);
#8510 = SURFACE_CURVE('',#8511,(#8515,#8522),.PCURVE_S1.);
#8511 = LINE('',#8512,#8513);
#8512 = CARTESIAN_POINT('',(-24.5,37.8,6.));
#8513 = VECTOR('',#8514,1.);
#8514 = DIRECTION('',(1.,0.,0.));
#8515 = PCURVE('',#4974,#8516);
#8516 = DEFINITIONAL_REPRESENTATION('',(#8517),#8521);
#8517 = LINE('',#8518,#8519);
#8518 = CARTESIAN_POINT('',(6.,0.));
#8519 = VECTOR('',#8520,1.);
#8520 = DIRECTION('',(0.,1.));
#8521 = ( GEOMETRIC_REPRESENTATION_CONTEXT(2) 
PARAMETRIC_REPRESENTATION_CONTEXT() REPRESENTATION_CONTEXT('2D SPACE',''
  ) );
#8522 = PCURVE('',#8523,#8528);
#8523 = PLANE('',#8524);
#8524 = AXIS2_PLACEMENT_3D('',#8525,#8526,#8527);
#8525 = CARTESIAN_POINT('',(-24.5,37.8,6.));
#8526 = DIRECTION('',(0.,0.,1.));
#8527 = DIRECTION('',(1.,0.,0.));
#8528 = DEFINITIONAL_REPRESENTATION('',(#8529),#8533);
#8529 = LINE('',#8530,#8531);
#8530 = CARTESIAN_POINT('',(0.,0.));
#8531 = VECTOR('',#8532,1.);
#8532 = DIRECTION('',(1.,0.));
#8533 = ( GEOMETRIC_REPRESENTATION_CONTEXT(2) 
PARAMETRIC_REPRESENTATION_CONTEXT() REPRESENTATION_CONTEXT('2D SPACE',''
  ) );
#8534 = ADVANCED_FACE('',(#8535),#5050,.T.);
#8535 = FACE_BOUND('',#8536,.T.);
#8536 = EDGE_LOOP('',(#8537,#8538,#8539,#8562));
#8537 = ORIENTED_EDGE('',*,*,#8462,.F.);
#8538 = ORIENTED_EDGE('',*,*,#5037,.T.);
#8539 = ORIENTED_EDGE('',*,*,#8540,.T.);
#8540 = EDGE_CURVE('',#5012,#8541,#8543,.T.);
#8541 = VERTEX_POINT('',#8542);
#8542 = CARTESIAN_POINT('',(-8.5,38.8,6.));
#8543 = SURFACE_CURVE('',#8544,(#8548,#8555),.PCURVE_S1.);
#8544 = LINE('',#8545,#8546);
#8545 = CARTESIAN_POINT('',(-8.5,38.8,0.));
#8546 = VECTOR('',#8547,1.);
#8547 = DIRECTION('',(0.,0.,1.));
#8548 = PCURVE('',#5050,#8549);
#8549 = DEFINITIONAL_REPRESENTATION('',(#8550),#8554);
#8550 = LINE('',#8551,#8552);
#8551 = CARTESIAN_POINT('',(0.,-1.));
#8552 = VECTOR('',#8553,1.);
#8553 = DIRECTION('',(1.,0.));
#8554 = ( GEOMETRIC_REPRESENTATION_CONTEXT(2) 
PARAMETRIC_REPRESENTATION_CONTEXT() REPRESENTATION_CONTEXT('2D SPACE',''
  ) );
#8555 = PCURVE('',#5026,#8556);
#8556 = DEFINITIONAL_REPRESENTATION('',(#8557),#8561);
#8557 = LINE('',#8558,#8559);
#8558 = CARTESIAN_POINT('',(0.,16.));
#8559 = VECTOR('',#8560,1.);
#8560 = DIRECTION('',(1.,0.));
#8561 = ( GEOMETRIC_REPRESENTATION_CONTEXT(2) 
PARAMETRIC_REPRESENTATION_CONTEXT() REPRESENTATION_CONTEXT('2D SPACE',''
  ) );
#8562 = ORIENTED_EDGE('',*,*,#8563,.F.);
#8563 = EDGE_CURVE('',#8463,#8541,#8564,.T.);
#8564 = SURFACE_CURVE('',#8565,(#8569,#8576),.PCURVE_S1.);
#8565 = LINE('',#8566,#8567);
#8566 = CARTESIAN_POINT('',(-8.5,37.8,6.));
#8567 = VECTOR('',#8568,1.);
#8568 = DIRECTION('',(0.,1.,0.));
#8569 = PCURVE('',#5050,#8570);
#8570 = DEFINITIONAL_REPRESENTATION('',(#8571),#8575);
#8571 = LINE('',#8572,#8573);
#8572 = CARTESIAN_POINT('',(6.,0.));
#8573 = VECTOR('',#8574,1.);
#8574 = DIRECTION('',(0.,-1.));
#8575 = ( GEOMETRIC_REPRESENTATION_CONTEXT(2) 
PARAMETRIC_REPRESENTATION_CONTEXT() REPRESENTATION_CONTEXT('2D SPACE',''
  ) );
#8576 = PCURVE('',#8523,#8577);
#8577 = DEFINITIONAL_REPRESENTATION('',(#8578),#8582);
#8578 = LINE('',#8579,#8580);
#8579 = CARTESIAN_POINT('',(16.,0.));
#8580 = VECTOR('',#8581,1.);
#8581 = DIRECTION('',(0.,1.));
#8582 = ( GEOMETRIC_REPRESENTATION_CONTEXT(2) 
PARAMETRIC_REPRESENTATION_CONTEXT() REPRESENTATION_CONTEXT('2D SPACE',''
  ) );
#8583 = ADVANCED_FACE('',(#8584),#5000,.F.);
#8584 = FACE_BOUND('',#8585,.F.);
#8585 = EDGE_LOOP('',(#8586,#8587,#8588,#8611));
#8586 = ORIENTED_EDGE('',*,*,#8486,.F.);
#8587 = ORIENTED_EDGE('',*,*,#4985,.T.);
#8588 = ORIENTED_EDGE('',*,*,#8589,.T.);
#8589 = EDGE_CURVE('',#4986,#8590,#8592,.T.);
#8590 = VERTEX_POINT('',#8591);
#8591 = CARTESIAN_POINT('',(-24.5,38.8,6.));
#8592 = SURFACE_CURVE('',#8593,(#8597,#8604),.PCURVE_S1.);
#8593 = LINE('',#8594,#8595);
#8594 = CARTESIAN_POINT('',(-24.5,38.8,0.));
#8595 = VECTOR('',#8596,1.);
#8596 = DIRECTION('',(0.,0.,1.));
#8597 = PCURVE('',#5000,#8598);
#8598 = DEFINITIONAL_REPRESENTATION('',(#8599),#8603);
#8599 = LINE('',#8600,#8601);
#8600 = CARTESIAN_POINT('',(0.,-1.));
#8601 = VECTOR('',#8602,1.);
#8602 = DIRECTION('',(1.,0.));
#8603 = ( GEOMETRIC_REPRESENTATION_CONTEXT(2) 
PARAMETRIC_REPRESENTATION_CONTEXT() REPRESENTATION_CONTEXT('2D SPACE',''
  ) );
#8604 = PCURVE('',#5026,#8605);
#8605 = DEFINITIONAL_REPRESENTATION('',(#8606),#8610);
#8606 = LINE('',#8607,#8608);
#8607 = CARTESIAN_POINT('',(0.,0.));
#8608 = VECTOR('',#8609,1.);
#8609 = DIRECTION('',(1.,0.));
#8610 = ( GEOMETRIC_REPRESENTATION_CONTEXT(2) 
PARAMETRIC_REPRESENTATION_CONTEXT() REPRESENTATION_CONTEXT('2D SPACE',''
  ) );
#8611 = ORIENTED_EDGE('',*,*,#8612,.F.);
#8612 = EDGE_CURVE('',#8487,#8590,#8613,.T.);
#8613 = SURFACE_CURVE('',#8614,(#8618,#8625),.PCURVE_S1.);
#8614 = LINE('',#8615,#8616);
#8615 = CARTESIAN_POINT('',(-24.5,37.8,6.));
#8616 = VECTOR('',#8617,1.);
#8617 = DIRECTION('',(0.,1.,0.));
#8618 = PCURVE('',#5000,#8619);
#8619 = DEFINITIONAL_REPRESENTATION('',(#8620),#8624);
#8620 = LINE('',#8621,#8622);
#8621 = CARTESIAN_POINT('',(6.,0.));
#8622 = VECTOR('',#8623,1.);
#8623 = DIRECTION('',(0.,-1.));
#8624 = ( GEOMETRIC_REPRESENTATION_CONTEXT(2) 
PARAMETRIC_REPRESENTATION_CONTEXT() REPRESENTATION_CONTEXT('2D SPACE',''
  ) );
#8625 = PCURVE('',#8523,#8626);
#8626 = DEFINITIONAL_REPRESENTATION('',(#8627),#8631);
#8627 = LINE('',#8628,#8629);
#8628 = CARTESIAN_POINT('',(0.,0.));
#8629 = VECTOR('',#8630,1.);
#8630 = DIRECTION('',(0.,1.));
#8631 = ( GEOMETRIC_REPRESENTATION_CONTEXT(2) 
PARAMETRIC_REPRESENTATION_CONTEXT() REPRESENTATION_CONTEXT('2D SPACE',''
  ) );
#8632 = ADVANCED_FACE('',(#8633),#5026,.T.);
#8633 = FACE_BOUND('',#8634,.T.);
#8634 = EDGE_LOOP('',(#8635,#8636,#8637,#8638));
#8635 = ORIENTED_EDGE('',*,*,#8540,.F.);
#8636 = ORIENTED_EDGE('',*,*,#5011,.T.);
#8637 = ORIENTED_EDGE('',*,*,#8589,.T.);
#8638 = ORIENTED_EDGE('',*,*,#8639,.T.);
#8639 = EDGE_CURVE('',#8590,#8541,#8640,.T.);
#8640 = SURFACE_CURVE('',#8641,(#8645,#8652),.PCURVE_S1.);
#8641 = LINE('',#8642,#8643);
#8642 = CARTESIAN_POINT('',(-24.5,38.8,6.));
#8643 = VECTOR('',#8644,1.);
#8644 = DIRECTION('',(1.,0.,0.));
#8645 = PCURVE('',#5026,#8646);
#8646 = DEFINITIONAL_REPRESENTATION('',(#8647),#8651);
#8647 = LINE('',#8648,#8649);
#8648 = CARTESIAN_POINT('',(6.,0.));
#8649 = VECTOR('',#8650,1.);
#8650 = DIRECTION('',(0.,1.));
#8651 = ( GEOMETRIC_REPRESENTATION_CONTEXT(2) 
PARAMETRIC_REPRESENTATION_CONTEXT() REPRESENTATION_CONTEXT('2D SPACE',''
  ) );
#8652 = PCURVE('',#8523,#8653);
#8653 = DEFINITIONAL_REPRESENTATION('',(#8654),#8658);
#8654 = LINE('',#8655,#8656);
#8655 = CARTESIAN_POINT('',(0.,1.));
#8656 = VECTOR('',#8657,1.);
#8657 = DIRECTION('',(1.,0.));
#8658 = ( GEOMETRIC_REPRESENTATION_CONTEXT(2) 
PARAMETRIC_REPRESENTATION_CONTEXT() REPRESENTATION_CONTEXT('2D SPACE',''
  ) );
#8659 = ADVANCED_FACE('',(#8660),#5080,.F.);
#8660 = FACE_BOUND('',#8661,.F.);
#8661 = EDGE_LOOP('',(#8662,#8685,#8686,#8709));
#8662 = ORIENTED_EDGE('',*,*,#8663,.F.);
#8663 = EDGE_CURVE('',#5064,#8664,#8666,.T.);
#8664 = VERTEX_POINT('',#8665);
#8665 = CARTESIAN_POINT('',(-4.2,21.,6.));
#8666 = SURFACE_CURVE('',#8667,(#8671,#8678),.PCURVE_S1.);
#8667 = LINE('',#8668,#8669);
#8668 = CARTESIAN_POINT('',(-4.2,21.,0.));
#8669 = VECTOR('',#8670,1.);
#8670 = DIRECTION('',(0.,0.,1.));
#8671 = PCURVE('',#5080,#8672);
#8672 = DEFINITIONAL_REPRESENTATION('',(#8673),#8677);
#8673 = LINE('',#8674,#8675);
#8674 = CARTESIAN_POINT('',(0.,1.));
#8675 = VECTOR('',#8676,1.);
#8676 = DIRECTION('',(1.,0.));
#8677 = ( GEOMETRIC_REPRESENTATION_CONTEXT(2) 
PARAMETRIC_REPRESENTATION_CONTEXT() REPRESENTATION_CONTEXT('2D SPACE',''
  ) );
#8678 = PCURVE('',#5156,#8679);
#8679 = DEFINITIONAL_REPRESENTATION('',(#8680),#8684);
#8680 = LINE('',#8681,#8682);
#8681 = CARTESIAN_POINT('',(0.,0.));
#8682 = VECTOR('',#8683,1.);
#8683 = DIRECTION('',(1.,0.));
#8684 = ( GEOMETRIC_REPRESENTATION_CONTEXT(2) 
PARAMETRIC_REPRESENTATION_CONTEXT() REPRESENTATION_CONTEXT('2D SPACE',''
  ) );
#8685 = ORIENTED_EDGE('',*,*,#5063,.T.);
#8686 = ORIENTED_EDGE('',*,*,#8687,.T.);
#8687 = EDGE_CURVE('',#5066,#8688,#8690,.T.);
#8688 = VERTEX_POINT('',#8689);
#8689 = CARTESIAN_POINT('',(-5.2,21.,6.));
#8690 = SURFACE_CURVE('',#8691,(#8695,#8702),.PCURVE_S1.);
#8691 = LINE('',#8692,#8693);
#8692 = CARTESIAN_POINT('',(-5.2,21.,0.));
#8693 = VECTOR('',#8694,1.);
#8694 = DIRECTION('',(0.,0.,1.));
#8695 = PCURVE('',#5080,#8696);
#8696 = DEFINITIONAL_REPRESENTATION('',(#8697),#8701);
#8697 = LINE('',#8698,#8699);
#8698 = CARTESIAN_POINT('',(0.,0.));
#8699 = VECTOR('',#8700,1.);
#8700 = DIRECTION('',(1.,0.));
#8701 = ( GEOMETRIC_REPRESENTATION_CONTEXT(2) 
PARAMETRIC_REPRESENTATION_CONTEXT() REPRESENTATION_CONTEXT('2D SPACE',''
  ) );
#8702 = PCURVE('',#5106,#8703);
#8703 = DEFINITIONAL_REPRESENTATION('',(#8704),#8708);
#8704 = LINE('',#8705,#8706);
#8705 = CARTESIAN_POINT('',(0.,0.));
#8706 = VECTOR('',#8707,1.);
#8707 = DIRECTION('',(1.,0.));
#8708 = ( GEOMETRIC_REPRESENTATION_CONTEXT(2) 
PARAMETRIC_REPRESENTATION_CONTEXT() REPRESENTATION_CONTEXT('2D SPACE',''
  ) );
#8709 = ORIENTED_EDGE('',*,*,#8710,.T.);
#8710 = EDGE_CURVE('',#8688,#8664,#8711,.T.);
#8711 = SURFACE_CURVE('',#8712,(#8716,#8723),.PCURVE_S1.);
#8712 = LINE('',#8713,#8714);
#8713 = CARTESIAN_POINT('',(-5.2,21.,6.));
#8714 = VECTOR('',#8715,1.);
#8715 = DIRECTION('',(1.,0.,0.));
#8716 = PCURVE('',#5080,#8717);
#8717 = DEFINITIONAL_REPRESENTATION('',(#8718),#8722);
#8718 = LINE('',#8719,#8720);
#8719 = CARTESIAN_POINT('',(6.,0.));
#8720 = VECTOR('',#8721,1.);
#8721 = DIRECTION('',(0.,1.));
#8722 = ( GEOMETRIC_REPRESENTATION_CONTEXT(2) 
PARAMETRIC_REPRESENTATION_CONTEXT() REPRESENTATION_CONTEXT('2D SPACE',''
  ) );
#8723 = PCURVE('',#8724,#8729);
#8724 = PLANE('',#8725);
#8725 = AXIS2_PLACEMENT_3D('',#8726,#8727,#8728);
#8726 = CARTESIAN_POINT('',(-5.2,21.,6.));
#8727 = DIRECTION('',(0.,0.,1.));
#8728 = DIRECTION('',(1.,0.,0.));
#8729 = DEFINITIONAL_REPRESENTATION('',(#8730),#8734);
#8730 = LINE('',#8731,#8732);
#8731 = CARTESIAN_POINT('',(0.,0.));
#8732 = VECTOR('',#8733,1.);
#8733 = DIRECTION('',(1.,0.));
#8734 = ( GEOMETRIC_REPRESENTATION_CONTEXT(2) 
PARAMETRIC_REPRESENTATION_CONTEXT() REPRESENTATION_CONTEXT('2D SPACE',''
  ) );
#8735 = ADVANCED_FACE('',(#8736),#5156,.T.);
#8736 = FACE_BOUND('',#8737,.T.);
#8737 = EDGE_LOOP('',(#8738,#8739,#8740,#8763));
#8738 = ORIENTED_EDGE('',*,*,#8663,.F.);
#8739 = ORIENTED_EDGE('',*,*,#5143,.T.);
#8740 = ORIENTED_EDGE('',*,*,#8741,.T.);
#8741 = EDGE_CURVE('',#5118,#8742,#8744,.T.);
#8742 = VERTEX_POINT('',#8743);
#8743 = CARTESIAN_POINT('',(-4.2,31.,6.));
#8744 = SURFACE_CURVE('',#8745,(#8749,#8756),.PCURVE_S1.);
#8745 = LINE('',#8746,#8747);
#8746 = CARTESIAN_POINT('',(-4.2,31.,0.));
#8747 = VECTOR('',#8748,1.);
#8748 = DIRECTION('',(0.,0.,1.));
#8749 = PCURVE('',#5156,#8750);
#8750 = DEFINITIONAL_REPRESENTATION('',(#8751),#8755);
#8751 = LINE('',#8752,#8753);
#8752 = CARTESIAN_POINT('',(0.,-10.));
#8753 = VECTOR('',#8754,1.);
#8754 = DIRECTION('',(1.,0.));
#8755 = ( GEOMETRIC_REPRESENTATION_CONTEXT(2) 
PARAMETRIC_REPRESENTATION_CONTEXT() REPRESENTATION_CONTEXT('2D SPACE',''
  ) );
#8756 = PCURVE('',#5132,#8757);
#8757 = DEFINITIONAL_REPRESENTATION('',(#8758),#8762);
#8758 = LINE('',#8759,#8760);
#8759 = CARTESIAN_POINT('',(0.,1.));
#8760 = VECTOR('',#8761,1.);
#8761 = DIRECTION('',(1.,0.));
#8762 = ( GEOMETRIC_REPRESENTATION_CONTEXT(2) 
PARAMETRIC_REPRESENTATION_CONTEXT() REPRESENTATION_CONTEXT('2D SPACE',''
  ) );
#8763 = ORIENTED_EDGE('',*,*,#8764,.F.);
#8764 = EDGE_CURVE('',#8664,#8742,#8765,.T.);
#8765 = SURFACE_CURVE('',#8766,(#8770,#8777),.PCURVE_S1.);
#8766 = LINE('',#8767,#8768);
#8767 = CARTESIAN_POINT('',(-4.2,21.,6.));
#8768 = VECTOR('',#8769,1.);
#8769 = DIRECTION('',(0.,1.,0.));
#8770 = PCURVE('',#5156,#8771);
#8771 = DEFINITIONAL_REPRESENTATION('',(#8772),#8776);
#8772 = LINE('',#8773,#8774);
#8773 = CARTESIAN_POINT('',(6.,0.));
#8774 = VECTOR('',#8775,1.);
#8775 = DIRECTION('',(0.,-1.));
#8776 = ( GEOMETRIC_REPRESENTATION_CONTEXT(2) 
PARAMETRIC_REPRESENTATION_CONTEXT() REPRESENTATION_CONTEXT('2D SPACE',''
  ) );
#8777 = PCURVE('',#8724,#8778);
#8778 = DEFINITIONAL_REPRESENTATION('',(#8779),#8783);
#8779 = LINE('',#8780,#8781);
#8780 = CARTESIAN_POINT('',(1.,0.));
#8781 = VECTOR('',#8782,1.);
#8782 = DIRECTION('',(0.,1.));
#8783 = ( GEOMETRIC_REPRESENTATION_CONTEXT(2) 
PARAMETRIC_REPRESENTATION_CONTEXT() REPRESENTATION_CONTEXT('2D SPACE',''
  ) );
#8784 = ADVANCED_FACE('',(#8785),#5132,.T.);
#8785 = FACE_BOUND('',#8786,.T.);
#8786 = EDGE_LOOP('',(#8787,#8788,#8789,#8812));
#8787 = ORIENTED_EDGE('',*,*,#8741,.F.);
#8788 = ORIENTED_EDGE('',*,*,#5117,.T.);
#8789 = ORIENTED_EDGE('',*,*,#8790,.T.);
#8790 = EDGE_CURVE('',#5092,#8791,#8793,.T.);
#8791 = VERTEX_POINT('',#8792);
#8792 = CARTESIAN_POINT('',(-5.2,31.,6.));
#8793 = SURFACE_CURVE('',#8794,(#8798,#8805),.PCURVE_S1.);
#8794 = LINE('',#8795,#8796);
#8795 = CARTESIAN_POINT('',(-5.2,31.,0.));
#8796 = VECTOR('',#8797,1.);
#8797 = DIRECTION('',(0.,0.,1.));
#8798 = PCURVE('',#5132,#8799);
#8799 = DEFINITIONAL_REPRESENTATION('',(#8800),#8804);
#8800 = LINE('',#8801,#8802);
#8801 = CARTESIAN_POINT('',(0.,0.));
#8802 = VECTOR('',#8803,1.);
#8803 = DIRECTION('',(1.,0.));
#8804 = ( GEOMETRIC_REPRESENTATION_CONTEXT(2) 
PARAMETRIC_REPRESENTATION_CONTEXT() REPRESENTATION_CONTEXT('2D SPACE',''
  ) );
#8805 = PCURVE('',#5106,#8806);
#8806 = DEFINITIONAL_REPRESENTATION('',(#8807),#8811);
#8807 = LINE('',#8808,#8809);
#8808 = CARTESIAN_POINT('',(0.,-10.));
#8809 = VECTOR('',#8810,1.);
#8810 = DIRECTION('',(1.,0.));
#8811 = ( GEOMETRIC_REPRESENTATION_CONTEXT(2) 
PARAMETRIC_REPRESENTATION_CONTEXT() REPRESENTATION_CONTEXT('2D SPACE',''
  ) );
#8812 = ORIENTED_EDGE('',*,*,#8813,.T.);
#8813 = EDGE_CURVE('',#8791,#8742,#8814,.T.);
#8814 = SURFACE_CURVE('',#8815,(#8819,#8826),.PCURVE_S1.);
#8815 = LINE('',#8816,#8817);
#8816 = CARTESIAN_POINT('',(-5.2,31.,6.));
#8817 = VECTOR('',#8818,1.);
#8818 = DIRECTION('',(1.,0.,0.));
#8819 = PCURVE('',#5132,#8820);
#8820 = DEFINITIONAL_REPRESENTATION('',(#8821),#8825);
#8821 = LINE('',#8822,#8823);
#8822 = CARTESIAN_POINT('',(6.,0.));
#8823 = VECTOR('',#8824,1.);
#8824 = DIRECTION('',(0.,1.));
#8825 = ( GEOMETRIC_REPRESENTATION_CONTEXT(2) 
PARAMETRIC_REPRESENTATION_CONTEXT() REPRESENTATION_CONTEXT('2D SPACE',''
  ) );
#8826 = PCURVE('',#8724,#8827);
#8827 = DEFINITIONAL_REPRESENTATION('',(#8828),#8832);
#8828 = LINE('',#8829,#8830);
#8829 = CARTESIAN_POINT('',(0.,10.));
#8830 = VECTOR('',#8831,1.);
#8831 = DIRECTION('',(1.,0.));
#8832 = ( GEOMETRIC_REPRESENTATION_CONTEXT(2) 
PARAMETRIC_REPRESENTATION_CONTEXT() REPRESENTATION_CONTEXT('2D SPACE',''
  ) );
#8833 = ADVANCED_FACE('',(#8834),#5106,.F.);
#8834 = FACE_BOUND('',#8835,.F.);
#8835 = EDGE_LOOP('',(#8836,#8837,#8838,#8839));
#8836 = ORIENTED_EDGE('',*,*,#8687,.F.);
#8837 = ORIENTED_EDGE('',*,*,#5091,.T.);
#8838 = ORIENTED_EDGE('',*,*,#8790,.T.);
#8839 = ORIENTED_EDGE('',*,*,#8840,.F.);
#8840 = EDGE_CURVE('',#8688,#8791,#8841,.T.);
#8841 = SURFACE_CURVE('',#8842,(#8846,#8853),.PCURVE_S1.);
#8842 = LINE('',#8843,#8844);
#8843 = CARTESIAN_POINT('',(-5.2,21.,6.));
#8844 = VECTOR('',#8845,1.);
#8845 = DIRECTION('',(0.,1.,0.));
#8846 = PCURVE('',#5106,#8847);
#8847 = DEFINITIONAL_REPRESENTATION('',(#8848),#8852);
#8848 = LINE('',#8849,#8850);
#8849 = CARTESIAN_POINT('',(6.,0.));
#8850 = VECTOR('',#8851,1.);
#8851 = DIRECTION('',(0.,-1.));
#8852 = ( GEOMETRIC_REPRESENTATION_CONTEXT(2) 
PARAMETRIC_REPRESENTATION_CONTEXT() REPRESENTATION_CONTEXT('2D SPACE',''
  ) );
#8853 = PCURVE('',#8724,#8854);
#8854 = DEFINITIONAL_REPRESENTATION('',(#8855),#8859);
#8855 = LINE('',#8856,#8857);
#8856 = CARTESIAN_POINT('',(0.,0.));
#8857 = VECTOR('',#8858,1.);
#8858 = DIRECTION('',(0.,1.));
#8859 = ( GEOMETRIC_REPRESENTATION_CONTEXT(2) 
PARAMETRIC_REPRESENTATION_CONTEXT() REPRESENTATION_CONTEXT('2D SPACE',''
  ) );
#8860 = ADVANCED_FACE('',(#8861),#5288,.T.);
#8861 = FACE_BOUND('',#8862,.T.);
#8862 = EDGE_LOOP('',(#8863,#8864,#8865,#8866));
#8863 = ORIENTED_EDGE('',*,*,#5377,.F.);
#8864 = ORIENTED_EDGE('',*,*,#5274,.T.);
#8865 = ORIENTED_EDGE('',*,*,#5328,.T.);
#8866 = ORIENTED_EDGE('',*,*,#5404,.F.);
#8867 = ADVANCED_FACE('',(#8868),#5489,.T.);
#8868 = FACE_BOUND('',#8869,.T.);
#8869 = EDGE_LOOP('',(#8870,#8871,#8872,#8873));
#8870 = ORIENTED_EDGE('',*,*,#5578,.F.);
#8871 = ORIENTED_EDGE('',*,*,#5475,.T.);
#8872 = ORIENTED_EDGE('',*,*,#5529,.T.);
#8873 = ORIENTED_EDGE('',*,*,#5605,.F.);
#8874 = ADVANCED_FACE('',(#8875),#5668,.T.);
#8875 = FACE_BOUND('',#8876,.T.);
#8876 = EDGE_LOOP('',(#8877));
#8877 = ORIENTED_EDGE('',*,*,#5653,.T.);
#8878 = ADVANCED_FACE('',(#8879),#5723,.T.);
#8879 = FACE_BOUND('',#8880,.T.);
#8880 = EDGE_LOOP('',(#8881));
#8881 = ORIENTED_EDGE('',*,*,#5708,.T.);
#8882 = ADVANCED_FACE('',(#8883),#5778,.T.);
#8883 = FACE_BOUND('',#8884,.T.);
#8884 = EDGE_LOOP('',(#8885));
#8885 = ORIENTED_EDGE('',*,*,#5763,.T.);
#8886 = ADVANCED_FACE('',(#8887),#5833,.T.);
#8887 = FACE_BOUND('',#8888,.T.);
#8888 = EDGE_LOOP('',(#8889));
#8889 = ORIENTED_EDGE('',*,*,#5818,.T.);
#8890 = ADVANCED_FACE('',(#8891),#5910,.T.);
#8891 = FACE_BOUND('',#8892,.T.);
#8892 = EDGE_LOOP('',(#8893,#8894,#8895,#8896));
#8893 = ORIENTED_EDGE('',*,*,#5999,.F.);
#8894 = ORIENTED_EDGE('',*,*,#5896,.T.);
#8895 = ORIENTED_EDGE('',*,*,#5950,.T.);
#8896 = ORIENTED_EDGE('',*,*,#6026,.F.);
#8897 = ADVANCED_FACE('',(#8898),#6111,.T.);
#8898 = FACE_BOUND('',#8899,.T.);
#8899 = EDGE_LOOP('',(#8900,#8901,#8902,#8903));
#8900 = ORIENTED_EDGE('',*,*,#6200,.F.);
#8901 = ORIENTED_EDGE('',*,*,#6097,.T.);
#8902 = ORIENTED_EDGE('',*,*,#6151,.T.);
#8903 = ORIENTED_EDGE('',*,*,#6227,.F.);
#8904 = ADVANCED_FACE('',(#8905),#6312,.T.);
#8905 = FACE_BOUND('',#8906,.T.);
#8906 = EDGE_LOOP('',(#8907,#8908,#8909,#8910));
#8907 = ORIENTED_EDGE('',*,*,#6401,.F.);
#8908 = ORIENTED_EDGE('',*,*,#6298,.T.);
#8909 = ORIENTED_EDGE('',*,*,#6352,.T.);
#8910 = ORIENTED_EDGE('',*,*,#6428,.F.);
#8911 = ADVANCED_FACE('',(#8912),#6513,.T.);
#8912 = FACE_BOUND('',#8913,.T.);
#8913 = EDGE_LOOP('',(#8914,#8915,#8916,#8917));
#8914 = ORIENTED_EDGE('',*,*,#6602,.F.);
#8915 = ORIENTED_EDGE('',*,*,#6499,.T.);
#8916 = ORIENTED_EDGE('',*,*,#6553,.T.);
#8917 = ORIENTED_EDGE('',*,*,#6629,.F.);
#8918 = ADVANCED_FACE('',(#8919),#6714,.T.);
#8919 = FACE_BOUND('',#8920,.T.);
#8920 = EDGE_LOOP('',(#8921,#8922,#8923,#8924));
#8921 = ORIENTED_EDGE('',*,*,#6803,.F.);
#8922 = ORIENTED_EDGE('',*,*,#6700,.T.);
#8923 = ORIENTED_EDGE('',*,*,#6754,.T.);
#8924 = ORIENTED_EDGE('',*,*,#6830,.F.);
#8925 = ADVANCED_FACE('',(#8926),#6915,.T.);
#8926 = FACE_BOUND('',#8927,.T.);
#8927 = EDGE_LOOP('',(#8928,#8929,#8930,#8931));
#8928 = ORIENTED_EDGE('',*,*,#7004,.F.);
#8929 = ORIENTED_EDGE('',*,*,#6901,.T.);
#8930 = ORIENTED_EDGE('',*,*,#6955,.T.);
#8931 = ORIENTED_EDGE('',*,*,#7031,.F.);
#8932 = ADVANCED_FACE('',(#8933),#7116,.T.);
#8933 = FACE_BOUND('',#8934,.T.);
#8934 = EDGE_LOOP('',(#8935,#8936,#8937,#8938));
#8935 = ORIENTED_EDGE('',*,*,#7205,.F.);
#8936 = ORIENTED_EDGE('',*,*,#7102,.T.);
#8937 = ORIENTED_EDGE('',*,*,#7156,.T.);
#8938 = ORIENTED_EDGE('',*,*,#7232,.F.);
#8939 = ADVANCED_FACE('',(#8940),#7317,.T.);
#8940 = FACE_BOUND('',#8941,.T.);
#8941 = EDGE_LOOP('',(#8942,#8943,#8944,#8945));
#8942 = ORIENTED_EDGE('',*,*,#7406,.F.);
#8943 = ORIENTED_EDGE('',*,*,#7303,.T.);
#8944 = ORIENTED_EDGE('',*,*,#7357,.T.);
#8945 = ORIENTED_EDGE('',*,*,#7433,.F.);
#8946 = ADVANCED_FACE('',(#8947),#7518,.T.);
#8947 = FACE_BOUND('',#8948,.T.);
#8948 = EDGE_LOOP('',(#8949,#8950,#8951,#8952));
#8949 = ORIENTED_EDGE('',*,*,#7607,.F.);
#8950 = ORIENTED_EDGE('',*,*,#7504,.T.);
#8951 = ORIENTED_EDGE('',*,*,#7558,.T.);
#8952 = ORIENTED_EDGE('',*,*,#7634,.F.);
#8953 = ADVANCED_FACE('',(#8954),#7719,.T.);
#8954 = FACE_BOUND('',#8955,.T.);
#8955 = EDGE_LOOP('',(#8956,#8957,#8958,#8959));
#8956 = ORIENTED_EDGE('',*,*,#7835,.F.);
#8957 = ORIENTED_EDGE('',*,*,#7705,.T.);
#8958 = ORIENTED_EDGE('',*,*,#7759,.T.);
#8959 = ORIENTED_EDGE('',*,*,#7808,.F.);
#8960 = ADVANCED_FACE('',(#8961),#7920,.T.);
#8961 = FACE_BOUND('',#8962,.T.);
#8962 = EDGE_LOOP('',(#8963,#8964,#8965,#8966));
#8963 = ORIENTED_EDGE('',*,*,#8009,.F.);
#8964 = ORIENTED_EDGE('',*,*,#7906,.T.);
#8965 = ORIENTED_EDGE('',*,*,#7960,.T.);
#8966 = ORIENTED_EDGE('',*,*,#8036,.F.);
#8967 = ADVANCED_FACE('',(#8968),#8121,.T.);
#8968 = FACE_BOUND('',#8969,.T.);
#8969 = EDGE_LOOP('',(#8970,#8971,#8972,#8973));
#8970 = ORIENTED_EDGE('',*,*,#8210,.F.);
#8971 = ORIENTED_EDGE('',*,*,#8107,.T.);
#8972 = ORIENTED_EDGE('',*,*,#8161,.T.);
#8973 = ORIENTED_EDGE('',*,*,#8237,.F.);
#8974 = ADVANCED_FACE('',(#8975),#8322,.T.);
#8975 = FACE_BOUND('',#8976,.T.);
#8976 = EDGE_LOOP('',(#8977,#8978,#8979,#8980));
#8977 = ORIENTED_EDGE('',*,*,#8411,.F.);
#8978 = ORIENTED_EDGE('',*,*,#8308,.T.);
#8979 = ORIENTED_EDGE('',*,*,#8362,.T.);
#8980 = ORIENTED_EDGE('',*,*,#8438,.F.);
#8981 = ADVANCED_FACE('',(#8982),#8523,.T.);
#8982 = FACE_BOUND('',#8983,.T.);
#8983 = EDGE_LOOP('',(#8984,#8985,#8986,#8987));
#8984 = ORIENTED_EDGE('',*,*,#8612,.F.);
#8985 = ORIENTED_EDGE('',*,*,#8509,.T.);
#8986 = ORIENTED_EDGE('',*,*,#8563,.T.);
#8987 = ORIENTED_EDGE('',*,*,#8639,.F.);
#8988 = ADVANCED_FACE('',(#8989),#8724,.T.);
#8989 = FACE_BOUND('',#8990,.T.);
#8990 = EDGE_LOOP('',(#8991,#8992,#8993,#8994));
#8991 = ORIENTED_EDGE('',*,*,#8840,.F.);
#8992 = ORIENTED_EDGE('',*,*,#8710,.T.);
#8993 = ORIENTED_EDGE('',*,*,#8764,.T.);
#8994 = ORIENTED_EDGE('',*,*,#8813,.F.);
#8995 = ( GEOMETRIC_REPRESENTATION_CONTEXT(3) 
GLOBAL_UNCERTAINTY_ASSIGNED_CONTEXT((#8999)) 
GLOBAL_UNIT_ASSIGNED_CONTEXT((#8996,#8997,#8998)) REPRESENTATION_CONTEXT
('Context #1','3D Context with UNIT and UNCERTAINTY') );
#8996 = ( LENGTH_UNIT() NAMED_UNIT(*) SI_UNIT(.MILLI.,.METRE.) );
#8997 = ( NAMED_UNIT(*) PLANE_ANGLE_UNIT() SI_UNIT($,.RADIAN.) );
#8998 = ( NAMED_UNIT(*) SI_UNIT($,.STERADIAN.) SOLID_ANGLE_UNIT() );
#8999 = UNCERTAINTY_MEASURE_WITH_UNIT(LENGTH_MEASURE(1.E-07),#8996,
  'distance_accuracy_value','confusion accuracy');
#9000 = CONTEXT_DEPENDENT_SHAPE_REPRESENTATION(#9001,#9003);
#9001 = ( REPRESENTATION_RELATIONSHIP('','',#44,#10) 
REPRESENTATION_RELATIONSHIP_WITH_TRANSFORMATION(#9002) 
SHAPE_REPRESENTATION_RELATIONSHIP() );
#9002 = ITEM_DEFINED_TRANSFORMATION('','',#11,#15);
#9003 = PRODUCT_DEFINITION_SHAPE('Placement','Placement of an item',
  #9004);
#9004 = NEXT_ASSEMBLY_USAGE_OCCURRENCE('1','base','',#5,#39,$);
#9005 = PRODUCT_RELATED_PRODUCT_CATEGORY('part',$,(#41));
#9006 = SHAPE_DEFINITION_REPRESENTATION(#9007,#9013);
#9007 = PRODUCT_DEFINITION_SHAPE('','',#9008);
#9008 = PRODUCT_DEFINITION('design','',#9009,#9012);
#9009 = PRODUCT_DEFINITION_FORMATION('','',#9010);
#9010 = PRODUCT('batteryLid','batteryLid','',(#9011));
#9011 = PRODUCT_CONTEXT('',#2,'mechanical');
#9012 = PRODUCT_DEFINITION_CONTEXT('part definition',#2,'design');
#9013 = ADVANCED_BREP_SHAPE_REPRESENTATION('',(#11,#9014),#12334);
#9014 = MANIFOLD_SOLID_BREP('',#9015);
#9015 = CLOSED_SHELL('',(#9016,#9136,#9722,#9798,#10387,#10461,#10622,
    #10649,#10676,#10703,#10730,#10757,#10784,#10791,#10818,#10843,
    #10868,#10893,#10918,#10945,#10972,#10999,#11026,#11051,#11076,
    #11101,#11126,#11153,#11160,#11229,#11274,#11323,#11355,#11383,
    #11710,#11786,#11857,#11884,#11911,#11918,#11994,#12065,#12092,
    #12119,#12126,#12202,#12273,#12300,#12327));
#9016 = ADVANCED_FACE('',(#9017),#9031,.F.);
#9017 = FACE_BOUND('',#9018,.F.);
#9018 = EDGE_LOOP('',(#9019,#9054,#9082,#9110));
#9019 = ORIENTED_EDGE('',*,*,#9020,.F.);
#9020 = EDGE_CURVE('',#9021,#9023,#9025,.T.);
#9021 = VERTEX_POINT('',#9022);
#9022 = CARTESIAN_POINT('',(-30.,-38.,27.2));
#9023 = VERTEX_POINT('',#9024);
#9024 = CARTESIAN_POINT('',(-30.,38.,27.2));
#9025 = SURFACE_CURVE('',#9026,(#9030,#9042),.PCURVE_S1.);
#9026 = LINE('',#9027,#9028);
#9027 = CARTESIAN_POINT('',(-30.,-42.,27.2));
#9028 = VECTOR('',#9029,1.);
#9029 = DIRECTION('',(0.,1.,0.));
#9030 = PCURVE('',#9031,#9036);
#9031 = PLANE('',#9032);
#9032 = AXIS2_PLACEMENT_3D('',#9033,#9034,#9035);
#9033 = CARTESIAN_POINT('',(-30.,-42.,25.4));
#9034 = DIRECTION('',(1.,0.,0.));
#9035 = DIRECTION('',(0.,0.,1.));
#9036 = DEFINITIONAL_REPRESENTATION('',(#9037),#9041);
#9037 = LINE('',#9038,#9039);
#9038 = CARTESIAN_POINT('',(1.8,0.));
#9039 = VECTOR('',#9040,1.);
#9040 = DIRECTION('',(0.,-1.));
#9041 = ( GEOMETRIC_REPRESENTATION_CONTEXT(2) 
PARAMETRIC_REPRESENTATION_CONTEXT() REPRESENTATION_CONTEXT('2D SPACE',''
  ) );
#9042 = PCURVE('',#9043,#9048);
#9043 = PLANE('',#9044);
#9044 = AXIS2_PLACEMENT_3D('',#9045,#9046,#9047);
#9045 = CARTESIAN_POINT('',(-30.,-42.,27.2));
#9046 = DIRECTION('',(0.,0.,1.));
#9047 = DIRECTION('',(1.,0.,0.));
#9048 = DEFINITIONAL_REPRESENTATION('',(#9049),#9053);
#9049 = LINE('',#9050,#9051);
#9050 = CARTESIAN_POINT('',(0.,0.));
#9051 = VECTOR('',#9052,1.);
#9052 = DIRECTION('',(0.,1.));
#9053 = ( GEOMETRIC_REPRESENTATION_CONTEXT(2) 
PARAMETRIC_REPRESENTATION_CONTEXT() REPRESENTATION_CONTEXT('2D SPACE',''
  ) );
#9054 = ORIENTED_EDGE('',*,*,#9055,.F.);
#9055 = EDGE_CURVE('',#9056,#9021,#9058,.T.);
#9056 = VERTEX_POINT('',#9057);
#9057 = CARTESIAN_POINT('',(-30.,-38.,25.4));
#9058 = SURFACE_CURVE('',#9059,(#9063,#9070),.PCURVE_S1.);
#9059 = LINE('',#9060,#9061);
#9060 = CARTESIAN_POINT('',(-30.,-38.,25.4));
#9061 = VECTOR('',#9062,1.);
#9062 = DIRECTION('',(0.,0.,1.));
#9063 = PCURVE('',#9031,#9064);
#9064 = DEFINITIONAL_REPRESENTATION('',(#9065),#9069);
#9065 = LINE('',#9066,#9067);
#9066 = CARTESIAN_POINT('',(0.,-4.));
#9067 = VECTOR('',#9068,1.);
#9068 = DIRECTION('',(1.,0.));
#9069 = ( GEOMETRIC_REPRESENTATION_CONTEXT(2) 
PARAMETRIC_REPRESENTATION_CONTEXT() REPRESENTATION_CONTEXT('2D SPACE',''
  ) );
#9070 = PCURVE('',#9071,#9076);
#9071 = CYLINDRICAL_SURFACE('',#9072,4.);
#9072 = AXIS2_PLACEMENT_3D('',#9073,#9074,#9075);
#9073 = CARTESIAN_POINT('',(-26.,-38.,25.4));
#9074 = DIRECTION('',(0.,0.,1.));
#9075 = DIRECTION('',(-1.,-0.,0.));
#9076 = DEFINITIONAL_REPRESENTATION('',(#9077),#9081);
#9077 = LINE('',#9078,#9079);
#9078 = CARTESIAN_POINT('',(0.,0.));
#9079 = VECTOR('',#9080,1.);
#9080 = DIRECTION('',(0.,1.));
#9081 = ( GEOMETRIC_REPRESENTATION_CONTEXT(2) 
PARAMETRIC_REPRESENTATION_CONTEXT() REPRESENTATION_CONTEXT('2D SPACE',''
  ) );
#9082 = ORIENTED_EDGE('',*,*,#9083,.T.);
#9083 = EDGE_CURVE('',#9056,#9084,#9086,.T.);
#9084 = VERTEX_POINT('',#9085);
#9085 = CARTESIAN_POINT('',(-30.,38.,25.4));
#9086 = SURFACE_CURVE('',#9087,(#9091,#9098),.PCURVE_S1.);
#9087 = LINE('',#9088,#9089);
#9088 = CARTESIAN_POINT('',(-30.,-42.,25.4));
#9089 = VECTOR('',#9090,1.);
#9090 = DIRECTION('',(0.,1.,0.));
#9091 = PCURVE('',#9031,#9092);
#9092 = DEFINITIONAL_REPRESENTATION('',(#9093),#9097);
#9093 = LINE('',#9094,#9095);
#9094 = CARTESIAN_POINT('',(0.,0.));
#9095 = VECTOR('',#9096,1.);
#9096 = DIRECTION('',(0.,-1.));
#9097 = ( GEOMETRIC_REPRESENTATION_CONTEXT(2) 
PARAMETRIC_REPRESENTATION_CONTEXT() REPRESENTATION_CONTEXT('2D SPACE',''
  ) );
#9098 = PCURVE('',#9099,#9104);
#9099 = PLANE('',#9100);
#9100 = AXIS2_PLACEMENT_3D('',#9101,#9102,#9103);
#9101 = CARTESIAN_POINT('',(-30.,-42.,25.4));
#9102 = DIRECTION('',(0.,0.,1.));
#9103 = DIRECTION('',(1.,0.,0.));
#9104 = DEFINITIONAL_REPRESENTATION('',(#9105),#9109);
#9105 = LINE('',#9106,#9107);
#9106 = CARTESIAN_POINT('',(0.,0.));
#9107 = VECTOR('',#9108,1.);
#9108 = DIRECTION('',(0.,1.));
#9109 = ( GEOMETRIC_REPRESENTATION_CONTEXT(2) 
PARAMETRIC_REPRESENTATION_CONTEXT() REPRESENTATION_CONTEXT('2D SPACE',''
  ) );
#9110 = ORIENTED_EDGE('',*,*,#9111,.T.);
#9111 = EDGE_CURVE('',#9084,#9023,#9112,.T.);
#9112 = SURFACE_CURVE('',#9113,(#9117,#9124),.PCURVE_S1.);
#9113 = LINE('',#9114,#9115);
#9114 = CARTESIAN_POINT('',(-30.,38.,25.4));
#9115 = VECTOR('',#9116,1.);
#9116 = DIRECTION('',(0.,0.,1.));
#9117 = PCURVE('',#9031,#9118);
#9118 = DEFINITIONAL_REPRESENTATION('',(#9119),#9123);
#9119 = LINE('',#9120,#9121);
#9120 = CARTESIAN_POINT('',(0.,-80.));
#9121 = VECTOR('',#9122,1.);
#9122 = DIRECTION('',(1.,0.));
#9123 = ( GEOMETRIC_REPRESENTATION_CONTEXT(2) 
PARAMETRIC_REPRESENTATION_CONTEXT() REPRESENTATION_CONTEXT('2D SPACE',''
  ) );
#9124 = PCURVE('',#9125,#9130);
#9125 = CYLINDRICAL_SURFACE('',#9126,4.);
#9126 = AXIS2_PLACEMENT_3D('',#9127,#9128,#9129);
#9127 = CARTESIAN_POINT('',(-26.,38.,25.4));
#9128 = DIRECTION('',(0.,0.,1.));
#9129 = DIRECTION('',(-1.,-0.,0.));
#9130 = DEFINITIONAL_REPRESENTATION('',(#9131),#9135);
#9131 = LINE('',#9132,#9133);
#9132 = CARTESIAN_POINT('',(-0.,0.));
#9133 = VECTOR('',#9134,1.);
#9134 = DIRECTION('',(-0.,1.));
#9135 = ( GEOMETRIC_REPRESENTATION_CONTEXT(2) 
PARAMETRIC_REPRESENTATION_CONTEXT() REPRESENTATION_CONTEXT('2D SPACE',''
  ) );
#9136 = ADVANCED_FACE('',(#9137,#9272),#9099,.F.);
#9137 = FACE_BOUND('',#9138,.F.);
#9138 = EDGE_LOOP('',(#9139,#9140,#9164,#9192,#9218,#9246));
#9139 = ORIENTED_EDGE('',*,*,#9083,.F.);
#9140 = ORIENTED_EDGE('',*,*,#9141,.T.);
#9141 = EDGE_CURVE('',#9056,#9142,#9144,.T.);
#9142 = VERTEX_POINT('',#9143);
#9143 = CARTESIAN_POINT('',(-26.,-42.,25.4));
#9144 = SURFACE_CURVE('',#9145,(#9150,#9157),.PCURVE_S1.);
#9145 = CIRCLE('',#9146,4.);
#9146 = AXIS2_PLACEMENT_3D('',#9147,#9148,#9149);
#9147 = CARTESIAN_POINT('',(-26.,-38.,25.4));
#9148 = DIRECTION('',(0.,0.,1.));
#9149 = DIRECTION('',(0.,-1.,0.));
#9150 = PCURVE('',#9099,#9151);
#9151 = DEFINITIONAL_REPRESENTATION('',(#9152),#9156);
#9152 = CIRCLE('',#9153,4.);
#9153 = AXIS2_PLACEMENT_2D('',#9154,#9155);
#9154 = CARTESIAN_POINT('',(4.,4.));
#9155 = DIRECTION('',(0.,-1.));
#9156 = ( GEOMETRIC_REPRESENTATION_CONTEXT(2) 
PARAMETRIC_REPRESENTATION_CONTEXT() REPRESENTATION_CONTEXT('2D SPACE',''
  ) );
#9157 = PCURVE('',#9071,#9158);
#9158 = DEFINITIONAL_REPRESENTATION('',(#9159),#9163);
#9159 = LINE('',#9160,#9161);
#9160 = CARTESIAN_POINT('',(-4.712388980385,0.));
#9161 = VECTOR('',#9162,1.);
#9162 = DIRECTION('',(1.,0.));
#9163 = ( GEOMETRIC_REPRESENTATION_CONTEXT(2) 
PARAMETRIC_REPRESENTATION_CONTEXT() REPRESENTATION_CONTEXT('2D SPACE',''
  ) );
#9164 = ORIENTED_EDGE('',*,*,#9165,.T.);
#9165 = EDGE_CURVE('',#9142,#9166,#9168,.T.);
#9166 = VERTEX_POINT('',#9167);
#9167 = CARTESIAN_POINT('',(-1.6,-42.,25.4));
#9168 = SURFACE_CURVE('',#9169,(#9173,#9180),.PCURVE_S1.);
#9169 = LINE('',#9170,#9171);
#9170 = CARTESIAN_POINT('',(-30.,-42.,25.4));
#9171 = VECTOR('',#9172,1.);
#9172 = DIRECTION('',(1.,0.,0.));
#9173 = PCURVE('',#9099,#9174);
#9174 = DEFINITIONAL_REPRESENTATION('',(#9175),#9179);
#9175 = LINE('',#9176,#9177);
#9176 = CARTESIAN_POINT('',(0.,0.));
#9177 = VECTOR('',#9178,1.);
#9178 = DIRECTION('',(1.,0.));
#9179 = ( GEOMETRIC_REPRESENTATION_CONTEXT(2) 
PARAMETRIC_REPRESENTATION_CONTEXT() REPRESENTATION_CONTEXT('2D SPACE',''
  ) );
#9180 = PCURVE('',#9181,#9186);
#9181 = PLANE('',#9182);
#9182 = AXIS2_PLACEMENT_3D('',#9183,#9184,#9185);
#9183 = CARTESIAN_POINT('',(-30.,-42.,25.4));
#9184 = DIRECTION('',(0.,1.,0.));
#9185 = DIRECTION('',(0.,0.,1.));
#9186 = DEFINITIONAL_REPRESENTATION('',(#9187),#9191);
#9187 = LINE('',#9188,#9189);
#9188 = CARTESIAN_POINT('',(0.,0.));
#9189 = VECTOR('',#9190,1.);
#9190 = DIRECTION('',(0.,1.));
#9191 = ( GEOMETRIC_REPRESENTATION_CONTEXT(2) 
PARAMETRIC_REPRESENTATION_CONTEXT() REPRESENTATION_CONTEXT('2D SPACE',''
  ) );
#9192 = ORIENTED_EDGE('',*,*,#9193,.T.);
#9193 = EDGE_CURVE('',#9166,#9194,#9196,.T.);
#9194 = VERTEX_POINT('',#9195);
#9195 = CARTESIAN_POINT('',(-1.6,42.,25.4));
#9196 = SURFACE_CURVE('',#9197,(#9201,#9207),.PCURVE_S1.);
#9197 = LINE('',#9198,#9199);
#9198 = CARTESIAN_POINT('',(-1.6,-46.,25.4));
#9199 = VECTOR('',#9200,1.);
#9200 = DIRECTION('',(0.,1.,0.));
#9201 = PCURVE('',#9099,#9202);
#9202 = DEFINITIONAL_REPRESENTATION('',(#9203),#9206);
#9203 = B_SPLINE_CURVE_WITH_KNOTS('',1,(#9204,#9205),.UNSPECIFIED.,.F.,
  .F.,(2,2),(4.,88.),.PIECEWISE_BEZIER_KNOTS.);
#9204 = CARTESIAN_POINT('',(28.4,0.));
#9205 = CARTESIAN_POINT('',(28.4,84.));
#9206 = ( GEOMETRIC_REPRESENTATION_CONTEXT(2) 
PARAMETRIC_REPRESENTATION_CONTEXT() REPRESENTATION_CONTEXT('2D SPACE',''
  ) );
#9207 = PCURVE('',#9208,#9213);
#9208 = PLANE('',#9209);
#9209 = AXIS2_PLACEMENT_3D('',#9210,#9211,#9212);
#9210 = CARTESIAN_POINT('',(-1.6,-50.,0.));
#9211 = DIRECTION('',(1.,0.,0.));
#9212 = DIRECTION('',(0.,0.,1.));
#9213 = DEFINITIONAL_REPRESENTATION('',(#9214),#9217);
#9214 = B_SPLINE_CURVE_WITH_KNOTS('',1,(#9215,#9216),.UNSPECIFIED.,.F.,
  .F.,(2,2),(4.,88.),.PIECEWISE_BEZIER_KNOTS.);
#9215 = CARTESIAN_POINT('',(25.4,-8.));
#9216 = CARTESIAN_POINT('',(25.4,-92.));
#9217 = ( GEOMETRIC_REPRESENTATION_CONTEXT(2) 
PARAMETRIC_REPRESENTATION_CONTEXT() REPRESENTATION_CONTEXT('2D SPACE',''
  ) );
#9218 = ORIENTED_EDGE('',*,*,#9219,.F.);
#9219 = EDGE_CURVE('',#9220,#9194,#9222,.T.);
#9220 = VERTEX_POINT('',#9221);
#9221 = CARTESIAN_POINT('',(-26.,42.,25.4));
#9222 = SURFACE_CURVE('',#9223,(#9227,#9234),.PCURVE_S1.);
#9223 = LINE('',#9224,#9225);
#9224 = CARTESIAN_POINT('',(-30.,42.,25.4));
#9225 = VECTOR('',#9226,1.);
#9226 = DIRECTION('',(1.,0.,0.));
#9227 = PCURVE('',#9099,#9228);
#9228 = DEFINITIONAL_REPRESENTATION('',(#9229),#9233);
#9229 = LINE('',#9230,#9231);
#9230 = CARTESIAN_POINT('',(0.,84.));
#9231 = VECTOR('',#9232,1.);
#9232 = DIRECTION('',(1.,0.));
#9233 = ( GEOMETRIC_REPRESENTATION_CONTEXT(2) 
PARAMETRIC_REPRESENTATION_CONTEXT() REPRESENTATION_CONTEXT('2D SPACE',''
  ) );
#9234 = PCURVE('',#9235,#9240);
#9235 = PLANE('',#9236);
#9236 = AXIS2_PLACEMENT_3D('',#9237,#9238,#9239);
#9237 = CARTESIAN_POINT('',(-30.,42.,25.4));
#9238 = DIRECTION('',(0.,1.,0.));
#9239 = DIRECTION('',(0.,0.,1.));
#9240 = DEFINITIONAL_REPRESENTATION('',(#9241),#9245);
#9241 = LINE('',#9242,#9243);
#9242 = CARTESIAN_POINT('',(0.,0.));
#9243 = VECTOR('',#9244,1.);
#9244 = DIRECTION('',(0.,1.));
#9245 = ( GEOMETRIC_REPRESENTATION_CONTEXT(2) 
PARAMETRIC_REPRESENTATION_CONTEXT() REPRESENTATION_CONTEXT('2D SPACE',''
  ) );
#9246 = ORIENTED_EDGE('',*,*,#9247,.F.);
#9247 = EDGE_CURVE('',#9084,#9220,#9248,.T.);
#9248 = SURFACE_CURVE('',#9249,(#9254,#9265),.PCURVE_S1.);
#9249 = CIRCLE('',#9250,4.);
#9250 = AXIS2_PLACEMENT_3D('',#9251,#9252,#9253);
#9251 = CARTESIAN_POINT('',(-26.,38.,25.4));
#9252 = DIRECTION('',(-0.,-0.,-1.));
#9253 = DIRECTION('',(0.,-1.,0.));
#9254 = PCURVE('',#9099,#9255);
#9255 = DEFINITIONAL_REPRESENTATION('',(#9256),#9264);
#9256 = ( BOUNDED_CURVE() B_SPLINE_CURVE(2,(#9257,#9258,#9259,#9260,
#9261,#9262,#9263),.UNSPECIFIED.,.T.,.F.) B_SPLINE_CURVE_WITH_KNOTS((1,2
    ,2,2,2,1),(-2.094395102393,0.,2.094395102393,4.188790204786,
6.28318530718,8.377580409573),.UNSPECIFIED.) CURVE() 
GEOMETRIC_REPRESENTATION_ITEM() RATIONAL_B_SPLINE_CURVE((1.,0.5,1.,0.5,
1.,0.5,1.)) REPRESENTATION_ITEM('') );
#9257 = CARTESIAN_POINT('',(4.,76.));
#9258 = CARTESIAN_POINT('',(-2.928203230276,76.));
#9259 = CARTESIAN_POINT('',(0.535898384862,82.));
#9260 = CARTESIAN_POINT('',(4.,88.));
#9261 = CARTESIAN_POINT('',(7.464101615138,82.));
#9262 = CARTESIAN_POINT('',(10.928203230276,76.));
#9263 = CARTESIAN_POINT('',(4.,76.));
#9264 = ( GEOMETRIC_REPRESENTATION_CONTEXT(2) 
PARAMETRIC_REPRESENTATION_CONTEXT() REPRESENTATION_CONTEXT('2D SPACE',''
  ) );
#9265 = PCURVE('',#9125,#9266);
#9266 = DEFINITIONAL_REPRESENTATION('',(#9267),#9271);
#9267 = LINE('',#9268,#9269);
#9268 = CARTESIAN_POINT('',(1.570796326795,-0.));
#9269 = VECTOR('',#9270,1.);
#9270 = DIRECTION('',(-1.,0.));
#9271 = ( GEOMETRIC_REPRESENTATION_CONTEXT(2) 
PARAMETRIC_REPRESENTATION_CONTEXT() REPRESENTATION_CONTEXT('2D SPACE',''
  ) );
#9272 = FACE_BOUND('',#9273,.F.);
#9273 = EDGE_LOOP('',(#9274,#9305,#9331,#9364,#9390,#9423,#9449,#9478,
    #9504,#9533,#9559,#9588,#9614,#9643,#9669,#9698));
#9274 = ORIENTED_EDGE('',*,*,#9275,.F.);
#9275 = EDGE_CURVE('',#9276,#9278,#9280,.T.);
#9276 = VERTEX_POINT('',#9277);
#9277 = CARTESIAN_POINT('',(-27.8,-38.2,25.4));
#9278 = VERTEX_POINT('',#9279);
#9279 = CARTESIAN_POINT('',(-26.2,-39.8,25.4));
#9280 = SURFACE_CURVE('',#9281,(#9286,#9293),.PCURVE_S1.);
#9281 = CIRCLE('',#9282,1.6);
#9282 = AXIS2_PLACEMENT_3D('',#9283,#9284,#9285);
#9283 = CARTESIAN_POINT('',(-26.2,-38.2,25.4));
#9284 = DIRECTION('',(0.,0.,1.));
#9285 = DIRECTION('',(-1.,-0.,0.));
#9286 = PCURVE('',#9099,#9287);
#9287 = DEFINITIONAL_REPRESENTATION('',(#9288),#9292);
#9288 = CIRCLE('',#9289,1.6);
#9289 = AXIS2_PLACEMENT_2D('',#9290,#9291);
#9290 = CARTESIAN_POINT('',(3.8,3.8));
#9291 = DIRECTION('',(-1.,0.));
#9292 = ( GEOMETRIC_REPRESENTATION_CONTEXT(2) 
PARAMETRIC_REPRESENTATION_CONTEXT() REPRESENTATION_CONTEXT('2D SPACE',''
  ) );
#9293 = PCURVE('',#9294,#9299);
#9294 = CYLINDRICAL_SURFACE('',#9295,1.6);
#9295 = AXIS2_PLACEMENT_3D('',#9296,#9297,#9298);
#9296 = CARTESIAN_POINT('',(-26.2,-38.2,23.));
#9297 = DIRECTION('',(0.,0.,1.));
#9298 = DIRECTION('',(-1.,-0.,0.));
#9299 = DEFINITIONAL_REPRESENTATION('',(#9300),#9304);
#9300 = LINE('',#9301,#9302);
#9301 = CARTESIAN_POINT('',(0.,2.4));
#9302 = VECTOR('',#9303,1.);
#9303 = DIRECTION('',(1.,0.));
#9304 = ( GEOMETRIC_REPRESENTATION_CONTEXT(2) 
PARAMETRIC_REPRESENTATION_CONTEXT() REPRESENTATION_CONTEXT('2D SPACE',''
  ) );
#9305 = ORIENTED_EDGE('',*,*,#9306,.T.);
#9306 = EDGE_CURVE('',#9276,#9307,#9309,.T.);
#9307 = VERTEX_POINT('',#9308);
#9308 = CARTESIAN_POINT('',(-27.8,-24.34292856398,25.4));
#9309 = SURFACE_CURVE('',#9310,(#9314,#9320),.PCURVE_S1.);
#9310 = LINE('',#9311,#9312);
#9311 = CARTESIAN_POINT('',(-27.8,-40.9,25.4));
#9312 = VECTOR('',#9313,1.);
#9313 = DIRECTION('',(0.,1.,0.));
#9314 = PCURVE('',#9099,#9315);
#9315 = DEFINITIONAL_REPRESENTATION('',(#9316),#9319);
#9316 = B_SPLINE_CURVE_WITH_KNOTS('',1,(#9317,#9318),.UNSPECIFIED.,.F.,
  .F.,(2,2),(2.7,79.1),.PIECEWISE_BEZIER_KNOTS.);
#9317 = CARTESIAN_POINT('',(2.2,3.8));
#9318 = CARTESIAN_POINT('',(2.2,80.2));
#9319 = ( GEOMETRIC_REPRESENTATION_CONTEXT(2) 
PARAMETRIC_REPRESENTATION_CONTEXT() REPRESENTATION_CONTEXT('2D SPACE',''
  ) );
#9320 = PCURVE('',#9321,#9326);
#9321 = PLANE('',#9322);
#9322 = AXIS2_PLACEMENT_3D('',#9323,#9324,#9325);
#9323 = CARTESIAN_POINT('',(-27.8,-39.8,23.));
#9324 = DIRECTION('',(1.,0.,0.));
#9325 = DIRECTION('',(0.,0.,1.));
#9326 = DEFINITIONAL_REPRESENTATION('',(#9327),#9330);
#9327 = B_SPLINE_CURVE_WITH_KNOTS('',1,(#9328,#9329),.UNSPECIFIED.,.F.,
  .F.,(2,2),(2.7,79.1),.PIECEWISE_BEZIER_KNOTS.);
#9328 = CARTESIAN_POINT('',(2.4,-1.6));
#9329 = CARTESIAN_POINT('',(2.4,-78.));
#9330 = ( GEOMETRIC_REPRESENTATION_CONTEXT(2) 
PARAMETRIC_REPRESENTATION_CONTEXT() REPRESENTATION_CONTEXT('2D SPACE',''
  ) );
#9331 = ORIENTED_EDGE('',*,*,#9332,.T.);
#9332 = EDGE_CURVE('',#9307,#9333,#9335,.T.);
#9333 = VERTEX_POINT('',#9334);
#9334 = CARTESIAN_POINT('',(-27.8,-23.65707143601,25.4));
#9335 = SURFACE_CURVE('',#9336,(#9341,#9352),.PCURVE_S1.);
#9336 = CIRCLE('',#9337,0.35);
#9337 = AXIS2_PLACEMENT_3D('',#9338,#9339,#9340);
#9338 = CARTESIAN_POINT('',(-27.73,-24.,25.4));
#9339 = DIRECTION('',(0.,0.,-1.));
#9340 = DIRECTION('',(1.,0.,0.));
#9341 = PCURVE('',#9099,#9342);
#9342 = DEFINITIONAL_REPRESENTATION('',(#9343),#9351);
#9343 = ( BOUNDED_CURVE() B_SPLINE_CURVE(2,(#9344,#9345,#9346,#9347,
#9348,#9349,#9350),.UNSPECIFIED.,.T.,.F.) B_SPLINE_CURVE_WITH_KNOTS((1,2
    ,2,2,2,1),(-2.094395102393,0.,2.094395102393,4.188790204786,
6.28318530718,8.377580409573),.UNSPECIFIED.) CURVE() 
GEOMETRIC_REPRESENTATION_ITEM() RATIONAL_B_SPLINE_CURVE((1.,0.5,1.,0.5,
1.,0.5,1.)) REPRESENTATION_ITEM('') );
#9344 = CARTESIAN_POINT('',(2.62,18.));
#9345 = CARTESIAN_POINT('',(2.62,17.393782217351));
#9346 = CARTESIAN_POINT('',(2.095,17.696891108675));
#9347 = CARTESIAN_POINT('',(1.57,18.));
#9348 = CARTESIAN_POINT('',(2.095,18.303108891325));
#9349 = CARTESIAN_POINT('',(2.62,18.606217782649));
#9350 = CARTESIAN_POINT('',(2.62,18.));
#9351 = ( GEOMETRIC_REPRESENTATION_CONTEXT(2) 
PARAMETRIC_REPRESENTATION_CONTEXT() REPRESENTATION_CONTEXT('2D SPACE',''
  ) );
#9352 = PCURVE('',#9353,#9358);
#9353 = CYLINDRICAL_SURFACE('',#9354,0.35);
#9354 = AXIS2_PLACEMENT_3D('',#9355,#9356,#9357);
#9355 = CARTESIAN_POINT('',(-27.73,-24.,23.));
#9356 = DIRECTION('',(-0.,-0.,-1.));
#9357 = DIRECTION('',(1.,0.,0.));
#9358 = DEFINITIONAL_REPRESENTATION('',(#9359),#9363);
#9359 = LINE('',#9360,#9361);
#9360 = CARTESIAN_POINT('',(-6.28318530718,-2.4));
#9361 = VECTOR('',#9362,1.);
#9362 = DIRECTION('',(1.,-0.));
#9363 = ( GEOMETRIC_REPRESENTATION_CONTEXT(2) 
PARAMETRIC_REPRESENTATION_CONTEXT() REPRESENTATION_CONTEXT('2D SPACE',''
  ) );
#9364 = ORIENTED_EDGE('',*,*,#9365,.T.);
#9365 = EDGE_CURVE('',#9333,#9366,#9368,.T.);
#9366 = VERTEX_POINT('',#9367);
#9367 = CARTESIAN_POINT('',(-27.8,23.657071436009,25.4));
#9368 = SURFACE_CURVE('',#9369,(#9373,#9379),.PCURVE_S1.);
#9369 = LINE('',#9370,#9371);
#9370 = CARTESIAN_POINT('',(-27.8,-40.9,25.4));
#9371 = VECTOR('',#9372,1.);
#9372 = DIRECTION('',(0.,1.,0.));
#9373 = PCURVE('',#9099,#9374);
#9374 = DEFINITIONAL_REPRESENTATION('',(#9375),#9378);
#9375 = B_SPLINE_CURVE_WITH_KNOTS('',1,(#9376,#9377),.UNSPECIFIED.,.F.,
  .F.,(2,2),(2.7,79.1),.PIECEWISE_BEZIER_KNOTS.);
#9376 = CARTESIAN_POINT('',(2.2,3.8));
#9377 = CARTESIAN_POINT('',(2.2,80.2));
#9378 = ( GEOMETRIC_REPRESENTATION_CONTEXT(2) 
PARAMETRIC_REPRESENTATION_CONTEXT() REPRESENTATION_CONTEXT('2D SPACE',''
  ) );
#9379 = PCURVE('',#9380,#9385);
#9380 = PLANE('',#9381);
#9381 = AXIS2_PLACEMENT_3D('',#9382,#9383,#9384);
#9382 = CARTESIAN_POINT('',(-27.8,-39.8,23.));
#9383 = DIRECTION('',(1.,0.,0.));
#9384 = DIRECTION('',(0.,0.,1.));
#9385 = DEFINITIONAL_REPRESENTATION('',(#9386),#9389);
#9386 = B_SPLINE_CURVE_WITH_KNOTS('',1,(#9387,#9388),.UNSPECIFIED.,.F.,
  .F.,(2,2),(2.7,79.1),.PIECEWISE_BEZIER_KNOTS.);
#9387 = CARTESIAN_POINT('',(2.4,-1.6));
#9388 = CARTESIAN_POINT('',(2.4,-78.));
#9389 = ( GEOMETRIC_REPRESENTATION_CONTEXT(2) 
PARAMETRIC_REPRESENTATION_CONTEXT() REPRESENTATION_CONTEXT('2D SPACE',''
  ) );
#9390 = ORIENTED_EDGE('',*,*,#9391,.T.);
#9391 = EDGE_CURVE('',#9366,#9392,#9394,.T.);
#9392 = VERTEX_POINT('',#9393);
#9393 = CARTESIAN_POINT('',(-27.8,24.342928563991,25.4));
#9394 = SURFACE_CURVE('',#9395,(#9400,#9411),.PCURVE_S1.);
#9395 = CIRCLE('',#9396,0.35);
#9396 = AXIS2_PLACEMENT_3D('',#9397,#9398,#9399);
#9397 = CARTESIAN_POINT('',(-27.73,24.,25.4));
#9398 = DIRECTION('',(0.,0.,-1.));
#9399 = DIRECTION('',(1.,0.,0.));
#9400 = PCURVE('',#9099,#9401);
#9401 = DEFINITIONAL_REPRESENTATION('',(#9402),#9410);
#9402 = ( BOUNDED_CURVE() B_SPLINE_CURVE(2,(#9403,#9404,#9405,#9406,
#9407,#9408,#9409),.UNSPECIFIED.,.T.,.F.) B_SPLINE_CURVE_WITH_KNOTS((1,2
    ,2,2,2,1),(-2.094395102393,0.,2.094395102393,4.188790204786,
6.28318530718,8.377580409573),.UNSPECIFIED.) CURVE() 
GEOMETRIC_REPRESENTATION_ITEM() RATIONAL_B_SPLINE_CURVE((1.,0.5,1.,0.5,
1.,0.5,1.)) REPRESENTATION_ITEM('') );
#9403 = CARTESIAN_POINT('',(2.62,66.));
#9404 = CARTESIAN_POINT('',(2.62,65.393782217351));
#9405 = CARTESIAN_POINT('',(2.095,65.696891108675));
#9406 = CARTESIAN_POINT('',(1.57,66.));
#9407 = CARTESIAN_POINT('',(2.095,66.303108891325));
#9408 = CARTESIAN_POINT('',(2.62,66.606217782649));
#9409 = CARTESIAN_POINT('',(2.62,66.));
#9410 = ( GEOMETRIC_REPRESENTATION_CONTEXT(2) 
PARAMETRIC_REPRESENTATION_CONTEXT() REPRESENTATION_CONTEXT('2D SPACE',''
  ) );
#9411 = PCURVE('',#9412,#9417);
#9412 = CYLINDRICAL_SURFACE('',#9413,0.35);
#9413 = AXIS2_PLACEMENT_3D('',#9414,#9415,#9416);
#9414 = CARTESIAN_POINT('',(-27.73,24.,23.));
#9415 = DIRECTION('',(-0.,-0.,-1.));
#9416 = DIRECTION('',(1.,0.,0.));
#9417 = DEFINITIONAL_REPRESENTATION('',(#9418),#9422);
#9418 = LINE('',#9419,#9420);
#9419 = CARTESIAN_POINT('',(-6.28318530718,-2.4));
#9420 = VECTOR('',#9421,1.);
#9421 = DIRECTION('',(1.,-0.));
#9422 = ( GEOMETRIC_REPRESENTATION_CONTEXT(2) 
PARAMETRIC_REPRESENTATION_CONTEXT() REPRESENTATION_CONTEXT('2D SPACE',''
  ) );
#9423 = ORIENTED_EDGE('',*,*,#9424,.T.);
#9424 = EDGE_CURVE('',#9392,#9425,#9427,.T.);
#9425 = VERTEX_POINT('',#9426);
#9426 = CARTESIAN_POINT('',(-27.8,38.2,25.4));
#9427 = SURFACE_CURVE('',#9428,(#9432,#9438),.PCURVE_S1.);
#9428 = LINE('',#9429,#9430);
#9429 = CARTESIAN_POINT('',(-27.8,-40.9,25.4));
#9430 = VECTOR('',#9431,1.);
#9431 = DIRECTION('',(0.,1.,0.));
#9432 = PCURVE('',#9099,#9433);
#9433 = DEFINITIONAL_REPRESENTATION('',(#9434),#9437);
#9434 = B_SPLINE_CURVE_WITH_KNOTS('',1,(#9435,#9436),.UNSPECIFIED.,.F.,
  .F.,(2,2),(2.7,79.1),.PIECEWISE_BEZIER_KNOTS.);
#9435 = CARTESIAN_POINT('',(2.2,3.8));
#9436 = CARTESIAN_POINT('',(2.2,80.2));
#9437 = ( GEOMETRIC_REPRESENTATION_CONTEXT(2) 
PARAMETRIC_REPRESENTATION_CONTEXT() REPRESENTATION_CONTEXT('2D SPACE',''
  ) );
#9438 = PCURVE('',#9439,#9444);
#9439 = PLANE('',#9440);
#9440 = AXIS2_PLACEMENT_3D('',#9441,#9442,#9443);
#9441 = CARTESIAN_POINT('',(-27.8,-39.8,23.));
#9442 = DIRECTION('',(1.,0.,0.));
#9443 = DIRECTION('',(0.,0.,1.));
#9444 = DEFINITIONAL_REPRESENTATION('',(#9445),#9448);
#9445 = B_SPLINE_CURVE_WITH_KNOTS('',1,(#9446,#9447),.UNSPECIFIED.,.F.,
  .F.,(2,2),(2.7,79.1),.PIECEWISE_BEZIER_KNOTS.);
#9446 = CARTESIAN_POINT('',(2.4,-1.6));
#9447 = CARTESIAN_POINT('',(2.4,-78.));
#9448 = ( GEOMETRIC_REPRESENTATION_CONTEXT(2) 
PARAMETRIC_REPRESENTATION_CONTEXT() REPRESENTATION_CONTEXT('2D SPACE',''
  ) );
#9449 = ORIENTED_EDGE('',*,*,#9450,.F.);
#9450 = EDGE_CURVE('',#9451,#9425,#9453,.T.);
#9451 = VERTEX_POINT('',#9452);
#9452 = CARTESIAN_POINT('',(-26.2,39.8,25.4));
#9453 = SURFACE_CURVE('',#9454,(#9459,#9466),.PCURVE_S1.);
#9454 = CIRCLE('',#9455,1.6);
#9455 = AXIS2_PLACEMENT_3D('',#9456,#9457,#9458);
#9456 = CARTESIAN_POINT('',(-26.2,38.2,25.4));
#9457 = DIRECTION('',(0.,0.,1.));
#9458 = DIRECTION('',(-1.,-0.,0.));
#9459 = PCURVE('',#9099,#9460);
#9460 = DEFINITIONAL_REPRESENTATION('',(#9461),#9465);
#9461 = CIRCLE('',#9462,1.6);
#9462 = AXIS2_PLACEMENT_2D('',#9463,#9464);
#9463 = CARTESIAN_POINT('',(3.8,80.2));
#9464 = DIRECTION('',(-1.,0.));
#9465 = ( GEOMETRIC_REPRESENTATION_CONTEXT(2) 
PARAMETRIC_REPRESENTATION_CONTEXT() REPRESENTATION_CONTEXT('2D SPACE',''
  ) );
#9466 = PCURVE('',#9467,#9472);
#9467 = CYLINDRICAL_SURFACE('',#9468,1.6);
#9468 = AXIS2_PLACEMENT_3D('',#9469,#9470,#9471);
#9469 = CARTESIAN_POINT('',(-26.2,38.2,23.));
#9470 = DIRECTION('',(0.,0.,1.));
#9471 = DIRECTION('',(-1.,-0.,0.));
#9472 = DEFINITIONAL_REPRESENTATION('',(#9473),#9477);
#9473 = LINE('',#9474,#9475);
#9474 = CARTESIAN_POINT('',(-6.28318530718,2.4));
#9475 = VECTOR('',#9476,1.);
#9476 = DIRECTION('',(1.,-0.));
#9477 = ( GEOMETRIC_REPRESENTATION_CONTEXT(2) 
PARAMETRIC_REPRESENTATION_CONTEXT() REPRESENTATION_CONTEXT('2D SPACE',''
  ) );
#9478 = ORIENTED_EDGE('',*,*,#9479,.F.);
#9479 = EDGE_CURVE('',#9480,#9451,#9482,.T.);
#9480 = VERTEX_POINT('',#9481);
#9481 = CARTESIAN_POINT('',(-4.3,39.8,25.4));
#9482 = SURFACE_CURVE('',#9483,(#9487,#9493),.PCURVE_S1.);
#9483 = LINE('',#9484,#9485);
#9484 = CARTESIAN_POINT('',(-28.9,39.8,25.4));
#9485 = VECTOR('',#9486,1.);
#9486 = DIRECTION('',(-1.,0.,0.));
#9487 = PCURVE('',#9099,#9488);
#9488 = DEFINITIONAL_REPRESENTATION('',(#9489),#9492);
#9489 = B_SPLINE_CURVE_WITH_KNOTS('',1,(#9490,#9491),.UNSPECIFIED.,.F.,
  .F.,(2,2),(-24.6,-2.7),.PIECEWISE_BEZIER_KNOTS.);
#9490 = CARTESIAN_POINT('',(25.7,81.8));
#9491 = CARTESIAN_POINT('',(3.8,81.8));
#9492 = ( GEOMETRIC_REPRESENTATION_CONTEXT(2) 
PARAMETRIC_REPRESENTATION_CONTEXT() REPRESENTATION_CONTEXT('2D SPACE',''
  ) );
#9493 = PCURVE('',#9494,#9499);
#9494 = PLANE('',#9495);
#9495 = AXIS2_PLACEMENT_3D('',#9496,#9497,#9498);
#9496 = CARTESIAN_POINT('',(-27.8,39.8,23.));
#9497 = DIRECTION('',(0.,1.,0.));
#9498 = DIRECTION('',(0.,0.,1.));
#9499 = DEFINITIONAL_REPRESENTATION('',(#9500),#9503);
#9500 = B_SPLINE_CURVE_WITH_KNOTS('',1,(#9501,#9502),.UNSPECIFIED.,.F.,
  .F.,(2,2),(-24.6,-2.7),.PIECEWISE_BEZIER_KNOTS.);
#9501 = CARTESIAN_POINT('',(2.4,23.5));
#9502 = CARTESIAN_POINT('',(2.4,1.6));
#9503 = ( GEOMETRIC_REPRESENTATION_CONTEXT(2) 
PARAMETRIC_REPRESENTATION_CONTEXT() REPRESENTATION_CONTEXT('2D SPACE',''
  ) );
#9504 = ORIENTED_EDGE('',*,*,#9505,.F.);
#9505 = EDGE_CURVE('',#9506,#9480,#9508,.T.);
#9506 = VERTEX_POINT('',#9507);
#9507 = CARTESIAN_POINT('',(-2.7,38.2,25.4));
#9508 = SURFACE_CURVE('',#9509,(#9514,#9521),.PCURVE_S1.);
#9509 = CIRCLE('',#9510,1.6);
#9510 = AXIS2_PLACEMENT_3D('',#9511,#9512,#9513);
#9511 = CARTESIAN_POINT('',(-4.3,38.2,25.4));
#9512 = DIRECTION('',(0.,0.,1.));
#9513 = DIRECTION('',(1.,0.,-0.));
#9514 = PCURVE('',#9099,#9515);
#9515 = DEFINITIONAL_REPRESENTATION('',(#9516),#9520);
#9516 = CIRCLE('',#9517,1.6);
#9517 = AXIS2_PLACEMENT_2D('',#9518,#9519);
#9518 = CARTESIAN_POINT('',(25.7,80.2));
#9519 = DIRECTION('',(1.,0.));
#9520 = ( GEOMETRIC_REPRESENTATION_CONTEXT(2) 
PARAMETRIC_REPRESENTATION_CONTEXT() REPRESENTATION_CONTEXT('2D SPACE',''
  ) );
#9521 = PCURVE('',#9522,#9527);
#9522 = CYLINDRICAL_SURFACE('',#9523,1.6);
#9523 = AXIS2_PLACEMENT_3D('',#9524,#9525,#9526);
#9524 = CARTESIAN_POINT('',(-4.3,38.2,23.));
#9525 = DIRECTION('',(0.,0.,1.));
#9526 = DIRECTION('',(1.,0.,-0.));
#9527 = DEFINITIONAL_REPRESENTATION('',(#9528),#9532);
#9528 = LINE('',#9529,#9530);
#9529 = CARTESIAN_POINT('',(0.,2.4));
#9530 = VECTOR('',#9531,1.);
#9531 = DIRECTION('',(1.,0.));
#9532 = ( GEOMETRIC_REPRESENTATION_CONTEXT(2) 
PARAMETRIC_REPRESENTATION_CONTEXT() REPRESENTATION_CONTEXT('2D SPACE',''
  ) );
#9533 = ORIENTED_EDGE('',*,*,#9534,.F.);
#9534 = EDGE_CURVE('',#9535,#9506,#9537,.T.);
#9535 = VERTEX_POINT('',#9536);
#9536 = CARTESIAN_POINT('',(-2.7,24.342928563991,25.4));
#9537 = SURFACE_CURVE('',#9538,(#9542,#9548),.PCURVE_S1.);
#9538 = LINE('',#9539,#9540);
#9539 = CARTESIAN_POINT('',(-2.7,-40.9,25.4));
#9540 = VECTOR('',#9541,1.);
#9541 = DIRECTION('',(0.,1.,0.));
#9542 = PCURVE('',#9099,#9543);
#9543 = DEFINITIONAL_REPRESENTATION('',(#9544),#9547);
#9544 = B_SPLINE_CURVE_WITH_KNOTS('',1,(#9545,#9546),.UNSPECIFIED.,.F.,
  .F.,(2,2),(2.7,79.1),.PIECEWISE_BEZIER_KNOTS.);
#9545 = CARTESIAN_POINT('',(27.3,3.8));
#9546 = CARTESIAN_POINT('',(27.3,80.2));
#9547 = ( GEOMETRIC_REPRESENTATION_CONTEXT(2) 
PARAMETRIC_REPRESENTATION_CONTEXT() REPRESENTATION_CONTEXT('2D SPACE',''
  ) );
#9548 = PCURVE('',#9549,#9554);
#9549 = PLANE('',#9550);
#9550 = AXIS2_PLACEMENT_3D('',#9551,#9552,#9553);
#9551 = CARTESIAN_POINT('',(-2.7,-39.8,23.));
#9552 = DIRECTION('',(1.,0.,0.));
#9553 = DIRECTION('',(0.,0.,1.));
#9554 = DEFINITIONAL_REPRESENTATION('',(#9555),#9558);
#9555 = B_SPLINE_CURVE_WITH_KNOTS('',1,(#9556,#9557),.UNSPECIFIED.,.F.,
  .F.,(2,2),(2.7,79.1),.PIECEWISE_BEZIER_KNOTS.);
#9556 = CARTESIAN_POINT('',(2.4,-1.6));
#9557 = CARTESIAN_POINT('',(2.4,-78.));
#9558 = ( GEOMETRIC_REPRESENTATION_CONTEXT(2) 
PARAMETRIC_REPRESENTATION_CONTEXT() REPRESENTATION_CONTEXT('2D SPACE',''
  ) );
#9559 = ORIENTED_EDGE('',*,*,#9560,.F.);
#9560 = EDGE_CURVE('',#9561,#9535,#9563,.T.);
#9561 = VERTEX_POINT('',#9562);
#9562 = CARTESIAN_POINT('',(-2.7,23.657071436009,25.4));
#9563 = SURFACE_CURVE('',#9564,(#9569,#9576),.PCURVE_S1.);
#9564 = CIRCLE('',#9565,0.35);
#9565 = AXIS2_PLACEMENT_3D('',#9566,#9567,#9568);
#9566 = CARTESIAN_POINT('',(-2.77,24.,25.4));
#9567 = DIRECTION('',(-0.,0.,1.));
#9568 = DIRECTION('',(0.199999999999,-0.979795897113,0.));
#9569 = PCURVE('',#9099,#9570);
#9570 = DEFINITIONAL_REPRESENTATION('',(#9571),#9575);
#9571 = CIRCLE('',#9572,0.35);
#9572 = AXIS2_PLACEMENT_2D('',#9573,#9574);
#9573 = CARTESIAN_POINT('',(27.23,66.));
#9574 = DIRECTION('',(0.199999999999,-0.979795897113));
#9575 = ( GEOMETRIC_REPRESENTATION_CONTEXT(2) 
PARAMETRIC_REPRESENTATION_CONTEXT() REPRESENTATION_CONTEXT('2D SPACE',''
  ) );
#9576 = PCURVE('',#9577,#9582);
#9577 = CYLINDRICAL_SURFACE('',#9578,0.35);
#9578 = AXIS2_PLACEMENT_3D('',#9579,#9580,#9581);
#9579 = CARTESIAN_POINT('',(-2.77,24.,23.));
#9580 = DIRECTION('',(-0.,-0.,-1.));
#9581 = DIRECTION('',(1.,0.,0.));
#9582 = DEFINITIONAL_REPRESENTATION('',(#9583),#9587);
#9583 = LINE('',#9584,#9585);
#9584 = CARTESIAN_POINT('',(-4.913746901174,-2.4));
#9585 = VECTOR('',#9586,1.);
#9586 = DIRECTION('',(-1.,-0.));
#9587 = ( GEOMETRIC_REPRESENTATION_CONTEXT(2) 
PARAMETRIC_REPRESENTATION_CONTEXT() REPRESENTATION_CONTEXT('2D SPACE',''
  ) );
#9588 = ORIENTED_EDGE('',*,*,#9589,.F.);
#9589 = EDGE_CURVE('',#9590,#9561,#9592,.T.);
#9590 = VERTEX_POINT('',#9591);
#9591 = CARTESIAN_POINT('',(-2.7,-23.65707143601,25.4));
#9592 = SURFACE_CURVE('',#9593,(#9597,#9603),.PCURVE_S1.);
#9593 = LINE('',#9594,#9595);
#9594 = CARTESIAN_POINT('',(-2.7,-40.9,25.4));
#9595 = VECTOR('',#9596,1.);
#9596 = DIRECTION('',(0.,1.,0.));
#9597 = PCURVE('',#9099,#9598);
#9598 = DEFINITIONAL_REPRESENTATION('',(#9599),#9602);
#9599 = B_SPLINE_CURVE_WITH_KNOTS('',1,(#9600,#9601),.UNSPECIFIED.,.F.,
  .F.,(2,2),(2.7,79.1),.PIECEWISE_BEZIER_KNOTS.);
#9600 = CARTESIAN_POINT('',(27.3,3.8));
#9601 = CARTESIAN_POINT('',(27.3,80.2));
#9602 = ( GEOMETRIC_REPRESENTATION_CONTEXT(2) 
PARAMETRIC_REPRESENTATION_CONTEXT() REPRESENTATION_CONTEXT('2D SPACE',''
  ) );
#9603 = PCURVE('',#9604,#9609);
#9604 = PLANE('',#9605);
#9605 = AXIS2_PLACEMENT_3D('',#9606,#9607,#9608);
#9606 = CARTESIAN_POINT('',(-2.7,-39.8,23.));
#9607 = DIRECTION('',(1.,0.,0.));
#9608 = DIRECTION('',(0.,0.,1.));
#9609 = DEFINITIONAL_REPRESENTATION('',(#9610),#9613);
#9610 = B_SPLINE_CURVE_WITH_KNOTS('',1,(#9611,#9612),.UNSPECIFIED.,.F.,
  .F.,(2,2),(2.7,79.1),.PIECEWISE_BEZIER_KNOTS.);
#9611 = CARTESIAN_POINT('',(2.4,-1.6));
#9612 = CARTESIAN_POINT('',(2.4,-78.));
#9613 = ( GEOMETRIC_REPRESENTATION_CONTEXT(2) 
PARAMETRIC_REPRESENTATION_CONTEXT() REPRESENTATION_CONTEXT('2D SPACE',''
  ) );
#9614 = ORIENTED_EDGE('',*,*,#9615,.F.);
#9615 = EDGE_CURVE('',#9616,#9590,#9618,.T.);
#9616 = VERTEX_POINT('',#9617);
#9617 = CARTESIAN_POINT('',(-2.7,-24.34292856398,25.4));
#9618 = SURFACE_CURVE('',#9619,(#9624,#9631),.PCURVE_S1.);
#9619 = CIRCLE('',#9620,0.35);
#9620 = AXIS2_PLACEMENT_3D('',#9621,#9622,#9623);
#9621 = CARTESIAN_POINT('',(-2.77,-24.,25.4));
#9622 = DIRECTION('',(-0.,0.,1.));
#9623 = DIRECTION('',(0.2,-0.979795897113,0.));
#9624 = PCURVE('',#9099,#9625);
#9625 = DEFINITIONAL_REPRESENTATION('',(#9626),#9630);
#9626 = CIRCLE('',#9627,0.35);
#9627 = AXIS2_PLACEMENT_2D('',#9628,#9629);
#9628 = CARTESIAN_POINT('',(27.23,18.));
#9629 = DIRECTION('',(0.2,-0.979795897113));
#9630 = ( GEOMETRIC_REPRESENTATION_CONTEXT(2) 
PARAMETRIC_REPRESENTATION_CONTEXT() REPRESENTATION_CONTEXT('2D SPACE',''
  ) );
#9631 = PCURVE('',#9632,#9637);
#9632 = CYLINDRICAL_SURFACE('',#9633,0.35);
#9633 = AXIS2_PLACEMENT_3D('',#9634,#9635,#9636);
#9634 = CARTESIAN_POINT('',(-2.77,-24.,23.));
#9635 = DIRECTION('',(-0.,-0.,-1.));
#9636 = DIRECTION('',(1.,0.,0.));
#9637 = DEFINITIONAL_REPRESENTATION('',(#9638),#9642);
#9638 = LINE('',#9639,#9640);
#9639 = CARTESIAN_POINT('',(-4.913746901175,-2.4));
#9640 = VECTOR('',#9641,1.);
#9641 = DIRECTION('',(-1.,-0.));
#9642 = ( GEOMETRIC_REPRESENTATION_CONTEXT(2) 
PARAMETRIC_REPRESENTATION_CONTEXT() REPRESENTATION_CONTEXT('2D SPACE',''
  ) );
#9643 = ORIENTED_EDGE('',*,*,#9644,.F.);
#9644 = EDGE_CURVE('',#9645,#9616,#9647,.T.);
#9645 = VERTEX_POINT('',#9646);
#9646 = CARTESIAN_POINT('',(-2.7,-38.2,25.4));
#9647 = SURFACE_CURVE('',#9648,(#9652,#9658),.PCURVE_S1.);
#9648 = LINE('',#9649,#9650);
#9649 = CARTESIAN_POINT('',(-2.7,-40.9,25.4));
#9650 = VECTOR('',#9651,1.);
#9651 = DIRECTION('',(0.,1.,0.));
#9652 = PCURVE('',#9099,#9653);
#9653 = DEFINITIONAL_REPRESENTATION('',(#9654),#9657);
#9654 = B_SPLINE_CURVE_WITH_KNOTS('',1,(#9655,#9656),.UNSPECIFIED.,.F.,
  .F.,(2,2),(2.7,79.1),.PIECEWISE_BEZIER_KNOTS.);
#9655 = CARTESIAN_POINT('',(27.3,3.8));
#9656 = CARTESIAN_POINT('',(27.3,80.2));
#9657 = ( GEOMETRIC_REPRESENTATION_CONTEXT(2) 
PARAMETRIC_REPRESENTATION_CONTEXT() REPRESENTATION_CONTEXT('2D SPACE',''
  ) );
#9658 = PCURVE('',#9659,#9664);
#9659 = PLANE('',#9660);
#9660 = AXIS2_PLACEMENT_3D('',#9661,#9662,#9663);
#9661 = CARTESIAN_POINT('',(-2.7,-39.8,23.));
#9662 = DIRECTION('',(1.,0.,0.));
#9663 = DIRECTION('',(0.,0.,1.));
#9664 = DEFINITIONAL_REPRESENTATION('',(#9665),#9668);
#9665 = B_SPLINE_CURVE_WITH_KNOTS('',1,(#9666,#9667),.UNSPECIFIED.,.F.,
  .F.,(2,2),(2.7,79.1),.PIECEWISE_BEZIER_KNOTS.);
#9666 = CARTESIAN_POINT('',(2.4,-1.6));
#9667 = CARTESIAN_POINT('',(2.4,-78.));
#9668 = ( GEOMETRIC_REPRESENTATION_CONTEXT(2) 
PARAMETRIC_REPRESENTATION_CONTEXT() REPRESENTATION_CONTEXT('2D SPACE',''
  ) );
#9669 = ORIENTED_EDGE('',*,*,#9670,.F.);
#9670 = EDGE_CURVE('',#9671,#9645,#9673,.T.);
#9671 = VERTEX_POINT('',#9672);
#9672 = CARTESIAN_POINT('',(-4.3,-39.8,25.4));
#9673 = SURFACE_CURVE('',#9674,(#9679,#9686),.PCURVE_S1.);
#9674 = CIRCLE('',#9675,1.6);
#9675 = AXIS2_PLACEMENT_3D('',#9676,#9677,#9678);
#9676 = CARTESIAN_POINT('',(-4.3,-38.2,25.4));
#9677 = DIRECTION('',(0.,0.,1.));
#9678 = DIRECTION('',(1.,0.,-0.));
#9679 = PCURVE('',#9099,#9680);
#9680 = DEFINITIONAL_REPRESENTATION('',(#9681),#9685);
#9681 = CIRCLE('',#9682,1.6);
#9682 = AXIS2_PLACEMENT_2D('',#9683,#9684);
#9683 = CARTESIAN_POINT('',(25.7,3.8));
#9684 = DIRECTION('',(1.,0.));
#9685 = ( GEOMETRIC_REPRESENTATION_CONTEXT(2) 
PARAMETRIC_REPRESENTATION_CONTEXT() REPRESENTATION_CONTEXT('2D SPACE',''
  ) );
#9686 = PCURVE('',#9687,#9692);
#9687 = CYLINDRICAL_SURFACE('',#9688,1.6);
#9688 = AXIS2_PLACEMENT_3D('',#9689,#9690,#9691);
#9689 = CARTESIAN_POINT('',(-4.3,-38.2,23.));
#9690 = DIRECTION('',(0.,0.,1.));
#9691 = DIRECTION('',(1.,0.,-0.));
#9692 = DEFINITIONAL_REPRESENTATION('',(#9693),#9697);
#9693 = LINE('',#9694,#9695);
#9694 = CARTESIAN_POINT('',(-6.28318530718,2.4));
#9695 = VECTOR('',#9696,1.);
#9696 = DIRECTION('',(1.,-0.));
#9697 = ( GEOMETRIC_REPRESENTATION_CONTEXT(2) 
PARAMETRIC_REPRESENTATION_CONTEXT() REPRESENTATION_CONTEXT('2D SPACE',''
  ) );
#9698 = ORIENTED_EDGE('',*,*,#9699,.T.);
#9699 = EDGE_CURVE('',#9671,#9278,#9700,.T.);
#9700 = SURFACE_CURVE('',#9701,(#9705,#9711),.PCURVE_S1.);
#9701 = LINE('',#9702,#9703);
#9702 = CARTESIAN_POINT('',(-28.9,-39.8,25.4));
#9703 = VECTOR('',#9704,1.);
#9704 = DIRECTION('',(-1.,0.,0.));
#9705 = PCURVE('',#9099,#9706);
#9706 = DEFINITIONAL_REPRESENTATION('',(#9707),#9710);
#9707 = B_SPLINE_CURVE_WITH_KNOTS('',1,(#9708,#9709),.UNSPECIFIED.,.F.,
  .F.,(2,2),(-24.6,-2.7),.PIECEWISE_BEZIER_KNOTS.);
#9708 = CARTESIAN_POINT('',(25.7,2.2));
#9709 = CARTESIAN_POINT('',(3.8,2.2));
#9710 = ( GEOMETRIC_REPRESENTATION_CONTEXT(2) 
PARAMETRIC_REPRESENTATION_CONTEXT() REPRESENTATION_CONTEXT('2D SPACE',''
  ) );
#9711 = PCURVE('',#9712,#9717);
#9712 = PLANE('',#9713);
#9713 = AXIS2_PLACEMENT_3D('',#9714,#9715,#9716);
#9714 = CARTESIAN_POINT('',(-27.8,-39.8,23.));
#9715 = DIRECTION('',(0.,1.,0.));
#9716 = DIRECTION('',(0.,0.,1.));
#9717 = DEFINITIONAL_REPRESENTATION('',(#9718),#9721);
#9718 = B_SPLINE_CURVE_WITH_KNOTS('',1,(#9719,#9720),.UNSPECIFIED.,.F.,
  .F.,(2,2),(-24.6,-2.7),.PIECEWISE_BEZIER_KNOTS.);
#9719 = CARTESIAN_POINT('',(2.4,23.5));
#9720 = CARTESIAN_POINT('',(2.4,1.6));
#9721 = ( GEOMETRIC_REPRESENTATION_CONTEXT(2) 
PARAMETRIC_REPRESENTATION_CONTEXT() REPRESENTATION_CONTEXT('2D SPACE',''
  ) );
#9722 = ADVANCED_FACE('',(#9723),#9712,.F.);
#9723 = FACE_BOUND('',#9724,.F.);
#9724 = EDGE_LOOP('',(#9725,#9755,#9776,#9777));
#9725 = ORIENTED_EDGE('',*,*,#9726,.F.);
#9726 = EDGE_CURVE('',#9727,#9729,#9731,.T.);
#9727 = VERTEX_POINT('',#9728);
#9728 = CARTESIAN_POINT('',(-26.2,-39.8,23.));
#9729 = VERTEX_POINT('',#9730);
#9730 = CARTESIAN_POINT('',(-4.3,-39.8,23.));
#9731 = SURFACE_CURVE('',#9732,(#9736,#9743),.PCURVE_S1.);
#9732 = LINE('',#9733,#9734);
#9733 = CARTESIAN_POINT('',(-27.8,-39.8,23.));
#9734 = VECTOR('',#9735,1.);
#9735 = DIRECTION('',(1.,0.,0.));
#9736 = PCURVE('',#9712,#9737);
#9737 = DEFINITIONAL_REPRESENTATION('',(#9738),#9742);
#9738 = LINE('',#9739,#9740);
#9739 = CARTESIAN_POINT('',(0.,0.));
#9740 = VECTOR('',#9741,1.);
#9741 = DIRECTION('',(0.,1.));
#9742 = ( GEOMETRIC_REPRESENTATION_CONTEXT(2) 
PARAMETRIC_REPRESENTATION_CONTEXT() REPRESENTATION_CONTEXT('2D SPACE',''
  ) );
#9743 = PCURVE('',#9744,#9749);
#9744 = PLANE('',#9745);
#9745 = AXIS2_PLACEMENT_3D('',#9746,#9747,#9748);
#9746 = CARTESIAN_POINT('',(-27.8,-39.8,23.));
#9747 = DIRECTION('',(0.,0.,1.));
#9748 = DIRECTION('',(1.,0.,0.));
#9749 = DEFINITIONAL_REPRESENTATION('',(#9750),#9754);
#9750 = LINE('',#9751,#9752);
#9751 = CARTESIAN_POINT('',(0.,0.));
#9752 = VECTOR('',#9753,1.);
#9753 = DIRECTION('',(1.,0.));
#9754 = ( GEOMETRIC_REPRESENTATION_CONTEXT(2) 
PARAMETRIC_REPRESENTATION_CONTEXT() REPRESENTATION_CONTEXT('2D SPACE',''
  ) );
#9755 = ORIENTED_EDGE('',*,*,#9756,.T.);
#9756 = EDGE_CURVE('',#9727,#9278,#9757,.T.);
#9757 = SURFACE_CURVE('',#9758,(#9762,#9769),.PCURVE_S1.);
#9758 = LINE('',#9759,#9760);
#9759 = CARTESIAN_POINT('',(-26.2,-39.8,23.));
#9760 = VECTOR('',#9761,1.);
#9761 = DIRECTION('',(0.,0.,1.));
#9762 = PCURVE('',#9712,#9763);
#9763 = DEFINITIONAL_REPRESENTATION('',(#9764),#9768);
#9764 = LINE('',#9765,#9766);
#9765 = CARTESIAN_POINT('',(0.,1.6));
#9766 = VECTOR('',#9767,1.);
#9767 = DIRECTION('',(1.,0.));
#9768 = ( GEOMETRIC_REPRESENTATION_CONTEXT(2) 
PARAMETRIC_REPRESENTATION_CONTEXT() REPRESENTATION_CONTEXT('2D SPACE',''
  ) );
#9769 = PCURVE('',#9294,#9770);
#9770 = DEFINITIONAL_REPRESENTATION('',(#9771),#9775);
#9771 = LINE('',#9772,#9773);
#9772 = CARTESIAN_POINT('',(1.570796326795,0.));
#9773 = VECTOR('',#9774,1.);
#9774 = DIRECTION('',(0.,1.));
#9775 = ( GEOMETRIC_REPRESENTATION_CONTEXT(2) 
PARAMETRIC_REPRESENTATION_CONTEXT() REPRESENTATION_CONTEXT('2D SPACE',''
  ) );
#9776 = ORIENTED_EDGE('',*,*,#9699,.F.);
#9777 = ORIENTED_EDGE('',*,*,#9778,.F.);
#9778 = EDGE_CURVE('',#9729,#9671,#9779,.T.);
#9779 = SURFACE_CURVE('',#9780,(#9784,#9791),.PCURVE_S1.);
#9780 = LINE('',#9781,#9782);
#9781 = CARTESIAN_POINT('',(-4.3,-39.8,23.));
#9782 = VECTOR('',#9783,1.);
#9783 = DIRECTION('',(0.,0.,1.));
#9784 = PCURVE('',#9712,#9785);
#9785 = DEFINITIONAL_REPRESENTATION('',(#9786),#9790);
#9786 = LINE('',#9787,#9788);
#9787 = CARTESIAN_POINT('',(0.,23.5));
#9788 = VECTOR('',#9789,1.);
#9789 = DIRECTION('',(1.,0.));
#9790 = ( GEOMETRIC_REPRESENTATION_CONTEXT(2) 
PARAMETRIC_REPRESENTATION_CONTEXT() REPRESENTATION_CONTEXT('2D SPACE',''
  ) );
#9791 = PCURVE('',#9687,#9792);
#9792 = DEFINITIONAL_REPRESENTATION('',(#9793),#9797);
#9793 = LINE('',#9794,#9795);
#9794 = CARTESIAN_POINT('',(-1.570796326795,0.));
#9795 = VECTOR('',#9796,1.);
#9796 = DIRECTION('',(-0.,1.));
#9797 = ( GEOMETRIC_REPRESENTATION_CONTEXT(2) 
PARAMETRIC_REPRESENTATION_CONTEXT() REPRESENTATION_CONTEXT('2D SPACE',''
  ) );
#9798 = ADVANCED_FACE('',(#9799,#10161),#9744,.F.);
#9799 = FACE_BOUND('',#9800,.F.);
#9800 = EDGE_LOOP('',(#9801,#9826,#9848,#9849,#9877,#9900,#9924,#9947,
    #9971,#9994,#10018,#10041,#10069,#10092,#10116,#10139));
#9801 = ORIENTED_EDGE('',*,*,#9802,.F.);
#9802 = EDGE_CURVE('',#9803,#9805,#9807,.T.);
#9803 = VERTEX_POINT('',#9804);
#9804 = CARTESIAN_POINT('',(-27.8,-38.2,23.));
#9805 = VERTEX_POINT('',#9806);
#9806 = CARTESIAN_POINT('',(-27.8,-24.34292856399,23.));
#9807 = SURFACE_CURVE('',#9808,(#9812,#9819),.PCURVE_S1.);
#9808 = LINE('',#9809,#9810);
#9809 = CARTESIAN_POINT('',(-27.8,-39.8,23.));
#9810 = VECTOR('',#9811,1.);
#9811 = DIRECTION('',(0.,1.,0.));
#9812 = PCURVE('',#9744,#9813);
#9813 = DEFINITIONAL_REPRESENTATION('',(#9814),#9818);
#9814 = LINE('',#9815,#9816);
#9815 = CARTESIAN_POINT('',(0.,0.));
#9816 = VECTOR('',#9817,1.);
#9817 = DIRECTION('',(0.,1.));
#9818 = ( GEOMETRIC_REPRESENTATION_CONTEXT(2) 
PARAMETRIC_REPRESENTATION_CONTEXT() REPRESENTATION_CONTEXT('2D SPACE',''
  ) );
#9819 = PCURVE('',#9321,#9820);
#9820 = DEFINITIONAL_REPRESENTATION('',(#9821),#9825);
#9821 = LINE('',#9822,#9823);
#9822 = CARTESIAN_POINT('',(0.,0.));
#9823 = VECTOR('',#9824,1.);
#9824 = DIRECTION('',(0.,-1.));
#9825 = ( GEOMETRIC_REPRESENTATION_CONTEXT(2) 
PARAMETRIC_REPRESENTATION_CONTEXT() REPRESENTATION_CONTEXT('2D SPACE',''
  ) );
#9826 = ORIENTED_EDGE('',*,*,#9827,.T.);
#9827 = EDGE_CURVE('',#9803,#9727,#9828,.T.);
#9828 = SURFACE_CURVE('',#9829,(#9834,#9841),.PCURVE_S1.);
#9829 = CIRCLE('',#9830,1.6);
#9830 = AXIS2_PLACEMENT_3D('',#9831,#9832,#9833);
#9831 = CARTESIAN_POINT('',(-26.2,-38.2,23.));
#9832 = DIRECTION('',(0.,0.,1.));
#9833 = DIRECTION('',(0.,-1.,0.));
#9834 = PCURVE('',#9744,#9835);
#9835 = DEFINITIONAL_REPRESENTATION('',(#9836),#9840);
#9836 = CIRCLE('',#9837,1.6);
#9837 = AXIS2_PLACEMENT_2D('',#9838,#9839);
#9838 = CARTESIAN_POINT('',(1.6,1.6));
#9839 = DIRECTION('',(0.,-1.));
#9840 = ( GEOMETRIC_REPRESENTATION_CONTEXT(2) 
PARAMETRIC_REPRESENTATION_CONTEXT() REPRESENTATION_CONTEXT('2D SPACE',''
  ) );
#9841 = PCURVE('',#9294,#9842);
#9842 = DEFINITIONAL_REPRESENTATION('',(#9843),#9847);
#9843 = LINE('',#9844,#9845);
#9844 = CARTESIAN_POINT('',(-4.712388980385,0.));
#9845 = VECTOR('',#9846,1.);
#9846 = DIRECTION('',(1.,0.));
#9847 = ( GEOMETRIC_REPRESENTATION_CONTEXT(2) 
PARAMETRIC_REPRESENTATION_CONTEXT() REPRESENTATION_CONTEXT('2D SPACE',''
  ) );
#9848 = ORIENTED_EDGE('',*,*,#9726,.T.);
#9849 = ORIENTED_EDGE('',*,*,#9850,.F.);
#9850 = EDGE_CURVE('',#9851,#9729,#9853,.T.);
#9851 = VERTEX_POINT('',#9852);
#9852 = CARTESIAN_POINT('',(-2.7,-38.2,23.));
#9853 = SURFACE_CURVE('',#9854,(#9859,#9870),.PCURVE_S1.);
#9854 = CIRCLE('',#9855,1.6);
#9855 = AXIS2_PLACEMENT_3D('',#9856,#9857,#9858);
#9856 = CARTESIAN_POINT('',(-4.3,-38.2,23.));
#9857 = DIRECTION('',(-0.,-0.,-1.));
#9858 = DIRECTION('',(0.,-1.,0.));
#9859 = PCURVE('',#9744,#9860);
#9860 = DEFINITIONAL_REPRESENTATION('',(#9861),#9869);
#9861 = ( BOUNDED_CURVE() B_SPLINE_CURVE(2,(#9862,#9863,#9864,#9865,
#9866,#9867,#9868),.UNSPECIFIED.,.T.,.F.) B_SPLINE_CURVE_WITH_KNOTS((1,2
    ,2,2,2,1),(-2.094395102393,0.,2.094395102393,4.188790204786,
6.28318530718,8.377580409573),.UNSPECIFIED.) CURVE() 
GEOMETRIC_REPRESENTATION_ITEM() RATIONAL_B_SPLINE_CURVE((1.,0.5,1.,0.5,
1.,0.5,1.)) REPRESENTATION_ITEM('') );
#9862 = CARTESIAN_POINT('',(23.5,0.));
#9863 = CARTESIAN_POINT('',(20.72871870789,0.));
#9864 = CARTESIAN_POINT('',(22.114359353945,2.4));
#9865 = CARTESIAN_POINT('',(23.5,4.8));
#9866 = CARTESIAN_POINT('',(24.885640646055,2.4));
#9867 = CARTESIAN_POINT('',(26.27128129211,2.442490654175E-15));
#9868 = CARTESIAN_POINT('',(23.5,0.));
#9869 = ( GEOMETRIC_REPRESENTATION_CONTEXT(2) 
PARAMETRIC_REPRESENTATION_CONTEXT() REPRESENTATION_CONTEXT('2D SPACE',''
  ) );
#9870 = PCURVE('',#9687,#9871);
#9871 = DEFINITIONAL_REPRESENTATION('',(#9872),#9876);
#9872 = LINE('',#9873,#9874);
#9873 = CARTESIAN_POINT('',(4.712388980385,-0.));
#9874 = VECTOR('',#9875,1.);
#9875 = DIRECTION('',(-1.,0.));
#9876 = ( GEOMETRIC_REPRESENTATION_CONTEXT(2) 
PARAMETRIC_REPRESENTATION_CONTEXT() REPRESENTATION_CONTEXT('2D SPACE',''
  ) );
#9877 = ORIENTED_EDGE('',*,*,#9878,.T.);
#9878 = EDGE_CURVE('',#9851,#9879,#9881,.T.);
#9879 = VERTEX_POINT('',#9880);
#9880 = CARTESIAN_POINT('',(-2.7,-24.34292856399,23.));
#9881 = SURFACE_CURVE('',#9882,(#9886,#9893),.PCURVE_S1.);
#9882 = LINE('',#9883,#9884);
#9883 = CARTESIAN_POINT('',(-2.7,-39.8,23.));
#9884 = VECTOR('',#9885,1.);
#9885 = DIRECTION('',(0.,1.,0.));
#9886 = PCURVE('',#9744,#9887);
#9887 = DEFINITIONAL_REPRESENTATION('',(#9888),#9892);
#9888 = LINE('',#9889,#9890);
#9889 = CARTESIAN_POINT('',(25.1,0.));
#9890 = VECTOR('',#9891,1.);
#9891 = DIRECTION('',(0.,1.));
#9892 = ( GEOMETRIC_REPRESENTATION_CONTEXT(2) 
PARAMETRIC_REPRESENTATION_CONTEXT() REPRESENTATION_CONTEXT('2D SPACE',''
  ) );
#9893 = PCURVE('',#9659,#9894);
#9894 = DEFINITIONAL_REPRESENTATION('',(#9895),#9899);
#9895 = LINE('',#9896,#9897);
#9896 = CARTESIAN_POINT('',(0.,0.));
#9897 = VECTOR('',#9898,1.);
#9898 = DIRECTION('',(0.,-1.));
#9899 = ( GEOMETRIC_REPRESENTATION_CONTEXT(2) 
PARAMETRIC_REPRESENTATION_CONTEXT() REPRESENTATION_CONTEXT('2D SPACE',''
  ) );
#9900 = ORIENTED_EDGE('',*,*,#9901,.T.);
#9901 = EDGE_CURVE('',#9879,#9902,#9904,.T.);
#9902 = VERTEX_POINT('',#9903);
#9903 = CARTESIAN_POINT('',(-2.7,-23.65707143601,23.));
#9904 = SURFACE_CURVE('',#9905,(#9910,#9917),.PCURVE_S1.);
#9905 = CIRCLE('',#9906,0.35);
#9906 = AXIS2_PLACEMENT_3D('',#9907,#9908,#9909);
#9907 = CARTESIAN_POINT('',(-2.77,-24.,23.));
#9908 = DIRECTION('',(-0.,0.,1.));
#9909 = DIRECTION('',(0.2,-0.979795897113,0.));
#9910 = PCURVE('',#9744,#9911);
#9911 = DEFINITIONAL_REPRESENTATION('',(#9912),#9916);
#9912 = CIRCLE('',#9913,0.35);
#9913 = AXIS2_PLACEMENT_2D('',#9914,#9915);
#9914 = CARTESIAN_POINT('',(25.03,15.8));
#9915 = DIRECTION('',(0.2,-0.979795897113));
#9916 = ( GEOMETRIC_REPRESENTATION_CONTEXT(2) 
PARAMETRIC_REPRESENTATION_CONTEXT() REPRESENTATION_CONTEXT('2D SPACE',''
  ) );
#9917 = PCURVE('',#9632,#9918);
#9918 = DEFINITIONAL_REPRESENTATION('',(#9919),#9923);
#9919 = LINE('',#9920,#9921);
#9920 = CARTESIAN_POINT('',(-4.913746901175,0.));
#9921 = VECTOR('',#9922,1.);
#9922 = DIRECTION('',(-1.,0.));
#9923 = ( GEOMETRIC_REPRESENTATION_CONTEXT(2) 
PARAMETRIC_REPRESENTATION_CONTEXT() REPRESENTATION_CONTEXT('2D SPACE',''
  ) );
#9924 = ORIENTED_EDGE('',*,*,#9925,.T.);
#9925 = EDGE_CURVE('',#9902,#9926,#9928,.T.);
#9926 = VERTEX_POINT('',#9927);
#9927 = CARTESIAN_POINT('',(-2.7,23.65707143601,23.));
#9928 = SURFACE_CURVE('',#9929,(#9933,#9940),.PCURVE_S1.);
#9929 = LINE('',#9930,#9931);
#9930 = CARTESIAN_POINT('',(-2.7,-39.8,23.));
#9931 = VECTOR('',#9932,1.);
#9932 = DIRECTION('',(0.,1.,0.));
#9933 = PCURVE('',#9744,#9934);
#9934 = DEFINITIONAL_REPRESENTATION('',(#9935),#9939);
#9935 = LINE('',#9936,#9937);
#9936 = CARTESIAN_POINT('',(25.1,0.));
#9937 = VECTOR('',#9938,1.);
#9938 = DIRECTION('',(0.,1.));
#9939 = ( GEOMETRIC_REPRESENTATION_CONTEXT(2) 
PARAMETRIC_REPRESENTATION_CONTEXT() REPRESENTATION_CONTEXT('2D SPACE',''
  ) );
#9940 = PCURVE('',#9604,#9941);
#9941 = DEFINITIONAL_REPRESENTATION('',(#9942),#9946);
#9942 = LINE('',#9943,#9944);
#9943 = CARTESIAN_POINT('',(0.,0.));
#9944 = VECTOR('',#9945,1.);
#9945 = DIRECTION('',(0.,-1.));
#9946 = ( GEOMETRIC_REPRESENTATION_CONTEXT(2) 
PARAMETRIC_REPRESENTATION_CONTEXT() REPRESENTATION_CONTEXT('2D SPACE',''
  ) );
#9947 = ORIENTED_EDGE('',*,*,#9948,.T.);
#9948 = EDGE_CURVE('',#9926,#9949,#9951,.T.);
#9949 = VERTEX_POINT('',#9950);
#9950 = CARTESIAN_POINT('',(-2.7,24.34292856399,23.));
#9951 = SURFACE_CURVE('',#9952,(#9957,#9964),.PCURVE_S1.);
#9952 = CIRCLE('',#9953,0.35);
#9953 = AXIS2_PLACEMENT_3D('',#9954,#9955,#9956);
#9954 = CARTESIAN_POINT('',(-2.77,24.,23.));
#9955 = DIRECTION('',(-0.,0.,1.));
#9956 = DIRECTION('',(0.2,-0.979795897113,0.));
#9957 = PCURVE('',#9744,#9958);
#9958 = DEFINITIONAL_REPRESENTATION('',(#9959),#9963);
#9959 = CIRCLE('',#9960,0.35);
#9960 = AXIS2_PLACEMENT_2D('',#9961,#9962);
#9961 = CARTESIAN_POINT('',(25.03,63.8));
#9962 = DIRECTION('',(0.2,-0.979795897113));
#9963 = ( GEOMETRIC_REPRESENTATION_CONTEXT(2) 
PARAMETRIC_REPRESENTATION_CONTEXT() REPRESENTATION_CONTEXT('2D SPACE',''
  ) );
#9964 = PCURVE('',#9577,#9965);
#9965 = DEFINITIONAL_REPRESENTATION('',(#9966),#9970);
#9966 = LINE('',#9967,#9968);
#9967 = CARTESIAN_POINT('',(-4.913746901175,0.));
#9968 = VECTOR('',#9969,1.);
#9969 = DIRECTION('',(-1.,0.));
#9970 = ( GEOMETRIC_REPRESENTATION_CONTEXT(2) 
PARAMETRIC_REPRESENTATION_CONTEXT() REPRESENTATION_CONTEXT('2D SPACE',''
  ) );
#9971 = ORIENTED_EDGE('',*,*,#9972,.T.);
#9972 = EDGE_CURVE('',#9949,#9973,#9975,.T.);
#9973 = VERTEX_POINT('',#9974);
#9974 = CARTESIAN_POINT('',(-2.7,38.2,23.));
#9975 = SURFACE_CURVE('',#9976,(#9980,#9987),.PCURVE_S1.);
#9976 = LINE('',#9977,#9978);
#9977 = CARTESIAN_POINT('',(-2.7,-39.8,23.));
#9978 = VECTOR('',#9979,1.);
#9979 = DIRECTION('',(0.,1.,0.));
#9980 = PCURVE('',#9744,#9981);
#9981 = DEFINITIONAL_REPRESENTATION('',(#9982),#9986);
#9982 = LINE('',#9983,#9984);
#9983 = CARTESIAN_POINT('',(25.1,0.));
#9984 = VECTOR('',#9985,1.);
#9985 = DIRECTION('',(0.,1.));
#9986 = ( GEOMETRIC_REPRESENTATION_CONTEXT(2) 
PARAMETRIC_REPRESENTATION_CONTEXT() REPRESENTATION_CONTEXT('2D SPACE',''
  ) );
#9987 = PCURVE('',#9549,#9988);
#9988 = DEFINITIONAL_REPRESENTATION('',(#9989),#9993);
#9989 = LINE('',#9990,#9991);
#9990 = CARTESIAN_POINT('',(0.,0.));
#9991 = VECTOR('',#9992,1.);
#9992 = DIRECTION('',(0.,-1.));
#9993 = ( GEOMETRIC_REPRESENTATION_CONTEXT(2) 
PARAMETRIC_REPRESENTATION_CONTEXT() REPRESENTATION_CONTEXT('2D SPACE',''
  ) );
#9994 = ORIENTED_EDGE('',*,*,#9995,.T.);
#9995 = EDGE_CURVE('',#9973,#9996,#9998,.T.);
#9996 = VERTEX_POINT('',#9997);
#9997 = CARTESIAN_POINT('',(-4.3,39.8,23.));
#9998 = SURFACE_CURVE('',#9999,(#10004,#10011),.PCURVE_S1.);
#9999 = CIRCLE('',#10000,1.6);
#10000 = AXIS2_PLACEMENT_3D('',#10001,#10002,#10003);
#10001 = CARTESIAN_POINT('',(-4.3,38.2,23.));
#10002 = DIRECTION('',(0.,0.,1.));
#10003 = DIRECTION('',(0.,-1.,0.));
#10004 = PCURVE('',#9744,#10005);
#10005 = DEFINITIONAL_REPRESENTATION('',(#10006),#10010);
#10006 = CIRCLE('',#10007,1.6);
#10007 = AXIS2_PLACEMENT_2D('',#10008,#10009);
#10008 = CARTESIAN_POINT('',(23.5,78.));
#10009 = DIRECTION('',(0.,-1.));
#10010 = ( GEOMETRIC_REPRESENTATION_CONTEXT(2) 
PARAMETRIC_REPRESENTATION_CONTEXT() REPRESENTATION_CONTEXT('2D SPACE',''
  ) );
#10011 = PCURVE('',#9522,#10012);
#10012 = DEFINITIONAL_REPRESENTATION('',(#10013),#10017);
#10013 = LINE('',#10014,#10015);
#10014 = CARTESIAN_POINT('',(-1.570796326795,0.));
#10015 = VECTOR('',#10016,1.);
#10016 = DIRECTION('',(1.,0.));
#10017 = ( GEOMETRIC_REPRESENTATION_CONTEXT(2) 
PARAMETRIC_REPRESENTATION_CONTEXT() REPRESENTATION_CONTEXT('2D SPACE',''
  ) );
#10018 = ORIENTED_EDGE('',*,*,#10019,.F.);
#10019 = EDGE_CURVE('',#10020,#9996,#10022,.T.);
#10020 = VERTEX_POINT('',#10021);
#10021 = CARTESIAN_POINT('',(-26.2,39.8,23.));
#10022 = SURFACE_CURVE('',#10023,(#10027,#10034),.PCURVE_S1.);
#10023 = LINE('',#10024,#10025);
#10024 = CARTESIAN_POINT('',(-27.8,39.8,23.));
#10025 = VECTOR('',#10026,1.);
#10026 = DIRECTION('',(1.,0.,0.));
#10027 = PCURVE('',#9744,#10028);
#10028 = DEFINITIONAL_REPRESENTATION('',(#10029),#10033);
#10029 = LINE('',#10030,#10031);
#10030 = CARTESIAN_POINT('',(0.,79.6));
#10031 = VECTOR('',#10032,1.);
#10032 = DIRECTION('',(1.,0.));
#10033 = ( GEOMETRIC_REPRESENTATION_CONTEXT(2) 
PARAMETRIC_REPRESENTATION_CONTEXT() REPRESENTATION_CONTEXT('2D SPACE',''
  ) );
#10034 = PCURVE('',#9494,#10035);
#10035 = DEFINITIONAL_REPRESENTATION('',(#10036),#10040);
#10036 = LINE('',#10037,#10038);
#10037 = CARTESIAN_POINT('',(0.,0.));
#10038 = VECTOR('',#10039,1.);
#10039 = DIRECTION('',(0.,1.));
#10040 = ( GEOMETRIC_REPRESENTATION_CONTEXT(2) 
PARAMETRIC_REPRESENTATION_CONTEXT() REPRESENTATION_CONTEXT('2D SPACE',''
  ) );
#10041 = ORIENTED_EDGE('',*,*,#10042,.F.);
#10042 = EDGE_CURVE('',#10043,#10020,#10045,.T.);
#10043 = VERTEX_POINT('',#10044);
#10044 = CARTESIAN_POINT('',(-27.8,38.2,23.));
#10045 = SURFACE_CURVE('',#10046,(#10051,#10062),.PCURVE_S1.);
#10046 = CIRCLE('',#10047,1.6);
#10047 = AXIS2_PLACEMENT_3D('',#10048,#10049,#10050);
#10048 = CARTESIAN_POINT('',(-26.2,38.2,23.));
#10049 = DIRECTION('',(-0.,-0.,-1.));
#10050 = DIRECTION('',(0.,-1.,0.));
#10051 = PCURVE('',#9744,#10052);
#10052 = DEFINITIONAL_REPRESENTATION('',(#10053),#10061);
#10053 = ( BOUNDED_CURVE() B_SPLINE_CURVE(2,(#10054,#10055,#10056,#10057
    ,#10058,#10059,#10060),.UNSPECIFIED.,.T.,.F.) 
B_SPLINE_CURVE_WITH_KNOTS((1,2,2,2,2,1),(-2.094395102393,0.,
    2.094395102393,4.188790204786,6.28318530718,8.377580409573),
.UNSPECIFIED.) CURVE() GEOMETRIC_REPRESENTATION_ITEM() 
RATIONAL_B_SPLINE_CURVE((1.,0.5,1.,0.5,1.,0.5,1.)) REPRESENTATION_ITEM(
  '') );
#10054 = CARTESIAN_POINT('',(1.6,76.4));
#10055 = CARTESIAN_POINT('',(-1.17128129211,76.4));
#10056 = CARTESIAN_POINT('',(0.214359353945,78.8));
#10057 = CARTESIAN_POINT('',(1.6,81.2));
#10058 = CARTESIAN_POINT('',(2.985640646055,78.8));
#10059 = CARTESIAN_POINT('',(4.37128129211,76.4));
#10060 = CARTESIAN_POINT('',(1.6,76.4));
#10061 = ( GEOMETRIC_REPRESENTATION_CONTEXT(2) 
PARAMETRIC_REPRESENTATION_CONTEXT() REPRESENTATION_CONTEXT('2D SPACE',''
  ) );
#10062 = PCURVE('',#9467,#10063);
#10063 = DEFINITIONAL_REPRESENTATION('',(#10064),#10068);
#10064 = LINE('',#10065,#10066);
#10065 = CARTESIAN_POINT('',(1.570796326795,-0.));
#10066 = VECTOR('',#10067,1.);
#10067 = DIRECTION('',(-1.,0.));
#10068 = ( GEOMETRIC_REPRESENTATION_CONTEXT(2) 
PARAMETRIC_REPRESENTATION_CONTEXT() REPRESENTATION_CONTEXT('2D SPACE',''
  ) );
#10069 = ORIENTED_EDGE('',*,*,#10070,.F.);
#10070 = EDGE_CURVE('',#10071,#10043,#10073,.T.);
#10071 = VERTEX_POINT('',#10072);
#10072 = CARTESIAN_POINT('',(-27.8,24.34292856399,23.));
#10073 = SURFACE_CURVE('',#10074,(#10078,#10085),.PCURVE_S1.);
#10074 = LINE('',#10075,#10076);
#10075 = CARTESIAN_POINT('',(-27.8,-39.8,23.));
#10076 = VECTOR('',#10077,1.);
#10077 = DIRECTION('',(0.,1.,0.));
#10078 = PCURVE('',#9744,#10079);
#10079 = DEFINITIONAL_REPRESENTATION('',(#10080),#10084);
#10080 = LINE('',#10081,#10082);
#10081 = CARTESIAN_POINT('',(0.,0.));
#10082 = VECTOR('',#10083,1.);
#10083 = DIRECTION('',(0.,1.));
#10084 = ( GEOMETRIC_REPRESENTATION_CONTEXT(2) 
PARAMETRIC_REPRESENTATION_CONTEXT() REPRESENTATION_CONTEXT('2D SPACE',''
  ) );
#10085 = PCURVE('',#9439,#10086);
#10086 = DEFINITIONAL_REPRESENTATION('',(#10087),#10091);
#10087 = LINE('',#10088,#10089);
#10088 = CARTESIAN_POINT('',(0.,0.));
#10089 = VECTOR('',#10090,1.);
#10090 = DIRECTION('',(0.,-1.));
#10091 = ( GEOMETRIC_REPRESENTATION_CONTEXT(2) 
PARAMETRIC_REPRESENTATION_CONTEXT() REPRESENTATION_CONTEXT('2D SPACE',''
  ) );
#10092 = ORIENTED_EDGE('',*,*,#10093,.T.);
#10093 = EDGE_CURVE('',#10071,#10094,#10096,.T.);
#10094 = VERTEX_POINT('',#10095);
#10095 = CARTESIAN_POINT('',(-27.8,23.65707143601,23.));
#10096 = SURFACE_CURVE('',#10097,(#10102,#10109),.PCURVE_S1.);
#10097 = CIRCLE('',#10098,0.35);
#10098 = AXIS2_PLACEMENT_3D('',#10099,#10100,#10101);
#10099 = CARTESIAN_POINT('',(-27.73,24.,23.));
#10100 = DIRECTION('',(0.,0.,1.));
#10101 = DIRECTION('',(1.,0.,0.));
#10102 = PCURVE('',#9744,#10103);
#10103 = DEFINITIONAL_REPRESENTATION('',(#10104),#10108);
#10104 = CIRCLE('',#10105,0.35);
#10105 = AXIS2_PLACEMENT_2D('',#10106,#10107);
#10106 = CARTESIAN_POINT('',(7.E-02,63.8));
#10107 = DIRECTION('',(1.,0.));
#10108 = ( GEOMETRIC_REPRESENTATION_CONTEXT(2) 
PARAMETRIC_REPRESENTATION_CONTEXT() REPRESENTATION_CONTEXT('2D SPACE',''
  ) );
#10109 = PCURVE('',#9412,#10110);
#10110 = DEFINITIONAL_REPRESENTATION('',(#10111),#10115);
#10111 = LINE('',#10112,#10113);
#10112 = CARTESIAN_POINT('',(-0.,0.));
#10113 = VECTOR('',#10114,1.);
#10114 = DIRECTION('',(-1.,0.));
#10115 = ( GEOMETRIC_REPRESENTATION_CONTEXT(2) 
PARAMETRIC_REPRESENTATION_CONTEXT() REPRESENTATION_CONTEXT('2D SPACE',''
  ) );
#10116 = ORIENTED_EDGE('',*,*,#10117,.F.);
#10117 = EDGE_CURVE('',#10118,#10094,#10120,.T.);
#10118 = VERTEX_POINT('',#10119);
#10119 = CARTESIAN_POINT('',(-27.8,-23.65707143601,23.));
#10120 = SURFACE_CURVE('',#10121,(#10125,#10132),.PCURVE_S1.);
#10121 = LINE('',#10122,#10123);
#10122 = CARTESIAN_POINT('',(-27.8,-39.8,23.));
#10123 = VECTOR('',#10124,1.);
#10124 = DIRECTION('',(0.,1.,0.));
#10125 = PCURVE('',#9744,#10126);
#10126 = DEFINITIONAL_REPRESENTATION('',(#10127),#10131);
#10127 = LINE('',#10128,#10129);
#10128 = CARTESIAN_POINT('',(0.,0.));
#10129 = VECTOR('',#10130,1.);
#10130 = DIRECTION('',(0.,1.));
#10131 = ( GEOMETRIC_REPRESENTATION_CONTEXT(2) 
PARAMETRIC_REPRESENTATION_CONTEXT() REPRESENTATION_CONTEXT('2D SPACE',''
  ) );
#10132 = PCURVE('',#9380,#10133);
#10133 = DEFINITIONAL_REPRESENTATION('',(#10134),#10138);
#10134 = LINE('',#10135,#10136);
#10135 = CARTESIAN_POINT('',(0.,0.));
#10136 = VECTOR('',#10137,1.);
#10137 = DIRECTION('',(0.,-1.));
#10138 = ( GEOMETRIC_REPRESENTATION_CONTEXT(2) 
PARAMETRIC_REPRESENTATION_CONTEXT() REPRESENTATION_CONTEXT('2D SPACE',''
  ) );
#10139 = ORIENTED_EDGE('',*,*,#10140,.T.);
#10140 = EDGE_CURVE('',#10118,#9805,#10141,.T.);
#10141 = SURFACE_CURVE('',#10142,(#10147,#10154),.PCURVE_S1.);
#10142 = CIRCLE('',#10143,0.35);
#10143 = AXIS2_PLACEMENT_3D('',#10144,#10145,#10146);
#10144 = CARTESIAN_POINT('',(-27.73,-24.,23.));
#10145 = DIRECTION('',(0.,0.,1.));
#10146 = DIRECTION('',(1.,0.,0.));
#10147 = PCURVE('',#9744,#10148);
#10148 = DEFINITIONAL_REPRESENTATION('',(#10149),#10153);
#10149 = CIRCLE('',#10150,0.35);
#10150 = AXIS2_PLACEMENT_2D('',#10151,#10152);
#10151 = CARTESIAN_POINT('',(7.E-02,15.8));
#10152 = DIRECTION('',(1.,0.));
#10153 = ( GEOMETRIC_REPRESENTATION_CONTEXT(2) 
PARAMETRIC_REPRESENTATION_CONTEXT() REPRESENTATION_CONTEXT('2D SPACE',''
  ) );
#10154 = PCURVE('',#9353,#10155);
#10155 = DEFINITIONAL_REPRESENTATION('',(#10156),#10160);
#10156 = LINE('',#10157,#10158);
#10157 = CARTESIAN_POINT('',(-0.,0.));
#10158 = VECTOR('',#10159,1.);
#10159 = DIRECTION('',(-1.,0.));
#10160 = ( GEOMETRIC_REPRESENTATION_CONTEXT(2) 
PARAMETRIC_REPRESENTATION_CONTEXT() REPRESENTATION_CONTEXT('2D SPACE',''
  ) );
#10161 = FACE_BOUND('',#10162,.F.);
#10162 = EDGE_LOOP('',(#10163,#10194,#10221,#10250,#10277,#10306,#10333,
    #10362));
#10163 = ORIENTED_EDGE('',*,*,#10164,.F.);
#10164 = EDGE_CURVE('',#10165,#10167,#10169,.T.);
#10165 = VERTEX_POINT('',#10166);
#10166 = CARTESIAN_POINT('',(-26.6,-38.1,23.));
#10167 = VERTEX_POINT('',#10168);
#10168 = CARTESIAN_POINT('',(-26.1,-38.6,23.));
#10169 = SURFACE_CURVE('',#10170,(#10175,#10182),.PCURVE_S1.);
#10170 = CIRCLE('',#10171,0.5);
#10171 = AXIS2_PLACEMENT_3D('',#10172,#10173,#10174);
#10172 = CARTESIAN_POINT('',(-26.1,-38.1,23.));
#10173 = DIRECTION('',(0.,0.,1.));
#10174 = DIRECTION('',(-1.,-0.,0.));
#10175 = PCURVE('',#9744,#10176);
#10176 = DEFINITIONAL_REPRESENTATION('',(#10177),#10181);
#10177 = CIRCLE('',#10178,0.5);
#10178 = AXIS2_PLACEMENT_2D('',#10179,#10180);
#10179 = CARTESIAN_POINT('',(1.7,1.7));
#10180 = DIRECTION('',(-1.,0.));
#10181 = ( GEOMETRIC_REPRESENTATION_CONTEXT(2) 
PARAMETRIC_REPRESENTATION_CONTEXT() REPRESENTATION_CONTEXT('2D SPACE',''
  ) );
#10182 = PCURVE('',#10183,#10188);
#10183 = CYLINDRICAL_SURFACE('',#10184,0.5);
#10184 = AXIS2_PLACEMENT_3D('',#10185,#10186,#10187);
#10185 = CARTESIAN_POINT('',(-26.1,-38.1,22.98));
#10186 = DIRECTION('',(0.,0.,1.));
#10187 = DIRECTION('',(-1.,-0.,0.));
#10188 = DEFINITIONAL_REPRESENTATION('',(#10189),#10193);
#10189 = LINE('',#10190,#10191);
#10190 = CARTESIAN_POINT('',(0.,2.E-02));
#10191 = VECTOR('',#10192,1.);
#10192 = DIRECTION('',(1.,0.));
#10193 = ( GEOMETRIC_REPRESENTATION_CONTEXT(2) 
PARAMETRIC_REPRESENTATION_CONTEXT() REPRESENTATION_CONTEXT('2D SPACE',''
  ) );
#10194 = ORIENTED_EDGE('',*,*,#10195,.T.);
#10195 = EDGE_CURVE('',#10165,#10196,#10198,.T.);
#10196 = VERTEX_POINT('',#10197);
#10197 = CARTESIAN_POINT('',(-26.6,38.1,23.));
#10198 = SURFACE_CURVE('',#10199,(#10203,#10210),.PCURVE_S1.);
#10199 = LINE('',#10200,#10201);
#10200 = CARTESIAN_POINT('',(-26.6,-39.2,23.));
#10201 = VECTOR('',#10202,1.);
#10202 = DIRECTION('',(0.,1.,0.));
#10203 = PCURVE('',#9744,#10204);
#10204 = DEFINITIONAL_REPRESENTATION('',(#10205),#10209);
#10205 = LINE('',#10206,#10207);
#10206 = CARTESIAN_POINT('',(1.2,0.6));
#10207 = VECTOR('',#10208,1.);
#10208 = DIRECTION('',(0.,1.));
#10209 = ( GEOMETRIC_REPRESENTATION_CONTEXT(2) 
PARAMETRIC_REPRESENTATION_CONTEXT() REPRESENTATION_CONTEXT('2D SPACE',''
  ) );
#10210 = PCURVE('',#10211,#10216);
#10211 = PLANE('',#10212);
#10212 = AXIS2_PLACEMENT_3D('',#10213,#10214,#10215);
#10213 = CARTESIAN_POINT('',(-26.6,-38.6,22.98));
#10214 = DIRECTION('',(1.,0.,0.));
#10215 = DIRECTION('',(0.,0.,1.));
#10216 = DEFINITIONAL_REPRESENTATION('',(#10217),#10220);
#10217 = B_SPLINE_CURVE_WITH_KNOTS('',1,(#10218,#10219),.UNSPECIFIED.,
  .F.,.F.,(2,2),(1.1,77.3),.PIECEWISE_BEZIER_KNOTS.);
#10218 = CARTESIAN_POINT('',(2.E-02,-0.5));
#10219 = CARTESIAN_POINT('',(2.E-02,-76.7));
#10220 = ( GEOMETRIC_REPRESENTATION_CONTEXT(2) 
PARAMETRIC_REPRESENTATION_CONTEXT() REPRESENTATION_CONTEXT('2D SPACE',''
  ) );
#10221 = ORIENTED_EDGE('',*,*,#10222,.F.);
#10222 = EDGE_CURVE('',#10223,#10196,#10225,.T.);
#10223 = VERTEX_POINT('',#10224);
#10224 = CARTESIAN_POINT('',(-26.1,38.6,23.));
#10225 = SURFACE_CURVE('',#10226,(#10231,#10238),.PCURVE_S1.);
#10226 = CIRCLE('',#10227,0.5);
#10227 = AXIS2_PLACEMENT_3D('',#10228,#10229,#10230);
#10228 = CARTESIAN_POINT('',(-26.1,38.1,23.));
#10229 = DIRECTION('',(0.,0.,1.));
#10230 = DIRECTION('',(-1.,-0.,0.));
#10231 = PCURVE('',#9744,#10232);
#10232 = DEFINITIONAL_REPRESENTATION('',(#10233),#10237);
#10233 = CIRCLE('',#10234,0.5);
#10234 = AXIS2_PLACEMENT_2D('',#10235,#10236);
#10235 = CARTESIAN_POINT('',(1.7,77.9));
#10236 = DIRECTION('',(-1.,0.));
#10237 = ( GEOMETRIC_REPRESENTATION_CONTEXT(2) 
PARAMETRIC_REPRESENTATION_CONTEXT() REPRESENTATION_CONTEXT('2D SPACE',''
  ) );
#10238 = PCURVE('',#10239,#10244);
#10239 = CYLINDRICAL_SURFACE('',#10240,0.5);
#10240 = AXIS2_PLACEMENT_3D('',#10241,#10242,#10243);
#10241 = CARTESIAN_POINT('',(-26.1,38.1,22.98));
#10242 = DIRECTION('',(0.,0.,1.));
#10243 = DIRECTION('',(-1.,-0.,0.));
#10244 = DEFINITIONAL_REPRESENTATION('',(#10245),#10249);
#10245 = LINE('',#10246,#10247);
#10246 = CARTESIAN_POINT('',(-6.28318530718,2.E-02));
#10247 = VECTOR('',#10248,1.);
#10248 = DIRECTION('',(1.,-0.));
#10249 = ( GEOMETRIC_REPRESENTATION_CONTEXT(2) 
PARAMETRIC_REPRESENTATION_CONTEXT() REPRESENTATION_CONTEXT('2D SPACE',''
  ) );
#10250 = ORIENTED_EDGE('',*,*,#10251,.F.);
#10251 = EDGE_CURVE('',#10252,#10223,#10254,.T.);
#10252 = VERTEX_POINT('',#10253);
#10253 = CARTESIAN_POINT('',(-4.4,38.6,23.));
#10254 = SURFACE_CURVE('',#10255,(#10259,#10266),.PCURVE_S1.);
#10255 = LINE('',#10256,#10257);
#10256 = CARTESIAN_POINT('',(-27.2,38.6,23.));
#10257 = VECTOR('',#10258,1.);
#10258 = DIRECTION('',(-1.,0.,0.));
#10259 = PCURVE('',#9744,#10260);
#10260 = DEFINITIONAL_REPRESENTATION('',(#10261),#10265);
#10261 = LINE('',#10262,#10263);
#10262 = CARTESIAN_POINT('',(0.6,78.4));
#10263 = VECTOR('',#10264,1.);
#10264 = DIRECTION('',(-1.,0.));
#10265 = ( GEOMETRIC_REPRESENTATION_CONTEXT(2) 
PARAMETRIC_REPRESENTATION_CONTEXT() REPRESENTATION_CONTEXT('2D SPACE',''
  ) );
#10266 = PCURVE('',#10267,#10272);
#10267 = PLANE('',#10268);
#10268 = AXIS2_PLACEMENT_3D('',#10269,#10270,#10271);
#10269 = CARTESIAN_POINT('',(-26.6,38.6,22.98));
#10270 = DIRECTION('',(0.,1.,0.));
#10271 = DIRECTION('',(0.,0.,1.));
#10272 = DEFINITIONAL_REPRESENTATION('',(#10273),#10276);
#10273 = B_SPLINE_CURVE_WITH_KNOTS('',1,(#10274,#10275),.UNSPECIFIED.,
  .F.,.F.,(2,2),(-22.8,-1.1),.PIECEWISE_BEZIER_KNOTS.);
#10274 = CARTESIAN_POINT('',(2.E-02,22.2));
#10275 = CARTESIAN_POINT('',(2.E-02,0.5));
#10276 = ( GEOMETRIC_REPRESENTATION_CONTEXT(2) 
PARAMETRIC_REPRESENTATION_CONTEXT() REPRESENTATION_CONTEXT('2D SPACE',''
  ) );
#10277 = ORIENTED_EDGE('',*,*,#10278,.F.);
#10278 = EDGE_CURVE('',#10279,#10252,#10281,.T.);
#10279 = VERTEX_POINT('',#10280);
#10280 = CARTESIAN_POINT('',(-3.9,38.1,23.));
#10281 = SURFACE_CURVE('',#10282,(#10287,#10294),.PCURVE_S1.);
#10282 = CIRCLE('',#10283,0.5);
#10283 = AXIS2_PLACEMENT_3D('',#10284,#10285,#10286);
#10284 = CARTESIAN_POINT('',(-4.4,38.1,23.));
#10285 = DIRECTION('',(0.,0.,1.));
#10286 = DIRECTION('',(1.,0.,-0.));
#10287 = PCURVE('',#9744,#10288);
#10288 = DEFINITIONAL_REPRESENTATION('',(#10289),#10293);
#10289 = CIRCLE('',#10290,0.5);
#10290 = AXIS2_PLACEMENT_2D('',#10291,#10292);
#10291 = CARTESIAN_POINT('',(23.4,77.9));
#10292 = DIRECTION('',(1.,0.));
#10293 = ( GEOMETRIC_REPRESENTATION_CONTEXT(2) 
PARAMETRIC_REPRESENTATION_CONTEXT() REPRESENTATION_CONTEXT('2D SPACE',''
  ) );
#10294 = PCURVE('',#10295,#10300);
#10295 = CYLINDRICAL_SURFACE('',#10296,0.5);
#10296 = AXIS2_PLACEMENT_3D('',#10297,#10298,#10299);
#10297 = CARTESIAN_POINT('',(-4.4,38.1,22.98));
#10298 = DIRECTION('',(0.,0.,1.));
#10299 = DIRECTION('',(1.,0.,-0.));
#10300 = DEFINITIONAL_REPRESENTATION('',(#10301),#10305);
#10301 = LINE('',#10302,#10303);
#10302 = CARTESIAN_POINT('',(0.,2.E-02));
#10303 = VECTOR('',#10304,1.);
#10304 = DIRECTION('',(1.,0.));
#10305 = ( GEOMETRIC_REPRESENTATION_CONTEXT(2) 
PARAMETRIC_REPRESENTATION_CONTEXT() REPRESENTATION_CONTEXT('2D SPACE',''
  ) );
#10306 = ORIENTED_EDGE('',*,*,#10307,.F.);
#10307 = EDGE_CURVE('',#10308,#10279,#10310,.T.);
#10308 = VERTEX_POINT('',#10309);
#10309 = CARTESIAN_POINT('',(-3.9,-38.1,23.));
#10310 = SURFACE_CURVE('',#10311,(#10315,#10322),.PCURVE_S1.);
#10311 = LINE('',#10312,#10313);
#10312 = CARTESIAN_POINT('',(-3.9,-39.2,23.));
#10313 = VECTOR('',#10314,1.);
#10314 = DIRECTION('',(0.,1.,0.));
#10315 = PCURVE('',#9744,#10316);
#10316 = DEFINITIONAL_REPRESENTATION('',(#10317),#10321);
#10317 = LINE('',#10318,#10319);
#10318 = CARTESIAN_POINT('',(23.9,0.6));
#10319 = VECTOR('',#10320,1.);
#10320 = DIRECTION('',(0.,1.));
#10321 = ( GEOMETRIC_REPRESENTATION_CONTEXT(2) 
PARAMETRIC_REPRESENTATION_CONTEXT() REPRESENTATION_CONTEXT('2D SPACE',''
  ) );
#10322 = PCURVE('',#10323,#10328);
#10323 = PLANE('',#10324);
#10324 = AXIS2_PLACEMENT_3D('',#10325,#10326,#10327);
#10325 = CARTESIAN_POINT('',(-3.9,-38.6,22.98));
#10326 = DIRECTION('',(1.,0.,0.));
#10327 = DIRECTION('',(0.,0.,1.));
#10328 = DEFINITIONAL_REPRESENTATION('',(#10329),#10332);
#10329 = B_SPLINE_CURVE_WITH_KNOTS('',1,(#10330,#10331),.UNSPECIFIED.,
  .F.,.F.,(2,2),(1.1,77.3),.PIECEWISE_BEZIER_KNOTS.);
#10330 = CARTESIAN_POINT('',(2.E-02,-0.5));
#10331 = CARTESIAN_POINT('',(2.E-02,-76.7));
#10332 = ( GEOMETRIC_REPRESENTATION_CONTEXT(2) 
PARAMETRIC_REPRESENTATION_CONTEXT() REPRESENTATION_CONTEXT('2D SPACE',''
  ) );
#10333 = ORIENTED_EDGE('',*,*,#10334,.F.);
#10334 = EDGE_CURVE('',#10335,#10308,#10337,.T.);
#10335 = VERTEX_POINT('',#10336);
#10336 = CARTESIAN_POINT('',(-4.4,-38.6,23.));
#10337 = SURFACE_CURVE('',#10338,(#10343,#10350),.PCURVE_S1.);
#10338 = CIRCLE('',#10339,0.5);
#10339 = AXIS2_PLACEMENT_3D('',#10340,#10341,#10342);
#10340 = CARTESIAN_POINT('',(-4.4,-38.1,23.));
#10341 = DIRECTION('',(0.,0.,1.));
#10342 = DIRECTION('',(1.,0.,-0.));
#10343 = PCURVE('',#9744,#10344);
#10344 = DEFINITIONAL_REPRESENTATION('',(#10345),#10349);
#10345 = CIRCLE('',#10346,0.5);
#10346 = AXIS2_PLACEMENT_2D('',#10347,#10348);
#10347 = CARTESIAN_POINT('',(23.4,1.7));
#10348 = DIRECTION('',(1.,0.));
#10349 = ( GEOMETRIC_REPRESENTATION_CONTEXT(2) 
PARAMETRIC_REPRESENTATION_CONTEXT() REPRESENTATION_CONTEXT('2D SPACE',''
  ) );
#10350 = PCURVE('',#10351,#10356);
#10351 = CYLINDRICAL_SURFACE('',#10352,0.5);
#10352 = AXIS2_PLACEMENT_3D('',#10353,#10354,#10355);
#10353 = CARTESIAN_POINT('',(-4.4,-38.1,22.98));
#10354 = DIRECTION('',(0.,0.,1.));
#10355 = DIRECTION('',(1.,0.,-0.));
#10356 = DEFINITIONAL_REPRESENTATION('',(#10357),#10361);
#10357 = LINE('',#10358,#10359);
#10358 = CARTESIAN_POINT('',(-6.28318530718,2.E-02));
#10359 = VECTOR('',#10360,1.);
#10360 = DIRECTION('',(1.,-0.));
#10361 = ( GEOMETRIC_REPRESENTATION_CONTEXT(2) 
PARAMETRIC_REPRESENTATION_CONTEXT() REPRESENTATION_CONTEXT('2D SPACE',''
  ) );
#10362 = ORIENTED_EDGE('',*,*,#10363,.T.);
#10363 = EDGE_CURVE('',#10335,#10167,#10364,.T.);
#10364 = SURFACE_CURVE('',#10365,(#10369,#10376),.PCURVE_S1.);
#10365 = LINE('',#10366,#10367);
#10366 = CARTESIAN_POINT('',(-27.2,-38.6,23.));
#10367 = VECTOR('',#10368,1.);
#10368 = DIRECTION('',(-1.,0.,0.));
#10369 = PCURVE('',#9744,#10370);
#10370 = DEFINITIONAL_REPRESENTATION('',(#10371),#10375);
#10371 = LINE('',#10372,#10373);
#10372 = CARTESIAN_POINT('',(0.6,1.2));
#10373 = VECTOR('',#10374,1.);
#10374 = DIRECTION('',(-1.,0.));
#10375 = ( GEOMETRIC_REPRESENTATION_CONTEXT(2) 
PARAMETRIC_REPRESENTATION_CONTEXT() REPRESENTATION_CONTEXT('2D SPACE',''
  ) );
#10376 = PCURVE('',#10377,#10382);
#10377 = PLANE('',#10378);
#10378 = AXIS2_PLACEMENT_3D('',#10379,#10380,#10381);
#10379 = CARTESIAN_POINT('',(-26.6,-38.6,22.98));
#10380 = DIRECTION('',(0.,1.,0.));
#10381 = DIRECTION('',(0.,0.,1.));
#10382 = DEFINITIONAL_REPRESENTATION('',(#10383),#10386);
#10383 = B_SPLINE_CURVE_WITH_KNOTS('',1,(#10384,#10385),.UNSPECIFIED.,
  .F.,.F.,(2,2),(-22.8,-1.1),.PIECEWISE_BEZIER_KNOTS.);
#10384 = CARTESIAN_POINT('',(2.E-02,22.2));
#10385 = CARTESIAN_POINT('',(2.E-02,0.5));
#10386 = ( GEOMETRIC_REPRESENTATION_CONTEXT(2) 
PARAMETRIC_REPRESENTATION_CONTEXT() REPRESENTATION_CONTEXT('2D SPACE',''
  ) );
#10387 = ADVANCED_FACE('',(#10388),#10377,.T.);
#10388 = FACE_BOUND('',#10389,.T.);
#10389 = EDGE_LOOP('',(#10390,#10413,#10414,#10437));
#10390 = ORIENTED_EDGE('',*,*,#10391,.F.);
#10391 = EDGE_CURVE('',#10335,#10392,#10394,.T.);
#10392 = VERTEX_POINT('',#10393);
#10393 = CARTESIAN_POINT('',(-4.4,-38.6,25.4));
#10394 = SURFACE_CURVE('',#10395,(#10399,#10406),.PCURVE_S1.);
#10395 = LINE('',#10396,#10397);
#10396 = CARTESIAN_POINT('',(-4.4,-38.6,22.98));
#10397 = VECTOR('',#10398,1.);
#10398 = DIRECTION('',(0.,0.,1.));
#10399 = PCURVE('',#10377,#10400);
#10400 = DEFINITIONAL_REPRESENTATION('',(#10401),#10405);
#10401 = LINE('',#10402,#10403);
#10402 = CARTESIAN_POINT('',(0.,22.2));
#10403 = VECTOR('',#10404,1.);
#10404 = DIRECTION('',(1.,0.));
#10405 = ( GEOMETRIC_REPRESENTATION_CONTEXT(2) 
PARAMETRIC_REPRESENTATION_CONTEXT() REPRESENTATION_CONTEXT('2D SPACE',''
  ) );
#10406 = PCURVE('',#10351,#10407);
#10407 = DEFINITIONAL_REPRESENTATION('',(#10408),#10412);
#10408 = LINE('',#10409,#10410);
#10409 = CARTESIAN_POINT('',(-1.570796326795,0.));
#10410 = VECTOR('',#10411,1.);
#10411 = DIRECTION('',(-0.,1.));
#10412 = ( GEOMETRIC_REPRESENTATION_CONTEXT(2) 
PARAMETRIC_REPRESENTATION_CONTEXT() REPRESENTATION_CONTEXT('2D SPACE',''
  ) );
#10413 = ORIENTED_EDGE('',*,*,#10363,.T.);
#10414 = ORIENTED_EDGE('',*,*,#10415,.T.);
#10415 = EDGE_CURVE('',#10167,#10416,#10418,.T.);
#10416 = VERTEX_POINT('',#10417);
#10417 = CARTESIAN_POINT('',(-26.1,-38.6,25.4));
#10418 = SURFACE_CURVE('',#10419,(#10423,#10430),.PCURVE_S1.);
#10419 = LINE('',#10420,#10421);
#10420 = CARTESIAN_POINT('',(-26.1,-38.6,22.98));
#10421 = VECTOR('',#10422,1.);
#10422 = DIRECTION('',(0.,0.,1.));
#10423 = PCURVE('',#10377,#10424);
#10424 = DEFINITIONAL_REPRESENTATION('',(#10425),#10429);
#10425 = LINE('',#10426,#10427);
#10426 = CARTESIAN_POINT('',(0.,0.5));
#10427 = VECTOR('',#10428,1.);
#10428 = DIRECTION('',(1.,0.));
#10429 = ( GEOMETRIC_REPRESENTATION_CONTEXT(2) 
PARAMETRIC_REPRESENTATION_CONTEXT() REPRESENTATION_CONTEXT('2D SPACE',''
  ) );
#10430 = PCURVE('',#10183,#10431);
#10431 = DEFINITIONAL_REPRESENTATION('',(#10432),#10436);
#10432 = LINE('',#10433,#10434);
#10433 = CARTESIAN_POINT('',(1.570796326795,0.));
#10434 = VECTOR('',#10435,1.);
#10435 = DIRECTION('',(0.,1.));
#10436 = ( GEOMETRIC_REPRESENTATION_CONTEXT(2) 
PARAMETRIC_REPRESENTATION_CONTEXT() REPRESENTATION_CONTEXT('2D SPACE',''
  ) );
#10437 = ORIENTED_EDGE('',*,*,#10438,.F.);
#10438 = EDGE_CURVE('',#10392,#10416,#10439,.T.);
#10439 = SURFACE_CURVE('',#10440,(#10444,#10450),.PCURVE_S1.);
#10440 = LINE('',#10441,#10442);
#10441 = CARTESIAN_POINT('',(-28.3,-38.6,25.4));
#10442 = VECTOR('',#10443,1.);
#10443 = DIRECTION('',(-1.,0.,0.));
#10444 = PCURVE('',#10377,#10445);
#10445 = DEFINITIONAL_REPRESENTATION('',(#10446),#10449);
#10446 = B_SPLINE_CURVE_WITH_KNOTS('',1,(#10447,#10448),.UNSPECIFIED.,
  .F.,.F.,(2,2),(-23.9,-2.2),.PIECEWISE_BEZIER_KNOTS.);
#10447 = CARTESIAN_POINT('',(2.42,22.2));
#10448 = CARTESIAN_POINT('',(2.42,0.5));
#10449 = ( GEOMETRIC_REPRESENTATION_CONTEXT(2) 
PARAMETRIC_REPRESENTATION_CONTEXT() REPRESENTATION_CONTEXT('2D SPACE',''
  ) );
#10450 = PCURVE('',#10451,#10456);
#10451 = PLANE('',#10452);
#10452 = AXIS2_PLACEMENT_3D('',#10453,#10454,#10455);
#10453 = CARTESIAN_POINT('',(-30.,-42.,25.4));
#10454 = DIRECTION('',(0.,0.,1.));
#10455 = DIRECTION('',(1.,0.,0.));
#10456 = DEFINITIONAL_REPRESENTATION('',(#10457),#10460);
#10457 = B_SPLINE_CURVE_WITH_KNOTS('',1,(#10458,#10459),.UNSPECIFIED.,
  .F.,.F.,(2,2),(-23.9,-2.2),.PIECEWISE_BEZIER_KNOTS.);
#10458 = CARTESIAN_POINT('',(25.6,3.4));
#10459 = CARTESIAN_POINT('',(3.9,3.4));
#10460 = ( GEOMETRIC_REPRESENTATION_CONTEXT(2) 
PARAMETRIC_REPRESENTATION_CONTEXT() REPRESENTATION_CONTEXT('2D SPACE',''
  ) );
#10461 = ADVANCED_FACE('',(#10462),#10451,.F.);
#10462 = FACE_BOUND('',#10463,.F.);
#10463 = EDGE_LOOP('',(#10464,#10487,#10509,#10510,#10534,#10555,#10579,
    #10600));
#10464 = ORIENTED_EDGE('',*,*,#10465,.F.);
#10465 = EDGE_CURVE('',#10466,#10468,#10470,.T.);
#10466 = VERTEX_POINT('',#10467);
#10467 = CARTESIAN_POINT('',(-26.6,-38.1,25.4));
#10468 = VERTEX_POINT('',#10469);
#10469 = CARTESIAN_POINT('',(-26.6,38.1,25.4));
#10470 = SURFACE_CURVE('',#10471,(#10475,#10481),.PCURVE_S1.);
#10471 = LINE('',#10472,#10473);
#10472 = CARTESIAN_POINT('',(-26.6,-40.3,25.4));
#10473 = VECTOR('',#10474,1.);
#10474 = DIRECTION('',(0.,1.,0.));
#10475 = PCURVE('',#10451,#10476);
#10476 = DEFINITIONAL_REPRESENTATION('',(#10477),#10480);
#10477 = B_SPLINE_CURVE_WITH_KNOTS('',1,(#10478,#10479),.UNSPECIFIED.,
  .F.,.F.,(2,2),(2.2,78.4),.PIECEWISE_BEZIER_KNOTS.);
#10478 = CARTESIAN_POINT('',(3.4,3.9));
#10479 = CARTESIAN_POINT('',(3.4,80.1));
#10480 = ( GEOMETRIC_REPRESENTATION_CONTEXT(2) 
PARAMETRIC_REPRESENTATION_CONTEXT() REPRESENTATION_CONTEXT('2D SPACE',''
  ) );
#10481 = PCURVE('',#10211,#10482);
#10482 = DEFINITIONAL_REPRESENTATION('',(#10483),#10486);
#10483 = B_SPLINE_CURVE_WITH_KNOTS('',1,(#10484,#10485),.UNSPECIFIED.,
  .F.,.F.,(2,2),(2.2,78.4),.PIECEWISE_BEZIER_KNOTS.);
#10484 = CARTESIAN_POINT('',(2.42,-0.5));
#10485 = CARTESIAN_POINT('',(2.42,-76.7));
#10486 = ( GEOMETRIC_REPRESENTATION_CONTEXT(2) 
PARAMETRIC_REPRESENTATION_CONTEXT() REPRESENTATION_CONTEXT('2D SPACE',''
  ) );
#10487 = ORIENTED_EDGE('',*,*,#10488,.T.);
#10488 = EDGE_CURVE('',#10466,#10416,#10489,.T.);
#10489 = SURFACE_CURVE('',#10490,(#10495,#10502),.PCURVE_S1.);
#10490 = CIRCLE('',#10491,0.5);
#10491 = AXIS2_PLACEMENT_3D('',#10492,#10493,#10494);
#10492 = CARTESIAN_POINT('',(-26.1,-38.1,25.4));
#10493 = DIRECTION('',(0.,0.,1.));
#10494 = DIRECTION('',(-1.,-0.,0.));
#10495 = PCURVE('',#10451,#10496);
#10496 = DEFINITIONAL_REPRESENTATION('',(#10497),#10501);
#10497 = CIRCLE('',#10498,0.5);
#10498 = AXIS2_PLACEMENT_2D('',#10499,#10500);
#10499 = CARTESIAN_POINT('',(3.9,3.9));
#10500 = DIRECTION('',(-1.,0.));
#10501 = ( GEOMETRIC_REPRESENTATION_CONTEXT(2) 
PARAMETRIC_REPRESENTATION_CONTEXT() REPRESENTATION_CONTEXT('2D SPACE',''
  ) );
#10502 = PCURVE('',#10183,#10503);
#10503 = DEFINITIONAL_REPRESENTATION('',(#10504),#10508);
#10504 = LINE('',#10505,#10506);
#10505 = CARTESIAN_POINT('',(0.,2.42));
#10506 = VECTOR('',#10507,1.);
#10507 = DIRECTION('',(1.,0.));
#10508 = ( GEOMETRIC_REPRESENTATION_CONTEXT(2) 
PARAMETRIC_REPRESENTATION_CONTEXT() REPRESENTATION_CONTEXT('2D SPACE',''
  ) );
#10509 = ORIENTED_EDGE('',*,*,#10438,.F.);
#10510 = ORIENTED_EDGE('',*,*,#10511,.T.);
#10511 = EDGE_CURVE('',#10392,#10512,#10514,.T.);
#10512 = VERTEX_POINT('',#10513);
#10513 = CARTESIAN_POINT('',(-3.9,-38.1,25.4));
#10514 = SURFACE_CURVE('',#10515,(#10520,#10527),.PCURVE_S1.);
#10515 = CIRCLE('',#10516,0.5);
#10516 = AXIS2_PLACEMENT_3D('',#10517,#10518,#10519);
#10517 = CARTESIAN_POINT('',(-4.4,-38.1,25.4));
#10518 = DIRECTION('',(0.,0.,1.));
#10519 = DIRECTION('',(1.,0.,-0.));
#10520 = PCURVE('',#10451,#10521);
#10521 = DEFINITIONAL_REPRESENTATION('',(#10522),#10526);
#10522 = CIRCLE('',#10523,0.5);
#10523 = AXIS2_PLACEMENT_2D('',#10524,#10525);
#10524 = CARTESIAN_POINT('',(25.6,3.9));
#10525 = DIRECTION('',(1.,0.));
#10526 = ( GEOMETRIC_REPRESENTATION_CONTEXT(2) 
PARAMETRIC_REPRESENTATION_CONTEXT() REPRESENTATION_CONTEXT('2D SPACE',''
  ) );
#10527 = PCURVE('',#10351,#10528);
#10528 = DEFINITIONAL_REPRESENTATION('',(#10529),#10533);
#10529 = LINE('',#10530,#10531);
#10530 = CARTESIAN_POINT('',(-6.28318530718,2.42));
#10531 = VECTOR('',#10532,1.);
#10532 = DIRECTION('',(1.,-0.));
#10533 = ( GEOMETRIC_REPRESENTATION_CONTEXT(2) 
PARAMETRIC_REPRESENTATION_CONTEXT() REPRESENTATION_CONTEXT('2D SPACE',''
  ) );
#10534 = ORIENTED_EDGE('',*,*,#10535,.T.);
#10535 = EDGE_CURVE('',#10512,#10536,#10538,.T.);
#10536 = VERTEX_POINT('',#10537);
#10537 = CARTESIAN_POINT('',(-3.9,38.1,25.4));
#10538 = SURFACE_CURVE('',#10539,(#10543,#10549),.PCURVE_S1.);
#10539 = LINE('',#10540,#10541);
#10540 = CARTESIAN_POINT('',(-3.9,-40.3,25.4));
#10541 = VECTOR('',#10542,1.);
#10542 = DIRECTION('',(0.,1.,0.));
#10543 = PCURVE('',#10451,#10544);
#10544 = DEFINITIONAL_REPRESENTATION('',(#10545),#10548);
#10545 = B_SPLINE_CURVE_WITH_KNOTS('',1,(#10546,#10547),.UNSPECIFIED.,
  .F.,.F.,(2,2),(2.2,78.4),.PIECEWISE_BEZIER_KNOTS.);
#10546 = CARTESIAN_POINT('',(26.1,3.9));
#10547 = CARTESIAN_POINT('',(26.1,80.1));
#10548 = ( GEOMETRIC_REPRESENTATION_CONTEXT(2) 
PARAMETRIC_REPRESENTATION_CONTEXT() REPRESENTATION_CONTEXT('2D SPACE',''
  ) );
#10549 = PCURVE('',#10323,#10550);
#10550 = DEFINITIONAL_REPRESENTATION('',(#10551),#10554);
#10551 = B_SPLINE_CURVE_WITH_KNOTS('',1,(#10552,#10553),.UNSPECIFIED.,
  .F.,.F.,(2,2),(2.2,78.4),.PIECEWISE_BEZIER_KNOTS.);
#10552 = CARTESIAN_POINT('',(2.42,-0.5));
#10553 = CARTESIAN_POINT('',(2.42,-76.7));
#10554 = ( GEOMETRIC_REPRESENTATION_CONTEXT(2) 
PARAMETRIC_REPRESENTATION_CONTEXT() REPRESENTATION_CONTEXT('2D SPACE',''
  ) );
#10555 = ORIENTED_EDGE('',*,*,#10556,.T.);
#10556 = EDGE_CURVE('',#10536,#10557,#10559,.T.);
#10557 = VERTEX_POINT('',#10558);
#10558 = CARTESIAN_POINT('',(-4.4,38.6,25.4));
#10559 = SURFACE_CURVE('',#10560,(#10565,#10572),.PCURVE_S1.);
#10560 = CIRCLE('',#10561,0.5);
#10561 = AXIS2_PLACEMENT_3D('',#10562,#10563,#10564);
#10562 = CARTESIAN_POINT('',(-4.4,38.1,25.4));
#10563 = DIRECTION('',(0.,0.,1.));
#10564 = DIRECTION('',(1.,0.,-0.));
#10565 = PCURVE('',#10451,#10566);
#10566 = DEFINITIONAL_REPRESENTATION('',(#10567),#10571);
#10567 = CIRCLE('',#10568,0.5);
#10568 = AXIS2_PLACEMENT_2D('',#10569,#10570);
#10569 = CARTESIAN_POINT('',(25.6,80.1));
#10570 = DIRECTION('',(1.,0.));
#10571 = ( GEOMETRIC_REPRESENTATION_CONTEXT(2) 
PARAMETRIC_REPRESENTATION_CONTEXT() REPRESENTATION_CONTEXT('2D SPACE',''
  ) );
#10572 = PCURVE('',#10295,#10573);
#10573 = DEFINITIONAL_REPRESENTATION('',(#10574),#10578);
#10574 = LINE('',#10575,#10576);
#10575 = CARTESIAN_POINT('',(0.,2.42));
#10576 = VECTOR('',#10577,1.);
#10577 = DIRECTION('',(1.,0.));
#10578 = ( GEOMETRIC_REPRESENTATION_CONTEXT(2) 
PARAMETRIC_REPRESENTATION_CONTEXT() REPRESENTATION_CONTEXT('2D SPACE',''
  ) );
#10579 = ORIENTED_EDGE('',*,*,#10580,.T.);
#10580 = EDGE_CURVE('',#10557,#10581,#10583,.T.);
#10581 = VERTEX_POINT('',#10582);
#10582 = CARTESIAN_POINT('',(-26.1,38.6,25.4));
#10583 = SURFACE_CURVE('',#10584,(#10588,#10594),.PCURVE_S1.);
#10584 = LINE('',#10585,#10586);
#10585 = CARTESIAN_POINT('',(-28.3,38.6,25.4));
#10586 = VECTOR('',#10587,1.);
#10587 = DIRECTION('',(-1.,0.,0.));
#10588 = PCURVE('',#10451,#10589);
#10589 = DEFINITIONAL_REPRESENTATION('',(#10590),#10593);
#10590 = B_SPLINE_CURVE_WITH_KNOTS('',1,(#10591,#10592),.UNSPECIFIED.,
  .F.,.F.,(2,2),(-23.9,-2.2),.PIECEWISE_BEZIER_KNOTS.);
#10591 = CARTESIAN_POINT('',(25.6,80.6));
#10592 = CARTESIAN_POINT('',(3.9,80.6));
#10593 = ( GEOMETRIC_REPRESENTATION_CONTEXT(2) 
PARAMETRIC_REPRESENTATION_CONTEXT() REPRESENTATION_CONTEXT('2D SPACE',''
  ) );
#10594 = PCURVE('',#10267,#10595);
#10595 = DEFINITIONAL_REPRESENTATION('',(#10596),#10599);
#10596 = B_SPLINE_CURVE_WITH_KNOTS('',1,(#10597,#10598),.UNSPECIFIED.,
  .F.,.F.,(2,2),(-23.9,-2.2),.PIECEWISE_BEZIER_KNOTS.);
#10597 = CARTESIAN_POINT('',(2.42,22.2));
#10598 = CARTESIAN_POINT('',(2.42,0.5));
#10599 = ( GEOMETRIC_REPRESENTATION_CONTEXT(2) 
PARAMETRIC_REPRESENTATION_CONTEXT() REPRESENTATION_CONTEXT('2D SPACE',''
  ) );
#10600 = ORIENTED_EDGE('',*,*,#10601,.T.);
#10601 = EDGE_CURVE('',#10581,#10468,#10602,.T.);
#10602 = SURFACE_CURVE('',#10603,(#10608,#10615),.PCURVE_S1.);
#10603 = CIRCLE('',#10604,0.5);
#10604 = AXIS2_PLACEMENT_3D('',#10605,#10606,#10607);
#10605 = CARTESIAN_POINT('',(-26.1,38.1,25.4));
#10606 = DIRECTION('',(0.,0.,1.));
#10607 = DIRECTION('',(-1.,-0.,0.));
#10608 = PCURVE('',#10451,#10609);
#10609 = DEFINITIONAL_REPRESENTATION('',(#10610),#10614);
#10610 = CIRCLE('',#10611,0.5);
#10611 = AXIS2_PLACEMENT_2D('',#10612,#10613);
#10612 = CARTESIAN_POINT('',(3.9,80.1));
#10613 = DIRECTION('',(-1.,0.));
#10614 = ( GEOMETRIC_REPRESENTATION_CONTEXT(2) 
PARAMETRIC_REPRESENTATION_CONTEXT() REPRESENTATION_CONTEXT('2D SPACE',''
  ) );
#10615 = PCURVE('',#10239,#10616);
#10616 = DEFINITIONAL_REPRESENTATION('',(#10617),#10621);
#10617 = LINE('',#10618,#10619);
#10618 = CARTESIAN_POINT('',(-6.28318530718,2.42));
#10619 = VECTOR('',#10620,1.);
#10620 = DIRECTION('',(1.,-0.));
#10621 = ( GEOMETRIC_REPRESENTATION_CONTEXT(2) 
PARAMETRIC_REPRESENTATION_CONTEXT() REPRESENTATION_CONTEXT('2D SPACE',''
  ) );
#10622 = ADVANCED_FACE('',(#10623),#10351,.F.);
#10623 = FACE_BOUND('',#10624,.T.);
#10624 = EDGE_LOOP('',(#10625,#10646,#10647,#10648));
#10625 = ORIENTED_EDGE('',*,*,#10626,.F.);
#10626 = EDGE_CURVE('',#10308,#10512,#10627,.T.);
#10627 = SURFACE_CURVE('',#10628,(#10632,#10639),.PCURVE_S1.);
#10628 = LINE('',#10629,#10630);
#10629 = CARTESIAN_POINT('',(-3.9,-38.1,22.98));
#10630 = VECTOR('',#10631,1.);
#10631 = DIRECTION('',(0.,0.,1.));
#10632 = PCURVE('',#10351,#10633);
#10633 = DEFINITIONAL_REPRESENTATION('',(#10634),#10638);
#10634 = LINE('',#10635,#10636);
#10635 = CARTESIAN_POINT('',(-0.,0.));
#10636 = VECTOR('',#10637,1.);
#10637 = DIRECTION('',(-0.,1.));
#10638 = ( GEOMETRIC_REPRESENTATION_CONTEXT(2) 
PARAMETRIC_REPRESENTATION_CONTEXT() REPRESENTATION_CONTEXT('2D SPACE',''
  ) );
#10639 = PCURVE('',#10323,#10640);
#10640 = DEFINITIONAL_REPRESENTATION('',(#10641),#10645);
#10641 = LINE('',#10642,#10643);
#10642 = CARTESIAN_POINT('',(0.,-0.5));
#10643 = VECTOR('',#10644,1.);
#10644 = DIRECTION('',(1.,0.));
#10645 = ( GEOMETRIC_REPRESENTATION_CONTEXT(2) 
PARAMETRIC_REPRESENTATION_CONTEXT() REPRESENTATION_CONTEXT('2D SPACE',''
  ) );
#10646 = ORIENTED_EDGE('',*,*,#10334,.F.);
#10647 = ORIENTED_EDGE('',*,*,#10391,.T.);
#10648 = ORIENTED_EDGE('',*,*,#10511,.T.);
#10649 = ADVANCED_FACE('',(#10650),#10323,.F.);
#10650 = FACE_BOUND('',#10651,.F.);
#10651 = EDGE_LOOP('',(#10652,#10653,#10654,#10655));
#10652 = ORIENTED_EDGE('',*,*,#10535,.F.);
#10653 = ORIENTED_EDGE('',*,*,#10626,.F.);
#10654 = ORIENTED_EDGE('',*,*,#10307,.T.);
#10655 = ORIENTED_EDGE('',*,*,#10656,.T.);
#10656 = EDGE_CURVE('',#10279,#10536,#10657,.T.);
#10657 = SURFACE_CURVE('',#10658,(#10662,#10669),.PCURVE_S1.);
#10658 = LINE('',#10659,#10660);
#10659 = CARTESIAN_POINT('',(-3.9,38.1,22.98));
#10660 = VECTOR('',#10661,1.);
#10661 = DIRECTION('',(0.,0.,1.));
#10662 = PCURVE('',#10323,#10663);
#10663 = DEFINITIONAL_REPRESENTATION('',(#10664),#10668);
#10664 = LINE('',#10665,#10666);
#10665 = CARTESIAN_POINT('',(0.,-76.7));
#10666 = VECTOR('',#10667,1.);
#10667 = DIRECTION('',(1.,0.));
#10668 = ( GEOMETRIC_REPRESENTATION_CONTEXT(2) 
PARAMETRIC_REPRESENTATION_CONTEXT() REPRESENTATION_CONTEXT('2D SPACE',''
  ) );
#10669 = PCURVE('',#10295,#10670);
#10670 = DEFINITIONAL_REPRESENTATION('',(#10671),#10675);
#10671 = LINE('',#10672,#10673);
#10672 = CARTESIAN_POINT('',(0.,0.));
#10673 = VECTOR('',#10674,1.);
#10674 = DIRECTION('',(0.,1.));
#10675 = ( GEOMETRIC_REPRESENTATION_CONTEXT(2) 
PARAMETRIC_REPRESENTATION_CONTEXT() REPRESENTATION_CONTEXT('2D SPACE',''
  ) );
#10676 = ADVANCED_FACE('',(#10677),#10295,.F.);
#10677 = FACE_BOUND('',#10678,.F.);
#10678 = EDGE_LOOP('',(#10679,#10680,#10681,#10702));
#10679 = ORIENTED_EDGE('',*,*,#10656,.F.);
#10680 = ORIENTED_EDGE('',*,*,#10278,.T.);
#10681 = ORIENTED_EDGE('',*,*,#10682,.T.);
#10682 = EDGE_CURVE('',#10252,#10557,#10683,.T.);
#10683 = SURFACE_CURVE('',#10684,(#10688,#10695),.PCURVE_S1.);
#10684 = LINE('',#10685,#10686);
#10685 = CARTESIAN_POINT('',(-4.4,38.6,22.98));
#10686 = VECTOR('',#10687,1.);
#10687 = DIRECTION('',(0.,0.,1.));
#10688 = PCURVE('',#10295,#10689);
#10689 = DEFINITIONAL_REPRESENTATION('',(#10690),#10694);
#10690 = LINE('',#10691,#10692);
#10691 = CARTESIAN_POINT('',(1.570796326795,0.));
#10692 = VECTOR('',#10693,1.);
#10693 = DIRECTION('',(0.,1.));
#10694 = ( GEOMETRIC_REPRESENTATION_CONTEXT(2) 
PARAMETRIC_REPRESENTATION_CONTEXT() REPRESENTATION_CONTEXT('2D SPACE',''
  ) );
#10695 = PCURVE('',#10267,#10696);
#10696 = DEFINITIONAL_REPRESENTATION('',(#10697),#10701);
#10697 = LINE('',#10698,#10699);
#10698 = CARTESIAN_POINT('',(0.,22.2));
#10699 = VECTOR('',#10700,1.);
#10700 = DIRECTION('',(1.,0.));
#10701 = ( GEOMETRIC_REPRESENTATION_CONTEXT(2) 
PARAMETRIC_REPRESENTATION_CONTEXT() REPRESENTATION_CONTEXT('2D SPACE',''
  ) );
#10702 = ORIENTED_EDGE('',*,*,#10556,.F.);
#10703 = ADVANCED_FACE('',(#10704),#10267,.F.);
#10704 = FACE_BOUND('',#10705,.F.);
#10705 = EDGE_LOOP('',(#10706,#10707,#10708,#10729));
#10706 = ORIENTED_EDGE('',*,*,#10682,.F.);
#10707 = ORIENTED_EDGE('',*,*,#10251,.T.);
#10708 = ORIENTED_EDGE('',*,*,#10709,.T.);
#10709 = EDGE_CURVE('',#10223,#10581,#10710,.T.);
#10710 = SURFACE_CURVE('',#10711,(#10715,#10722),.PCURVE_S1.);
#10711 = LINE('',#10712,#10713);
#10712 = CARTESIAN_POINT('',(-26.1,38.6,22.98));
#10713 = VECTOR('',#10714,1.);
#10714 = DIRECTION('',(0.,0.,1.));
#10715 = PCURVE('',#10267,#10716);
#10716 = DEFINITIONAL_REPRESENTATION('',(#10717),#10721);
#10717 = LINE('',#10718,#10719);
#10718 = CARTESIAN_POINT('',(0.,0.5));
#10719 = VECTOR('',#10720,1.);
#10720 = DIRECTION('',(1.,0.));
#10721 = ( GEOMETRIC_REPRESENTATION_CONTEXT(2) 
PARAMETRIC_REPRESENTATION_CONTEXT() REPRESENTATION_CONTEXT('2D SPACE',''
  ) );
#10722 = PCURVE('',#10239,#10723);
#10723 = DEFINITIONAL_REPRESENTATION('',(#10724),#10728);
#10724 = LINE('',#10725,#10726);
#10725 = CARTESIAN_POINT('',(-1.570796326795,0.));
#10726 = VECTOR('',#10727,1.);
#10727 = DIRECTION('',(-0.,1.));
#10728 = ( GEOMETRIC_REPRESENTATION_CONTEXT(2) 
PARAMETRIC_REPRESENTATION_CONTEXT() REPRESENTATION_CONTEXT('2D SPACE',''
  ) );
#10729 = ORIENTED_EDGE('',*,*,#10580,.F.);
#10730 = ADVANCED_FACE('',(#10731),#10239,.F.);
#10731 = FACE_BOUND('',#10732,.T.);
#10732 = EDGE_LOOP('',(#10733,#10754,#10755,#10756));
#10733 = ORIENTED_EDGE('',*,*,#10734,.F.);
#10734 = EDGE_CURVE('',#10196,#10468,#10735,.T.);
#10735 = SURFACE_CURVE('',#10736,(#10740,#10747),.PCURVE_S1.);
#10736 = LINE('',#10737,#10738);
#10737 = CARTESIAN_POINT('',(-26.6,38.1,22.98));
#10738 = VECTOR('',#10739,1.);
#10739 = DIRECTION('',(0.,0.,1.));
#10740 = PCURVE('',#10239,#10741);
#10741 = DEFINITIONAL_REPRESENTATION('',(#10742),#10746);
#10742 = LINE('',#10743,#10744);
#10743 = CARTESIAN_POINT('',(-0.,0.));
#10744 = VECTOR('',#10745,1.);
#10745 = DIRECTION('',(-0.,1.));
#10746 = ( GEOMETRIC_REPRESENTATION_CONTEXT(2) 
PARAMETRIC_REPRESENTATION_CONTEXT() REPRESENTATION_CONTEXT('2D SPACE',''
  ) );
#10747 = PCURVE('',#10211,#10748);
#10748 = DEFINITIONAL_REPRESENTATION('',(#10749),#10753);
#10749 = LINE('',#10750,#10751);
#10750 = CARTESIAN_POINT('',(0.,-76.7));
#10751 = VECTOR('',#10752,1.);
#10752 = DIRECTION('',(1.,0.));
#10753 = ( GEOMETRIC_REPRESENTATION_CONTEXT(2) 
PARAMETRIC_REPRESENTATION_CONTEXT() REPRESENTATION_CONTEXT('2D SPACE',''
  ) );
#10754 = ORIENTED_EDGE('',*,*,#10222,.F.);
#10755 = ORIENTED_EDGE('',*,*,#10709,.T.);
#10756 = ORIENTED_EDGE('',*,*,#10601,.T.);
#10757 = ADVANCED_FACE('',(#10758),#10211,.T.);
#10758 = FACE_BOUND('',#10759,.T.);
#10759 = EDGE_LOOP('',(#10760,#10761,#10782,#10783));
#10760 = ORIENTED_EDGE('',*,*,#10465,.F.);
#10761 = ORIENTED_EDGE('',*,*,#10762,.F.);
#10762 = EDGE_CURVE('',#10165,#10466,#10763,.T.);
#10763 = SURFACE_CURVE('',#10764,(#10768,#10775),.PCURVE_S1.);
#10764 = LINE('',#10765,#10766);
#10765 = CARTESIAN_POINT('',(-26.6,-38.1,22.98));
#10766 = VECTOR('',#10767,1.);
#10767 = DIRECTION('',(0.,0.,1.));
#10768 = PCURVE('',#10211,#10769);
#10769 = DEFINITIONAL_REPRESENTATION('',(#10770),#10774);
#10770 = LINE('',#10771,#10772);
#10771 = CARTESIAN_POINT('',(0.,-0.5));
#10772 = VECTOR('',#10773,1.);
#10773 = DIRECTION('',(1.,0.));
#10774 = ( GEOMETRIC_REPRESENTATION_CONTEXT(2) 
PARAMETRIC_REPRESENTATION_CONTEXT() REPRESENTATION_CONTEXT('2D SPACE',''
  ) );
#10775 = PCURVE('',#10183,#10776);
#10776 = DEFINITIONAL_REPRESENTATION('',(#10777),#10781);
#10777 = LINE('',#10778,#10779);
#10778 = CARTESIAN_POINT('',(0.,0.));
#10779 = VECTOR('',#10780,1.);
#10780 = DIRECTION('',(0.,1.));
#10781 = ( GEOMETRIC_REPRESENTATION_CONTEXT(2) 
PARAMETRIC_REPRESENTATION_CONTEXT() REPRESENTATION_CONTEXT('2D SPACE',''
  ) );
#10782 = ORIENTED_EDGE('',*,*,#10195,.T.);
#10783 = ORIENTED_EDGE('',*,*,#10734,.T.);
#10784 = ADVANCED_FACE('',(#10785),#10183,.F.);
#10785 = FACE_BOUND('',#10786,.F.);
#10786 = EDGE_LOOP('',(#10787,#10788,#10789,#10790));
#10787 = ORIENTED_EDGE('',*,*,#10762,.F.);
#10788 = ORIENTED_EDGE('',*,*,#10164,.T.);
#10789 = ORIENTED_EDGE('',*,*,#10415,.T.);
#10790 = ORIENTED_EDGE('',*,*,#10488,.F.);
#10791 = ADVANCED_FACE('',(#10792),#9687,.T.);
#10792 = FACE_BOUND('',#10793,.F.);
#10793 = EDGE_LOOP('',(#10794,#10815,#10816,#10817));
#10794 = ORIENTED_EDGE('',*,*,#10795,.F.);
#10795 = EDGE_CURVE('',#9851,#9645,#10796,.T.);
#10796 = SURFACE_CURVE('',#10797,(#10801,#10808),.PCURVE_S1.);
#10797 = LINE('',#10798,#10799);
#10798 = CARTESIAN_POINT('',(-2.7,-38.2,23.));
#10799 = VECTOR('',#10800,1.);
#10800 = DIRECTION('',(0.,0.,1.));
#10801 = PCURVE('',#9687,#10802);
#10802 = DEFINITIONAL_REPRESENTATION('',(#10803),#10807);
#10803 = LINE('',#10804,#10805);
#10804 = CARTESIAN_POINT('',(-0.,0.));
#10805 = VECTOR('',#10806,1.);
#10806 = DIRECTION('',(-0.,1.));
#10807 = ( GEOMETRIC_REPRESENTATION_CONTEXT(2) 
PARAMETRIC_REPRESENTATION_CONTEXT() REPRESENTATION_CONTEXT('2D SPACE',''
  ) );
#10808 = PCURVE('',#9659,#10809);
#10809 = DEFINITIONAL_REPRESENTATION('',(#10810),#10814);
#10810 = LINE('',#10811,#10812);
#10811 = CARTESIAN_POINT('',(0.,-1.6));
#10812 = VECTOR('',#10813,1.);
#10813 = DIRECTION('',(1.,0.));
#10814 = ( GEOMETRIC_REPRESENTATION_CONTEXT(2) 
PARAMETRIC_REPRESENTATION_CONTEXT() REPRESENTATION_CONTEXT('2D SPACE',''
  ) );
#10815 = ORIENTED_EDGE('',*,*,#9850,.T.);
#10816 = ORIENTED_EDGE('',*,*,#9778,.T.);
#10817 = ORIENTED_EDGE('',*,*,#9670,.T.);
#10818 = ADVANCED_FACE('',(#10819),#9659,.T.);
#10819 = FACE_BOUND('',#10820,.T.);
#10820 = EDGE_LOOP('',(#10821,#10822,#10823,#10824));
#10821 = ORIENTED_EDGE('',*,*,#9644,.F.);
#10822 = ORIENTED_EDGE('',*,*,#10795,.F.);
#10823 = ORIENTED_EDGE('',*,*,#9878,.T.);
#10824 = ORIENTED_EDGE('',*,*,#10825,.F.);
#10825 = EDGE_CURVE('',#9616,#9879,#10826,.T.);
#10826 = SURFACE_CURVE('',#10827,(#10831,#10837),.PCURVE_S1.);
#10827 = LINE('',#10828,#10829);
#10828 = CARTESIAN_POINT('',(-2.7,-24.34292856399,23.));
#10829 = VECTOR('',#10830,1.);
#10830 = DIRECTION('',(-0.,-0.,-1.));
#10831 = PCURVE('',#9659,#10832);
#10832 = DEFINITIONAL_REPRESENTATION('',(#10833),#10836);
#10833 = B_SPLINE_CURVE_WITH_KNOTS('',1,(#10834,#10835),.UNSPECIFIED.,
  .F.,.F.,(2,2),(-2.4200006,5.999999999062E-07),
  .PIECEWISE_BEZIER_KNOTS.);
#10834 = CARTESIAN_POINT('',(2.4200006,-15.45707143601));
#10835 = CARTESIAN_POINT('',(-5.999999999062E-07,-15.45707143601));
#10836 = ( GEOMETRIC_REPRESENTATION_CONTEXT(2) 
PARAMETRIC_REPRESENTATION_CONTEXT() REPRESENTATION_CONTEXT('2D SPACE',''
  ) );
#10837 = PCURVE('',#9632,#10838);
#10838 = DEFINITIONAL_REPRESENTATION('',(#10839),#10842);
#10839 = B_SPLINE_CURVE_WITH_KNOTS('',1,(#10840,#10841),.UNSPECIFIED.,
  .F.,.F.,(2,2),(-2.4,0.),.PIECEWISE_BEZIER_KNOTS.);
#10840 = CARTESIAN_POINT('',(-4.913746901175,-2.4));
#10841 = CARTESIAN_POINT('',(-4.913746901175,0.));
#10842 = ( GEOMETRIC_REPRESENTATION_CONTEXT(2) 
PARAMETRIC_REPRESENTATION_CONTEXT() REPRESENTATION_CONTEXT('2D SPACE',''
  ) );
#10843 = ADVANCED_FACE('',(#10844),#9632,.T.);
#10844 = FACE_BOUND('',#10845,.F.);
#10845 = EDGE_LOOP('',(#10846,#10847,#10866,#10867));
#10846 = ORIENTED_EDGE('',*,*,#9615,.T.);
#10847 = ORIENTED_EDGE('',*,*,#10848,.T.);
#10848 = EDGE_CURVE('',#9590,#9902,#10849,.T.);
#10849 = SURFACE_CURVE('',#10850,(#10854,#10860),.PCURVE_S1.);
#10850 = LINE('',#10851,#10852);
#10851 = CARTESIAN_POINT('',(-2.7,-23.65707143601,23.));
#10852 = VECTOR('',#10853,1.);
#10853 = DIRECTION('',(-0.,-0.,-1.));
#10854 = PCURVE('',#9632,#10855);
#10855 = DEFINITIONAL_REPRESENTATION('',(#10856),#10859);
#10856 = B_SPLINE_CURVE_WITH_KNOTS('',1,(#10857,#10858),.UNSPECIFIED.,
  .F.,.F.,(2,2),(-2.4,0.),.PIECEWISE_BEZIER_KNOTS.);
#10857 = CARTESIAN_POINT('',(-7.652623713184,-2.4));
#10858 = CARTESIAN_POINT('',(-7.652623713184,0.));
#10859 = ( GEOMETRIC_REPRESENTATION_CONTEXT(2) 
PARAMETRIC_REPRESENTATION_CONTEXT() REPRESENTATION_CONTEXT('2D SPACE',''
  ) );
#10860 = PCURVE('',#9604,#10861);
#10861 = DEFINITIONAL_REPRESENTATION('',(#10862),#10865);
#10862 = B_SPLINE_CURVE_WITH_KNOTS('',1,(#10863,#10864),.UNSPECIFIED.,
  .F.,.F.,(2,2),(-2.4200006,5.999999999062E-07),
  .PIECEWISE_BEZIER_KNOTS.);
#10863 = CARTESIAN_POINT('',(2.4200006,-16.14292856399));
#10864 = CARTESIAN_POINT('',(-5.999999999062E-07,-16.14292856399));
#10865 = ( GEOMETRIC_REPRESENTATION_CONTEXT(2) 
PARAMETRIC_REPRESENTATION_CONTEXT() REPRESENTATION_CONTEXT('2D SPACE',''
  ) );
#10866 = ORIENTED_EDGE('',*,*,#9901,.F.);
#10867 = ORIENTED_EDGE('',*,*,#10825,.F.);
#10868 = ADVANCED_FACE('',(#10869),#9604,.T.);
#10869 = FACE_BOUND('',#10870,.T.);
#10870 = EDGE_LOOP('',(#10871,#10872,#10873,#10874));
#10871 = ORIENTED_EDGE('',*,*,#9589,.F.);
#10872 = ORIENTED_EDGE('',*,*,#10848,.T.);
#10873 = ORIENTED_EDGE('',*,*,#9925,.T.);
#10874 = ORIENTED_EDGE('',*,*,#10875,.F.);
#10875 = EDGE_CURVE('',#9561,#9926,#10876,.T.);
#10876 = SURFACE_CURVE('',#10877,(#10881,#10887),.PCURVE_S1.);
#10877 = LINE('',#10878,#10879);
#10878 = CARTESIAN_POINT('',(-2.7,23.65707143601,23.));
#10879 = VECTOR('',#10880,1.);
#10880 = DIRECTION('',(-0.,-0.,-1.));
#10881 = PCURVE('',#9604,#10882);
#10882 = DEFINITIONAL_REPRESENTATION('',(#10883),#10886);
#10883 = B_SPLINE_CURVE_WITH_KNOTS('',1,(#10884,#10885),.UNSPECIFIED.,
  .F.,.F.,(2,2),(-2.4200006,5.999999999062E-07),
  .PIECEWISE_BEZIER_KNOTS.);
#10884 = CARTESIAN_POINT('',(2.4200006,-63.45707143601));
#10885 = CARTESIAN_POINT('',(-5.999999999062E-07,-63.45707143601));
#10886 = ( GEOMETRIC_REPRESENTATION_CONTEXT(2) 
PARAMETRIC_REPRESENTATION_CONTEXT() REPRESENTATION_CONTEXT('2D SPACE',''
  ) );
#10887 = PCURVE('',#9577,#10888);
#10888 = DEFINITIONAL_REPRESENTATION('',(#10889),#10892);
#10889 = B_SPLINE_CURVE_WITH_KNOTS('',1,(#10890,#10891),.UNSPECIFIED.,
  .F.,.F.,(2,2),(-2.4,0.),.PIECEWISE_BEZIER_KNOTS.);
#10890 = CARTESIAN_POINT('',(-4.913746901175,-2.4));
#10891 = CARTESIAN_POINT('',(-4.913746901175,0.));
#10892 = ( GEOMETRIC_REPRESENTATION_CONTEXT(2) 
PARAMETRIC_REPRESENTATION_CONTEXT() REPRESENTATION_CONTEXT('2D SPACE',''
  ) );
#10893 = ADVANCED_FACE('',(#10894),#9577,.T.);
#10894 = FACE_BOUND('',#10895,.F.);
#10895 = EDGE_LOOP('',(#10896,#10897,#10916,#10917));
#10896 = ORIENTED_EDGE('',*,*,#9560,.T.);
#10897 = ORIENTED_EDGE('',*,*,#10898,.T.);
#10898 = EDGE_CURVE('',#9535,#9949,#10899,.T.);
#10899 = SURFACE_CURVE('',#10900,(#10904,#10910),.PCURVE_S1.);
#10900 = LINE('',#10901,#10902);
#10901 = CARTESIAN_POINT('',(-2.7,24.34292856399,23.));
#10902 = VECTOR('',#10903,1.);
#10903 = DIRECTION('',(-0.,-0.,-1.));
#10904 = PCURVE('',#9577,#10905);
#10905 = DEFINITIONAL_REPRESENTATION('',(#10906),#10909);
#10906 = B_SPLINE_CURVE_WITH_KNOTS('',1,(#10907,#10908),.UNSPECIFIED.,
  .F.,.F.,(2,2),(-2.4,0.),.PIECEWISE_BEZIER_KNOTS.);
#10907 = CARTESIAN_POINT('',(-7.652623713184,-2.4));
#10908 = CARTESIAN_POINT('',(-7.652623713184,0.));
#10909 = ( GEOMETRIC_REPRESENTATION_CONTEXT(2) 
PARAMETRIC_REPRESENTATION_CONTEXT() REPRESENTATION_CONTEXT('2D SPACE',''
  ) );
#10910 = PCURVE('',#9549,#10911);
#10911 = DEFINITIONAL_REPRESENTATION('',(#10912),#10915);
#10912 = B_SPLINE_CURVE_WITH_KNOTS('',1,(#10913,#10914),.UNSPECIFIED.,
  .F.,.F.,(2,2),(-2.4200006,5.999999999062E-07),
  .PIECEWISE_BEZIER_KNOTS.);
#10913 = CARTESIAN_POINT('',(2.4200006,-64.14292856399));
#10914 = CARTESIAN_POINT('',(-5.999999999062E-07,-64.14292856399));
#10915 = ( GEOMETRIC_REPRESENTATION_CONTEXT(2) 
PARAMETRIC_REPRESENTATION_CONTEXT() REPRESENTATION_CONTEXT('2D SPACE',''
  ) );
#10916 = ORIENTED_EDGE('',*,*,#9948,.F.);
#10917 = ORIENTED_EDGE('',*,*,#10875,.F.);
#10918 = ADVANCED_FACE('',(#10919),#9549,.T.);
#10919 = FACE_BOUND('',#10920,.T.);
#10920 = EDGE_LOOP('',(#10921,#10922,#10923,#10924));
#10921 = ORIENTED_EDGE('',*,*,#9534,.F.);
#10922 = ORIENTED_EDGE('',*,*,#10898,.T.);
#10923 = ORIENTED_EDGE('',*,*,#9972,.T.);
#10924 = ORIENTED_EDGE('',*,*,#10925,.T.);
#10925 = EDGE_CURVE('',#9973,#9506,#10926,.T.);
#10926 = SURFACE_CURVE('',#10927,(#10931,#10938),.PCURVE_S1.);
#10927 = LINE('',#10928,#10929);
#10928 = CARTESIAN_POINT('',(-2.7,38.2,23.));
#10929 = VECTOR('',#10930,1.);
#10930 = DIRECTION('',(0.,0.,1.));
#10931 = PCURVE('',#9549,#10932);
#10932 = DEFINITIONAL_REPRESENTATION('',(#10933),#10937);
#10933 = LINE('',#10934,#10935);
#10934 = CARTESIAN_POINT('',(0.,-78.));
#10935 = VECTOR('',#10936,1.);
#10936 = DIRECTION('',(1.,0.));
#10937 = ( GEOMETRIC_REPRESENTATION_CONTEXT(2) 
PARAMETRIC_REPRESENTATION_CONTEXT() REPRESENTATION_CONTEXT('2D SPACE',''
  ) );
#10938 = PCURVE('',#9522,#10939);
#10939 = DEFINITIONAL_REPRESENTATION('',(#10940),#10944);
#10940 = LINE('',#10941,#10942);
#10941 = CARTESIAN_POINT('',(0.,0.));
#10942 = VECTOR('',#10943,1.);
#10943 = DIRECTION('',(0.,1.));
#10944 = ( GEOMETRIC_REPRESENTATION_CONTEXT(2) 
PARAMETRIC_REPRESENTATION_CONTEXT() REPRESENTATION_CONTEXT('2D SPACE',''
  ) );
#10945 = ADVANCED_FACE('',(#10946),#9522,.T.);
#10946 = FACE_BOUND('',#10947,.T.);
#10947 = EDGE_LOOP('',(#10948,#10949,#10950,#10971));
#10948 = ORIENTED_EDGE('',*,*,#10925,.F.);
#10949 = ORIENTED_EDGE('',*,*,#9995,.T.);
#10950 = ORIENTED_EDGE('',*,*,#10951,.T.);
#10951 = EDGE_CURVE('',#9996,#9480,#10952,.T.);
#10952 = SURFACE_CURVE('',#10953,(#10957,#10964),.PCURVE_S1.);
#10953 = LINE('',#10954,#10955);
#10954 = CARTESIAN_POINT('',(-4.3,39.8,23.));
#10955 = VECTOR('',#10956,1.);
#10956 = DIRECTION('',(0.,0.,1.));
#10957 = PCURVE('',#9522,#10958);
#10958 = DEFINITIONAL_REPRESENTATION('',(#10959),#10963);
#10959 = LINE('',#10960,#10961);
#10960 = CARTESIAN_POINT('',(1.570796326795,0.));
#10961 = VECTOR('',#10962,1.);
#10962 = DIRECTION('',(0.,1.));
#10963 = ( GEOMETRIC_REPRESENTATION_CONTEXT(2) 
PARAMETRIC_REPRESENTATION_CONTEXT() REPRESENTATION_CONTEXT('2D SPACE',''
  ) );
#10964 = PCURVE('',#9494,#10965);
#10965 = DEFINITIONAL_REPRESENTATION('',(#10966),#10970);
#10966 = LINE('',#10967,#10968);
#10967 = CARTESIAN_POINT('',(0.,23.5));
#10968 = VECTOR('',#10969,1.);
#10969 = DIRECTION('',(1.,0.));
#10970 = ( GEOMETRIC_REPRESENTATION_CONTEXT(2) 
PARAMETRIC_REPRESENTATION_CONTEXT() REPRESENTATION_CONTEXT('2D SPACE',''
  ) );
#10971 = ORIENTED_EDGE('',*,*,#9505,.F.);
#10972 = ADVANCED_FACE('',(#10973),#9494,.T.);
#10973 = FACE_BOUND('',#10974,.T.);
#10974 = EDGE_LOOP('',(#10975,#10976,#10997,#10998));
#10975 = ORIENTED_EDGE('',*,*,#10019,.F.);
#10976 = ORIENTED_EDGE('',*,*,#10977,.T.);
#10977 = EDGE_CURVE('',#10020,#9451,#10978,.T.);
#10978 = SURFACE_CURVE('',#10979,(#10983,#10990),.PCURVE_S1.);
#10979 = LINE('',#10980,#10981);
#10980 = CARTESIAN_POINT('',(-26.2,39.8,23.));
#10981 = VECTOR('',#10982,1.);
#10982 = DIRECTION('',(0.,0.,1.));
#10983 = PCURVE('',#9494,#10984);
#10984 = DEFINITIONAL_REPRESENTATION('',(#10985),#10989);
#10985 = LINE('',#10986,#10987);
#10986 = CARTESIAN_POINT('',(0.,1.6));
#10987 = VECTOR('',#10988,1.);
#10988 = DIRECTION('',(1.,0.));
#10989 = ( GEOMETRIC_REPRESENTATION_CONTEXT(2) 
PARAMETRIC_REPRESENTATION_CONTEXT() REPRESENTATION_CONTEXT('2D SPACE',''
  ) );
#10990 = PCURVE('',#9467,#10991);
#10991 = DEFINITIONAL_REPRESENTATION('',(#10992),#10996);
#10992 = LINE('',#10993,#10994);
#10993 = CARTESIAN_POINT('',(-1.570796326795,0.));
#10994 = VECTOR('',#10995,1.);
#10995 = DIRECTION('',(-0.,1.));
#10996 = ( GEOMETRIC_REPRESENTATION_CONTEXT(2) 
PARAMETRIC_REPRESENTATION_CONTEXT() REPRESENTATION_CONTEXT('2D SPACE',''
  ) );
#10997 = ORIENTED_EDGE('',*,*,#9479,.F.);
#10998 = ORIENTED_EDGE('',*,*,#10951,.F.);
#10999 = ADVANCED_FACE('',(#11000),#9467,.T.);
#11000 = FACE_BOUND('',#11001,.F.);
#11001 = EDGE_LOOP('',(#11002,#11023,#11024,#11025));
#11002 = ORIENTED_EDGE('',*,*,#11003,.F.);
#11003 = EDGE_CURVE('',#10043,#9425,#11004,.T.);
#11004 = SURFACE_CURVE('',#11005,(#11009,#11016),.PCURVE_S1.);
#11005 = LINE('',#11006,#11007);
#11006 = CARTESIAN_POINT('',(-27.8,38.2,23.));
#11007 = VECTOR('',#11008,1.);
#11008 = DIRECTION('',(0.,0.,1.));
#11009 = PCURVE('',#9467,#11010);
#11010 = DEFINITIONAL_REPRESENTATION('',(#11011),#11015);
#11011 = LINE('',#11012,#11013);
#11012 = CARTESIAN_POINT('',(-0.,0.));
#11013 = VECTOR('',#11014,1.);
#11014 = DIRECTION('',(-0.,1.));
#11015 = ( GEOMETRIC_REPRESENTATION_CONTEXT(2) 
PARAMETRIC_REPRESENTATION_CONTEXT() REPRESENTATION_CONTEXT('2D SPACE',''
  ) );
#11016 = PCURVE('',#9439,#11017);
#11017 = DEFINITIONAL_REPRESENTATION('',(#11018),#11022);
#11018 = LINE('',#11019,#11020);
#11019 = CARTESIAN_POINT('',(0.,-78.));
#11020 = VECTOR('',#11021,1.);
#11021 = DIRECTION('',(1.,0.));
#11022 = ( GEOMETRIC_REPRESENTATION_CONTEXT(2) 
PARAMETRIC_REPRESENTATION_CONTEXT() REPRESENTATION_CONTEXT('2D SPACE',''
  ) );
#11023 = ORIENTED_EDGE('',*,*,#10042,.T.);
#11024 = ORIENTED_EDGE('',*,*,#10977,.T.);
#11025 = ORIENTED_EDGE('',*,*,#9450,.T.);
#11026 = ADVANCED_FACE('',(#11027),#9439,.F.);
#11027 = FACE_BOUND('',#11028,.F.);
#11028 = EDGE_LOOP('',(#11029,#11030,#11049,#11050));
#11029 = ORIENTED_EDGE('',*,*,#9424,.F.);
#11030 = ORIENTED_EDGE('',*,*,#11031,.T.);
#11031 = EDGE_CURVE('',#9392,#10071,#11032,.T.);
#11032 = SURFACE_CURVE('',#11033,(#11037,#11043),.PCURVE_S1.);
#11033 = LINE('',#11034,#11035);
#11034 = CARTESIAN_POINT('',(-27.8,24.34292856399,23.));
#11035 = VECTOR('',#11036,1.);
#11036 = DIRECTION('',(-0.,-0.,-1.));
#11037 = PCURVE('',#9439,#11038);
#11038 = DEFINITIONAL_REPRESENTATION('',(#11039),#11042);
#11039 = B_SPLINE_CURVE_WITH_KNOTS('',1,(#11040,#11041),.UNSPECIFIED.,
  .F.,.F.,(2,2),(-2.4200006,5.999999999062E-07),
  .PIECEWISE_BEZIER_KNOTS.);
#11040 = CARTESIAN_POINT('',(2.4200006,-64.14292856399));
#11041 = CARTESIAN_POINT('',(-5.999999999062E-07,-64.14292856399));
#11042 = ( GEOMETRIC_REPRESENTATION_CONTEXT(2) 
PARAMETRIC_REPRESENTATION_CONTEXT() REPRESENTATION_CONTEXT('2D SPACE',''
  ) );
#11043 = PCURVE('',#9412,#11044);
#11044 = DEFINITIONAL_REPRESENTATION('',(#11045),#11048);
#11045 = B_SPLINE_CURVE_WITH_KNOTS('',1,(#11046,#11047),.UNSPECIFIED.,
  .F.,.F.,(2,2),(-2.4200006,5.999999999062E-07),
  .PIECEWISE_BEZIER_KNOTS.);
#11046 = CARTESIAN_POINT('',(-1.772154247585,-2.4200006));
#11047 = CARTESIAN_POINT('',(-1.772154247585,5.999999999062E-07));
#11048 = ( GEOMETRIC_REPRESENTATION_CONTEXT(2) 
PARAMETRIC_REPRESENTATION_CONTEXT() REPRESENTATION_CONTEXT('2D SPACE',''
  ) );
#11049 = ORIENTED_EDGE('',*,*,#10070,.T.);
#11050 = ORIENTED_EDGE('',*,*,#11003,.T.);
#11051 = ADVANCED_FACE('',(#11052),#9412,.T.);
#11052 = FACE_BOUND('',#11053,.F.);
#11053 = EDGE_LOOP('',(#11054,#11055,#11056,#11057));
#11054 = ORIENTED_EDGE('',*,*,#10093,.F.);
#11055 = ORIENTED_EDGE('',*,*,#11031,.F.);
#11056 = ORIENTED_EDGE('',*,*,#9391,.F.);
#11057 = ORIENTED_EDGE('',*,*,#11058,.T.);
#11058 = EDGE_CURVE('',#9366,#10094,#11059,.T.);
#11059 = SURFACE_CURVE('',#11060,(#11064,#11070),.PCURVE_S1.);
#11060 = LINE('',#11061,#11062);
#11061 = CARTESIAN_POINT('',(-27.8,23.65707143601,23.));
#11062 = VECTOR('',#11063,1.);
#11063 = DIRECTION('',(-0.,-0.,-1.));
#11064 = PCURVE('',#9412,#11065);
#11065 = DEFINITIONAL_REPRESENTATION('',(#11066),#11069);
#11066 = B_SPLINE_CURVE_WITH_KNOTS('',1,(#11067,#11068),.UNSPECIFIED.,
  .F.,.F.,(2,2),(-2.4200006,5.999999999062E-07),
  .PIECEWISE_BEZIER_KNOTS.);
#11067 = CARTESIAN_POINT('',(-4.511031059594,-2.4200006));
#11068 = CARTESIAN_POINT('',(-4.511031059594,5.999999999062E-07));
#11069 = ( GEOMETRIC_REPRESENTATION_CONTEXT(2) 
PARAMETRIC_REPRESENTATION_CONTEXT() REPRESENTATION_CONTEXT('2D SPACE',''
  ) );
#11070 = PCURVE('',#9380,#11071);
#11071 = DEFINITIONAL_REPRESENTATION('',(#11072),#11075);
#11072 = B_SPLINE_CURVE_WITH_KNOTS('',1,(#11073,#11074),.UNSPECIFIED.,
  .F.,.F.,(2,2),(-2.4200006,5.999999999062E-07),
  .PIECEWISE_BEZIER_KNOTS.);
#11073 = CARTESIAN_POINT('',(2.4200006,-63.45707143601));
#11074 = CARTESIAN_POINT('',(-5.999999999062E-07,-63.45707143601));
#11075 = ( GEOMETRIC_REPRESENTATION_CONTEXT(2) 
PARAMETRIC_REPRESENTATION_CONTEXT() REPRESENTATION_CONTEXT('2D SPACE',''
  ) );
#11076 = ADVANCED_FACE('',(#11077),#9380,.F.);
#11077 = FACE_BOUND('',#11078,.F.);
#11078 = EDGE_LOOP('',(#11079,#11080,#11099,#11100));
#11079 = ORIENTED_EDGE('',*,*,#9365,.F.);
#11080 = ORIENTED_EDGE('',*,*,#11081,.T.);
#11081 = EDGE_CURVE('',#9333,#10118,#11082,.T.);
#11082 = SURFACE_CURVE('',#11083,(#11087,#11093),.PCURVE_S1.);
#11083 = LINE('',#11084,#11085);
#11084 = CARTESIAN_POINT('',(-27.8,-23.65707143601,23.));
#11085 = VECTOR('',#11086,1.);
#11086 = DIRECTION('',(-0.,-0.,-1.));
#11087 = PCURVE('',#9380,#11088);
#11088 = DEFINITIONAL_REPRESENTATION('',(#11089),#11092);
#11089 = B_SPLINE_CURVE_WITH_KNOTS('',1,(#11090,#11091),.UNSPECIFIED.,
  .F.,.F.,(2,2),(-2.4200006,5.999999999062E-07),
  .PIECEWISE_BEZIER_KNOTS.);
#11090 = CARTESIAN_POINT('',(2.4200006,-16.14292856399));
#11091 = CARTESIAN_POINT('',(-5.999999999062E-07,-16.14292856399));
#11092 = ( GEOMETRIC_REPRESENTATION_CONTEXT(2) 
PARAMETRIC_REPRESENTATION_CONTEXT() REPRESENTATION_CONTEXT('2D SPACE',''
  ) );
#11093 = PCURVE('',#9353,#11094);
#11094 = DEFINITIONAL_REPRESENTATION('',(#11095),#11098);
#11095 = B_SPLINE_CURVE_WITH_KNOTS('',1,(#11096,#11097),.UNSPECIFIED.,
  .F.,.F.,(2,2),(-2.4200006,5.999999999062E-07),
  .PIECEWISE_BEZIER_KNOTS.);
#11096 = CARTESIAN_POINT('',(-1.772154247585,-2.4200006));
#11097 = CARTESIAN_POINT('',(-1.772154247585,5.999999999062E-07));
#11098 = ( GEOMETRIC_REPRESENTATION_CONTEXT(2) 
PARAMETRIC_REPRESENTATION_CONTEXT() REPRESENTATION_CONTEXT('2D SPACE',''
  ) );
#11099 = ORIENTED_EDGE('',*,*,#10117,.T.);
#11100 = ORIENTED_EDGE('',*,*,#11058,.F.);
#11101 = ADVANCED_FACE('',(#11102),#9353,.T.);
#11102 = FACE_BOUND('',#11103,.F.);
#11103 = EDGE_LOOP('',(#11104,#11105,#11106,#11107));
#11104 = ORIENTED_EDGE('',*,*,#10140,.F.);
#11105 = ORIENTED_EDGE('',*,*,#11081,.F.);
#11106 = ORIENTED_EDGE('',*,*,#9332,.F.);
#11107 = ORIENTED_EDGE('',*,*,#11108,.T.);
#11108 = EDGE_CURVE('',#9307,#9805,#11109,.T.);
#11109 = SURFACE_CURVE('',#11110,(#11114,#11120),.PCURVE_S1.);
#11110 = LINE('',#11111,#11112);
#11111 = CARTESIAN_POINT('',(-27.8,-24.34292856399,23.));
#11112 = VECTOR('',#11113,1.);
#11113 = DIRECTION('',(-0.,-0.,-1.));
#11114 = PCURVE('',#9353,#11115);
#11115 = DEFINITIONAL_REPRESENTATION('',(#11116),#11119);
#11116 = B_SPLINE_CURVE_WITH_KNOTS('',1,(#11117,#11118),.UNSPECIFIED.,
  .F.,.F.,(2,2),(-2.4200006,5.999999999062E-07),
  .PIECEWISE_BEZIER_KNOTS.);
#11117 = CARTESIAN_POINT('',(-4.511031059594,-2.4200006));
#11118 = CARTESIAN_POINT('',(-4.511031059594,5.999999999062E-07));
#11119 = ( GEOMETRIC_REPRESENTATION_CONTEXT(2) 
PARAMETRIC_REPRESENTATION_CONTEXT() REPRESENTATION_CONTEXT('2D SPACE',''
  ) );
#11120 = PCURVE('',#9321,#11121);
#11121 = DEFINITIONAL_REPRESENTATION('',(#11122),#11125);
#11122 = B_SPLINE_CURVE_WITH_KNOTS('',1,(#11123,#11124),.UNSPECIFIED.,
  .F.,.F.,(2,2),(-2.4200006,5.999999999062E-07),
  .PIECEWISE_BEZIER_KNOTS.);
#11123 = CARTESIAN_POINT('',(2.4200006,-15.45707143601));
#11124 = CARTESIAN_POINT('',(-5.999999999062E-07,-15.45707143601));
#11125 = ( GEOMETRIC_REPRESENTATION_CONTEXT(2) 
PARAMETRIC_REPRESENTATION_CONTEXT() REPRESENTATION_CONTEXT('2D SPACE',''
  ) );
#11126 = ADVANCED_FACE('',(#11127),#9321,.F.);
#11127 = FACE_BOUND('',#11128,.F.);
#11128 = EDGE_LOOP('',(#11129,#11130,#11151,#11152));
#11129 = ORIENTED_EDGE('',*,*,#9306,.F.);
#11130 = ORIENTED_EDGE('',*,*,#11131,.F.);
#11131 = EDGE_CURVE('',#9803,#9276,#11132,.T.);
#11132 = SURFACE_CURVE('',#11133,(#11137,#11144),.PCURVE_S1.);
#11133 = LINE('',#11134,#11135);
#11134 = CARTESIAN_POINT('',(-27.8,-38.2,23.));
#11135 = VECTOR('',#11136,1.);
#11136 = DIRECTION('',(0.,0.,1.));
#11137 = PCURVE('',#9321,#11138);
#11138 = DEFINITIONAL_REPRESENTATION('',(#11139),#11143);
#11139 = LINE('',#11140,#11141);
#11140 = CARTESIAN_POINT('',(0.,-1.6));
#11141 = VECTOR('',#11142,1.);
#11142 = DIRECTION('',(1.,0.));
#11143 = ( GEOMETRIC_REPRESENTATION_CONTEXT(2) 
PARAMETRIC_REPRESENTATION_CONTEXT() REPRESENTATION_CONTEXT('2D SPACE',''
  ) );
#11144 = PCURVE('',#9294,#11145);
#11145 = DEFINITIONAL_REPRESENTATION('',(#11146),#11150);
#11146 = LINE('',#11147,#11148);
#11147 = CARTESIAN_POINT('',(0.,0.));
#11148 = VECTOR('',#11149,1.);
#11149 = DIRECTION('',(0.,1.));
#11150 = ( GEOMETRIC_REPRESENTATION_CONTEXT(2) 
PARAMETRIC_REPRESENTATION_CONTEXT() REPRESENTATION_CONTEXT('2D SPACE',''
  ) );
#11151 = ORIENTED_EDGE('',*,*,#9802,.T.);
#11152 = ORIENTED_EDGE('',*,*,#11108,.F.);
#11153 = ADVANCED_FACE('',(#11154),#9294,.T.);
#11154 = FACE_BOUND('',#11155,.T.);
#11155 = EDGE_LOOP('',(#11156,#11157,#11158,#11159));
#11156 = ORIENTED_EDGE('',*,*,#11131,.F.);
#11157 = ORIENTED_EDGE('',*,*,#9827,.T.);
#11158 = ORIENTED_EDGE('',*,*,#9756,.T.);
#11159 = ORIENTED_EDGE('',*,*,#9275,.F.);
#11160 = ADVANCED_FACE('',(#11161),#9235,.T.);
#11161 = FACE_BOUND('',#11162,.T.);
#11162 = EDGE_LOOP('',(#11163,#11164,#11187,#11210));
#11163 = ORIENTED_EDGE('',*,*,#9219,.F.);
#11164 = ORIENTED_EDGE('',*,*,#11165,.T.);
#11165 = EDGE_CURVE('',#9220,#11166,#11168,.T.);
#11166 = VERTEX_POINT('',#11167);
#11167 = CARTESIAN_POINT('',(-26.,42.,27.2));
#11168 = SURFACE_CURVE('',#11169,(#11173,#11180),.PCURVE_S1.);
#11169 = LINE('',#11170,#11171);
#11170 = CARTESIAN_POINT('',(-26.,42.,25.4));
#11171 = VECTOR('',#11172,1.);
#11172 = DIRECTION('',(0.,0.,1.));
#11173 = PCURVE('',#9235,#11174);
#11174 = DEFINITIONAL_REPRESENTATION('',(#11175),#11179);
#11175 = LINE('',#11176,#11177);
#11176 = CARTESIAN_POINT('',(0.,4.));
#11177 = VECTOR('',#11178,1.);
#11178 = DIRECTION('',(1.,0.));
#11179 = ( GEOMETRIC_REPRESENTATION_CONTEXT(2) 
PARAMETRIC_REPRESENTATION_CONTEXT() REPRESENTATION_CONTEXT('2D SPACE',''
  ) );
#11180 = PCURVE('',#9125,#11181);
#11181 = DEFINITIONAL_REPRESENTATION('',(#11182),#11186);
#11182 = LINE('',#11183,#11184);
#11183 = CARTESIAN_POINT('',(-1.570796326795,0.));
#11184 = VECTOR('',#11185,1.);
#11185 = DIRECTION('',(-0.,1.));
#11186 = ( GEOMETRIC_REPRESENTATION_CONTEXT(2) 
PARAMETRIC_REPRESENTATION_CONTEXT() REPRESENTATION_CONTEXT('2D SPACE',''
  ) );
#11187 = ORIENTED_EDGE('',*,*,#11188,.T.);
#11188 = EDGE_CURVE('',#11166,#11189,#11191,.T.);
#11189 = VERTEX_POINT('',#11190);
#11190 = CARTESIAN_POINT('',(-1.6,42.,27.2));
#11191 = SURFACE_CURVE('',#11192,(#11196,#11203),.PCURVE_S1.);
#11192 = LINE('',#11193,#11194);
#11193 = CARTESIAN_POINT('',(-30.,42.,27.2));
#11194 = VECTOR('',#11195,1.);
#11195 = DIRECTION('',(1.,0.,0.));
#11196 = PCURVE('',#9235,#11197);
#11197 = DEFINITIONAL_REPRESENTATION('',(#11198),#11202);
#11198 = LINE('',#11199,#11200);
#11199 = CARTESIAN_POINT('',(1.8,0.));
#11200 = VECTOR('',#11201,1.);
#11201 = DIRECTION('',(0.,1.));
#11202 = ( GEOMETRIC_REPRESENTATION_CONTEXT(2) 
PARAMETRIC_REPRESENTATION_CONTEXT() REPRESENTATION_CONTEXT('2D SPACE',''
  ) );
#11203 = PCURVE('',#9043,#11204);
#11204 = DEFINITIONAL_REPRESENTATION('',(#11205),#11209);
#11205 = LINE('',#11206,#11207);
#11206 = CARTESIAN_POINT('',(0.,84.));
#11207 = VECTOR('',#11208,1.);
#11208 = DIRECTION('',(1.,0.));
#11209 = ( GEOMETRIC_REPRESENTATION_CONTEXT(2) 
PARAMETRIC_REPRESENTATION_CONTEXT() REPRESENTATION_CONTEXT('2D SPACE',''
  ) );
#11210 = ORIENTED_EDGE('',*,*,#11211,.T.);
#11211 = EDGE_CURVE('',#11189,#9194,#11212,.T.);
#11212 = SURFACE_CURVE('',#11213,(#11217,#11223),.PCURVE_S1.);
#11213 = LINE('',#11214,#11215);
#11214 = CARTESIAN_POINT('',(-1.6,42.,12.7));
#11215 = VECTOR('',#11216,1.);
#11216 = DIRECTION('',(0.,0.,-1.));
#11217 = PCURVE('',#9235,#11218);
#11218 = DEFINITIONAL_REPRESENTATION('',(#11219),#11222);
#11219 = B_SPLINE_CURVE_WITH_KNOTS('',1,(#11220,#11221),.UNSPECIFIED.,
  .F.,.F.,(2,2),(-14.5,-12.7),.PIECEWISE_BEZIER_KNOTS.);
#11220 = CARTESIAN_POINT('',(1.8,28.4));
#11221 = CARTESIAN_POINT('',(0.,28.4));
#11222 = ( GEOMETRIC_REPRESENTATION_CONTEXT(2) 
PARAMETRIC_REPRESENTATION_CONTEXT() REPRESENTATION_CONTEXT('2D SPACE',''
  ) );
#11223 = PCURVE('',#9208,#11224);
#11224 = DEFINITIONAL_REPRESENTATION('',(#11225),#11228);
#11225 = B_SPLINE_CURVE_WITH_KNOTS('',1,(#11226,#11227),.UNSPECIFIED.,
  .F.,.F.,(2,2),(-14.5,-12.7),.PIECEWISE_BEZIER_KNOTS.);
#11226 = CARTESIAN_POINT('',(27.2,-92.));
#11227 = CARTESIAN_POINT('',(25.4,-92.));
#11228 = ( GEOMETRIC_REPRESENTATION_CONTEXT(2) 
PARAMETRIC_REPRESENTATION_CONTEXT() REPRESENTATION_CONTEXT('2D SPACE',''
  ) );
#11229 = ADVANCED_FACE('',(#11230),#9208,.T.);
#11230 = FACE_BOUND('',#11231,.T.);
#11231 = EDGE_LOOP('',(#11232,#11253,#11272,#11273));
#11232 = ORIENTED_EDGE('',*,*,#11233,.F.);
#11233 = EDGE_CURVE('',#11234,#11189,#11236,.T.);
#11234 = VERTEX_POINT('',#11235);
#11235 = CARTESIAN_POINT('',(-1.6,-42.,27.2));
#11236 = SURFACE_CURVE('',#11237,(#11241,#11247),.PCURVE_S1.);
#11237 = LINE('',#11238,#11239);
#11238 = CARTESIAN_POINT('',(-1.6,-46.,27.2));
#11239 = VECTOR('',#11240,1.);
#11240 = DIRECTION('',(0.,1.,0.));
#11241 = PCURVE('',#9208,#11242);
#11242 = DEFINITIONAL_REPRESENTATION('',(#11243),#11246);
#11243 = B_SPLINE_CURVE_WITH_KNOTS('',1,(#11244,#11245),.UNSPECIFIED.,
  .F.,.F.,(2,2),(4.,88.),.PIECEWISE_BEZIER_KNOTS.);
#11244 = CARTESIAN_POINT('',(27.2,-8.));
#11245 = CARTESIAN_POINT('',(27.2,-92.));
#11246 = ( GEOMETRIC_REPRESENTATION_CONTEXT(2) 
PARAMETRIC_REPRESENTATION_CONTEXT() REPRESENTATION_CONTEXT('2D SPACE',''
  ) );
#11247 = PCURVE('',#9043,#11248);
#11248 = DEFINITIONAL_REPRESENTATION('',(#11249),#11252);
#11249 = B_SPLINE_CURVE_WITH_KNOTS('',1,(#11250,#11251),.UNSPECIFIED.,
  .F.,.F.,(2,2),(4.,88.),.PIECEWISE_BEZIER_KNOTS.);
#11250 = CARTESIAN_POINT('',(28.4,0.));
#11251 = CARTESIAN_POINT('',(28.4,84.));
#11252 = ( GEOMETRIC_REPRESENTATION_CONTEXT(2) 
PARAMETRIC_REPRESENTATION_CONTEXT() REPRESENTATION_CONTEXT('2D SPACE',''
  ) );
#11253 = ORIENTED_EDGE('',*,*,#11254,.T.);
#11254 = EDGE_CURVE('',#11234,#9166,#11255,.T.);
#11255 = SURFACE_CURVE('',#11256,(#11260,#11266),.PCURVE_S1.);
#11256 = LINE('',#11257,#11258);
#11257 = CARTESIAN_POINT('',(-1.6,-42.,12.7));
#11258 = VECTOR('',#11259,1.);
#11259 = DIRECTION('',(0.,0.,-1.));
#11260 = PCURVE('',#9208,#11261);
#11261 = DEFINITIONAL_REPRESENTATION('',(#11262),#11265);
#11262 = B_SPLINE_CURVE_WITH_KNOTS('',1,(#11263,#11264),.UNSPECIFIED.,
  .F.,.F.,(2,2),(-14.5,-12.7),.PIECEWISE_BEZIER_KNOTS.);
#11263 = CARTESIAN_POINT('',(27.2,-8.));
#11264 = CARTESIAN_POINT('',(25.4,-8.));
#11265 = ( GEOMETRIC_REPRESENTATION_CONTEXT(2) 
PARAMETRIC_REPRESENTATION_CONTEXT() REPRESENTATION_CONTEXT('2D SPACE',''
  ) );
#11266 = PCURVE('',#9181,#11267);
#11267 = DEFINITIONAL_REPRESENTATION('',(#11268),#11271);
#11268 = B_SPLINE_CURVE_WITH_KNOTS('',1,(#11269,#11270),.UNSPECIFIED.,
  .F.,.F.,(2,2),(-14.5,-12.7),.PIECEWISE_BEZIER_KNOTS.);
#11269 = CARTESIAN_POINT('',(1.8,28.4));
#11270 = CARTESIAN_POINT('',(0.,28.4));
#11271 = ( GEOMETRIC_REPRESENTATION_CONTEXT(2) 
PARAMETRIC_REPRESENTATION_CONTEXT() REPRESENTATION_CONTEXT('2D SPACE',''
  ) );
#11272 = ORIENTED_EDGE('',*,*,#9193,.T.);
#11273 = ORIENTED_EDGE('',*,*,#11211,.F.);
#11274 = ADVANCED_FACE('',(#11275),#9181,.F.);
#11275 = FACE_BOUND('',#11276,.F.);
#11276 = EDGE_LOOP('',(#11277,#11278,#11301,#11322));
#11277 = ORIENTED_EDGE('',*,*,#9165,.F.);
#11278 = ORIENTED_EDGE('',*,*,#11279,.T.);
#11279 = EDGE_CURVE('',#9142,#11280,#11282,.T.);
#11280 = VERTEX_POINT('',#11281);
#11281 = CARTESIAN_POINT('',(-26.,-42.,27.2));
#11282 = SURFACE_CURVE('',#11283,(#11287,#11294),.PCURVE_S1.);
#11283 = LINE('',#11284,#11285);
#11284 = CARTESIAN_POINT('',(-26.,-42.,25.4));
#11285 = VECTOR('',#11286,1.);
#11286 = DIRECTION('',(0.,0.,1.));
#11287 = PCURVE('',#9181,#11288);
#11288 = DEFINITIONAL_REPRESENTATION('',(#11289),#11293);
#11289 = LINE('',#11290,#11291);
#11290 = CARTESIAN_POINT('',(0.,4.));
#11291 = VECTOR('',#11292,1.);
#11292 = DIRECTION('',(1.,0.));
#11293 = ( GEOMETRIC_REPRESENTATION_CONTEXT(2) 
PARAMETRIC_REPRESENTATION_CONTEXT() REPRESENTATION_CONTEXT('2D SPACE',''
  ) );
#11294 = PCURVE('',#9071,#11295);
#11295 = DEFINITIONAL_REPRESENTATION('',(#11296),#11300);
#11296 = LINE('',#11297,#11298);
#11297 = CARTESIAN_POINT('',(1.570796326795,0.));
#11298 = VECTOR('',#11299,1.);
#11299 = DIRECTION('',(0.,1.));
#11300 = ( GEOMETRIC_REPRESENTATION_CONTEXT(2) 
PARAMETRIC_REPRESENTATION_CONTEXT() REPRESENTATION_CONTEXT('2D SPACE',''
  ) );
#11301 = ORIENTED_EDGE('',*,*,#11302,.T.);
#11302 = EDGE_CURVE('',#11280,#11234,#11303,.T.);
#11303 = SURFACE_CURVE('',#11304,(#11308,#11315),.PCURVE_S1.);
#11304 = LINE('',#11305,#11306);
#11305 = CARTESIAN_POINT('',(-30.,-42.,27.2));
#11306 = VECTOR('',#11307,1.);
#11307 = DIRECTION('',(1.,0.,0.));
#11308 = PCURVE('',#9181,#11309);
#11309 = DEFINITIONAL_REPRESENTATION('',(#11310),#11314);
#11310 = LINE('',#11311,#11312);
#11311 = CARTESIAN_POINT('',(1.8,0.));
#11312 = VECTOR('',#11313,1.);
#11313 = DIRECTION('',(0.,1.));
#11314 = ( GEOMETRIC_REPRESENTATION_CONTEXT(2) 
PARAMETRIC_REPRESENTATION_CONTEXT() REPRESENTATION_CONTEXT('2D SPACE',''
  ) );
#11315 = PCURVE('',#9043,#11316);
#11316 = DEFINITIONAL_REPRESENTATION('',(#11317),#11321);
#11317 = LINE('',#11318,#11319);
#11318 = CARTESIAN_POINT('',(0.,0.));
#11319 = VECTOR('',#11320,1.);
#11320 = DIRECTION('',(1.,0.));
#11321 = ( GEOMETRIC_REPRESENTATION_CONTEXT(2) 
PARAMETRIC_REPRESENTATION_CONTEXT() REPRESENTATION_CONTEXT('2D SPACE',''
  ) );
#11322 = ORIENTED_EDGE('',*,*,#11254,.T.);
#11323 = ADVANCED_FACE('',(#11324),#9125,.T.);
#11324 = FACE_BOUND('',#11325,.F.);
#11325 = EDGE_LOOP('',(#11326,#11327,#11328,#11354));
#11326 = ORIENTED_EDGE('',*,*,#9247,.T.);
#11327 = ORIENTED_EDGE('',*,*,#11165,.T.);
#11328 = ORIENTED_EDGE('',*,*,#11329,.F.);
#11329 = EDGE_CURVE('',#9023,#11166,#11330,.T.);
#11330 = SURFACE_CURVE('',#11331,(#11336,#11343),.PCURVE_S1.);
#11331 = CIRCLE('',#11332,4.);
#11332 = AXIS2_PLACEMENT_3D('',#11333,#11334,#11335);
#11333 = CARTESIAN_POINT('',(-26.,38.,27.2));
#11334 = DIRECTION('',(-0.,-0.,-1.));
#11335 = DIRECTION('',(0.,-1.,0.));
#11336 = PCURVE('',#9125,#11337);
#11337 = DEFINITIONAL_REPRESENTATION('',(#11338),#11342);
#11338 = LINE('',#11339,#11340);
#11339 = CARTESIAN_POINT('',(1.570796326795,1.8));
#11340 = VECTOR('',#11341,1.);
#11341 = DIRECTION('',(-1.,0.));
#11342 = ( GEOMETRIC_REPRESENTATION_CONTEXT(2) 
PARAMETRIC_REPRESENTATION_CONTEXT() REPRESENTATION_CONTEXT('2D SPACE',''
  ) );
#11343 = PCURVE('',#9043,#11344);
#11344 = DEFINITIONAL_REPRESENTATION('',(#11345),#11353);
#11345 = ( BOUNDED_CURVE() B_SPLINE_CURVE(2,(#11346,#11347,#11348,#11349
    ,#11350,#11351,#11352),.UNSPECIFIED.,.T.,.F.) 
B_SPLINE_CURVE_WITH_KNOTS((1,2,2,2,2,1),(-2.094395102393,0.,
    2.094395102393,4.188790204786,6.28318530718,8.377580409573),
.UNSPECIFIED.) CURVE() GEOMETRIC_REPRESENTATION_ITEM() 
RATIONAL_B_SPLINE_CURVE((1.,0.5,1.,0.5,1.,0.5,1.)) REPRESENTATION_ITEM(
  '') );
#11346 = CARTESIAN_POINT('',(4.,76.));
#11347 = CARTESIAN_POINT('',(-2.928203230276,76.));
#11348 = CARTESIAN_POINT('',(0.535898384862,82.));
#11349 = CARTESIAN_POINT('',(4.,88.));
#11350 = CARTESIAN_POINT('',(7.464101615138,82.));
#11351 = CARTESIAN_POINT('',(10.928203230276,76.));
#11352 = CARTESIAN_POINT('',(4.,76.));
#11353 = ( GEOMETRIC_REPRESENTATION_CONTEXT(2) 
PARAMETRIC_REPRESENTATION_CONTEXT() REPRESENTATION_CONTEXT('2D SPACE',''
  ) );
#11354 = ORIENTED_EDGE('',*,*,#9111,.F.);
#11355 = ADVANCED_FACE('',(#11356),#9071,.T.);
#11356 = FACE_BOUND('',#11357,.T.);
#11357 = EDGE_LOOP('',(#11358,#11359,#11360,#11382));
#11358 = ORIENTED_EDGE('',*,*,#9141,.T.);
#11359 = ORIENTED_EDGE('',*,*,#11279,.T.);
#11360 = ORIENTED_EDGE('',*,*,#11361,.F.);
#11361 = EDGE_CURVE('',#9021,#11280,#11362,.T.);
#11362 = SURFACE_CURVE('',#11363,(#11368,#11375),.PCURVE_S1.);
#11363 = CIRCLE('',#11364,4.);
#11364 = AXIS2_PLACEMENT_3D('',#11365,#11366,#11367);
#11365 = CARTESIAN_POINT('',(-26.,-38.,27.2));
#11366 = DIRECTION('',(0.,0.,1.));
#11367 = DIRECTION('',(0.,-1.,0.));
#11368 = PCURVE('',#9071,#11369);
#11369 = DEFINITIONAL_REPRESENTATION('',(#11370),#11374);
#11370 = LINE('',#11371,#11372);
#11371 = CARTESIAN_POINT('',(-4.712388980385,1.8));
#11372 = VECTOR('',#11373,1.);
#11373 = DIRECTION('',(1.,0.));
#11374 = ( GEOMETRIC_REPRESENTATION_CONTEXT(2) 
PARAMETRIC_REPRESENTATION_CONTEXT() REPRESENTATION_CONTEXT('2D SPACE',''
  ) );
#11375 = PCURVE('',#9043,#11376);
#11376 = DEFINITIONAL_REPRESENTATION('',(#11377),#11381);
#11377 = CIRCLE('',#11378,4.);
#11378 = AXIS2_PLACEMENT_2D('',#11379,#11380);
#11379 = CARTESIAN_POINT('',(4.,4.));
#11380 = DIRECTION('',(0.,-1.));
#11381 = ( GEOMETRIC_REPRESENTATION_CONTEXT(2) 
PARAMETRIC_REPRESENTATION_CONTEXT() REPRESENTATION_CONTEXT('2D SPACE',''
  ) );
#11382 = ORIENTED_EDGE('',*,*,#9055,.F.);
#11383 = ADVANCED_FACE('',(#11384,#11392,#11498,#11604),#9043,.T.);
#11384 = FACE_BOUND('',#11385,.T.);
#11385 = EDGE_LOOP('',(#11386,#11387,#11388,#11389,#11390,#11391));
#11386 = ORIENTED_EDGE('',*,*,#9020,.F.);
#11387 = ORIENTED_EDGE('',*,*,#11361,.T.);
#11388 = ORIENTED_EDGE('',*,*,#11302,.T.);
#11389 = ORIENTED_EDGE('',*,*,#11233,.T.);
#11390 = ORIENTED_EDGE('',*,*,#11188,.F.);
#11391 = ORIENTED_EDGE('',*,*,#11329,.F.);
#11392 = FACE_BOUND('',#11393,.T.);
#11393 = EDGE_LOOP('',(#11394,#11422,#11448,#11474));
#11394 = ORIENTED_EDGE('',*,*,#11395,.T.);
#11395 = EDGE_CURVE('',#11396,#11398,#11400,.T.);
#11396 = VERTEX_POINT('',#11397);
#11397 = CARTESIAN_POINT('',(-10.5,-28.6,27.2));
#11398 = VERTEX_POINT('',#11399);
#11399 = CARTESIAN_POINT('',(-22.5,-28.6,27.2));
#11400 = SURFACE_CURVE('',#11401,(#11405,#11411),.PCURVE_S1.);
#11401 = LINE('',#11402,#11403);
#11402 = CARTESIAN_POINT('',(-26.25,-28.6,27.2));
#11403 = VECTOR('',#11404,1.);
#11404 = DIRECTION('',(-1.,0.,0.));
#11405 = PCURVE('',#9043,#11406);
#11406 = DEFINITIONAL_REPRESENTATION('',(#11407),#11410);
#11407 = B_SPLINE_CURVE_WITH_KNOTS('',1,(#11408,#11409),.UNSPECIFIED.,
  .F.,.F.,(2,2),(-15.75,-3.75),.PIECEWISE_BEZIER_KNOTS.);
#11408 = CARTESIAN_POINT('',(19.5,13.4));
#11409 = CARTESIAN_POINT('',(7.5,13.4));
#11410 = ( GEOMETRIC_REPRESENTATION_CONTEXT(2) 
PARAMETRIC_REPRESENTATION_CONTEXT() REPRESENTATION_CONTEXT('2D SPACE',''
  ) );
#11411 = PCURVE('',#11412,#11417);
#11412 = PLANE('',#11413);
#11413 = AXIS2_PLACEMENT_3D('',#11414,#11415,#11416);
#11414 = CARTESIAN_POINT('',(-22.5,-28.6,26.8));
#11415 = DIRECTION('',(0.,1.,0.));
#11416 = DIRECTION('',(0.,0.,1.));
#11417 = DEFINITIONAL_REPRESENTATION('',(#11418),#11421);
#11418 = B_SPLINE_CURVE_WITH_KNOTS('',1,(#11419,#11420),.UNSPECIFIED.,
  .F.,.F.,(2,2),(-15.75,-3.75),.PIECEWISE_BEZIER_KNOTS.);
#11419 = CARTESIAN_POINT('',(0.4,12.));
#11420 = CARTESIAN_POINT('',(0.4,0.));
#11421 = ( GEOMETRIC_REPRESENTATION_CONTEXT(2) 
PARAMETRIC_REPRESENTATION_CONTEXT() REPRESENTATION_CONTEXT('2D SPACE',''
  ) );
#11422 = ORIENTED_EDGE('',*,*,#11423,.T.);
#11423 = EDGE_CURVE('',#11398,#11424,#11426,.T.);
#11424 = VERTEX_POINT('',#11425);
#11425 = CARTESIAN_POINT('',(-22.5,-27.4,27.2));
#11426 = SURFACE_CURVE('',#11427,(#11431,#11437),.PCURVE_S1.);
#11427 = LINE('',#11428,#11429);
#11428 = CARTESIAN_POINT('',(-22.5,-35.3,27.2));
#11429 = VECTOR('',#11430,1.);
#11430 = DIRECTION('',(0.,1.,0.));
#11431 = PCURVE('',#9043,#11432);
#11432 = DEFINITIONAL_REPRESENTATION('',(#11433),#11436);
#11433 = B_SPLINE_CURVE_WITH_KNOTS('',1,(#11434,#11435),.UNSPECIFIED.,
  .F.,.F.,(2,2),(6.7,7.9),.PIECEWISE_BEZIER_KNOTS.);
#11434 = CARTESIAN_POINT('',(7.5,13.4));
#11435 = CARTESIAN_POINT('',(7.5,14.6));
#11436 = ( GEOMETRIC_REPRESENTATION_CONTEXT(2) 
PARAMETRIC_REPRESENTATION_CONTEXT() REPRESENTATION_CONTEXT('2D SPACE',''
  ) );
#11437 = PCURVE('',#11438,#11443);
#11438 = PLANE('',#11439);
#11439 = AXIS2_PLACEMENT_3D('',#11440,#11441,#11442);
#11440 = CARTESIAN_POINT('',(-22.5,-28.6,26.8));
#11441 = DIRECTION('',(1.,0.,0.));
#11442 = DIRECTION('',(0.,0.,1.));
#11443 = DEFINITIONAL_REPRESENTATION('',(#11444),#11447);
#11444 = B_SPLINE_CURVE_WITH_KNOTS('',1,(#11445,#11446),.UNSPECIFIED.,
  .F.,.F.,(2,2),(6.7,7.9),.PIECEWISE_BEZIER_KNOTS.);
#11445 = CARTESIAN_POINT('',(0.4,0.));
#11446 = CARTESIAN_POINT('',(0.4,-1.2));
#11447 = ( GEOMETRIC_REPRESENTATION_CONTEXT(2) 
PARAMETRIC_REPRESENTATION_CONTEXT() REPRESENTATION_CONTEXT('2D SPACE',''
  ) );
#11448 = ORIENTED_EDGE('',*,*,#11449,.F.);
#11449 = EDGE_CURVE('',#11450,#11424,#11452,.T.);
#11450 = VERTEX_POINT('',#11451);
#11451 = CARTESIAN_POINT('',(-10.5,-27.4,27.2));
#11452 = SURFACE_CURVE('',#11453,(#11457,#11463),.PCURVE_S1.);
#11453 = LINE('',#11454,#11455);
#11454 = CARTESIAN_POINT('',(-26.25,-27.4,27.2));
#11455 = VECTOR('',#11456,1.);
#11456 = DIRECTION('',(-1.,0.,0.));
#11457 = PCURVE('',#9043,#11458);
#11458 = DEFINITIONAL_REPRESENTATION('',(#11459),#11462);
#11459 = B_SPLINE_CURVE_WITH_KNOTS('',1,(#11460,#11461),.UNSPECIFIED.,
  .F.,.F.,(2,2),(-15.75,-3.75),.PIECEWISE_BEZIER_KNOTS.);
#11460 = CARTESIAN_POINT('',(19.5,14.6));
#11461 = CARTESIAN_POINT('',(7.5,14.6));
#11462 = ( GEOMETRIC_REPRESENTATION_CONTEXT(2) 
PARAMETRIC_REPRESENTATION_CONTEXT() REPRESENTATION_CONTEXT('2D SPACE',''
  ) );
#11463 = PCURVE('',#11464,#11469);
#11464 = PLANE('',#11465);
#11465 = AXIS2_PLACEMENT_3D('',#11466,#11467,#11468);
#11466 = CARTESIAN_POINT('',(-22.5,-27.4,26.8));
#11467 = DIRECTION('',(0.,1.,0.));
#11468 = DIRECTION('',(0.,0.,1.));
#11469 = DEFINITIONAL_REPRESENTATION('',(#11470),#11473);
#11470 = B_SPLINE_CURVE_WITH_KNOTS('',1,(#11471,#11472),.UNSPECIFIED.,
  .F.,.F.,(2,2),(-15.75,-3.75),.PIECEWISE_BEZIER_KNOTS.);
#11471 = CARTESIAN_POINT('',(0.4,12.));
#11472 = CARTESIAN_POINT('',(0.4,0.));
#11473 = ( GEOMETRIC_REPRESENTATION_CONTEXT(2) 
PARAMETRIC_REPRESENTATION_CONTEXT() REPRESENTATION_CONTEXT('2D SPACE',''
  ) );
#11474 = ORIENTED_EDGE('',*,*,#11475,.F.);
#11475 = EDGE_CURVE('',#11396,#11450,#11476,.T.);
#11476 = SURFACE_CURVE('',#11477,(#11481,#11487),.PCURVE_S1.);
#11477 = LINE('',#11478,#11479);
#11478 = CARTESIAN_POINT('',(-10.5,-35.3,27.2));
#11479 = VECTOR('',#11480,1.);
#11480 = DIRECTION('',(0.,1.,0.));
#11481 = PCURVE('',#9043,#11482);
#11482 = DEFINITIONAL_REPRESENTATION('',(#11483),#11486);
#11483 = B_SPLINE_CURVE_WITH_KNOTS('',1,(#11484,#11485),.UNSPECIFIED.,
  .F.,.F.,(2,2),(6.7,7.9),.PIECEWISE_BEZIER_KNOTS.);
#11484 = CARTESIAN_POINT('',(19.5,13.4));
#11485 = CARTESIAN_POINT('',(19.5,14.6));
#11486 = ( GEOMETRIC_REPRESENTATION_CONTEXT(2) 
PARAMETRIC_REPRESENTATION_CONTEXT() REPRESENTATION_CONTEXT('2D SPACE',''
  ) );
#11487 = PCURVE('',#11488,#11493);
#11488 = PLANE('',#11489);
#11489 = AXIS2_PLACEMENT_3D('',#11490,#11491,#11492);
#11490 = CARTESIAN_POINT('',(-10.5,-28.6,26.8));
#11491 = DIRECTION('',(1.,0.,0.));
#11492 = DIRECTION('',(0.,0.,1.));
#11493 = DEFINITIONAL_REPRESENTATION('',(#11494),#11497);
#11494 = B_SPLINE_CURVE_WITH_KNOTS('',1,(#11495,#11496),.UNSPECIFIED.,
  .F.,.F.,(2,2),(6.7,7.9),.PIECEWISE_BEZIER_KNOTS.);
#11495 = CARTESIAN_POINT('',(0.4,0.));
#11496 = CARTESIAN_POINT('',(0.4,-1.2));
#11497 = ( GEOMETRIC_REPRESENTATION_CONTEXT(2) 
PARAMETRIC_REPRESENTATION_CONTEXT() REPRESENTATION_CONTEXT('2D SPACE',''
  ) );
#11498 = FACE_BOUND('',#11499,.T.);
#11499 = EDGE_LOOP('',(#11500,#11528,#11554,#11580));
#11500 = ORIENTED_EDGE('',*,*,#11501,.T.);
#11501 = EDGE_CURVE('',#11502,#11504,#11506,.T.);
#11502 = VERTEX_POINT('',#11503);
#11503 = CARTESIAN_POINT('',(-10.5,-25.6,27.2));
#11504 = VERTEX_POINT('',#11505);
#11505 = CARTESIAN_POINT('',(-22.5,-25.6,27.2));
#11506 = SURFACE_CURVE('',#11507,(#11511,#11517),.PCURVE_S1.);
#11507 = LINE('',#11508,#11509);
#11508 = CARTESIAN_POINT('',(-26.25,-25.6,27.2));
#11509 = VECTOR('',#11510,1.);
#11510 = DIRECTION('',(-1.,0.,0.));
#11511 = PCURVE('',#9043,#11512);
#11512 = DEFINITIONAL_REPRESENTATION('',(#11513),#11516);
#11513 = B_SPLINE_CURVE_WITH_KNOTS('',1,(#11514,#11515),.UNSPECIFIED.,
  .F.,.F.,(2,2),(-15.75,-3.75),.PIECEWISE_BEZIER_KNOTS.);
#11514 = CARTESIAN_POINT('',(19.5,16.4));
#11515 = CARTESIAN_POINT('',(7.5,16.4));
#11516 = ( GEOMETRIC_REPRESENTATION_CONTEXT(2) 
PARAMETRIC_REPRESENTATION_CONTEXT() REPRESENTATION_CONTEXT('2D SPACE',''
  ) );
#11517 = PCURVE('',#11518,#11523);
#11518 = PLANE('',#11519);
#11519 = AXIS2_PLACEMENT_3D('',#11520,#11521,#11522);
#11520 = CARTESIAN_POINT('',(-22.5,-25.6,26.8));
#11521 = DIRECTION('',(0.,1.,0.));
#11522 = DIRECTION('',(0.,0.,1.));
#11523 = DEFINITIONAL_REPRESENTATION('',(#11524),#11527);
#11524 = B_SPLINE_CURVE_WITH_KNOTS('',1,(#11525,#11526),.UNSPECIFIED.,
  .F.,.F.,(2,2),(-15.75,-3.75),.PIECEWISE_BEZIER_KNOTS.);
#11525 = CARTESIAN_POINT('',(0.4,12.));
#11526 = CARTESIAN_POINT('',(0.4,0.));
#11527 = ( GEOMETRIC_REPRESENTATION_CONTEXT(2) 
PARAMETRIC_REPRESENTATION_CONTEXT() REPRESENTATION_CONTEXT('2D SPACE',''
  ) );
#11528 = ORIENTED_EDGE('',*,*,#11529,.T.);
#11529 = EDGE_CURVE('',#11504,#11530,#11532,.T.);
#11530 = VERTEX_POINT('',#11531);
#11531 = CARTESIAN_POINT('',(-22.5,-24.4,27.2));
#11532 = SURFACE_CURVE('',#11533,(#11537,#11543),.PCURVE_S1.);
#11533 = LINE('',#11534,#11535);
#11534 = CARTESIAN_POINT('',(-22.5,-33.8,27.2));
#11535 = VECTOR('',#11536,1.);
#11536 = DIRECTION('',(0.,1.,0.));
#11537 = PCURVE('',#9043,#11538);
#11538 = DEFINITIONAL_REPRESENTATION('',(#11539),#11542);
#11539 = B_SPLINE_CURVE_WITH_KNOTS('',1,(#11540,#11541),.UNSPECIFIED.,
  .F.,.F.,(2,2),(8.2,9.4),.PIECEWISE_BEZIER_KNOTS.);
#11540 = CARTESIAN_POINT('',(7.5,16.4));
#11541 = CARTESIAN_POINT('',(7.5,17.6));
#11542 = ( GEOMETRIC_REPRESENTATION_CONTEXT(2) 
PARAMETRIC_REPRESENTATION_CONTEXT() REPRESENTATION_CONTEXT('2D SPACE',''
  ) );
#11543 = PCURVE('',#11544,#11549);
#11544 = PLANE('',#11545);
#11545 = AXIS2_PLACEMENT_3D('',#11546,#11547,#11548);
#11546 = CARTESIAN_POINT('',(-22.5,-25.6,26.8));
#11547 = DIRECTION('',(1.,0.,0.));
#11548 = DIRECTION('',(0.,0.,1.));
#11549 = DEFINITIONAL_REPRESENTATION('',(#11550),#11553);
#11550 = B_SPLINE_CURVE_WITH_KNOTS('',1,(#11551,#11552),.UNSPECIFIED.,
  .F.,.F.,(2,2),(8.2,9.4),.PIECEWISE_BEZIER_KNOTS.);
#11551 = CARTESIAN_POINT('',(0.4,0.));
#11552 = CARTESIAN_POINT('',(0.4,-1.2));
#11553 = ( GEOMETRIC_REPRESENTATION_CONTEXT(2) 
PARAMETRIC_REPRESENTATION_CONTEXT() REPRESENTATION_CONTEXT('2D SPACE',''
  ) );
#11554 = ORIENTED_EDGE('',*,*,#11555,.F.);
#11555 = EDGE_CURVE('',#11556,#11530,#11558,.T.);
#11556 = VERTEX_POINT('',#11557);
#11557 = CARTESIAN_POINT('',(-10.5,-24.4,27.2));
#11558 = SURFACE_CURVE('',#11559,(#11563,#11569),.PCURVE_S1.);
#11559 = LINE('',#11560,#11561);
#11560 = CARTESIAN_POINT('',(-26.25,-24.4,27.2));
#11561 = VECTOR('',#11562,1.);
#11562 = DIRECTION('',(-1.,0.,0.));
#11563 = PCURVE('',#9043,#11564);
#11564 = DEFINITIONAL_REPRESENTATION('',(#11565),#11568);
#11565 = B_SPLINE_CURVE_WITH_KNOTS('',1,(#11566,#11567),.UNSPECIFIED.,
  .F.,.F.,(2,2),(-15.75,-3.75),.PIECEWISE_BEZIER_KNOTS.);
#11566 = CARTESIAN_POINT('',(19.5,17.6));
#11567 = CARTESIAN_POINT('',(7.5,17.6));
#11568 = ( GEOMETRIC_REPRESENTATION_CONTEXT(2) 
PARAMETRIC_REPRESENTATION_CONTEXT() REPRESENTATION_CONTEXT('2D SPACE',''
  ) );
#11569 = PCURVE('',#11570,#11575);
#11570 = PLANE('',#11571);
#11571 = AXIS2_PLACEMENT_3D('',#11572,#11573,#11574);
#11572 = CARTESIAN_POINT('',(-22.5,-24.4,26.8));
#11573 = DIRECTION('',(0.,1.,0.));
#11574 = DIRECTION('',(0.,0.,1.));
#11575 = DEFINITIONAL_REPRESENTATION('',(#11576),#11579);
#11576 = B_SPLINE_CURVE_WITH_KNOTS('',1,(#11577,#11578),.UNSPECIFIED.,
  .F.,.F.,(2,2),(-15.75,-3.75),.PIECEWISE_BEZIER_KNOTS.);
#11577 = CARTESIAN_POINT('',(0.4,12.));
#11578 = CARTESIAN_POINT('',(0.4,0.));
#11579 = ( GEOMETRIC_REPRESENTATION_CONTEXT(2) 
PARAMETRIC_REPRESENTATION_CONTEXT() REPRESENTATION_CONTEXT('2D SPACE',''
  ) );
#11580 = ORIENTED_EDGE('',*,*,#11581,.F.);
#11581 = EDGE_CURVE('',#11502,#11556,#11582,.T.);
#11582 = SURFACE_CURVE('',#11583,(#11587,#11593),.PCURVE_S1.);
#11583 = LINE('',#11584,#11585);
#11584 = CARTESIAN_POINT('',(-10.5,-33.8,27.2));
#11585 = VECTOR('',#11586,1.);
#11586 = DIRECTION('',(0.,1.,0.));
#11587 = PCURVE('',#9043,#11588);
#11588 = DEFINITIONAL_REPRESENTATION('',(#11589),#11592);
#11589 = B_SPLINE_CURVE_WITH_KNOTS('',1,(#11590,#11591),.UNSPECIFIED.,
  .F.,.F.,(2,2),(8.2,9.4),.PIECEWISE_BEZIER_KNOTS.);
#11590 = CARTESIAN_POINT('',(19.5,16.4));
#11591 = CARTESIAN_POINT('',(19.5,17.6));
#11592 = ( GEOMETRIC_REPRESENTATION_CONTEXT(2) 
PARAMETRIC_REPRESENTATION_CONTEXT() REPRESENTATION_CONTEXT('2D SPACE',''
  ) );
#11593 = PCURVE('',#11594,#11599);
#11594 = PLANE('',#11595);
#11595 = AXIS2_PLACEMENT_3D('',#11596,#11597,#11598);
#11596 = CARTESIAN_POINT('',(-10.5,-25.6,26.8));
#11597 = DIRECTION('',(1.,0.,0.));
#11598 = DIRECTION('',(0.,0.,1.));
#11599 = DEFINITIONAL_REPRESENTATION('',(#11600),#11603);
#11600 = B_SPLINE_CURVE_WITH_KNOTS('',1,(#11601,#11602),.UNSPECIFIED.,
  .F.,.F.,(2,2),(8.2,9.4),.PIECEWISE_BEZIER_KNOTS.);
#11601 = CARTESIAN_POINT('',(0.4,0.));
#11602 = CARTESIAN_POINT('',(0.4,-1.2));
#11603 = ( GEOMETRIC_REPRESENTATION_CONTEXT(2) 
PARAMETRIC_REPRESENTATION_CONTEXT() REPRESENTATION_CONTEXT('2D SPACE',''
  ) );
#11604 = FACE_BOUND('',#11605,.T.);
#11605 = EDGE_LOOP('',(#11606,#11634,#11660,#11686));
#11606 = ORIENTED_EDGE('',*,*,#11607,.T.);
#11607 = EDGE_CURVE('',#11608,#11610,#11612,.T.);
#11608 = VERTEX_POINT('',#11609);
#11609 = CARTESIAN_POINT('',(-10.5,-22.6,27.2));
#11610 = VERTEX_POINT('',#11611);
#11611 = CARTESIAN_POINT('',(-22.5,-22.6,27.2));
#11612 = SURFACE_CURVE('',#11613,(#11617,#11623),.PCURVE_S1.);
#11613 = LINE('',#11614,#11615);
#11614 = CARTESIAN_POINT('',(-26.25,-22.6,27.2));
#11615 = VECTOR('',#11616,1.);
#11616 = DIRECTION('',(-1.,0.,0.));
#11617 = PCURVE('',#9043,#11618);
#11618 = DEFINITIONAL_REPRESENTATION('',(#11619),#11622);
#11619 = B_SPLINE_CURVE_WITH_KNOTS('',1,(#11620,#11621),.UNSPECIFIED.,
  .F.,.F.,(2,2),(-15.75,-3.75),.PIECEWISE_BEZIER_KNOTS.);
#11620 = CARTESIAN_POINT('',(19.5,19.4));
#11621 = CARTESIAN_POINT('',(7.5,19.4));
#11622 = ( GEOMETRIC_REPRESENTATION_CONTEXT(2) 
PARAMETRIC_REPRESENTATION_CONTEXT() REPRESENTATION_CONTEXT('2D SPACE',''
  ) );
#11623 = PCURVE('',#11624,#11629);
#11624 = PLANE('',#11625);
#11625 = AXIS2_PLACEMENT_3D('',#11626,#11627,#11628);
#11626 = CARTESIAN_POINT('',(-22.5,-22.6,26.8));
#11627 = DIRECTION('',(0.,1.,0.));
#11628 = DIRECTION('',(0.,0.,1.));
#11629 = DEFINITIONAL_REPRESENTATION('',(#11630),#11633);
#11630 = B_SPLINE_CURVE_WITH_KNOTS('',1,(#11631,#11632),.UNSPECIFIED.,
  .F.,.F.,(2,2),(-15.75,-3.75),.PIECEWISE_BEZIER_KNOTS.);
#11631 = CARTESIAN_POINT('',(0.4,12.));
#11632 = CARTESIAN_POINT('',(0.4,0.));
#11633 = ( GEOMETRIC_REPRESENTATION_CONTEXT(2) 
PARAMETRIC_REPRESENTATION_CONTEXT() REPRESENTATION_CONTEXT('2D SPACE',''
  ) );
#11634 = ORIENTED_EDGE('',*,*,#11635,.T.);
#11635 = EDGE_CURVE('',#11610,#11636,#11638,.T.);
#11636 = VERTEX_POINT('',#11637);
#11637 = CARTESIAN_POINT('',(-22.5,-21.4,27.2));
#11638 = SURFACE_CURVE('',#11639,(#11643,#11649),.PCURVE_S1.);
#11639 = LINE('',#11640,#11641);
#11640 = CARTESIAN_POINT('',(-22.5,-32.3,27.2));
#11641 = VECTOR('',#11642,1.);
#11642 = DIRECTION('',(0.,1.,0.));
#11643 = PCURVE('',#9043,#11644);
#11644 = DEFINITIONAL_REPRESENTATION('',(#11645),#11648);
#11645 = B_SPLINE_CURVE_WITH_KNOTS('',1,(#11646,#11647),.UNSPECIFIED.,
  .F.,.F.,(2,2),(9.7,10.9),.PIECEWISE_BEZIER_KNOTS.);
#11646 = CARTESIAN_POINT('',(7.5,19.4));
#11647 = CARTESIAN_POINT('',(7.5,20.6));
#11648 = ( GEOMETRIC_REPRESENTATION_CONTEXT(2) 
PARAMETRIC_REPRESENTATION_CONTEXT() REPRESENTATION_CONTEXT('2D SPACE',''
  ) );
#11649 = PCURVE('',#11650,#11655);
#11650 = PLANE('',#11651);
#11651 = AXIS2_PLACEMENT_3D('',#11652,#11653,#11654);
#11652 = CARTESIAN_POINT('',(-22.5,-22.6,26.8));
#11653 = DIRECTION('',(1.,0.,0.));
#11654 = DIRECTION('',(0.,0.,1.));
#11655 = DEFINITIONAL_REPRESENTATION('',(#11656),#11659);
#11656 = B_SPLINE_CURVE_WITH_KNOTS('',1,(#11657,#11658),.UNSPECIFIED.,
  .F.,.F.,(2,2),(9.7,10.9),.PIECEWISE_BEZIER_KNOTS.);
#11657 = CARTESIAN_POINT('',(0.4,0.));
#11658 = CARTESIAN_POINT('',(0.4,-1.2));
#11659 = ( GEOMETRIC_REPRESENTATION_CONTEXT(2) 
PARAMETRIC_REPRESENTATION_CONTEXT() REPRESENTATION_CONTEXT('2D SPACE',''
  ) );
#11660 = ORIENTED_EDGE('',*,*,#11661,.F.);
#11661 = EDGE_CURVE('',#11662,#11636,#11664,.T.);
#11662 = VERTEX_POINT('',#11663);
#11663 = CARTESIAN_POINT('',(-10.5,-21.4,27.2));
#11664 = SURFACE_CURVE('',#11665,(#11669,#11675),.PCURVE_S1.);
#11665 = LINE('',#11666,#11667);
#11666 = CARTESIAN_POINT('',(-26.25,-21.4,27.2));
#11667 = VECTOR('',#11668,1.);
#11668 = DIRECTION('',(-1.,0.,0.));
#11669 = PCURVE('',#9043,#11670);
#11670 = DEFINITIONAL_REPRESENTATION('',(#11671),#11674);
#11671 = B_SPLINE_CURVE_WITH_KNOTS('',1,(#11672,#11673),.UNSPECIFIED.,
  .F.,.F.,(2,2),(-15.75,-3.75),.PIECEWISE_BEZIER_KNOTS.);
#11672 = CARTESIAN_POINT('',(19.5,20.6));
#11673 = CARTESIAN_POINT('',(7.5,20.6));
#11674 = ( GEOMETRIC_REPRESENTATION_CONTEXT(2) 
PARAMETRIC_REPRESENTATION_CONTEXT() REPRESENTATION_CONTEXT('2D SPACE',''
  ) );
#11675 = PCURVE('',#11676,#11681);
#11676 = PLANE('',#11677);
#11677 = AXIS2_PLACEMENT_3D('',#11678,#11679,#11680);
#11678 = CARTESIAN_POINT('',(-22.5,-21.4,26.8));
#11679 = DIRECTION('',(0.,1.,0.));
#11680 = DIRECTION('',(0.,0.,1.));
#11681 = DEFINITIONAL_REPRESENTATION('',(#11682),#11685);
#11682 = B_SPLINE_CURVE_WITH_KNOTS('',1,(#11683,#11684),.UNSPECIFIED.,
  .F.,.F.,(2,2),(-15.75,-3.75),.PIECEWISE_BEZIER_KNOTS.);
#11683 = CARTESIAN_POINT('',(0.4,12.));
#11684 = CARTESIAN_POINT('',(0.4,0.));
#11685 = ( GEOMETRIC_REPRESENTATION_CONTEXT(2) 
PARAMETRIC_REPRESENTATION_CONTEXT() REPRESENTATION_CONTEXT('2D SPACE',''
  ) );
#11686 = ORIENTED_EDGE('',*,*,#11687,.F.);
#11687 = EDGE_CURVE('',#11608,#11662,#11688,.T.);
#11688 = SURFACE_CURVE('',#11689,(#11693,#11699),.PCURVE_S1.);
#11689 = LINE('',#11690,#11691);
#11690 = CARTESIAN_POINT('',(-10.5,-32.3,27.2));
#11691 = VECTOR('',#11692,1.);
#11692 = DIRECTION('',(0.,1.,0.));
#11693 = PCURVE('',#9043,#11694);
#11694 = DEFINITIONAL_REPRESENTATION('',(#11695),#11698);
#11695 = B_SPLINE_CURVE_WITH_KNOTS('',1,(#11696,#11697),.UNSPECIFIED.,
  .F.,.F.,(2,2),(9.7,10.9),.PIECEWISE_BEZIER_KNOTS.);
#11696 = CARTESIAN_POINT('',(19.5,19.4));
#11697 = CARTESIAN_POINT('',(19.5,20.6));
#11698 = ( GEOMETRIC_REPRESENTATION_CONTEXT(2) 
PARAMETRIC_REPRESENTATION_CONTEXT() REPRESENTATION_CONTEXT('2D SPACE',''
  ) );
#11699 = PCURVE('',#11700,#11705);
#11700 = PLANE('',#11701);
#11701 = AXIS2_PLACEMENT_3D('',#11702,#11703,#11704);
#11702 = CARTESIAN_POINT('',(-10.5,-22.6,26.8));
#11703 = DIRECTION('',(1.,0.,0.));
#11704 = DIRECTION('',(0.,0.,1.));
#11705 = DEFINITIONAL_REPRESENTATION('',(#11706),#11709);
#11706 = B_SPLINE_CURVE_WITH_KNOTS('',1,(#11707,#11708),.UNSPECIFIED.,
  .F.,.F.,(2,2),(9.7,10.9),.PIECEWISE_BEZIER_KNOTS.);
#11707 = CARTESIAN_POINT('',(0.4,0.));
#11708 = CARTESIAN_POINT('',(0.4,-1.2));
#11709 = ( GEOMETRIC_REPRESENTATION_CONTEXT(2) 
PARAMETRIC_REPRESENTATION_CONTEXT() REPRESENTATION_CONTEXT('2D SPACE',''
  ) );
#11710 = ADVANCED_FACE('',(#11711),#11650,.T.);
#11711 = FACE_BOUND('',#11712,.T.);
#11712 = EDGE_LOOP('',(#11713,#11736,#11764,#11785));
#11713 = ORIENTED_EDGE('',*,*,#11714,.F.);
#11714 = EDGE_CURVE('',#11715,#11610,#11717,.T.);
#11715 = VERTEX_POINT('',#11716);
#11716 = CARTESIAN_POINT('',(-22.5,-22.6,26.8));
#11717 = SURFACE_CURVE('',#11718,(#11722,#11729),.PCURVE_S1.);
#11718 = LINE('',#11719,#11720);
#11719 = CARTESIAN_POINT('',(-22.5,-22.6,26.8));
#11720 = VECTOR('',#11721,1.);
#11721 = DIRECTION('',(0.,0.,1.));
#11722 = PCURVE('',#11650,#11723);
#11723 = DEFINITIONAL_REPRESENTATION('',(#11724),#11728);
#11724 = LINE('',#11725,#11726);
#11725 = CARTESIAN_POINT('',(0.,0.));
#11726 = VECTOR('',#11727,1.);
#11727 = DIRECTION('',(1.,0.));
#11728 = ( GEOMETRIC_REPRESENTATION_CONTEXT(2) 
PARAMETRIC_REPRESENTATION_CONTEXT() REPRESENTATION_CONTEXT('2D SPACE',''
  ) );
#11729 = PCURVE('',#11624,#11730);
#11730 = DEFINITIONAL_REPRESENTATION('',(#11731),#11735);
#11731 = LINE('',#11732,#11733);
#11732 = CARTESIAN_POINT('',(0.,0.));
#11733 = VECTOR('',#11734,1.);
#11734 = DIRECTION('',(1.,0.));
#11735 = ( GEOMETRIC_REPRESENTATION_CONTEXT(2) 
PARAMETRIC_REPRESENTATION_CONTEXT() REPRESENTATION_CONTEXT('2D SPACE',''
  ) );
#11736 = ORIENTED_EDGE('',*,*,#11737,.T.);
#11737 = EDGE_CURVE('',#11715,#11738,#11740,.T.);
#11738 = VERTEX_POINT('',#11739);
#11739 = CARTESIAN_POINT('',(-22.5,-21.4,26.8));
#11740 = SURFACE_CURVE('',#11741,(#11745,#11752),.PCURVE_S1.);
#11741 = LINE('',#11742,#11743);
#11742 = CARTESIAN_POINT('',(-22.5,-22.6,26.8));
#11743 = VECTOR('',#11744,1.);
#11744 = DIRECTION('',(0.,1.,0.));
#11745 = PCURVE('',#11650,#11746);
#11746 = DEFINITIONAL_REPRESENTATION('',(#11747),#11751);
#11747 = LINE('',#11748,#11749);
#11748 = CARTESIAN_POINT('',(0.,0.));
#11749 = VECTOR('',#11750,1.);
#11750 = DIRECTION('',(0.,-1.));
#11751 = ( GEOMETRIC_REPRESENTATION_CONTEXT(2) 
PARAMETRIC_REPRESENTATION_CONTEXT() REPRESENTATION_CONTEXT('2D SPACE',''
  ) );
#11752 = PCURVE('',#11753,#11758);
#11753 = PLANE('',#11754);
#11754 = AXIS2_PLACEMENT_3D('',#11755,#11756,#11757);
#11755 = CARTESIAN_POINT('',(-22.5,-22.6,26.8));
#11756 = DIRECTION('',(0.,0.,1.));
#11757 = DIRECTION('',(1.,0.,0.));
#11758 = DEFINITIONAL_REPRESENTATION('',(#11759),#11763);
#11759 = LINE('',#11760,#11761);
#11760 = CARTESIAN_POINT('',(0.,0.));
#11761 = VECTOR('',#11762,1.);
#11762 = DIRECTION('',(0.,1.));
#11763 = ( GEOMETRIC_REPRESENTATION_CONTEXT(2) 
PARAMETRIC_REPRESENTATION_CONTEXT() REPRESENTATION_CONTEXT('2D SPACE',''
  ) );
#11764 = ORIENTED_EDGE('',*,*,#11765,.T.);
#11765 = EDGE_CURVE('',#11738,#11636,#11766,.T.);
#11766 = SURFACE_CURVE('',#11767,(#11771,#11778),.PCURVE_S1.);
#11767 = LINE('',#11768,#11769);
#11768 = CARTESIAN_POINT('',(-22.5,-21.4,26.8));
#11769 = VECTOR('',#11770,1.);
#11770 = DIRECTION('',(0.,0.,1.));
#11771 = PCURVE('',#11650,#11772);
#11772 = DEFINITIONAL_REPRESENTATION('',(#11773),#11777);
#11773 = LINE('',#11774,#11775);
#11774 = CARTESIAN_POINT('',(0.,-1.2));
#11775 = VECTOR('',#11776,1.);
#11776 = DIRECTION('',(1.,0.));
#11777 = ( GEOMETRIC_REPRESENTATION_CONTEXT(2) 
PARAMETRIC_REPRESENTATION_CONTEXT() REPRESENTATION_CONTEXT('2D SPACE',''
  ) );
#11778 = PCURVE('',#11676,#11779);
#11779 = DEFINITIONAL_REPRESENTATION('',(#11780),#11784);
#11780 = LINE('',#11781,#11782);
#11781 = CARTESIAN_POINT('',(0.,0.));
#11782 = VECTOR('',#11783,1.);
#11783 = DIRECTION('',(1.,0.));
#11784 = ( GEOMETRIC_REPRESENTATION_CONTEXT(2) 
PARAMETRIC_REPRESENTATION_CONTEXT() REPRESENTATION_CONTEXT('2D SPACE',''
  ) );
#11785 = ORIENTED_EDGE('',*,*,#11635,.F.);
#11786 = ADVANCED_FACE('',(#11787),#11753,.T.);
#11787 = FACE_BOUND('',#11788,.T.);
#11788 = EDGE_LOOP('',(#11789,#11790,#11813,#11836));
#11789 = ORIENTED_EDGE('',*,*,#11737,.F.);
#11790 = ORIENTED_EDGE('',*,*,#11791,.T.);
#11791 = EDGE_CURVE('',#11715,#11792,#11794,.T.);
#11792 = VERTEX_POINT('',#11793);
#11793 = CARTESIAN_POINT('',(-10.5,-22.6,26.8));
#11794 = SURFACE_CURVE('',#11795,(#11799,#11806),.PCURVE_S1.);
#11795 = LINE('',#11796,#11797);
#11796 = CARTESIAN_POINT('',(-22.5,-22.6,26.8));
#11797 = VECTOR('',#11798,1.);
#11798 = DIRECTION('',(1.,0.,0.));
#11799 = PCURVE('',#11753,#11800);
#11800 = DEFINITIONAL_REPRESENTATION('',(#11801),#11805);
#11801 = LINE('',#11802,#11803);
#11802 = CARTESIAN_POINT('',(0.,0.));
#11803 = VECTOR('',#11804,1.);
#11804 = DIRECTION('',(1.,0.));
#11805 = ( GEOMETRIC_REPRESENTATION_CONTEXT(2) 
PARAMETRIC_REPRESENTATION_CONTEXT() REPRESENTATION_CONTEXT('2D SPACE',''
  ) );
#11806 = PCURVE('',#11624,#11807);
#11807 = DEFINITIONAL_REPRESENTATION('',(#11808),#11812);
#11808 = LINE('',#11809,#11810);
#11809 = CARTESIAN_POINT('',(0.,0.));
#11810 = VECTOR('',#11811,1.);
#11811 = DIRECTION('',(0.,1.));
#11812 = ( GEOMETRIC_REPRESENTATION_CONTEXT(2) 
PARAMETRIC_REPRESENTATION_CONTEXT() REPRESENTATION_CONTEXT('2D SPACE',''
  ) );
#11813 = ORIENTED_EDGE('',*,*,#11814,.T.);
#11814 = EDGE_CURVE('',#11792,#11815,#11817,.T.);
#11815 = VERTEX_POINT('',#11816);
#11816 = CARTESIAN_POINT('',(-10.5,-21.4,26.8));
#11817 = SURFACE_CURVE('',#11818,(#11822,#11829),.PCURVE_S1.);
#11818 = LINE('',#11819,#11820);
#11819 = CARTESIAN_POINT('',(-10.5,-22.6,26.8));
#11820 = VECTOR('',#11821,1.);
#11821 = DIRECTION('',(0.,1.,0.));
#11822 = PCURVE('',#11753,#11823);
#11823 = DEFINITIONAL_REPRESENTATION('',(#11824),#11828);
#11824 = LINE('',#11825,#11826);
#11825 = CARTESIAN_POINT('',(12.,0.));
#11826 = VECTOR('',#11827,1.);
#11827 = DIRECTION('',(0.,1.));
#11828 = ( GEOMETRIC_REPRESENTATION_CONTEXT(2) 
PARAMETRIC_REPRESENTATION_CONTEXT() REPRESENTATION_CONTEXT('2D SPACE',''
  ) );
#11829 = PCURVE('',#11700,#11830);
#11830 = DEFINITIONAL_REPRESENTATION('',(#11831),#11835);
#11831 = LINE('',#11832,#11833);
#11832 = CARTESIAN_POINT('',(0.,0.));
#11833 = VECTOR('',#11834,1.);
#11834 = DIRECTION('',(0.,-1.));
#11835 = ( GEOMETRIC_REPRESENTATION_CONTEXT(2) 
PARAMETRIC_REPRESENTATION_CONTEXT() REPRESENTATION_CONTEXT('2D SPACE',''
  ) );
#11836 = ORIENTED_EDGE('',*,*,#11837,.F.);
#11837 = EDGE_CURVE('',#11738,#11815,#11838,.T.);
#11838 = SURFACE_CURVE('',#11839,(#11843,#11850),.PCURVE_S1.);
#11839 = LINE('',#11840,#11841);
#11840 = CARTESIAN_POINT('',(-22.5,-21.4,26.8));
#11841 = VECTOR('',#11842,1.);
#11842 = DIRECTION('',(1.,0.,0.));
#11843 = PCURVE('',#11753,#11844);
#11844 = DEFINITIONAL_REPRESENTATION('',(#11845),#11849);
#11845 = LINE('',#11846,#11847);
#11846 = CARTESIAN_POINT('',(0.,1.2));
#11847 = VECTOR('',#11848,1.);
#11848 = DIRECTION('',(1.,0.));
#11849 = ( GEOMETRIC_REPRESENTATION_CONTEXT(2) 
PARAMETRIC_REPRESENTATION_CONTEXT() REPRESENTATION_CONTEXT('2D SPACE',''
  ) );
#11850 = PCURVE('',#11676,#11851);
#11851 = DEFINITIONAL_REPRESENTATION('',(#11852),#11856);
#11852 = LINE('',#11853,#11854);
#11853 = CARTESIAN_POINT('',(0.,0.));
#11854 = VECTOR('',#11855,1.);
#11855 = DIRECTION('',(0.,1.));
#11856 = ( GEOMETRIC_REPRESENTATION_CONTEXT(2) 
PARAMETRIC_REPRESENTATION_CONTEXT() REPRESENTATION_CONTEXT('2D SPACE',''
  ) );
#11857 = ADVANCED_FACE('',(#11858),#11676,.F.);
#11858 = FACE_BOUND('',#11859,.F.);
#11859 = EDGE_LOOP('',(#11860,#11881,#11882,#11883));
#11860 = ORIENTED_EDGE('',*,*,#11861,.F.);
#11861 = EDGE_CURVE('',#11815,#11662,#11862,.T.);
#11862 = SURFACE_CURVE('',#11863,(#11867,#11874),.PCURVE_S1.);
#11863 = LINE('',#11864,#11865);
#11864 = CARTESIAN_POINT('',(-10.5,-21.4,26.8));
#11865 = VECTOR('',#11866,1.);
#11866 = DIRECTION('',(0.,0.,1.));
#11867 = PCURVE('',#11676,#11868);
#11868 = DEFINITIONAL_REPRESENTATION('',(#11869),#11873);
#11869 = LINE('',#11870,#11871);
#11870 = CARTESIAN_POINT('',(0.,12.));
#11871 = VECTOR('',#11872,1.);
#11872 = DIRECTION('',(1.,0.));
#11873 = ( GEOMETRIC_REPRESENTATION_CONTEXT(2) 
PARAMETRIC_REPRESENTATION_CONTEXT() REPRESENTATION_CONTEXT('2D SPACE',''
  ) );
#11874 = PCURVE('',#11700,#11875);
#11875 = DEFINITIONAL_REPRESENTATION('',(#11876),#11880);
#11876 = LINE('',#11877,#11878);
#11877 = CARTESIAN_POINT('',(0.,-1.2));
#11878 = VECTOR('',#11879,1.);
#11879 = DIRECTION('',(1.,0.));
#11880 = ( GEOMETRIC_REPRESENTATION_CONTEXT(2) 
PARAMETRIC_REPRESENTATION_CONTEXT() REPRESENTATION_CONTEXT('2D SPACE',''
  ) );
#11881 = ORIENTED_EDGE('',*,*,#11837,.F.);
#11882 = ORIENTED_EDGE('',*,*,#11765,.T.);
#11883 = ORIENTED_EDGE('',*,*,#11661,.F.);
#11884 = ADVANCED_FACE('',(#11885),#11700,.F.);
#11885 = FACE_BOUND('',#11886,.F.);
#11886 = EDGE_LOOP('',(#11887,#11908,#11909,#11910));
#11887 = ORIENTED_EDGE('',*,*,#11888,.F.);
#11888 = EDGE_CURVE('',#11792,#11608,#11889,.T.);
#11889 = SURFACE_CURVE('',#11890,(#11894,#11901),.PCURVE_S1.);
#11890 = LINE('',#11891,#11892);
#11891 = CARTESIAN_POINT('',(-10.5,-22.6,26.8));
#11892 = VECTOR('',#11893,1.);
#11893 = DIRECTION('',(0.,0.,1.));
#11894 = PCURVE('',#11700,#11895);
#11895 = DEFINITIONAL_REPRESENTATION('',(#11896),#11900);
#11896 = LINE('',#11897,#11898);
#11897 = CARTESIAN_POINT('',(0.,0.));
#11898 = VECTOR('',#11899,1.);
#11899 = DIRECTION('',(1.,0.));
#11900 = ( GEOMETRIC_REPRESENTATION_CONTEXT(2) 
PARAMETRIC_REPRESENTATION_CONTEXT() REPRESENTATION_CONTEXT('2D SPACE',''
  ) );
#11901 = PCURVE('',#11624,#11902);
#11902 = DEFINITIONAL_REPRESENTATION('',(#11903),#11907);
#11903 = LINE('',#11904,#11905);
#11904 = CARTESIAN_POINT('',(0.,12.));
#11905 = VECTOR('',#11906,1.);
#11906 = DIRECTION('',(1.,0.));
#11907 = ( GEOMETRIC_REPRESENTATION_CONTEXT(2) 
PARAMETRIC_REPRESENTATION_CONTEXT() REPRESENTATION_CONTEXT('2D SPACE',''
  ) );
#11908 = ORIENTED_EDGE('',*,*,#11814,.T.);
#11909 = ORIENTED_EDGE('',*,*,#11861,.T.);
#11910 = ORIENTED_EDGE('',*,*,#11687,.F.);
#11911 = ADVANCED_FACE('',(#11912),#11624,.T.);
#11912 = FACE_BOUND('',#11913,.T.);
#11913 = EDGE_LOOP('',(#11914,#11915,#11916,#11917));
#11914 = ORIENTED_EDGE('',*,*,#11888,.F.);
#11915 = ORIENTED_EDGE('',*,*,#11791,.F.);
#11916 = ORIENTED_EDGE('',*,*,#11714,.T.);
#11917 = ORIENTED_EDGE('',*,*,#11607,.F.);
#11918 = ADVANCED_FACE('',(#11919),#11570,.F.);
#11919 = FACE_BOUND('',#11920,.F.);
#11920 = EDGE_LOOP('',(#11921,#11944,#11972,#11993));
#11921 = ORIENTED_EDGE('',*,*,#11922,.F.);
#11922 = EDGE_CURVE('',#11923,#11556,#11925,.T.);
#11923 = VERTEX_POINT('',#11924);
#11924 = CARTESIAN_POINT('',(-10.5,-24.4,26.8));
#11925 = SURFACE_CURVE('',#11926,(#11930,#11937),.PCURVE_S1.);
#11926 = LINE('',#11927,#11928);
#11927 = CARTESIAN_POINT('',(-10.5,-24.4,26.8));
#11928 = VECTOR('',#11929,1.);
#11929 = DIRECTION('',(0.,0.,1.));
#11930 = PCURVE('',#11570,#11931);
#11931 = DEFINITIONAL_REPRESENTATION('',(#11932),#11936);
#11932 = LINE('',#11933,#11934);
#11933 = CARTESIAN_POINT('',(0.,12.));
#11934 = VECTOR('',#11935,1.);
#11935 = DIRECTION('',(1.,0.));
#11936 = ( GEOMETRIC_REPRESENTATION_CONTEXT(2) 
PARAMETRIC_REPRESENTATION_CONTEXT() REPRESENTATION_CONTEXT('2D SPACE',''
  ) );
#11937 = PCURVE('',#11594,#11938);
#11938 = DEFINITIONAL_REPRESENTATION('',(#11939),#11943);
#11939 = LINE('',#11940,#11941);
#11940 = CARTESIAN_POINT('',(0.,-1.2));
#11941 = VECTOR('',#11942,1.);
#11942 = DIRECTION('',(1.,0.));
#11943 = ( GEOMETRIC_REPRESENTATION_CONTEXT(2) 
PARAMETRIC_REPRESENTATION_CONTEXT() REPRESENTATION_CONTEXT('2D SPACE',''
  ) );
#11944 = ORIENTED_EDGE('',*,*,#11945,.F.);
#11945 = EDGE_CURVE('',#11946,#11923,#11948,.T.);
#11946 = VERTEX_POINT('',#11947);
#11947 = CARTESIAN_POINT('',(-22.5,-24.4,26.8));
#11948 = SURFACE_CURVE('',#11949,(#11953,#11960),.PCURVE_S1.);
#11949 = LINE('',#11950,#11951);
#11950 = CARTESIAN_POINT('',(-22.5,-24.4,26.8));
#11951 = VECTOR('',#11952,1.);
#11952 = DIRECTION('',(1.,0.,0.));
#11953 = PCURVE('',#11570,#11954);
#11954 = DEFINITIONAL_REPRESENTATION('',(#11955),#11959);
#11955 = LINE('',#11956,#11957);
#11956 = CARTESIAN_POINT('',(0.,0.));
#11957 = VECTOR('',#11958,1.);
#11958 = DIRECTION('',(0.,1.));
#11959 = ( GEOMETRIC_REPRESENTATION_CONTEXT(2) 
PARAMETRIC_REPRESENTATION_CONTEXT() REPRESENTATION_CONTEXT('2D SPACE',''
  ) );
#11960 = PCURVE('',#11961,#11966);
#11961 = PLANE('',#11962);
#11962 = AXIS2_PLACEMENT_3D('',#11963,#11964,#11965);
#11963 = CARTESIAN_POINT('',(-22.5,-25.6,26.8));
#11964 = DIRECTION('',(0.,0.,1.));
#11965 = DIRECTION('',(1.,0.,0.));
#11966 = DEFINITIONAL_REPRESENTATION('',(#11967),#11971);
#11967 = LINE('',#11968,#11969);
#11968 = CARTESIAN_POINT('',(0.,1.2));
#11969 = VECTOR('',#11970,1.);
#11970 = DIRECTION('',(1.,0.));
#11971 = ( GEOMETRIC_REPRESENTATION_CONTEXT(2) 
PARAMETRIC_REPRESENTATION_CONTEXT() REPRESENTATION_CONTEXT('2D SPACE',''
  ) );
#11972 = ORIENTED_EDGE('',*,*,#11973,.T.);
#11973 = EDGE_CURVE('',#11946,#11530,#11974,.T.);
#11974 = SURFACE_CURVE('',#11975,(#11979,#11986),.PCURVE_S1.);
#11975 = LINE('',#11976,#11977);
#11976 = CARTESIAN_POINT('',(-22.5,-24.4,26.8));
#11977 = VECTOR('',#11978,1.);
#11978 = DIRECTION('',(0.,0.,1.));
#11979 = PCURVE('',#11570,#11980);
#11980 = DEFINITIONAL_REPRESENTATION('',(#11981),#11985);
#11981 = LINE('',#11982,#11983);
#11982 = CARTESIAN_POINT('',(0.,0.));
#11983 = VECTOR('',#11984,1.);
#11984 = DIRECTION('',(1.,0.));
#11985 = ( GEOMETRIC_REPRESENTATION_CONTEXT(2) 
PARAMETRIC_REPRESENTATION_CONTEXT() REPRESENTATION_CONTEXT('2D SPACE',''
  ) );
#11986 = PCURVE('',#11544,#11987);
#11987 = DEFINITIONAL_REPRESENTATION('',(#11988),#11992);
#11988 = LINE('',#11989,#11990);
#11989 = CARTESIAN_POINT('',(0.,-1.2));
#11990 = VECTOR('',#11991,1.);
#11991 = DIRECTION('',(1.,0.));
#11992 = ( GEOMETRIC_REPRESENTATION_CONTEXT(2) 
PARAMETRIC_REPRESENTATION_CONTEXT() REPRESENTATION_CONTEXT('2D SPACE',''
  ) );
#11993 = ORIENTED_EDGE('',*,*,#11555,.F.);
#11994 = ADVANCED_FACE('',(#11995),#11961,.T.);
#11995 = FACE_BOUND('',#11996,.T.);
#11996 = EDGE_LOOP('',(#11997,#12020,#12043,#12064));
#11997 = ORIENTED_EDGE('',*,*,#11998,.F.);
#11998 = EDGE_CURVE('',#11999,#11946,#12001,.T.);
#11999 = VERTEX_POINT('',#12000);
#12000 = CARTESIAN_POINT('',(-22.5,-25.6,26.8));
#12001 = SURFACE_CURVE('',#12002,(#12006,#12013),.PCURVE_S1.);
#12002 = LINE('',#12003,#12004);
#12003 = CARTESIAN_POINT('',(-22.5,-25.6,26.8));
#12004 = VECTOR('',#12005,1.);
#12005 = DIRECTION('',(0.,1.,0.));
#12006 = PCURVE('',#11961,#12007);
#12007 = DEFINITIONAL_REPRESENTATION('',(#12008),#12012);
#12008 = LINE('',#12009,#12010);
#12009 = CARTESIAN_POINT('',(0.,0.));
#12010 = VECTOR('',#12011,1.);
#12011 = DIRECTION('',(0.,1.));
#12012 = ( GEOMETRIC_REPRESENTATION_CONTEXT(2) 
PARAMETRIC_REPRESENTATION_CONTEXT() REPRESENTATION_CONTEXT('2D SPACE',''
  ) );
#12013 = PCURVE('',#11544,#12014);
#12014 = DEFINITIONAL_REPRESENTATION('',(#12015),#12019);
#12015 = LINE('',#12016,#12017);
#12016 = CARTESIAN_POINT('',(0.,0.));
#12017 = VECTOR('',#12018,1.);
#12018 = DIRECTION('',(0.,-1.));
#12019 = ( GEOMETRIC_REPRESENTATION_CONTEXT(2) 
PARAMETRIC_REPRESENTATION_CONTEXT() REPRESENTATION_CONTEXT('2D SPACE',''
  ) );
#12020 = ORIENTED_EDGE('',*,*,#12021,.T.);
#12021 = EDGE_CURVE('',#11999,#12022,#12024,.T.);
#12022 = VERTEX_POINT('',#12023);
#12023 = CARTESIAN_POINT('',(-10.5,-25.6,26.8));
#12024 = SURFACE_CURVE('',#12025,(#12029,#12036),.PCURVE_S1.);
#12025 = LINE('',#12026,#12027);
#12026 = CARTESIAN_POINT('',(-22.5,-25.6,26.8));
#12027 = VECTOR('',#12028,1.);
#12028 = DIRECTION('',(1.,0.,0.));
#12029 = PCURVE('',#11961,#12030);
#12030 = DEFINITIONAL_REPRESENTATION('',(#12031),#12035);
#12031 = LINE('',#12032,#12033);
#12032 = CARTESIAN_POINT('',(0.,0.));
#12033 = VECTOR('',#12034,1.);
#12034 = DIRECTION('',(1.,0.));
#12035 = ( GEOMETRIC_REPRESENTATION_CONTEXT(2) 
PARAMETRIC_REPRESENTATION_CONTEXT() REPRESENTATION_CONTEXT('2D SPACE',''
  ) );
#12036 = PCURVE('',#11518,#12037);
#12037 = DEFINITIONAL_REPRESENTATION('',(#12038),#12042);
#12038 = LINE('',#12039,#12040);
#12039 = CARTESIAN_POINT('',(0.,0.));
#12040 = VECTOR('',#12041,1.);
#12041 = DIRECTION('',(0.,1.));
#12042 = ( GEOMETRIC_REPRESENTATION_CONTEXT(2) 
PARAMETRIC_REPRESENTATION_CONTEXT() REPRESENTATION_CONTEXT('2D SPACE',''
  ) );
#12043 = ORIENTED_EDGE('',*,*,#12044,.T.);
#12044 = EDGE_CURVE('',#12022,#11923,#12045,.T.);
#12045 = SURFACE_CURVE('',#12046,(#12050,#12057),.PCURVE_S1.);
#12046 = LINE('',#12047,#12048);
#12047 = CARTESIAN_POINT('',(-10.5,-25.6,26.8));
#12048 = VECTOR('',#12049,1.);
#12049 = DIRECTION('',(0.,1.,0.));
#12050 = PCURVE('',#11961,#12051);
#12051 = DEFINITIONAL_REPRESENTATION('',(#12052),#12056);
#12052 = LINE('',#12053,#12054);
#12053 = CARTESIAN_POINT('',(12.,0.));
#12054 = VECTOR('',#12055,1.);
#12055 = DIRECTION('',(0.,1.));
#12056 = ( GEOMETRIC_REPRESENTATION_CONTEXT(2) 
PARAMETRIC_REPRESENTATION_CONTEXT() REPRESENTATION_CONTEXT('2D SPACE',''
  ) );
#12057 = PCURVE('',#11594,#12058);
#12058 = DEFINITIONAL_REPRESENTATION('',(#12059),#12063);
#12059 = LINE('',#12060,#12061);
#12060 = CARTESIAN_POINT('',(0.,0.));
#12061 = VECTOR('',#12062,1.);
#12062 = DIRECTION('',(0.,-1.));
#12063 = ( GEOMETRIC_REPRESENTATION_CONTEXT(2) 
PARAMETRIC_REPRESENTATION_CONTEXT() REPRESENTATION_CONTEXT('2D SPACE',''
  ) );
#12064 = ORIENTED_EDGE('',*,*,#11945,.F.);
#12065 = ADVANCED_FACE('',(#12066),#11544,.T.);
#12066 = FACE_BOUND('',#12067,.T.);
#12067 = EDGE_LOOP('',(#12068,#12089,#12090,#12091));
#12068 = ORIENTED_EDGE('',*,*,#12069,.F.);
#12069 = EDGE_CURVE('',#11999,#11504,#12070,.T.);
#12070 = SURFACE_CURVE('',#12071,(#12075,#12082),.PCURVE_S1.);
#12071 = LINE('',#12072,#12073);
#12072 = CARTESIAN_POINT('',(-22.5,-25.6,26.8));
#12073 = VECTOR('',#12074,1.);
#12074 = DIRECTION('',(0.,0.,1.));
#12075 = PCURVE('',#11544,#12076);
#12076 = DEFINITIONAL_REPRESENTATION('',(#12077),#12081);
#12077 = LINE('',#12078,#12079);
#12078 = CARTESIAN_POINT('',(0.,0.));
#12079 = VECTOR('',#12080,1.);
#12080 = DIRECTION('',(1.,0.));
#12081 = ( GEOMETRIC_REPRESENTATION_CONTEXT(2) 
PARAMETRIC_REPRESENTATION_CONTEXT() REPRESENTATION_CONTEXT('2D SPACE',''
  ) );
#12082 = PCURVE('',#11518,#12083);
#12083 = DEFINITIONAL_REPRESENTATION('',(#12084),#12088);
#12084 = LINE('',#12085,#12086);
#12085 = CARTESIAN_POINT('',(0.,0.));
#12086 = VECTOR('',#12087,1.);
#12087 = DIRECTION('',(1.,0.));
#12088 = ( GEOMETRIC_REPRESENTATION_CONTEXT(2) 
PARAMETRIC_REPRESENTATION_CONTEXT() REPRESENTATION_CONTEXT('2D SPACE',''
  ) );
#12089 = ORIENTED_EDGE('',*,*,#11998,.T.);
#12090 = ORIENTED_EDGE('',*,*,#11973,.T.);
#12091 = ORIENTED_EDGE('',*,*,#11529,.F.);
#12092 = ADVANCED_FACE('',(#12093),#11594,.F.);
#12093 = FACE_BOUND('',#12094,.F.);
#12094 = EDGE_LOOP('',(#12095,#12116,#12117,#12118));
#12095 = ORIENTED_EDGE('',*,*,#12096,.F.);
#12096 = EDGE_CURVE('',#12022,#11502,#12097,.T.);
#12097 = SURFACE_CURVE('',#12098,(#12102,#12109),.PCURVE_S1.);
#12098 = LINE('',#12099,#12100);
#12099 = CARTESIAN_POINT('',(-10.5,-25.6,26.8));
#12100 = VECTOR('',#12101,1.);
#12101 = DIRECTION('',(0.,0.,1.));
#12102 = PCURVE('',#11594,#12103);
#12103 = DEFINITIONAL_REPRESENTATION('',(#12104),#12108);
#12104 = LINE('',#12105,#12106);
#12105 = CARTESIAN_POINT('',(0.,0.));
#12106 = VECTOR('',#12107,1.);
#12107 = DIRECTION('',(1.,0.));
#12108 = ( GEOMETRIC_REPRESENTATION_CONTEXT(2) 
PARAMETRIC_REPRESENTATION_CONTEXT() REPRESENTATION_CONTEXT('2D SPACE',''
  ) );
#12109 = PCURVE('',#11518,#12110);
#12110 = DEFINITIONAL_REPRESENTATION('',(#12111),#12115);
#12111 = LINE('',#12112,#12113);
#12112 = CARTESIAN_POINT('',(0.,12.));
#12113 = VECTOR('',#12114,1.);
#12114 = DIRECTION('',(1.,0.));
#12115 = ( GEOMETRIC_REPRESENTATION_CONTEXT(2) 
PARAMETRIC_REPRESENTATION_CONTEXT() REPRESENTATION_CONTEXT('2D SPACE',''
  ) );
#12116 = ORIENTED_EDGE('',*,*,#12044,.T.);
#12117 = ORIENTED_EDGE('',*,*,#11922,.T.);
#12118 = ORIENTED_EDGE('',*,*,#11581,.F.);
#12119 = ADVANCED_FACE('',(#12120),#11518,.T.);
#12120 = FACE_BOUND('',#12121,.T.);
#12121 = EDGE_LOOP('',(#12122,#12123,#12124,#12125));
#12122 = ORIENTED_EDGE('',*,*,#12096,.F.);
#12123 = ORIENTED_EDGE('',*,*,#12021,.F.);
#12124 = ORIENTED_EDGE('',*,*,#12069,.T.);
#12125 = ORIENTED_EDGE('',*,*,#11501,.F.);
#12126 = ADVANCED_FACE('',(#12127),#11464,.F.);
#12127 = FACE_BOUND('',#12128,.F.);
#12128 = EDGE_LOOP('',(#12129,#12152,#12180,#12201));
#12129 = ORIENTED_EDGE('',*,*,#12130,.F.);
#12130 = EDGE_CURVE('',#12131,#11450,#12133,.T.);
#12131 = VERTEX_POINT('',#12132);
#12132 = CARTESIAN_POINT('',(-10.5,-27.4,26.8));
#12133 = SURFACE_CURVE('',#12134,(#12138,#12145),.PCURVE_S1.);
#12134 = LINE('',#12135,#12136);
#12135 = CARTESIAN_POINT('',(-10.5,-27.4,26.8));
#12136 = VECTOR('',#12137,1.);
#12137 = DIRECTION('',(0.,0.,1.));
#12138 = PCURVE('',#11464,#12139);
#12139 = DEFINITIONAL_REPRESENTATION('',(#12140),#12144);
#12140 = LINE('',#12141,#12142);
#12141 = CARTESIAN_POINT('',(0.,12.));
#12142 = VECTOR('',#12143,1.);
#12143 = DIRECTION('',(1.,0.));
#12144 = ( GEOMETRIC_REPRESENTATION_CONTEXT(2) 
PARAMETRIC_REPRESENTATION_CONTEXT() REPRESENTATION_CONTEXT('2D SPACE',''
  ) );
#12145 = PCURVE('',#11488,#12146);
#12146 = DEFINITIONAL_REPRESENTATION('',(#12147),#12151);
#12147 = LINE('',#12148,#12149);
#12148 = CARTESIAN_POINT('',(0.,-1.2));
#12149 = VECTOR('',#12150,1.);
#12150 = DIRECTION('',(1.,0.));
#12151 = ( GEOMETRIC_REPRESENTATION_CONTEXT(2) 
PARAMETRIC_REPRESENTATION_CONTEXT() REPRESENTATION_CONTEXT('2D SPACE',''
  ) );
#12152 = ORIENTED_EDGE('',*,*,#12153,.F.);
#12153 = EDGE_CURVE('',#12154,#12131,#12156,.T.);
#12154 = VERTEX_POINT('',#12155);
#12155 = CARTESIAN_POINT('',(-22.5,-27.4,26.8));
#12156 = SURFACE_CURVE('',#12157,(#12161,#12168),.PCURVE_S1.);
#12157 = LINE('',#12158,#12159);
#12158 = CARTESIAN_POINT('',(-22.5,-27.4,26.8));
#12159 = VECTOR('',#12160,1.);
#12160 = DIRECTION('',(1.,0.,0.));
#12161 = PCURVE('',#11464,#12162);
#12162 = DEFINITIONAL_REPRESENTATION('',(#12163),#12167);
#12163 = LINE('',#12164,#12165);
#12164 = CARTESIAN_POINT('',(0.,0.));
#12165 = VECTOR('',#12166,1.);
#12166 = DIRECTION('',(0.,1.));
#12167 = ( GEOMETRIC_REPRESENTATION_CONTEXT(2) 
PARAMETRIC_REPRESENTATION_CONTEXT() REPRESENTATION_CONTEXT('2D SPACE',''
  ) );
#12168 = PCURVE('',#12169,#12174);
#12169 = PLANE('',#12170);
#12170 = AXIS2_PLACEMENT_3D('',#12171,#12172,#12173);
#12171 = CARTESIAN_POINT('',(-22.5,-28.6,26.8));
#12172 = DIRECTION('',(0.,0.,1.));
#12173 = DIRECTION('',(1.,0.,0.));
#12174 = DEFINITIONAL_REPRESENTATION('',(#12175),#12179);
#12175 = LINE('',#12176,#12177);
#12176 = CARTESIAN_POINT('',(0.,1.2));
#12177 = VECTOR('',#12178,1.);
#12178 = DIRECTION('',(1.,0.));
#12179 = ( GEOMETRIC_REPRESENTATION_CONTEXT(2) 
PARAMETRIC_REPRESENTATION_CONTEXT() REPRESENTATION_CONTEXT('2D SPACE',''
  ) );
#12180 = ORIENTED_EDGE('',*,*,#12181,.T.);
#12181 = EDGE_CURVE('',#12154,#11424,#12182,.T.);
#12182 = SURFACE_CURVE('',#12183,(#12187,#12194),.PCURVE_S1.);
#12183 = LINE('',#12184,#12185);
#12184 = CARTESIAN_POINT('',(-22.5,-27.4,26.8));
#12185 = VECTOR('',#12186,1.);
#12186 = DIRECTION('',(0.,0.,1.));
#12187 = PCURVE('',#11464,#12188);
#12188 = DEFINITIONAL_REPRESENTATION('',(#12189),#12193);
#12189 = LINE('',#12190,#12191);
#12190 = CARTESIAN_POINT('',(0.,0.));
#12191 = VECTOR('',#12192,1.);
#12192 = DIRECTION('',(1.,0.));
#12193 = ( GEOMETRIC_REPRESENTATION_CONTEXT(2) 
PARAMETRIC_REPRESENTATION_CONTEXT() REPRESENTATION_CONTEXT('2D SPACE',''
  ) );
#12194 = PCURVE('',#11438,#12195);
#12195 = DEFINITIONAL_REPRESENTATION('',(#12196),#12200);
#12196 = LINE('',#12197,#12198);
#12197 = CARTESIAN_POINT('',(0.,-1.2));
#12198 = VECTOR('',#12199,1.);
#12199 = DIRECTION('',(1.,0.));
#12200 = ( GEOMETRIC_REPRESENTATION_CONTEXT(2) 
PARAMETRIC_REPRESENTATION_CONTEXT() REPRESENTATION_CONTEXT('2D SPACE',''
  ) );
#12201 = ORIENTED_EDGE('',*,*,#11449,.F.);
#12202 = ADVANCED_FACE('',(#12203),#12169,.T.);
#12203 = FACE_BOUND('',#12204,.T.);
#12204 = EDGE_LOOP('',(#12205,#12228,#12251,#12272));
#12205 = ORIENTED_EDGE('',*,*,#12206,.F.);
#12206 = EDGE_CURVE('',#12207,#12154,#12209,.T.);
#12207 = VERTEX_POINT('',#12208);
#12208 = CARTESIAN_POINT('',(-22.5,-28.6,26.8));
#12209 = SURFACE_CURVE('',#12210,(#12214,#12221),.PCURVE_S1.);
#12210 = LINE('',#12211,#12212);
#12211 = CARTESIAN_POINT('',(-22.5,-28.6,26.8));
#12212 = VECTOR('',#12213,1.);
#12213 = DIRECTION('',(0.,1.,0.));
#12214 = PCURVE('',#12169,#12215);
#12215 = DEFINITIONAL_REPRESENTATION('',(#12216),#12220);
#12216 = LINE('',#12217,#12218);
#12217 = CARTESIAN_POINT('',(0.,0.));
#12218 = VECTOR('',#12219,1.);
#12219 = DIRECTION('',(0.,1.));
#12220 = ( GEOMETRIC_REPRESENTATION_CONTEXT(2) 
PARAMETRIC_REPRESENTATION_CONTEXT() REPRESENTATION_CONTEXT('2D SPACE',''
  ) );
#12221 = PCURVE('',#11438,#12222);
#12222 = DEFINITIONAL_REPRESENTATION('',(#12223),#12227);
#12223 = LINE('',#12224,#12225);
#12224 = CARTESIAN_POINT('',(0.,0.));
#12225 = VECTOR('',#12226,1.);
#12226 = DIRECTION('',(0.,-1.));
#12227 = ( GEOMETRIC_REPRESENTATION_CONTEXT(2) 
PARAMETRIC_REPRESENTATION_CONTEXT() REPRESENTATION_CONTEXT('2D SPACE',''
  ) );
#12228 = ORIENTED_EDGE('',*,*,#12229,.T.);
#12229 = EDGE_CURVE('',#12207,#12230,#12232,.T.);
#12230 = VERTEX_POINT('',#12231);
#12231 = CARTESIAN_POINT('',(-10.5,-28.6,26.8));
#12232 = SURFACE_CURVE('',#12233,(#12237,#12244),.PCURVE_S1.);
#12233 = LINE('',#12234,#12235);
#12234 = CARTESIAN_POINT('',(-22.5,-28.6,26.8));
#12235 = VECTOR('',#12236,1.);
#12236 = DIRECTION('',(1.,0.,0.));
#12237 = PCURVE('',#12169,#12238);
#12238 = DEFINITIONAL_REPRESENTATION('',(#12239),#12243);
#12239 = LINE('',#12240,#12241);
#12240 = CARTESIAN_POINT('',(0.,0.));
#12241 = VECTOR('',#12242,1.);
#12242 = DIRECTION('',(1.,0.));
#12243 = ( GEOMETRIC_REPRESENTATION_CONTEXT(2) 
PARAMETRIC_REPRESENTATION_CONTEXT() REPRESENTATION_CONTEXT('2D SPACE',''
  ) );
#12244 = PCURVE('',#11412,#12245);
#12245 = DEFINITIONAL_REPRESENTATION('',(#12246),#12250);
#12246 = LINE('',#12247,#12248);
#12247 = CARTESIAN_POINT('',(0.,0.));
#12248 = VECTOR('',#12249,1.);
#12249 = DIRECTION('',(0.,1.));
#12250 = ( GEOMETRIC_REPRESENTATION_CONTEXT(2) 
PARAMETRIC_REPRESENTATION_CONTEXT() REPRESENTATION_CONTEXT('2D SPACE',''
  ) );
#12251 = ORIENTED_EDGE('',*,*,#12252,.T.);
#12252 = EDGE_CURVE('',#12230,#12131,#12253,.T.);
#12253 = SURFACE_CURVE('',#12254,(#12258,#12265),.PCURVE_S1.);
#12254 = LINE('',#12255,#12256);
#12255 = CARTESIAN_POINT('',(-10.5,-28.6,26.8));
#12256 = VECTOR('',#12257,1.);
#12257 = DIRECTION('',(0.,1.,0.));
#12258 = PCURVE('',#12169,#12259);
#12259 = DEFINITIONAL_REPRESENTATION('',(#12260),#12264);
#12260 = LINE('',#12261,#12262);
#12261 = CARTESIAN_POINT('',(12.,0.));
#12262 = VECTOR('',#12263,1.);
#12263 = DIRECTION('',(0.,1.));
#12264 = ( GEOMETRIC_REPRESENTATION_CONTEXT(2) 
PARAMETRIC_REPRESENTATION_CONTEXT() REPRESENTATION_CONTEXT('2D SPACE',''
  ) );
#12265 = PCURVE('',#11488,#12266);
#12266 = DEFINITIONAL_REPRESENTATION('',(#12267),#12271);
#12267 = LINE('',#12268,#12269);
#12268 = CARTESIAN_POINT('',(0.,0.));
#12269 = VECTOR('',#12270,1.);
#12270 = DIRECTION('',(0.,-1.));
#12271 = ( GEOMETRIC_REPRESENTATION_CONTEXT(2) 
PARAMETRIC_REPRESENTATION_CONTEXT() REPRESENTATION_CONTEXT('2D SPACE',''
  ) );
#12272 = ORIENTED_EDGE('',*,*,#12153,.F.);
#12273 = ADVANCED_FACE('',(#12274),#11438,.T.);
#12274 = FACE_BOUND('',#12275,.T.);
#12275 = EDGE_LOOP('',(#12276,#12297,#12298,#12299));
#12276 = ORIENTED_EDGE('',*,*,#12277,.F.);
#12277 = EDGE_CURVE('',#12207,#11398,#12278,.T.);
#12278 = SURFACE_CURVE('',#12279,(#12283,#12290),.PCURVE_S1.);
#12279 = LINE('',#12280,#12281);
#12280 = CARTESIAN_POINT('',(-22.5,-28.6,26.8));
#12281 = VECTOR('',#12282,1.);
#12282 = DIRECTION('',(0.,0.,1.));
#12283 = PCURVE('',#11438,#12284);
#12284 = DEFINITIONAL_REPRESENTATION('',(#12285),#12289);
#12285 = LINE('',#12286,#12287);
#12286 = CARTESIAN_POINT('',(0.,0.));
#12287 = VECTOR('',#12288,1.);
#12288 = DIRECTION('',(1.,0.));
#12289 = ( GEOMETRIC_REPRESENTATION_CONTEXT(2) 
PARAMETRIC_REPRESENTATION_CONTEXT() REPRESENTATION_CONTEXT('2D SPACE',''
  ) );
#12290 = PCURVE('',#11412,#12291);
#12291 = DEFINITIONAL_REPRESENTATION('',(#12292),#12296);
#12292 = LINE('',#12293,#12294);
#12293 = CARTESIAN_POINT('',(0.,0.));
#12294 = VECTOR('',#12295,1.);
#12295 = DIRECTION('',(1.,0.));
#12296 = ( GEOMETRIC_REPRESENTATION_CONTEXT(2) 
PARAMETRIC_REPRESENTATION_CONTEXT() REPRESENTATION_CONTEXT('2D SPACE',''
  ) );
#12297 = ORIENTED_EDGE('',*,*,#12206,.T.);
#12298 = ORIENTED_EDGE('',*,*,#12181,.T.);
#12299 = ORIENTED_EDGE('',*,*,#11423,.F.);
#12300 = ADVANCED_FACE('',(#12301),#11488,.F.);
#12301 = FACE_BOUND('',#12302,.F.);
#12302 = EDGE_LOOP('',(#12303,#12324,#12325,#12326));
#12303 = ORIENTED_EDGE('',*,*,#12304,.F.);
#12304 = EDGE_CURVE('',#12230,#11396,#12305,.T.);
#12305 = SURFACE_CURVE('',#12306,(#12310,#12317),.PCURVE_S1.);
#12306 = LINE('',#12307,#12308);
#12307 = CARTESIAN_POINT('',(-10.5,-28.6,26.8));
#12308 = VECTOR('',#12309,1.);
#12309 = DIRECTION('',(0.,0.,1.));
#12310 = PCURVE('',#11488,#12311);
#12311 = DEFINITIONAL_REPRESENTATION('',(#12312),#12316);
#12312 = LINE('',#12313,#12314);
#12313 = CARTESIAN_POINT('',(0.,0.));
#12314 = VECTOR('',#12315,1.);
#12315 = DIRECTION('',(1.,0.));
#12316 = ( GEOMETRIC_REPRESENTATION_CONTEXT(2) 
PARAMETRIC_REPRESENTATION_CONTEXT() REPRESENTATION_CONTEXT('2D SPACE',''
  ) );
#12317 = PCURVE('',#11412,#12318);
#12318 = DEFINITIONAL_REPRESENTATION('',(#12319),#12323);
#12319 = LINE('',#12320,#12321);
#12320 = CARTESIAN_POINT('',(0.,12.));
#12321 = VECTOR('',#12322,1.);
#12322 = DIRECTION('',(1.,0.));
#12323 = ( GEOMETRIC_REPRESENTATION_CONTEXT(2) 
PARAMETRIC_REPRESENTATION_CONTEXT() REPRESENTATION_CONTEXT('2D SPACE',''
  ) );
#12324 = ORIENTED_EDGE('',*,*,#12252,.T.);
#12325 = ORIENTED_EDGE('',*,*,#12130,.T.);
#12326 = ORIENTED_EDGE('',*,*,#11475,.F.);
#12327 = ADVANCED_FACE('',(#12328),#11412,.T.);
#12328 = FACE_BOUND('',#12329,.T.);
#12329 = EDGE_LOOP('',(#12330,#12331,#12332,#12333));
#12330 = ORIENTED_EDGE('',*,*,#12304,.F.);
#12331 = ORIENTED_EDGE('',*,*,#12229,.F.);
#12332 = ORIENTED_EDGE('',*,*,#12277,.T.);
#12333 = ORIENTED_EDGE('',*,*,#11395,.F.);
#12334 = ( GEOMETRIC_REPRESENTATION_CONTEXT(3) 
GLOBAL_UNCERTAINTY_ASSIGNED_CONTEXT((#12338)) 
GLOBAL_UNIT_ASSIGNED_CONTEXT((#12335,#12336,#12337)) 
REPRESENTATION_CONTEXT('Context #1',
  '3D Context with UNIT and UNCERTAINTY') );
#12335 = ( LENGTH_UNIT() NAMED_UNIT(*) SI_UNIT(.MILLI.,.METRE.) );
#12336 = ( NAMED_UNIT(*) PLANE_ANGLE_UNIT() SI_UNIT($,.RADIAN.) );
#12337 = ( NAMED_UNIT(*) SI_UNIT($,.STERADIAN.) SOLID_ANGLE_UNIT() );
#12338 = UNCERTAINTY_MEASURE_WITH_UNIT(LENGTH_MEASURE(1.E-07),#12335,
  'distance_accuracy_value','confusion accuracy');
#12339 = CONTEXT_DEPENDENT_SHAPE_REPRESENTATION(#12340,#12342);
#12340 = ( REPRESENTATION_RELATIONSHIP('','',#9013,#10) 
REPRESENTATION_RELATIONSHIP_WITH_TRANSFORMATION(#12341) 
SHAPE_REPRESENTATION_RELATIONSHIP() );
#12341 = ITEM_DEFINED_TRANSFORMATION('','',#11,#19);
#12342 = PRODUCT_DEFINITION_SHAPE('Placement','Placement of an item',
  #12343);
#12343 = NEXT_ASSEMBLY_USAGE_OCCURRENCE('2','batteryLid','',#5,#9008,$);
#12344 = PRODUCT_RELATED_PRODUCT_CATEGORY('part',$,(#9010));
#12345 = SHAPE_DEFINITION_REPRESENTATION(#12346,#12352);
#12346 = PRODUCT_DEFINITION_SHAPE('','',#12347);
#12347 = PRODUCT_DEFINITION('design','',#12348,#12351);
#12348 = PRODUCT_DEFINITION_FORMATION('','',#12349);
#12349 = PRODUCT('electronicsLid','electronicsLid','',(#12350));
#12350 = PRODUCT_CONTEXT('',#2,'mechanical');
#12351 = PRODUCT_DEFINITION_CONTEXT('part definition',#2,'design');
#12352 = ADVANCED_BREP_SHAPE_REPRESENTATION('',(#11,#12353),#16000);
#12353 = MANIFOLD_SOLID_BREP('',#12354);
#12354 = CLOSED_SHELL('',(#12355,#12895,#12976,#14166,#14240,#14878,
    #14903,#14930,#14957,#14984,#15011,#15038,#15065,#15092,#15119,
    #15144,#15169,#15196,#15223,#15248,#15273,#15298,#15323,#15350,
    #15377,#15404,#15431,#15456,#15481,#15506,#15531,#15558,#15565,
    #15592,#15619,#15626,#15673,#15700,#15727,#15734,#15781,#15808,
    #15835,#15842,#15889,#15916,#15943,#15968,#15993));
#12355 = ADVANCED_FACE('',(#12356,#12535,#12655,#12775),#12370,.T.);
#12356 = FACE_BOUND('',#12357,.T.);
#12357 = EDGE_LOOP('',(#12358,#12391,#12419,#12452,#12480,#12509));
#12358 = ORIENTED_EDGE('',*,*,#12359,.F.);
#12359 = EDGE_CURVE('',#12360,#12362,#12364,.T.);
#12360 = VERTEX_POINT('',#12361);
#12361 = CARTESIAN_POINT('',(-1.4,-42.,27.2));
#12362 = VERTEX_POINT('',#12363);
#12363 = CARTESIAN_POINT('',(-1.4,42.,27.2));
#12364 = SURFACE_CURVE('',#12365,(#12369,#12380),.PCURVE_S1.);
#12365 = LINE('',#12366,#12367);
#12366 = CARTESIAN_POINT('',(-1.4,-46.,27.2));
#12367 = VECTOR('',#12368,1.);
#12368 = DIRECTION('',(0.,1.,0.));
#12369 = PCURVE('',#12370,#12375);
#12370 = PLANE('',#12371);
#12371 = AXIS2_PLACEMENT_3D('',#12372,#12373,#12374);
#12372 = CARTESIAN_POINT('',(-30.,-42.,27.2));
#12373 = DIRECTION('',(0.,0.,1.));
#12374 = DIRECTION('',(1.,0.,0.));
#12375 = DEFINITIONAL_REPRESENTATION('',(#12376),#12379);
#12376 = B_SPLINE_CURVE_WITH_KNOTS('',1,(#12377,#12378),.UNSPECIFIED.,
  .F.,.F.,(2,2),(4.,88.),.PIECEWISE_BEZIER_KNOTS.);
#12377 = CARTESIAN_POINT('',(28.6,0.));
#12378 = CARTESIAN_POINT('',(28.6,84.));
#12379 = ( GEOMETRIC_REPRESENTATION_CONTEXT(2) 
PARAMETRIC_REPRESENTATION_CONTEXT() REPRESENTATION_CONTEXT('2D SPACE',''
  ) );
#12380 = PCURVE('',#12381,#12386);
#12381 = PLANE('',#12382);
#12382 = AXIS2_PLACEMENT_3D('',#12383,#12384,#12385);
#12383 = CARTESIAN_POINT('',(-1.4,-50.,0.));
#12384 = DIRECTION('',(1.,0.,0.));
#12385 = DIRECTION('',(0.,0.,1.));
#12386 = DEFINITIONAL_REPRESENTATION('',(#12387),#12390);
#12387 = B_SPLINE_CURVE_WITH_KNOTS('',1,(#12388,#12389),.UNSPECIFIED.,
  .F.,.F.,(2,2),(4.,88.),.PIECEWISE_BEZIER_KNOTS.);
#12388 = CARTESIAN_POINT('',(27.2,-8.));
#12389 = CARTESIAN_POINT('',(27.2,-92.));
#12390 = ( GEOMETRIC_REPRESENTATION_CONTEXT(2) 
PARAMETRIC_REPRESENTATION_CONTEXT() REPRESENTATION_CONTEXT('2D SPACE',''
  ) );
#12391 = ORIENTED_EDGE('',*,*,#12392,.T.);
#12392 = EDGE_CURVE('',#12360,#12393,#12395,.T.);
#12393 = VERTEX_POINT('',#12394);
#12394 = CARTESIAN_POINT('',(26.,-42.,27.2));
#12395 = SURFACE_CURVE('',#12396,(#12400,#12407),.PCURVE_S1.);
#12396 = LINE('',#12397,#12398);
#12397 = CARTESIAN_POINT('',(-30.,-42.,27.2));
#12398 = VECTOR('',#12399,1.);
#12399 = DIRECTION('',(1.,0.,0.));
#12400 = PCURVE('',#12370,#12401);
#12401 = DEFINITIONAL_REPRESENTATION('',(#12402),#12406);
#12402 = LINE('',#12403,#12404);
#12403 = CARTESIAN_POINT('',(0.,0.));
#12404 = VECTOR('',#12405,1.);
#12405 = DIRECTION('',(1.,0.));
#12406 = ( GEOMETRIC_REPRESENTATION_CONTEXT(2) 
PARAMETRIC_REPRESENTATION_CONTEXT() REPRESENTATION_CONTEXT('2D SPACE',''
  ) );
#12407 = PCURVE('',#12408,#12413);
#12408 = PLANE('',#12409);
#12409 = AXIS2_PLACEMENT_3D('',#12410,#12411,#12412);
#12410 = CARTESIAN_POINT('',(-30.,-42.,25.4));
#12411 = DIRECTION('',(0.,1.,0.));
#12412 = DIRECTION('',(0.,0.,1.));
#12413 = DEFINITIONAL_REPRESENTATION('',(#12414),#12418);
#12414 = LINE('',#12415,#12416);
#12415 = CARTESIAN_POINT('',(1.8,0.));
#12416 = VECTOR('',#12417,1.);
#12417 = DIRECTION('',(0.,1.));
#12418 = ( GEOMETRIC_REPRESENTATION_CONTEXT(2) 
PARAMETRIC_REPRESENTATION_CONTEXT() REPRESENTATION_CONTEXT('2D SPACE',''
  ) );
#12419 = ORIENTED_EDGE('',*,*,#12420,.F.);
#12420 = EDGE_CURVE('',#12421,#12393,#12423,.T.);
#12421 = VERTEX_POINT('',#12422);
#12422 = CARTESIAN_POINT('',(30.,-38.,27.2));
#12423 = SURFACE_CURVE('',#12424,(#12429,#12440),.PCURVE_S1.);
#12424 = CIRCLE('',#12425,4.);
#12425 = AXIS2_PLACEMENT_3D('',#12426,#12427,#12428);
#12426 = CARTESIAN_POINT('',(26.,-38.,27.2));
#12427 = DIRECTION('',(-0.,-0.,-1.));
#12428 = DIRECTION('',(0.,-1.,0.));
#12429 = PCURVE('',#12370,#12430);
#12430 = DEFINITIONAL_REPRESENTATION('',(#12431),#12439);
#12431 = ( BOUNDED_CURVE() B_SPLINE_CURVE(2,(#12432,#12433,#12434,#12435
    ,#12436,#12437,#12438),.UNSPECIFIED.,.T.,.F.) 
B_SPLINE_CURVE_WITH_KNOTS((1,2,2,2,2,1),(-2.094395102393,0.,
    2.094395102393,4.188790204786,6.28318530718,8.377580409573),
.UNSPECIFIED.) CURVE() GEOMETRIC_REPRESENTATION_ITEM() 
RATIONAL_B_SPLINE_CURVE((1.,0.5,1.,0.5,1.,0.5,1.)) REPRESENTATION_ITEM(
  '') );
#12432 = CARTESIAN_POINT('',(56.,0.));
#12433 = CARTESIAN_POINT('',(49.071796769724,0.));
#12434 = CARTESIAN_POINT('',(52.535898384862,6.));
#12435 = CARTESIAN_POINT('',(56.,12.));
#12436 = CARTESIAN_POINT('',(59.464101615138,6.));
#12437 = CARTESIAN_POINT('',(62.928203230276,6.217248937901E-15));
#12438 = CARTESIAN_POINT('',(56.,0.));
#12439 = ( GEOMETRIC_REPRESENTATION_CONTEXT(2) 
PARAMETRIC_REPRESENTATION_CONTEXT() REPRESENTATION_CONTEXT('2D SPACE',''
  ) );
#12440 = PCURVE('',#12441,#12446);
#12441 = CYLINDRICAL_SURFACE('',#12442,4.);
#12442 = AXIS2_PLACEMENT_3D('',#12443,#12444,#12445);
#12443 = CARTESIAN_POINT('',(26.,-38.,25.4));
#12444 = DIRECTION('',(0.,0.,1.));
#12445 = DIRECTION('',(1.,0.,-0.));
#12446 = DEFINITIONAL_REPRESENTATION('',(#12447),#12451);
#12447 = LINE('',#12448,#12449);
#12448 = CARTESIAN_POINT('',(4.712388980385,1.8));
#12449 = VECTOR('',#12450,1.);
#12450 = DIRECTION('',(-1.,0.));
#12451 = ( GEOMETRIC_REPRESENTATION_CONTEXT(2) 
PARAMETRIC_REPRESENTATION_CONTEXT() REPRESENTATION_CONTEXT('2D SPACE',''
  ) );
#12452 = ORIENTED_EDGE('',*,*,#12453,.T.);
#12453 = EDGE_CURVE('',#12421,#12454,#12456,.T.);
#12454 = VERTEX_POINT('',#12455);
#12455 = CARTESIAN_POINT('',(30.,38.,27.2));
#12456 = SURFACE_CURVE('',#12457,(#12461,#12468),.PCURVE_S1.);
#12457 = LINE('',#12458,#12459);
#12458 = CARTESIAN_POINT('',(30.,-42.,27.2));
#12459 = VECTOR('',#12460,1.);
#12460 = DIRECTION('',(0.,1.,0.));
#12461 = PCURVE('',#12370,#12462);
#12462 = DEFINITIONAL_REPRESENTATION('',(#12463),#12467);
#12463 = LINE('',#12464,#12465);
#12464 = CARTESIAN_POINT('',(60.,0.));
#12465 = VECTOR('',#12466,1.);
#12466 = DIRECTION('',(0.,1.));
#12467 = ( GEOMETRIC_REPRESENTATION_CONTEXT(2) 
PARAMETRIC_REPRESENTATION_CONTEXT() REPRESENTATION_CONTEXT('2D SPACE',''
  ) );
#12468 = PCURVE('',#12469,#12474);
#12469 = PLANE('',#12470);
#12470 = AXIS2_PLACEMENT_3D('',#12471,#12472,#12473);
#12471 = CARTESIAN_POINT('',(30.,-42.,25.4));
#12472 = DIRECTION('',(1.,0.,0.));
#12473 = DIRECTION('',(0.,0.,1.));
#12474 = DEFINITIONAL_REPRESENTATION('',(#12475),#12479);
#12475 = LINE('',#12476,#12477);
#12476 = CARTESIAN_POINT('',(1.8,0.));
#12477 = VECTOR('',#12478,1.);
#12478 = DIRECTION('',(0.,-1.));
#12479 = ( GEOMETRIC_REPRESENTATION_CONTEXT(2) 
PARAMETRIC_REPRESENTATION_CONTEXT() REPRESENTATION_CONTEXT('2D SPACE',''
  ) );
#12480 = ORIENTED_EDGE('',*,*,#12481,.T.);
#12481 = EDGE_CURVE('',#12454,#12482,#12484,.T.);
#12482 = VERTEX_POINT('',#12483);
#12483 = CARTESIAN_POINT('',(26.,42.,27.2));
#12484 = SURFACE_CURVE('',#12485,(#12490,#12497),.PCURVE_S1.);
#12485 = CIRCLE('',#12486,4.);
#12486 = AXIS2_PLACEMENT_3D('',#12487,#12488,#12489);
#12487 = CARTESIAN_POINT('',(26.,38.,27.2));
#12488 = DIRECTION('',(0.,0.,1.));
#12489 = DIRECTION('',(0.,-1.,0.));
#12490 = PCURVE('',#12370,#12491);
#12491 = DEFINITIONAL_REPRESENTATION('',(#12492),#12496);
#12492 = CIRCLE('',#12493,4.);
#12493 = AXIS2_PLACEMENT_2D('',#12494,#12495);
#12494 = CARTESIAN_POINT('',(56.,80.));
#12495 = DIRECTION('',(0.,-1.));
#12496 = ( GEOMETRIC_REPRESENTATION_CONTEXT(2) 
PARAMETRIC_REPRESENTATION_CONTEXT() REPRESENTATION_CONTEXT('2D SPACE',''
  ) );
#12497 = PCURVE('',#12498,#12503);
#12498 = CYLINDRICAL_SURFACE('',#12499,4.);
#12499 = AXIS2_PLACEMENT_3D('',#12500,#12501,#12502);
#12500 = CARTESIAN_POINT('',(26.,38.,25.4));
#12501 = DIRECTION('',(0.,0.,1.));
#12502 = DIRECTION('',(1.,0.,-0.));
#12503 = DEFINITIONAL_REPRESENTATION('',(#12504),#12508);
#12504 = LINE('',#12505,#12506);
#12505 = CARTESIAN_POINT('',(-1.570796326795,1.8));
#12506 = VECTOR('',#12507,1.);
#12507 = DIRECTION('',(1.,0.));
#12508 = ( GEOMETRIC_REPRESENTATION_CONTEXT(2) 
PARAMETRIC_REPRESENTATION_CONTEXT() REPRESENTATION_CONTEXT('2D SPACE',''
  ) );
#12509 = ORIENTED_EDGE('',*,*,#12510,.F.);
#12510 = EDGE_CURVE('',#12362,#12482,#12511,.T.);
#12511 = SURFACE_CURVE('',#12512,(#12516,#12523),.PCURVE_S1.);
#12512 = LINE('',#12513,#12514);
#12513 = CARTESIAN_POINT('',(-30.,42.,27.2));
#12514 = VECTOR('',#12515,1.);
#12515 = DIRECTION('',(1.,0.,0.));
#12516 = PCURVE('',#12370,#12517);
#12517 = DEFINITIONAL_REPRESENTATION('',(#12518),#12522);
#12518 = LINE('',#12519,#12520);
#12519 = CARTESIAN_POINT('',(0.,84.));
#12520 = VECTOR('',#12521,1.);
#12521 = DIRECTION('',(1.,0.));
#12522 = ( GEOMETRIC_REPRESENTATION_CONTEXT(2) 
PARAMETRIC_REPRESENTATION_CONTEXT() REPRESENTATION_CONTEXT('2D SPACE',''
  ) );
#12523 = PCURVE('',#12524,#12529);
#12524 = PLANE('',#12525);
#12525 = AXIS2_PLACEMENT_3D('',#12526,#12527,#12528);
#12526 = CARTESIAN_POINT('',(-30.,42.,25.4));
#12527 = DIRECTION('',(0.,1.,0.));
#12528 = DIRECTION('',(0.,0.,1.));
#12529 = DEFINITIONAL_REPRESENTATION('',(#12530),#12534);
#12530 = LINE('',#12531,#12532);
#12531 = CARTESIAN_POINT('',(1.8,0.));
#12532 = VECTOR('',#12533,1.);
#12533 = DIRECTION('',(0.,1.));
#12534 = ( GEOMETRIC_REPRESENTATION_CONTEXT(2) 
PARAMETRIC_REPRESENTATION_CONTEXT() REPRESENTATION_CONTEXT('2D SPACE',''
  ) );
#12535 = FACE_BOUND('',#12536,.T.);
#12536 = EDGE_LOOP('',(#12537,#12565,#12598,#12624));
#12537 = ORIENTED_EDGE('',*,*,#12538,.F.);
#12538 = EDGE_CURVE('',#12539,#12541,#12543,.T.);
#12539 = VERTEX_POINT('',#12540);
#12540 = CARTESIAN_POINT('',(19.3,20.7,27.2));
#12541 = VERTEX_POINT('',#12542);
#12542 = CARTESIAN_POINT('',(8.7,20.7,27.2));
#12543 = SURFACE_CURVE('',#12544,(#12548,#12554),.PCURVE_S1.);
#12544 = LINE('',#12545,#12546);
#12545 = CARTESIAN_POINT('',(-10.65,20.7,27.2));
#12546 = VECTOR('',#12547,1.);
#12547 = DIRECTION('',(-1.,0.,0.));
#12548 = PCURVE('',#12370,#12549);
#12549 = DEFINITIONAL_REPRESENTATION('',(#12550),#12553);
#12550 = B_SPLINE_CURVE_WITH_KNOTS('',1,(#12551,#12552),.UNSPECIFIED.,
  .F.,.F.,(2,2),(-29.95,-19.35),.PIECEWISE_BEZIER_KNOTS.);
#12551 = CARTESIAN_POINT('',(49.3,62.7));
#12552 = CARTESIAN_POINT('',(38.7,62.7));
#12553 = ( GEOMETRIC_REPRESENTATION_CONTEXT(2) 
PARAMETRIC_REPRESENTATION_CONTEXT() REPRESENTATION_CONTEXT('2D SPACE',''
  ) );
#12554 = PCURVE('',#12555,#12560);
#12555 = PLANE('',#12556);
#12556 = AXIS2_PLACEMENT_3D('',#12557,#12558,#12559);
#12557 = CARTESIAN_POINT('',(8.7,20.7,25.38));
#12558 = DIRECTION('',(0.,1.,0.));
#12559 = DIRECTION('',(1.,0.,0.));
#12560 = DEFINITIONAL_REPRESENTATION('',(#12561),#12564);
#12561 = B_SPLINE_CURVE_WITH_KNOTS('',1,(#12562,#12563),.UNSPECIFIED.,
  .F.,.F.,(2,2),(-29.95,-19.35),.PIECEWISE_BEZIER_KNOTS.);
#12562 = CARTESIAN_POINT('',(10.6,-1.82));
#12563 = CARTESIAN_POINT('',(0.,-1.82));
#12564 = ( GEOMETRIC_REPRESENTATION_CONTEXT(2) 
PARAMETRIC_REPRESENTATION_CONTEXT() REPRESENTATION_CONTEXT('2D SPACE',''
  ) );
#12565 = ORIENTED_EDGE('',*,*,#12566,.T.);
#12566 = EDGE_CURVE('',#12539,#12567,#12569,.T.);
#12567 = VERTEX_POINT('',#12568);
#12568 = CARTESIAN_POINT('',(19.3,19.3,27.2));
#12569 = SURFACE_CURVE('',#12570,(#12575,#12586),.PCURVE_S1.);
#12570 = CIRCLE('',#12571,0.7);
#12571 = AXIS2_PLACEMENT_3D('',#12572,#12573,#12574);
#12572 = CARTESIAN_POINT('',(19.3,20.,27.2));
#12573 = DIRECTION('',(0.,0.,-1.));
#12574 = DIRECTION('',(-1.268826313857E-15,1.,0.));
#12575 = PCURVE('',#12370,#12576);
#12576 = DEFINITIONAL_REPRESENTATION('',(#12577),#12585);
#12577 = ( BOUNDED_CURVE() B_SPLINE_CURVE(2,(#12578,#12579,#12580,#12581
    ,#12582,#12583,#12584),.UNSPECIFIED.,.T.,.F.) 
B_SPLINE_CURVE_WITH_KNOTS((1,2,2,2,2,1),(-2.094395102393,0.,
    2.094395102393,4.188790204786,6.28318530718,8.377580409573),
.UNSPECIFIED.) CURVE() GEOMETRIC_REPRESENTATION_ITEM() 
RATIONAL_B_SPLINE_CURVE((1.,0.5,1.,0.5,1.,0.5,1.)) REPRESENTATION_ITEM(
  '') );
#12578 = CARTESIAN_POINT('',(49.3,62.7));
#12579 = CARTESIAN_POINT('',(50.512435565298,62.7));
#12580 = CARTESIAN_POINT('',(49.906217782649,61.65));
#12581 = CARTESIAN_POINT('',(49.3,60.6));
#12582 = CARTESIAN_POINT('',(48.693782217351,61.65));
#12583 = CARTESIAN_POINT('',(48.087564434702,62.7));
#12584 = CARTESIAN_POINT('',(49.3,62.7));
#12585 = ( GEOMETRIC_REPRESENTATION_CONTEXT(2) 
PARAMETRIC_REPRESENTATION_CONTEXT() REPRESENTATION_CONTEXT('2D SPACE',''
  ) );
#12586 = PCURVE('',#12587,#12592);
#12587 = CYLINDRICAL_SURFACE('',#12588,0.7);
#12588 = AXIS2_PLACEMENT_3D('',#12589,#12590,#12591);
#12589 = CARTESIAN_POINT('',(19.3,20.,25.38));
#12590 = DIRECTION('',(0.,0.,-1.));
#12591 = DIRECTION('',(-1.268826313857E-15,1.,0.));
#12592 = DEFINITIONAL_REPRESENTATION('',(#12593),#12597);
#12593 = LINE('',#12594,#12595);
#12594 = CARTESIAN_POINT('',(0.,-1.82));
#12595 = VECTOR('',#12596,1.);
#12596 = DIRECTION('',(1.,0.));
#12597 = ( GEOMETRIC_REPRESENTATION_CONTEXT(2) 
PARAMETRIC_REPRESENTATION_CONTEXT() REPRESENTATION_CONTEXT('2D SPACE',''
  ) );
#12598 = ORIENTED_EDGE('',*,*,#12599,.F.);
#12599 = EDGE_CURVE('',#12600,#12567,#12602,.T.);
#12600 = VERTEX_POINT('',#12601);
#12601 = CARTESIAN_POINT('',(8.7,19.3,27.2));
#12602 = SURFACE_CURVE('',#12603,(#12607,#12613),.PCURVE_S1.);
#12603 = LINE('',#12604,#12605);
#12604 = CARTESIAN_POINT('',(-5.35,19.3,27.2));
#12605 = VECTOR('',#12606,1.);
#12606 = DIRECTION('',(1.,0.,-0.));
#12607 = PCURVE('',#12370,#12608);
#12608 = DEFINITIONAL_REPRESENTATION('',(#12609),#12612);
#12609 = B_SPLINE_CURVE_WITH_KNOTS('',1,(#12610,#12611),.UNSPECIFIED.,
  .F.,.F.,(2,2),(14.05,24.65),.PIECEWISE_BEZIER_KNOTS.);
#12610 = CARTESIAN_POINT('',(38.7,61.3));
#12611 = CARTESIAN_POINT('',(49.3,61.3));
#12612 = ( GEOMETRIC_REPRESENTATION_CONTEXT(2) 
PARAMETRIC_REPRESENTATION_CONTEXT() REPRESENTATION_CONTEXT('2D SPACE',''
  ) );
#12613 = PCURVE('',#12614,#12619);
#12614 = PLANE('',#12615);
#12615 = AXIS2_PLACEMENT_3D('',#12616,#12617,#12618);
#12616 = CARTESIAN_POINT('',(19.3,19.3,25.38));
#12617 = DIRECTION('',(0.,-1.,0.));
#12618 = DIRECTION('',(-1.,0.,0.));
#12619 = DEFINITIONAL_REPRESENTATION('',(#12620),#12623);
#12620 = B_SPLINE_CURVE_WITH_KNOTS('',1,(#12621,#12622),.UNSPECIFIED.,
  .F.,.F.,(2,2),(14.05,24.65),.PIECEWISE_BEZIER_KNOTS.);
#12621 = CARTESIAN_POINT('',(10.6,-1.82));
#12622 = CARTESIAN_POINT('',(0.,-1.82));
#12623 = ( GEOMETRIC_REPRESENTATION_CONTEXT(2) 
PARAMETRIC_REPRESENTATION_CONTEXT() REPRESENTATION_CONTEXT('2D SPACE',''
  ) );
#12624 = ORIENTED_EDGE('',*,*,#12625,.T.);
#12625 = EDGE_CURVE('',#12600,#12541,#12626,.T.);
#12626 = SURFACE_CURVE('',#12627,(#12632,#12643),.PCURVE_S1.);
#12627 = CIRCLE('',#12628,0.7);
#12628 = AXIS2_PLACEMENT_3D('',#12629,#12630,#12631);
#12629 = CARTESIAN_POINT('',(8.7,20.,27.2));
#12630 = DIRECTION('',(0.,-0.,-1.));
#12631 = DIRECTION('',(1.268826313857E-15,-1.,0.));
#12632 = PCURVE('',#12370,#12633);
#12633 = DEFINITIONAL_REPRESENTATION('',(#12634),#12642);
#12634 = ( BOUNDED_CURVE() B_SPLINE_CURVE(2,(#12635,#12636,#12637,#12638
    ,#12639,#12640,#12641),.UNSPECIFIED.,.T.,.F.) 
B_SPLINE_CURVE_WITH_KNOTS((1,2,2,2,2,1),(-2.094395102393,0.,
    2.094395102393,4.188790204786,6.28318530718,8.377580409573),
.UNSPECIFIED.) CURVE() GEOMETRIC_REPRESENTATION_ITEM() 
RATIONAL_B_SPLINE_CURVE((1.,0.5,1.,0.5,1.,0.5,1.)) REPRESENTATION_ITEM(
  '') );
#12635 = CARTESIAN_POINT('',(38.7,61.3));
#12636 = CARTESIAN_POINT('',(37.487564434702,61.3));
#12637 = CARTESIAN_POINT('',(38.093782217351,62.35));
#12638 = CARTESIAN_POINT('',(38.7,63.4));
#12639 = CARTESIAN_POINT('',(39.306217782649,62.35));
#12640 = CARTESIAN_POINT('',(39.912435565298,61.3));
#12641 = CARTESIAN_POINT('',(38.7,61.3));
#12642 = ( GEOMETRIC_REPRESENTATION_CONTEXT(2) 
PARAMETRIC_REPRESENTATION_CONTEXT() REPRESENTATION_CONTEXT('2D SPACE',''
  ) );
#12643 = PCURVE('',#12644,#12649);
#12644 = CYLINDRICAL_SURFACE('',#12645,0.7);
#12645 = AXIS2_PLACEMENT_3D('',#12646,#12647,#12648);
#12646 = CARTESIAN_POINT('',(8.7,20.,25.38));
#12647 = DIRECTION('',(0.,-0.,-1.));
#12648 = DIRECTION('',(1.268826313857E-15,-1.,0.));
#12649 = DEFINITIONAL_REPRESENTATION('',(#12650),#12654);
#12650 = LINE('',#12651,#12652);
#12651 = CARTESIAN_POINT('',(0.,-1.82));
#12652 = VECTOR('',#12653,1.);
#12653 = DIRECTION('',(1.,0.));
#12654 = ( GEOMETRIC_REPRESENTATION_CONTEXT(2) 
PARAMETRIC_REPRESENTATION_CONTEXT() REPRESENTATION_CONTEXT('2D SPACE',''
  ) );
#12655 = FACE_BOUND('',#12656,.T.);
#12656 = EDGE_LOOP('',(#12657,#12685,#12718,#12744));
#12657 = ORIENTED_EDGE('',*,*,#12658,.F.);
#12658 = EDGE_CURVE('',#12659,#12661,#12663,.T.);
#12659 = VERTEX_POINT('',#12660);
#12660 = CARTESIAN_POINT('',(19.3,23.7,27.2));
#12661 = VERTEX_POINT('',#12662);
#12662 = CARTESIAN_POINT('',(8.7,23.7,27.2));
#12663 = SURFACE_CURVE('',#12664,(#12668,#12674),.PCURVE_S1.);
#12664 = LINE('',#12665,#12666);
#12665 = CARTESIAN_POINT('',(-10.65,23.7,27.2));
#12666 = VECTOR('',#12667,1.);
#12667 = DIRECTION('',(-1.,0.,0.));
#12668 = PCURVE('',#12370,#12669);
#12669 = DEFINITIONAL_REPRESENTATION('',(#12670),#12673);
#12670 = B_SPLINE_CURVE_WITH_KNOTS('',1,(#12671,#12672),.UNSPECIFIED.,
  .F.,.F.,(2,2),(-29.95,-19.35),.PIECEWISE_BEZIER_KNOTS.);
#12671 = CARTESIAN_POINT('',(49.3,65.7));
#12672 = CARTESIAN_POINT('',(38.7,65.7));
#12673 = ( GEOMETRIC_REPRESENTATION_CONTEXT(2) 
PARAMETRIC_REPRESENTATION_CONTEXT() REPRESENTATION_CONTEXT('2D SPACE',''
  ) );
#12674 = PCURVE('',#12675,#12680);
#12675 = PLANE('',#12676);
#12676 = AXIS2_PLACEMENT_3D('',#12677,#12678,#12679);
#12677 = CARTESIAN_POINT('',(8.7,23.7,25.38));
#12678 = DIRECTION('',(0.,1.,0.));
#12679 = DIRECTION('',(1.,0.,0.));
#12680 = DEFINITIONAL_REPRESENTATION('',(#12681),#12684);
#12681 = B_SPLINE_CURVE_WITH_KNOTS('',1,(#12682,#12683),.UNSPECIFIED.,
  .F.,.F.,(2,2),(-29.95,-19.35),.PIECEWISE_BEZIER_KNOTS.);
#12682 = CARTESIAN_POINT('',(10.6,-1.82));
#12683 = CARTESIAN_POINT('',(0.,-1.82));
#12684 = ( GEOMETRIC_REPRESENTATION_CONTEXT(2) 
PARAMETRIC_REPRESENTATION_CONTEXT() REPRESENTATION_CONTEXT('2D SPACE',''
  ) );
#12685 = ORIENTED_EDGE('',*,*,#12686,.T.);
#12686 = EDGE_CURVE('',#12659,#12687,#12689,.T.);
#12687 = VERTEX_POINT('',#12688);
#12688 = CARTESIAN_POINT('',(19.3,22.3,27.2));
#12689 = SURFACE_CURVE('',#12690,(#12695,#12706),.PCURVE_S1.);
#12690 = CIRCLE('',#12691,0.7);
#12691 = AXIS2_PLACEMENT_3D('',#12692,#12693,#12694);
#12692 = CARTESIAN_POINT('',(19.3,23.,27.2));
#12693 = DIRECTION('',(0.,0.,-1.));
#12694 = DIRECTION('',(-1.268826313857E-15,1.,0.));
#12695 = PCURVE('',#12370,#12696);
#12696 = DEFINITIONAL_REPRESENTATION('',(#12697),#12705);
#12697 = ( BOUNDED_CURVE() B_SPLINE_CURVE(2,(#12698,#12699,#12700,#12701
    ,#12702,#12703,#12704),.UNSPECIFIED.,.T.,.F.) 
B_SPLINE_CURVE_WITH_KNOTS((1,2,2,2,2,1),(-2.094395102393,0.,
    2.094395102393,4.188790204786,6.28318530718,8.377580409573),
.UNSPECIFIED.) CURVE() GEOMETRIC_REPRESENTATION_ITEM() 
RATIONAL_B_SPLINE_CURVE((1.,0.5,1.,0.5,1.,0.5,1.)) REPRESENTATION_ITEM(
  '') );
#12698 = CARTESIAN_POINT('',(49.3,65.7));
#12699 = CARTESIAN_POINT('',(50.512435565298,65.7));
#12700 = CARTESIAN_POINT('',(49.906217782649,64.65));
#12701 = CARTESIAN_POINT('',(49.3,63.6));
#12702 = CARTESIAN_POINT('',(48.693782217351,64.65));
#12703 = CARTESIAN_POINT('',(48.087564434702,65.7));
#12704 = CARTESIAN_POINT('',(49.3,65.7));
#12705 = ( GEOMETRIC_REPRESENTATION_CONTEXT(2) 
PARAMETRIC_REPRESENTATION_CONTEXT() REPRESENTATION_CONTEXT('2D SPACE',''
  ) );
#12706 = PCURVE('',#12707,#12712);
#12707 = CYLINDRICAL_SURFACE('',#12708,0.7);
#12708 = AXIS2_PLACEMENT_3D('',#12709,#12710,#12711);
#12709 = CARTESIAN_POINT('',(19.3,23.,25.38));
#12710 = DIRECTION('',(0.,0.,-1.));
#12711 = DIRECTION('',(-1.268826313857E-15,1.,0.));
#12712 = DEFINITIONAL_REPRESENTATION('',(#12713),#12717);
#12713 = LINE('',#12714,#12715);
#12714 = CARTESIAN_POINT('',(0.,-1.82));
#12715 = VECTOR('',#12716,1.);
#12716 = DIRECTION('',(1.,0.));
#12717 = ( GEOMETRIC_REPRESENTATION_CONTEXT(2) 
PARAMETRIC_REPRESENTATION_CONTEXT() REPRESENTATION_CONTEXT('2D SPACE',''
  ) );
#12718 = ORIENTED_EDGE('',*,*,#12719,.F.);
#12719 = EDGE_CURVE('',#12720,#12687,#12722,.T.);
#12720 = VERTEX_POINT('',#12721);
#12721 = CARTESIAN_POINT('',(8.7,22.3,27.2));
#12722 = SURFACE_CURVE('',#12723,(#12727,#12733),.PCURVE_S1.);
#12723 = LINE('',#12724,#12725);
#12724 = CARTESIAN_POINT('',(-5.35,22.3,27.2));
#12725 = VECTOR('',#12726,1.);
#12726 = DIRECTION('',(1.,0.,-0.));
#12727 = PCURVE('',#12370,#12728);
#12728 = DEFINITIONAL_REPRESENTATION('',(#12729),#12732);
#12729 = B_SPLINE_CURVE_WITH_KNOTS('',1,(#12730,#12731),.UNSPECIFIED.,
  .F.,.F.,(2,2),(14.05,24.65),.PIECEWISE_BEZIER_KNOTS.);
#12730 = CARTESIAN_POINT('',(38.7,64.3));
#12731 = CARTESIAN_POINT('',(49.3,64.3));
#12732 = ( GEOMETRIC_REPRESENTATION_CONTEXT(2) 
PARAMETRIC_REPRESENTATION_CONTEXT() REPRESENTATION_CONTEXT('2D SPACE',''
  ) );
#12733 = PCURVE('',#12734,#12739);
#12734 = PLANE('',#12735);
#12735 = AXIS2_PLACEMENT_3D('',#12736,#12737,#12738);
#12736 = CARTESIAN_POINT('',(19.3,22.3,25.38));
#12737 = DIRECTION('',(0.,-1.,0.));
#12738 = DIRECTION('',(-1.,0.,0.));
#12739 = DEFINITIONAL_REPRESENTATION('',(#12740),#12743);
#12740 = B_SPLINE_CURVE_WITH_KNOTS('',1,(#12741,#12742),.UNSPECIFIED.,
  .F.,.F.,(2,2),(14.05,24.65),.PIECEWISE_BEZIER_KNOTS.);
#12741 = CARTESIAN_POINT('',(10.6,-1.82));
#12742 = CARTESIAN_POINT('',(0.,-1.82));
#12743 = ( GEOMETRIC_REPRESENTATION_CONTEXT(2) 
PARAMETRIC_REPRESENTATION_CONTEXT() REPRESENTATION_CONTEXT('2D SPACE',''
  ) );
#12744 = ORIENTED_EDGE('',*,*,#12745,.T.);
#12745 = EDGE_CURVE('',#12720,#12661,#12746,.T.);
#12746 = SURFACE_CURVE('',#12747,(#12752,#12763),.PCURVE_S1.);
#12747 = CIRCLE('',#12748,0.7);
#12748 = AXIS2_PLACEMENT_3D('',#12749,#12750,#12751);
#12749 = CARTESIAN_POINT('',(8.7,23.,27.2));
#12750 = DIRECTION('',(0.,-0.,-1.));
#12751 = DIRECTION('',(1.268826313857E-15,-1.,0.));
#12752 = PCURVE('',#12370,#12753);
#12753 = DEFINITIONAL_REPRESENTATION('',(#12754),#12762);
#12754 = ( BOUNDED_CURVE() B_SPLINE_CURVE(2,(#12755,#12756,#12757,#12758
    ,#12759,#12760,#12761),.UNSPECIFIED.,.T.,.F.) 
B_SPLINE_CURVE_WITH_KNOTS((1,2,2,2,2,1),(-2.094395102393,0.,
    2.094395102393,4.188790204786,6.28318530718,8.377580409573),
.UNSPECIFIED.) CURVE() GEOMETRIC_REPRESENTATION_ITEM() 
RATIONAL_B_SPLINE_CURVE((1.,0.5,1.,0.5,1.,0.5,1.)) REPRESENTATION_ITEM(
  '') );
#12755 = CARTESIAN_POINT('',(38.7,64.3));
#12756 = CARTESIAN_POINT('',(37.487564434702,64.3));
#12757 = CARTESIAN_POINT('',(38.093782217351,65.35));
#12758 = CARTESIAN_POINT('',(38.7,66.4));
#12759 = CARTESIAN_POINT('',(39.306217782649,65.35));
#12760 = CARTESIAN_POINT('',(39.912435565298,64.3));
#12761 = CARTESIAN_POINT('',(38.7,64.3));
#12762 = ( GEOMETRIC_REPRESENTATION_CONTEXT(2) 
PARAMETRIC_REPRESENTATION_CONTEXT() REPRESENTATION_CONTEXT('2D SPACE',''
  ) );
#12763 = PCURVE('',#12764,#12769);
#12764 = CYLINDRICAL_SURFACE('',#12765,0.7);
#12765 = AXIS2_PLACEMENT_3D('',#12766,#12767,#12768);
#12766 = CARTESIAN_POINT('',(8.7,23.,25.38));
#12767 = DIRECTION('',(0.,-0.,-1.));
#12768 = DIRECTION('',(1.268826313857E-15,-1.,0.));
#12769 = DEFINITIONAL_REPRESENTATION('',(#12770),#12774);
#12770 = LINE('',#12771,#12772);
#12771 = CARTESIAN_POINT('',(0.,-1.82));
#12772 = VECTOR('',#12773,1.);
#12773 = DIRECTION('',(1.,0.));
#12774 = ( GEOMETRIC_REPRESENTATION_CONTEXT(2) 
PARAMETRIC_REPRESENTATION_CONTEXT() REPRESENTATION_CONTEXT('2D SPACE',''
  ) );
#12775 = FACE_BOUND('',#12776,.T.);
#12776 = EDGE_LOOP('',(#12777,#12805,#12838,#12864));
#12777 = ORIENTED_EDGE('',*,*,#12778,.F.);
#12778 = EDGE_CURVE('',#12779,#12781,#12783,.T.);
#12779 = VERTEX_POINT('',#12780);
#12780 = CARTESIAN_POINT('',(19.3,26.7,27.2));
#12781 = VERTEX_POINT('',#12782);
#12782 = CARTESIAN_POINT('',(8.7,26.7,27.2));
#12783 = SURFACE_CURVE('',#12784,(#12788,#12794),.PCURVE_S1.);
#12784 = LINE('',#12785,#12786);
#12785 = CARTESIAN_POINT('',(-10.65,26.7,27.2));
#12786 = VECTOR('',#12787,1.);
#12787 = DIRECTION('',(-1.,0.,0.));
#12788 = PCURVE('',#12370,#12789);
#12789 = DEFINITIONAL_REPRESENTATION('',(#12790),#12793);
#12790 = B_SPLINE_CURVE_WITH_KNOTS('',1,(#12791,#12792),.UNSPECIFIED.,
  .F.,.F.,(2,2),(-29.95,-19.35),.PIECEWISE_BEZIER_KNOTS.);
#12791 = CARTESIAN_POINT('',(49.3,68.7));
#12792 = CARTESIAN_POINT('',(38.7,68.7));
#12793 = ( GEOMETRIC_REPRESENTATION_CONTEXT(2) 
PARAMETRIC_REPRESENTATION_CONTEXT() REPRESENTATION_CONTEXT('2D SPACE',''
  ) );
#12794 = PCURVE('',#12795,#12800);
#12795 = PLANE('',#12796);
#12796 = AXIS2_PLACEMENT_3D('',#12797,#12798,#12799);
#12797 = CARTESIAN_POINT('',(8.7,26.7,25.38));
#12798 = DIRECTION('',(0.,1.,0.));
#12799 = DIRECTION('',(1.,0.,0.));
#12800 = DEFINITIONAL_REPRESENTATION('',(#12801),#12804);
#12801 = B_SPLINE_CURVE_WITH_KNOTS('',1,(#12802,#12803),.UNSPECIFIED.,
  .F.,.F.,(2,2),(-29.95,-19.35),.PIECEWISE_BEZIER_KNOTS.);
#12802 = CARTESIAN_POINT('',(10.6,-1.82));
#12803 = CARTESIAN_POINT('',(0.,-1.82));
#12804 = ( GEOMETRIC_REPRESENTATION_CONTEXT(2) 
PARAMETRIC_REPRESENTATION_CONTEXT() REPRESENTATION_CONTEXT('2D SPACE',''
  ) );
#12805 = ORIENTED_EDGE('',*,*,#12806,.T.);
#12806 = EDGE_CURVE('',#12779,#12807,#12809,.T.);
#12807 = VERTEX_POINT('',#12808);
#12808 = CARTESIAN_POINT('',(19.3,25.3,27.2));
#12809 = SURFACE_CURVE('',#12810,(#12815,#12826),.PCURVE_S1.);
#12810 = CIRCLE('',#12811,0.7);
#12811 = AXIS2_PLACEMENT_3D('',#12812,#12813,#12814);
#12812 = CARTESIAN_POINT('',(19.3,26.,27.2));
#12813 = DIRECTION('',(0.,0.,-1.));
#12814 = DIRECTION('',(-1.268826313857E-15,1.,0.));
#12815 = PCURVE('',#12370,#12816);
#12816 = DEFINITIONAL_REPRESENTATION('',(#12817),#12825);
#12817 = ( BOUNDED_CURVE() B_SPLINE_CURVE(2,(#12818,#12819,#12820,#12821
    ,#12822,#12823,#12824),.UNSPECIFIED.,.T.,.F.) 
B_SPLINE_CURVE_WITH_KNOTS((1,2,2,2,2,1),(-2.094395102393,0.,
    2.094395102393,4.188790204786,6.28318530718,8.377580409573),
.UNSPECIFIED.) CURVE() GEOMETRIC_REPRESENTATION_ITEM() 
RATIONAL_B_SPLINE_CURVE((1.,0.5,1.,0.5,1.,0.5,1.)) REPRESENTATION_ITEM(
  '') );
#12818 = CARTESIAN_POINT('',(49.3,68.7));
#12819 = CARTESIAN_POINT('',(50.512435565298,68.7));
#12820 = CARTESIAN_POINT('',(49.906217782649,67.65));
#12821 = CARTESIAN_POINT('',(49.3,66.6));
#12822 = CARTESIAN_POINT('',(48.693782217351,67.65));
#12823 = CARTESIAN_POINT('',(48.087564434702,68.7));
#12824 = CARTESIAN_POINT('',(49.3,68.7));
#12825 = ( GEOMETRIC_REPRESENTATION_CONTEXT(2) 
PARAMETRIC_REPRESENTATION_CONTEXT() REPRESENTATION_CONTEXT('2D SPACE',''
  ) );
#12826 = PCURVE('',#12827,#12832);
#12827 = CYLINDRICAL_SURFACE('',#12828,0.7);
#12828 = AXIS2_PLACEMENT_3D('',#12829,#12830,#12831);
#12829 = CARTESIAN_POINT('',(19.3,26.,25.38));
#12830 = DIRECTION('',(0.,0.,-1.));
#12831 = DIRECTION('',(-1.268826313857E-15,1.,0.));
#12832 = DEFINITIONAL_REPRESENTATION('',(#12833),#12837);
#12833 = LINE('',#12834,#12835);
#12834 = CARTESIAN_POINT('',(0.,-1.82));
#12835 = VECTOR('',#12836,1.);
#12836 = DIRECTION('',(1.,0.));
#12837 = ( GEOMETRIC_REPRESENTATION_CONTEXT(2) 
PARAMETRIC_REPRESENTATION_CONTEXT() REPRESENTATION_CONTEXT('2D SPACE',''
  ) );
#12838 = ORIENTED_EDGE('',*,*,#12839,.F.);
#12839 = EDGE_CURVE('',#12840,#12807,#12842,.T.);
#12840 = VERTEX_POINT('',#12841);
#12841 = CARTESIAN_POINT('',(8.7,25.3,27.2));
#12842 = SURFACE_CURVE('',#12843,(#12847,#12853),.PCURVE_S1.);
#12843 = LINE('',#12844,#12845);
#12844 = CARTESIAN_POINT('',(-5.35,25.3,27.2));
#12845 = VECTOR('',#12846,1.);
#12846 = DIRECTION('',(1.,0.,-0.));
#12847 = PCURVE('',#12370,#12848);
#12848 = DEFINITIONAL_REPRESENTATION('',(#12849),#12852);
#12849 = B_SPLINE_CURVE_WITH_KNOTS('',1,(#12850,#12851),.UNSPECIFIED.,
  .F.,.F.,(2,2),(14.05,24.65),.PIECEWISE_BEZIER_KNOTS.);
#12850 = CARTESIAN_POINT('',(38.7,67.3));
#12851 = CARTESIAN_POINT('',(49.3,67.3));
#12852 = ( GEOMETRIC_REPRESENTATION_CONTEXT(2) 
PARAMETRIC_REPRESENTATION_CONTEXT() REPRESENTATION_CONTEXT('2D SPACE',''
  ) );
#12853 = PCURVE('',#12854,#12859);
#12854 = PLANE('',#12855);
#12855 = AXIS2_PLACEMENT_3D('',#12856,#12857,#12858);
#12856 = CARTESIAN_POINT('',(19.3,25.3,25.38));
#12857 = DIRECTION('',(0.,-1.,0.));
#12858 = DIRECTION('',(-1.,0.,0.));
#12859 = DEFINITIONAL_REPRESENTATION('',(#12860),#12863);
#12860 = B_SPLINE_CURVE_WITH_KNOTS('',1,(#12861,#12862),.UNSPECIFIED.,
  .F.,.F.,(2,2),(14.05,24.65),.PIECEWISE_BEZIER_KNOTS.);
#12861 = CARTESIAN_POINT('',(10.6,-1.82));
#12862 = CARTESIAN_POINT('',(0.,-1.82));
#12863 = ( GEOMETRIC_REPRESENTATION_CONTEXT(2) 
PARAMETRIC_REPRESENTATION_CONTEXT() REPRESENTATION_CONTEXT('2D SPACE',''
  ) );
#12864 = ORIENTED_EDGE('',*,*,#12865,.T.);
#12865 = EDGE_CURVE('',#12840,#12781,#12866,.T.);
#12866 = SURFACE_CURVE('',#12867,(#12872,#12883),.PCURVE_S1.);
#12867 = CIRCLE('',#12868,0.7);
#12868 = AXIS2_PLACEMENT_3D('',#12869,#12870,#12871);
#12869 = CARTESIAN_POINT('',(8.7,26.,27.2));
#12870 = DIRECTION('',(0.,-0.,-1.));
#12871 = DIRECTION('',(1.268826313857E-15,-1.,0.));
#12872 = PCURVE('',#12370,#12873);
#12873 = DEFINITIONAL_REPRESENTATION('',(#12874),#12882);
#12874 = ( BOUNDED_CURVE() B_SPLINE_CURVE(2,(#12875,#12876,#12877,#12878
    ,#12879,#12880,#12881),.UNSPECIFIED.,.T.,.F.) 
B_SPLINE_CURVE_WITH_KNOTS((1,2,2,2,2,1),(-2.094395102393,0.,
    2.094395102393,4.188790204786,6.28318530718,8.377580409573),
.UNSPECIFIED.) CURVE() GEOMETRIC_REPRESENTATION_ITEM() 
RATIONAL_B_SPLINE_CURVE((1.,0.5,1.,0.5,1.,0.5,1.)) REPRESENTATION_ITEM(
  '') );
#12875 = CARTESIAN_POINT('',(38.7,67.3));
#12876 = CARTESIAN_POINT('',(37.487564434702,67.3));
#12877 = CARTESIAN_POINT('',(38.093782217351,68.35));
#12878 = CARTESIAN_POINT('',(38.7,69.4));
#12879 = CARTESIAN_POINT('',(39.306217782649,68.35));
#12880 = CARTESIAN_POINT('',(39.912435565298,67.3));
#12881 = CARTESIAN_POINT('',(38.7,67.3));
#12882 = ( GEOMETRIC_REPRESENTATION_CONTEXT(2) 
PARAMETRIC_REPRESENTATION_CONTEXT() REPRESENTATION_CONTEXT('2D SPACE',''
  ) );
#12883 = PCURVE('',#12884,#12889);
#12884 = CYLINDRICAL_SURFACE('',#12885,0.7);
#12885 = AXIS2_PLACEMENT_3D('',#12886,#12887,#12888);
#12886 = CARTESIAN_POINT('',(8.7,26.,25.38));
#12887 = DIRECTION('',(0.,-0.,-1.));
#12888 = DIRECTION('',(1.268826313857E-15,-1.,0.));
#12889 = DEFINITIONAL_REPRESENTATION('',(#12890),#12894);
#12890 = LINE('',#12891,#12892);
#12891 = CARTESIAN_POINT('',(0.,-1.82));
#12892 = VECTOR('',#12893,1.);
#12893 = DIRECTION('',(1.,0.));
#12894 = ( GEOMETRIC_REPRESENTATION_CONTEXT(2) 
PARAMETRIC_REPRESENTATION_CONTEXT() REPRESENTATION_CONTEXT('2D SPACE',''
  ) );
#12895 = ADVANCED_FACE('',(#12896),#12827,.F.);
#12896 = FACE_BOUND('',#12897,.F.);
#12897 = EDGE_LOOP('',(#12898,#12933,#12954,#12955));
#12898 = ORIENTED_EDGE('',*,*,#12899,.F.);
#12899 = EDGE_CURVE('',#12900,#12902,#12904,.T.);
#12900 = VERTEX_POINT('',#12901);
#12901 = CARTESIAN_POINT('',(19.3,26.7,25.4));
#12902 = VERTEX_POINT('',#12903);
#12903 = CARTESIAN_POINT('',(19.3,25.3,25.4));
#12904 = SURFACE_CURVE('',#12905,(#12910,#12917),.PCURVE_S1.);
#12905 = CIRCLE('',#12906,0.7);
#12906 = AXIS2_PLACEMENT_3D('',#12907,#12908,#12909);
#12907 = CARTESIAN_POINT('',(19.3,26.,25.4));
#12908 = DIRECTION('',(0.,0.,-1.));
#12909 = DIRECTION('',(-1.268826313857E-15,1.,0.));
#12910 = PCURVE('',#12827,#12911);
#12911 = DEFINITIONAL_REPRESENTATION('',(#12912),#12916);
#12912 = LINE('',#12913,#12914);
#12913 = CARTESIAN_POINT('',(0.,-2.E-02));
#12914 = VECTOR('',#12915,1.);
#12915 = DIRECTION('',(1.,0.));
#12916 = ( GEOMETRIC_REPRESENTATION_CONTEXT(2) 
PARAMETRIC_REPRESENTATION_CONTEXT() REPRESENTATION_CONTEXT('2D SPACE',''
  ) );
#12917 = PCURVE('',#12918,#12923);
#12918 = PLANE('',#12919);
#12919 = AXIS2_PLACEMENT_3D('',#12920,#12921,#12922);
#12920 = CARTESIAN_POINT('',(-30.,-42.,25.4));
#12921 = DIRECTION('',(0.,0.,1.));
#12922 = DIRECTION('',(1.,0.,0.));
#12923 = DEFINITIONAL_REPRESENTATION('',(#12924),#12932);
#12924 = ( BOUNDED_CURVE() B_SPLINE_CURVE(2,(#12925,#12926,#12927,#12928
    ,#12929,#12930,#12931),.UNSPECIFIED.,.T.,.F.) 
B_SPLINE_CURVE_WITH_KNOTS((1,2,2,2,2,1),(-2.094395102393,0.,
    2.094395102393,4.188790204786,6.28318530718,8.377580409573),
.UNSPECIFIED.) CURVE() GEOMETRIC_REPRESENTATION_ITEM() 
RATIONAL_B_SPLINE_CURVE((1.,0.5,1.,0.5,1.,0.5,1.)) REPRESENTATION_ITEM(
  '') );
#12925 = CARTESIAN_POINT('',(49.3,68.7));
#12926 = CARTESIAN_POINT('',(50.512435565298,68.7));
#12927 = CARTESIAN_POINT('',(49.906217782649,67.65));
#12928 = CARTESIAN_POINT('',(49.3,66.6));
#12929 = CARTESIAN_POINT('',(48.693782217351,67.65));
#12930 = CARTESIAN_POINT('',(48.087564434702,68.7));
#12931 = CARTESIAN_POINT('',(49.3,68.7));
#12932 = ( GEOMETRIC_REPRESENTATION_CONTEXT(2) 
PARAMETRIC_REPRESENTATION_CONTEXT() REPRESENTATION_CONTEXT('2D SPACE',''
  ) );
#12933 = ORIENTED_EDGE('',*,*,#12934,.T.);
#12934 = EDGE_CURVE('',#12900,#12779,#12935,.T.);
#12935 = SURFACE_CURVE('',#12936,(#12940,#12947),.PCURVE_S1.);
#12936 = LINE('',#12937,#12938);
#12937 = CARTESIAN_POINT('',(19.3,26.7,25.38));
#12938 = VECTOR('',#12939,1.);
#12939 = DIRECTION('',(0.,0.,1.));
#12940 = PCURVE('',#12827,#12941);
#12941 = DEFINITIONAL_REPRESENTATION('',(#12942),#12946);
#12942 = LINE('',#12943,#12944);
#12943 = CARTESIAN_POINT('',(0.,0.));
#12944 = VECTOR('',#12945,1.);
#12945 = DIRECTION('',(0.,-1.));
#12946 = ( GEOMETRIC_REPRESENTATION_CONTEXT(2) 
PARAMETRIC_REPRESENTATION_CONTEXT() REPRESENTATION_CONTEXT('2D SPACE',''
  ) );
#12947 = PCURVE('',#12795,#12948);
#12948 = DEFINITIONAL_REPRESENTATION('',(#12949),#12953);
#12949 = LINE('',#12950,#12951);
#12950 = CARTESIAN_POINT('',(10.6,0.));
#12951 = VECTOR('',#12952,1.);
#12952 = DIRECTION('',(0.,-1.));
#12953 = ( GEOMETRIC_REPRESENTATION_CONTEXT(2) 
PARAMETRIC_REPRESENTATION_CONTEXT() REPRESENTATION_CONTEXT('2D SPACE',''
  ) );
#12954 = ORIENTED_EDGE('',*,*,#12806,.T.);
#12955 = ORIENTED_EDGE('',*,*,#12956,.F.);
#12956 = EDGE_CURVE('',#12902,#12807,#12957,.T.);
#12957 = SURFACE_CURVE('',#12958,(#12962,#12969),.PCURVE_S1.);
#12958 = LINE('',#12959,#12960);
#12959 = CARTESIAN_POINT('',(19.3,25.3,25.38));
#12960 = VECTOR('',#12961,1.);
#12961 = DIRECTION('',(0.,0.,1.));
#12962 = PCURVE('',#12827,#12963);
#12963 = DEFINITIONAL_REPRESENTATION('',(#12964),#12968);
#12964 = LINE('',#12965,#12966);
#12965 = CARTESIAN_POINT('',(3.14159265359,0.));
#12966 = VECTOR('',#12967,1.);
#12967 = DIRECTION('',(0.,-1.));
#12968 = ( GEOMETRIC_REPRESENTATION_CONTEXT(2) 
PARAMETRIC_REPRESENTATION_CONTEXT() REPRESENTATION_CONTEXT('2D SPACE',''
  ) );
#12969 = PCURVE('',#12854,#12970);
#12970 = DEFINITIONAL_REPRESENTATION('',(#12971),#12975);
#12971 = LINE('',#12972,#12973);
#12972 = CARTESIAN_POINT('',(0.,-0.));
#12973 = VECTOR('',#12974,1.);
#12974 = DIRECTION('',(0.,-1.));
#12975 = ( GEOMETRIC_REPRESENTATION_CONTEXT(2) 
PARAMETRIC_REPRESENTATION_CONTEXT() REPRESENTATION_CONTEXT('2D SPACE',''
  ) );
#12976 = ADVANCED_FACE('',(#12977,#13121,#13895,#13995,#14095),#12918,
  .F.);
#12977 = FACE_BOUND('',#12978,.F.);
#12978 = EDGE_LOOP('',(#12979,#13002,#13025,#13053,#13076,#13100));
#12979 = ORIENTED_EDGE('',*,*,#12980,.F.);
#12980 = EDGE_CURVE('',#12981,#12983,#12985,.T.);
#12981 = VERTEX_POINT('',#12982);
#12982 = CARTESIAN_POINT('',(-1.4,-42.,25.4));
#12983 = VERTEX_POINT('',#12984);
#12984 = CARTESIAN_POINT('',(-1.4,42.,25.4));
#12985 = SURFACE_CURVE('',#12986,(#12990,#12996),.PCURVE_S1.);
#12986 = LINE('',#12987,#12988);
#12987 = CARTESIAN_POINT('',(-1.4,-46.,25.4));
#12988 = VECTOR('',#12989,1.);
#12989 = DIRECTION('',(0.,1.,0.));
#12990 = PCURVE('',#12918,#12991);
#12991 = DEFINITIONAL_REPRESENTATION('',(#12992),#12995);
#12992 = B_SPLINE_CURVE_WITH_KNOTS('',1,(#12993,#12994),.UNSPECIFIED.,
  .F.,.F.,(2,2),(4.,88.),.PIECEWISE_BEZIER_KNOTS.);
#12993 = CARTESIAN_POINT('',(28.6,0.));
#12994 = CARTESIAN_POINT('',(28.6,84.));
#12995 = ( GEOMETRIC_REPRESENTATION_CONTEXT(2) 
PARAMETRIC_REPRESENTATION_CONTEXT() REPRESENTATION_CONTEXT('2D SPACE',''
  ) );
#12996 = PCURVE('',#12381,#12997);
#12997 = DEFINITIONAL_REPRESENTATION('',(#12998),#13001);
#12998 = B_SPLINE_CURVE_WITH_KNOTS('',1,(#12999,#13000),.UNSPECIFIED.,
  .F.,.F.,(2,2),(4.,88.),.PIECEWISE_BEZIER_KNOTS.);
#12999 = CARTESIAN_POINT('',(25.4,-8.));
#13000 = CARTESIAN_POINT('',(25.4,-92.));
#13001 = ( GEOMETRIC_REPRESENTATION_CONTEXT(2) 
PARAMETRIC_REPRESENTATION_CONTEXT() REPRESENTATION_CONTEXT('2D SPACE',''
  ) );
#13002 = ORIENTED_EDGE('',*,*,#13003,.T.);
#13003 = EDGE_CURVE('',#12981,#13004,#13006,.T.);
#13004 = VERTEX_POINT('',#13005);
#13005 = CARTESIAN_POINT('',(26.,-42.,25.4));
#13006 = SURFACE_CURVE('',#13007,(#13011,#13018),.PCURVE_S1.);
#13007 = LINE('',#13008,#13009);
#13008 = CARTESIAN_POINT('',(-30.,-42.,25.4));
#13009 = VECTOR('',#13010,1.);
#13010 = DIRECTION('',(1.,0.,0.));
#13011 = PCURVE('',#12918,#13012);
#13012 = DEFINITIONAL_REPRESENTATION('',(#13013),#13017);
#13013 = LINE('',#13014,#13015);
#13014 = CARTESIAN_POINT('',(0.,0.));
#13015 = VECTOR('',#13016,1.);
#13016 = DIRECTION('',(1.,0.));
#13017 = ( GEOMETRIC_REPRESENTATION_CONTEXT(2) 
PARAMETRIC_REPRESENTATION_CONTEXT() REPRESENTATION_CONTEXT('2D SPACE',''
  ) );
#13018 = PCURVE('',#12408,#13019);
#13019 = DEFINITIONAL_REPRESENTATION('',(#13020),#13024);
#13020 = LINE('',#13021,#13022);
#13021 = CARTESIAN_POINT('',(0.,0.));
#13022 = VECTOR('',#13023,1.);
#13023 = DIRECTION('',(0.,1.));
#13024 = ( GEOMETRIC_REPRESENTATION_CONTEXT(2) 
PARAMETRIC_REPRESENTATION_CONTEXT() REPRESENTATION_CONTEXT('2D SPACE',''
  ) );
#13025 = ORIENTED_EDGE('',*,*,#13026,.F.);
#13026 = EDGE_CURVE('',#13027,#13004,#13029,.T.);
#13027 = VERTEX_POINT('',#13028);
#13028 = CARTESIAN_POINT('',(30.,-38.,25.4));
#13029 = SURFACE_CURVE('',#13030,(#13035,#13046),.PCURVE_S1.);
#13030 = CIRCLE('',#13031,4.);
#13031 = AXIS2_PLACEMENT_3D('',#13032,#13033,#13034);
#13032 = CARTESIAN_POINT('',(26.,-38.,25.4));
#13033 = DIRECTION('',(-0.,-0.,-1.));
#13034 = DIRECTION('',(0.,-1.,0.));
#13035 = PCURVE('',#12918,#13036);
#13036 = DEFINITIONAL_REPRESENTATION('',(#13037),#13045);
#13037 = ( BOUNDED_CURVE() B_SPLINE_CURVE(2,(#13038,#13039,#13040,#13041
    ,#13042,#13043,#13044),.UNSPECIFIED.,.T.,.F.) 
B_SPLINE_CURVE_WITH_KNOTS((1,2,2,2,2,1),(-2.094395102393,0.,
    2.094395102393,4.188790204786,6.28318530718,8.377580409573),
.UNSPECIFIED.) CURVE() GEOMETRIC_REPRESENTATION_ITEM() 
RATIONAL_B_SPLINE_CURVE((1.,0.5,1.,0.5,1.,0.5,1.)) REPRESENTATION_ITEM(
  '') );
#13038 = CARTESIAN_POINT('',(56.,0.));
#13039 = CARTESIAN_POINT('',(49.071796769724,0.));
#13040 = CARTESIAN_POINT('',(52.535898384862,6.));
#13041 = CARTESIAN_POINT('',(56.,12.));
#13042 = CARTESIAN_POINT('',(59.464101615138,6.));
#13043 = CARTESIAN_POINT('',(62.928203230276,6.217248937901E-15));
#13044 = CARTESIAN_POINT('',(56.,0.));
#13045 = ( GEOMETRIC_REPRESENTATION_CONTEXT(2) 
PARAMETRIC_REPRESENTATION_CONTEXT() REPRESENTATION_CONTEXT('2D SPACE',''
  ) );
#13046 = PCURVE('',#12441,#13047);
#13047 = DEFINITIONAL_REPRESENTATION('',(#13048),#13052);
#13048 = LINE('',#13049,#13050);
#13049 = CARTESIAN_POINT('',(4.712388980385,-0.));
#13050 = VECTOR('',#13051,1.);
#13051 = DIRECTION('',(-1.,0.));
#13052 = ( GEOMETRIC_REPRESENTATION_CONTEXT(2) 
PARAMETRIC_REPRESENTATION_CONTEXT() REPRESENTATION_CONTEXT('2D SPACE',''
  ) );
#13053 = ORIENTED_EDGE('',*,*,#13054,.T.);
#13054 = EDGE_CURVE('',#13027,#13055,#13057,.T.);
#13055 = VERTEX_POINT('',#13056);
#13056 = CARTESIAN_POINT('',(30.,38.,25.4));
#13057 = SURFACE_CURVE('',#13058,(#13062,#13069),.PCURVE_S1.);
#13058 = LINE('',#13059,#13060);
#13059 = CARTESIAN_POINT('',(30.,-42.,25.4));
#13060 = VECTOR('',#13061,1.);
#13061 = DIRECTION('',(0.,1.,0.));
#13062 = PCURVE('',#12918,#13063);
#13063 = DEFINITIONAL_REPRESENTATION('',(#13064),#13068);
#13064 = LINE('',#13065,#13066);
#13065 = CARTESIAN_POINT('',(60.,0.));
#13066 = VECTOR('',#13067,1.);
#13067 = DIRECTION('',(0.,1.));
#13068 = ( GEOMETRIC_REPRESENTATION_CONTEXT(2) 
PARAMETRIC_REPRESENTATION_CONTEXT() REPRESENTATION_CONTEXT('2D SPACE',''
  ) );
#13069 = PCURVE('',#12469,#13070);
#13070 = DEFINITIONAL_REPRESENTATION('',(#13071),#13075);
#13071 = LINE('',#13072,#13073);
#13072 = CARTESIAN_POINT('',(0.,0.));
#13073 = VECTOR('',#13074,1.);
#13074 = DIRECTION('',(0.,-1.));
#13075 = ( GEOMETRIC_REPRESENTATION_CONTEXT(2) 
PARAMETRIC_REPRESENTATION_CONTEXT() REPRESENTATION_CONTEXT('2D SPACE',''
  ) );
#13076 = ORIENTED_EDGE('',*,*,#13077,.T.);
#13077 = EDGE_CURVE('',#13055,#13078,#13080,.T.);
#13078 = VERTEX_POINT('',#13079);
#13079 = CARTESIAN_POINT('',(26.,42.,25.4));
#13080 = SURFACE_CURVE('',#13081,(#13086,#13093),.PCURVE_S1.);
#13081 = CIRCLE('',#13082,4.);
#13082 = AXIS2_PLACEMENT_3D('',#13083,#13084,#13085);
#13083 = CARTESIAN_POINT('',(26.,38.,25.4));
#13084 = DIRECTION('',(0.,0.,1.));
#13085 = DIRECTION('',(0.,-1.,0.));
#13086 = PCURVE('',#12918,#13087);
#13087 = DEFINITIONAL_REPRESENTATION('',(#13088),#13092);
#13088 = CIRCLE('',#13089,4.);
#13089 = AXIS2_PLACEMENT_2D('',#13090,#13091);
#13090 = CARTESIAN_POINT('',(56.,80.));
#13091 = DIRECTION('',(0.,-1.));
#13092 = ( GEOMETRIC_REPRESENTATION_CONTEXT(2) 
PARAMETRIC_REPRESENTATION_CONTEXT() REPRESENTATION_CONTEXT('2D SPACE',''
  ) );
#13093 = PCURVE('',#12498,#13094);
#13094 = DEFINITIONAL_REPRESENTATION('',(#13095),#13099);
#13095 = LINE('',#13096,#13097);
#13096 = CARTESIAN_POINT('',(-1.570796326795,0.));
#13097 = VECTOR('',#13098,1.);
#13098 = DIRECTION('',(1.,0.));
#13099 = ( GEOMETRIC_REPRESENTATION_CONTEXT(2) 
PARAMETRIC_REPRESENTATION_CONTEXT() REPRESENTATION_CONTEXT('2D SPACE',''
  ) );
#13100 = ORIENTED_EDGE('',*,*,#13101,.F.);
#13101 = EDGE_CURVE('',#12983,#13078,#13102,.T.);
#13102 = SURFACE_CURVE('',#13103,(#13107,#13114),.PCURVE_S1.);
#13103 = LINE('',#13104,#13105);
#13104 = CARTESIAN_POINT('',(-30.,42.,25.4));
#13105 = VECTOR('',#13106,1.);
#13106 = DIRECTION('',(1.,0.,0.));
#13107 = PCURVE('',#12918,#13108);
#13108 = DEFINITIONAL_REPRESENTATION('',(#13109),#13113);
#13109 = LINE('',#13110,#13111);
#13110 = CARTESIAN_POINT('',(0.,84.));
#13111 = VECTOR('',#13112,1.);
#13112 = DIRECTION('',(1.,0.));
#13113 = ( GEOMETRIC_REPRESENTATION_CONTEXT(2) 
PARAMETRIC_REPRESENTATION_CONTEXT() REPRESENTATION_CONTEXT('2D SPACE',''
  ) );
#13114 = PCURVE('',#12524,#13115);
#13115 = DEFINITIONAL_REPRESENTATION('',(#13116),#13120);
#13116 = LINE('',#13117,#13118);
#13117 = CARTESIAN_POINT('',(0.,0.));
#13118 = VECTOR('',#13119,1.);
#13119 = DIRECTION('',(0.,1.));
#13120 = ( GEOMETRIC_REPRESENTATION_CONTEXT(2) 
PARAMETRIC_REPRESENTATION_CONTEXT() REPRESENTATION_CONTEXT('2D SPACE',''
  ) );
#13121 = FACE_BOUND('',#13122,.F.);
#13122 = EDGE_LOOP('',(#13123,#13154,#13180,#13213,#13239,#13272,#13298,
    #13327,#13353,#13382,#13408,#13437,#13463,#13492,#13518,#13547,
    #13573,#13599,#13625,#13654,#13680,#13709,#13735,#13764,#13790,
    #13819,#13845,#13871));
#13123 = ORIENTED_EDGE('',*,*,#13124,.F.);
#13124 = EDGE_CURVE('',#13125,#13127,#13129,.T.);
#13125 = VERTEX_POINT('',#13126);
#13126 = CARTESIAN_POINT('',(-0.3,-38.2,25.4));
#13127 = VERTEX_POINT('',#13128);
#13128 = CARTESIAN_POINT('',(1.3,-39.8,25.4));
#13129 = SURFACE_CURVE('',#13130,(#13135,#13142),.PCURVE_S1.);
#13130 = CIRCLE('',#13131,1.6);
#13131 = AXIS2_PLACEMENT_3D('',#13132,#13133,#13134);
#13132 = CARTESIAN_POINT('',(1.3,-38.2,25.4));
#13133 = DIRECTION('',(0.,0.,1.));
#13134 = DIRECTION('',(-1.,-0.,0.));
#13135 = PCURVE('',#12918,#13136);
#13136 = DEFINITIONAL_REPRESENTATION('',(#13137),#13141);
#13137 = CIRCLE('',#13138,1.6);
#13138 = AXIS2_PLACEMENT_2D('',#13139,#13140);
#13139 = CARTESIAN_POINT('',(31.3,3.8));
#13140 = DIRECTION('',(-1.,0.));
#13141 = ( GEOMETRIC_REPRESENTATION_CONTEXT(2) 
PARAMETRIC_REPRESENTATION_CONTEXT() REPRESENTATION_CONTEXT('2D SPACE',''
  ) );
#13142 = PCURVE('',#13143,#13148);
#13143 = CYLINDRICAL_SURFACE('',#13144,1.6);
#13144 = AXIS2_PLACEMENT_3D('',#13145,#13146,#13147);
#13145 = CARTESIAN_POINT('',(1.3,-38.2,23.));
#13146 = DIRECTION('',(0.,0.,1.));
#13147 = DIRECTION('',(-1.,-0.,0.));
#13148 = DEFINITIONAL_REPRESENTATION('',(#13149),#13153);
#13149 = LINE('',#13150,#13151);
#13150 = CARTESIAN_POINT('',(0.,2.4));
#13151 = VECTOR('',#13152,1.);
#13152 = DIRECTION('',(1.,0.));
#13153 = ( GEOMETRIC_REPRESENTATION_CONTEXT(2) 
PARAMETRIC_REPRESENTATION_CONTEXT() REPRESENTATION_CONTEXT('2D SPACE',''
  ) );
#13154 = ORIENTED_EDGE('',*,*,#13155,.T.);
#13155 = EDGE_CURVE('',#13125,#13156,#13158,.T.);
#13156 = VERTEX_POINT('',#13157);
#13157 = CARTESIAN_POINT('',(-0.3,-24.34292856398,25.4));
#13158 = SURFACE_CURVE('',#13159,(#13163,#13169),.PCURVE_S1.);
#13159 = LINE('',#13160,#13161);
#13160 = CARTESIAN_POINT('',(-0.3,-40.9,25.4));
#13161 = VECTOR('',#13162,1.);
#13162 = DIRECTION('',(0.,1.,0.));
#13163 = PCURVE('',#12918,#13164);
#13164 = DEFINITIONAL_REPRESENTATION('',(#13165),#13168);
#13165 = B_SPLINE_CURVE_WITH_KNOTS('',1,(#13166,#13167),.UNSPECIFIED.,
  .F.,.F.,(2,2),(2.7,79.1),.PIECEWISE_BEZIER_KNOTS.);
#13166 = CARTESIAN_POINT('',(29.7,3.8));
#13167 = CARTESIAN_POINT('',(29.7,80.2));
#13168 = ( GEOMETRIC_REPRESENTATION_CONTEXT(2) 
PARAMETRIC_REPRESENTATION_CONTEXT() REPRESENTATION_CONTEXT('2D SPACE',''
  ) );
#13169 = PCURVE('',#13170,#13175);
#13170 = PLANE('',#13171);
#13171 = AXIS2_PLACEMENT_3D('',#13172,#13173,#13174);
#13172 = CARTESIAN_POINT('',(-0.3,-39.8,23.));
#13173 = DIRECTION('',(1.,0.,0.));
#13174 = DIRECTION('',(0.,0.,1.));
#13175 = DEFINITIONAL_REPRESENTATION('',(#13176),#13179);
#13176 = B_SPLINE_CURVE_WITH_KNOTS('',1,(#13177,#13178),.UNSPECIFIED.,
  .F.,.F.,(2,2),(2.7,79.1),.PIECEWISE_BEZIER_KNOTS.);
#13177 = CARTESIAN_POINT('',(2.4,-1.6));
#13178 = CARTESIAN_POINT('',(2.4,-78.));
#13179 = ( GEOMETRIC_REPRESENTATION_CONTEXT(2) 
PARAMETRIC_REPRESENTATION_CONTEXT() REPRESENTATION_CONTEXT('2D SPACE',''
  ) );
#13180 = ORIENTED_EDGE('',*,*,#13181,.T.);
#13181 = EDGE_CURVE('',#13156,#13182,#13184,.T.);
#13182 = VERTEX_POINT('',#13183);
#13183 = CARTESIAN_POINT('',(-0.3,-23.65707143601,25.4));
#13184 = SURFACE_CURVE('',#13185,(#13190,#13201),.PCURVE_S1.);
#13185 = CIRCLE('',#13186,0.35);
#13186 = AXIS2_PLACEMENT_3D('',#13187,#13188,#13189);
#13187 = CARTESIAN_POINT('',(-0.23,-24.,25.4));
#13188 = DIRECTION('',(0.,0.,-1.));
#13189 = DIRECTION('',(1.,0.,0.));
#13190 = PCURVE('',#12918,#13191);
#13191 = DEFINITIONAL_REPRESENTATION('',(#13192),#13200);
#13192 = ( BOUNDED_CURVE() B_SPLINE_CURVE(2,(#13193,#13194,#13195,#13196
    ,#13197,#13198,#13199),.UNSPECIFIED.,.T.,.F.) 
B_SPLINE_CURVE_WITH_KNOTS((1,2,2,2,2,1),(-2.094395102393,0.,
    2.094395102393,4.188790204786,6.28318530718,8.377580409573),
.UNSPECIFIED.) CURVE() GEOMETRIC_REPRESENTATION_ITEM() 
RATIONAL_B_SPLINE_CURVE((1.,0.5,1.,0.5,1.,0.5,1.)) REPRESENTATION_ITEM(
  '') );
#13193 = CARTESIAN_POINT('',(30.12,18.));
#13194 = CARTESIAN_POINT('',(30.12,17.393782217351));
#13195 = CARTESIAN_POINT('',(29.595,17.696891108675));
#13196 = CARTESIAN_POINT('',(29.07,18.));
#13197 = CARTESIAN_POINT('',(29.595,18.303108891325));
#13198 = CARTESIAN_POINT('',(30.12,18.606217782649));
#13199 = CARTESIAN_POINT('',(30.12,18.));
#13200 = ( GEOMETRIC_REPRESENTATION_CONTEXT(2) 
PARAMETRIC_REPRESENTATION_CONTEXT() REPRESENTATION_CONTEXT('2D SPACE',''
  ) );
#13201 = PCURVE('',#13202,#13207);
#13202 = CYLINDRICAL_SURFACE('',#13203,0.35);
#13203 = AXIS2_PLACEMENT_3D('',#13204,#13205,#13206);
#13204 = CARTESIAN_POINT('',(-0.23,-24.,23.));
#13205 = DIRECTION('',(-0.,-0.,-1.));
#13206 = DIRECTION('',(1.,0.,0.));
#13207 = DEFINITIONAL_REPRESENTATION('',(#13208),#13212);
#13208 = LINE('',#13209,#13210);
#13209 = CARTESIAN_POINT('',(-6.28318530718,-2.4));
#13210 = VECTOR('',#13211,1.);
#13211 = DIRECTION('',(1.,-0.));
#13212 = ( GEOMETRIC_REPRESENTATION_CONTEXT(2) 
PARAMETRIC_REPRESENTATION_CONTEXT() REPRESENTATION_CONTEXT('2D SPACE',''
  ) );
#13213 = ORIENTED_EDGE('',*,*,#13214,.T.);
#13214 = EDGE_CURVE('',#13182,#13215,#13217,.T.);
#13215 = VERTEX_POINT('',#13216);
#13216 = CARTESIAN_POINT('',(-0.3,23.657071436009,25.4));
#13217 = SURFACE_CURVE('',#13218,(#13222,#13228),.PCURVE_S1.);
#13218 = LINE('',#13219,#13220);
#13219 = CARTESIAN_POINT('',(-0.3,-40.9,25.4));
#13220 = VECTOR('',#13221,1.);
#13221 = DIRECTION('',(0.,1.,0.));
#13222 = PCURVE('',#12918,#13223);
#13223 = DEFINITIONAL_REPRESENTATION('',(#13224),#13227);
#13224 = B_SPLINE_CURVE_WITH_KNOTS('',1,(#13225,#13226),.UNSPECIFIED.,
  .F.,.F.,(2,2),(2.7,79.1),.PIECEWISE_BEZIER_KNOTS.);
#13225 = CARTESIAN_POINT('',(29.7,3.8));
#13226 = CARTESIAN_POINT('',(29.7,80.2));
#13227 = ( GEOMETRIC_REPRESENTATION_CONTEXT(2) 
PARAMETRIC_REPRESENTATION_CONTEXT() REPRESENTATION_CONTEXT('2D SPACE',''
  ) );
#13228 = PCURVE('',#13229,#13234);
#13229 = PLANE('',#13230);
#13230 = AXIS2_PLACEMENT_3D('',#13231,#13232,#13233);
#13231 = CARTESIAN_POINT('',(-0.3,-39.8,23.));
#13232 = DIRECTION('',(1.,0.,0.));
#13233 = DIRECTION('',(0.,0.,1.));
#13234 = DEFINITIONAL_REPRESENTATION('',(#13235),#13238);
#13235 = B_SPLINE_CURVE_WITH_KNOTS('',1,(#13236,#13237),.UNSPECIFIED.,
  .F.,.F.,(2,2),(2.7,79.1),.PIECEWISE_BEZIER_KNOTS.);
#13236 = CARTESIAN_POINT('',(2.4,-1.6));
#13237 = CARTESIAN_POINT('',(2.4,-78.));
#13238 = ( GEOMETRIC_REPRESENTATION_CONTEXT(2) 
PARAMETRIC_REPRESENTATION_CONTEXT() REPRESENTATION_CONTEXT('2D SPACE',''
  ) );
#13239 = ORIENTED_EDGE('',*,*,#13240,.T.);
#13240 = EDGE_CURVE('',#13215,#13241,#13243,.T.);
#13241 = VERTEX_POINT('',#13242);
#13242 = CARTESIAN_POINT('',(-0.3,24.342928563991,25.4));
#13243 = SURFACE_CURVE('',#13244,(#13249,#13260),.PCURVE_S1.);
#13244 = CIRCLE('',#13245,0.35);
#13245 = AXIS2_PLACEMENT_3D('',#13246,#13247,#13248);
#13246 = CARTESIAN_POINT('',(-0.23,24.,25.4));
#13247 = DIRECTION('',(0.,0.,-1.));
#13248 = DIRECTION('',(1.,0.,0.));
#13249 = PCURVE('',#12918,#13250);
#13250 = DEFINITIONAL_REPRESENTATION('',(#13251),#13259);
#13251 = ( BOUNDED_CURVE() B_SPLINE_CURVE(2,(#13252,#13253,#13254,#13255
    ,#13256,#13257,#13258),.UNSPECIFIED.,.T.,.F.) 
B_SPLINE_CURVE_WITH_KNOTS((1,2,2,2,2,1),(-2.094395102393,0.,
    2.094395102393,4.188790204786,6.28318530718,8.377580409573),
.UNSPECIFIED.) CURVE() GEOMETRIC_REPRESENTATION_ITEM() 
RATIONAL_B_SPLINE_CURVE((1.,0.5,1.,0.5,1.,0.5,1.)) REPRESENTATION_ITEM(
  '') );
#13252 = CARTESIAN_POINT('',(30.12,66.));
#13253 = CARTESIAN_POINT('',(30.12,65.393782217351));
#13254 = CARTESIAN_POINT('',(29.595,65.696891108675));
#13255 = CARTESIAN_POINT('',(29.07,66.));
#13256 = CARTESIAN_POINT('',(29.595,66.303108891325));
#13257 = CARTESIAN_POINT('',(30.12,66.606217782649));
#13258 = CARTESIAN_POINT('',(30.12,66.));
#13259 = ( GEOMETRIC_REPRESENTATION_CONTEXT(2) 
PARAMETRIC_REPRESENTATION_CONTEXT() REPRESENTATION_CONTEXT('2D SPACE',''
  ) );
#13260 = PCURVE('',#13261,#13266);
#13261 = CYLINDRICAL_SURFACE('',#13262,0.35);
#13262 = AXIS2_PLACEMENT_3D('',#13263,#13264,#13265);
#13263 = CARTESIAN_POINT('',(-0.23,24.,23.));
#13264 = DIRECTION('',(-0.,-0.,-1.));
#13265 = DIRECTION('',(1.,0.,0.));
#13266 = DEFINITIONAL_REPRESENTATION('',(#13267),#13271);
#13267 = LINE('',#13268,#13269);
#13268 = CARTESIAN_POINT('',(-6.28318530718,-2.4));
#13269 = VECTOR('',#13270,1.);
#13270 = DIRECTION('',(1.,-0.));
#13271 = ( GEOMETRIC_REPRESENTATION_CONTEXT(2) 
PARAMETRIC_REPRESENTATION_CONTEXT() REPRESENTATION_CONTEXT('2D SPACE',''
  ) );
#13272 = ORIENTED_EDGE('',*,*,#13273,.T.);
#13273 = EDGE_CURVE('',#13241,#13274,#13276,.T.);
#13274 = VERTEX_POINT('',#13275);
#13275 = CARTESIAN_POINT('',(-0.3,38.2,25.4));
#13276 = SURFACE_CURVE('',#13277,(#13281,#13287),.PCURVE_S1.);
#13277 = LINE('',#13278,#13279);
#13278 = CARTESIAN_POINT('',(-0.3,-40.9,25.4));
#13279 = VECTOR('',#13280,1.);
#13280 = DIRECTION('',(0.,1.,0.));
#13281 = PCURVE('',#12918,#13282);
#13282 = DEFINITIONAL_REPRESENTATION('',(#13283),#13286);
#13283 = B_SPLINE_CURVE_WITH_KNOTS('',1,(#13284,#13285),.UNSPECIFIED.,
  .F.,.F.,(2,2),(2.7,79.1),.PIECEWISE_BEZIER_KNOTS.);
#13284 = CARTESIAN_POINT('',(29.7,3.8));
#13285 = CARTESIAN_POINT('',(29.7,80.2));
#13286 = ( GEOMETRIC_REPRESENTATION_CONTEXT(2) 
PARAMETRIC_REPRESENTATION_CONTEXT() REPRESENTATION_CONTEXT('2D SPACE',''
  ) );
#13287 = PCURVE('',#13288,#13293);
#13288 = PLANE('',#13289);
#13289 = AXIS2_PLACEMENT_3D('',#13290,#13291,#13292);
#13290 = CARTESIAN_POINT('',(-0.3,-39.8,23.));
#13291 = DIRECTION('',(1.,0.,0.));
#13292 = DIRECTION('',(0.,0.,1.));
#13293 = DEFINITIONAL_REPRESENTATION('',(#13294),#13297);
#13294 = B_SPLINE_CURVE_WITH_KNOTS('',1,(#13295,#13296),.UNSPECIFIED.,
  .F.,.F.,(2,2),(2.7,79.1),.PIECEWISE_BEZIER_KNOTS.);
#13295 = CARTESIAN_POINT('',(2.4,-1.6));
#13296 = CARTESIAN_POINT('',(2.4,-78.));
#13297 = ( GEOMETRIC_REPRESENTATION_CONTEXT(2) 
PARAMETRIC_REPRESENTATION_CONTEXT() REPRESENTATION_CONTEXT('2D SPACE',''
  ) );
#13298 = ORIENTED_EDGE('',*,*,#13299,.F.);
#13299 = EDGE_CURVE('',#13300,#13274,#13302,.T.);
#13300 = VERTEX_POINT('',#13301);
#13301 = CARTESIAN_POINT('',(1.3,39.8,25.4));
#13302 = SURFACE_CURVE('',#13303,(#13308,#13315),.PCURVE_S1.);
#13303 = CIRCLE('',#13304,1.6);
#13304 = AXIS2_PLACEMENT_3D('',#13305,#13306,#13307);
#13305 = CARTESIAN_POINT('',(1.3,38.2,25.4));
#13306 = DIRECTION('',(0.,0.,1.));
#13307 = DIRECTION('',(-1.,-0.,0.));
#13308 = PCURVE('',#12918,#13309);
#13309 = DEFINITIONAL_REPRESENTATION('',(#13310),#13314);
#13310 = CIRCLE('',#13311,1.6);
#13311 = AXIS2_PLACEMENT_2D('',#13312,#13313);
#13312 = CARTESIAN_POINT('',(31.3,80.2));
#13313 = DIRECTION('',(-1.,0.));
#13314 = ( GEOMETRIC_REPRESENTATION_CONTEXT(2) 
PARAMETRIC_REPRESENTATION_CONTEXT() REPRESENTATION_CONTEXT('2D SPACE',''
  ) );
#13315 = PCURVE('',#13316,#13321);
#13316 = CYLINDRICAL_SURFACE('',#13317,1.6);
#13317 = AXIS2_PLACEMENT_3D('',#13318,#13319,#13320);
#13318 = CARTESIAN_POINT('',(1.3,38.2,23.));
#13319 = DIRECTION('',(0.,0.,1.));
#13320 = DIRECTION('',(-1.,-0.,0.));
#13321 = DEFINITIONAL_REPRESENTATION('',(#13322),#13326);
#13322 = LINE('',#13323,#13324);
#13323 = CARTESIAN_POINT('',(-6.28318530718,2.4));
#13324 = VECTOR('',#13325,1.);
#13325 = DIRECTION('',(1.,-0.));
#13326 = ( GEOMETRIC_REPRESENTATION_CONTEXT(2) 
PARAMETRIC_REPRESENTATION_CONTEXT() REPRESENTATION_CONTEXT('2D SPACE',''
  ) );
#13327 = ORIENTED_EDGE('',*,*,#13328,.F.);
#13328 = EDGE_CURVE('',#13329,#13300,#13331,.T.);
#13329 = VERTEX_POINT('',#13330);
#13330 = CARTESIAN_POINT('',(26.2,39.8,25.4));
#13331 = SURFACE_CURVE('',#13332,(#13336,#13342),.PCURVE_S1.);
#13332 = LINE('',#13333,#13334);
#13333 = CARTESIAN_POINT('',(-15.15,39.8,25.4));
#13334 = VECTOR('',#13335,1.);
#13335 = DIRECTION('',(-1.,0.,0.));
#13336 = PCURVE('',#12918,#13337);
#13337 = DEFINITIONAL_REPRESENTATION('',(#13338),#13341);
#13338 = B_SPLINE_CURVE_WITH_KNOTS('',1,(#13339,#13340),.UNSPECIFIED.,
  .F.,.F.,(2,2),(-41.35,-16.45),.PIECEWISE_BEZIER_KNOTS.);
#13339 = CARTESIAN_POINT('',(56.2,81.8));
#13340 = CARTESIAN_POINT('',(31.3,81.8));
#13341 = ( GEOMETRIC_REPRESENTATION_CONTEXT(2) 
PARAMETRIC_REPRESENTATION_CONTEXT() REPRESENTATION_CONTEXT('2D SPACE',''
  ) );
#13342 = PCURVE('',#13343,#13348);
#13343 = PLANE('',#13344);
#13344 = AXIS2_PLACEMENT_3D('',#13345,#13346,#13347);
#13345 = CARTESIAN_POINT('',(-0.3,39.8,23.));
#13346 = DIRECTION('',(0.,1.,0.));
#13347 = DIRECTION('',(0.,0.,1.));
#13348 = DEFINITIONAL_REPRESENTATION('',(#13349),#13352);
#13349 = B_SPLINE_CURVE_WITH_KNOTS('',1,(#13350,#13351),.UNSPECIFIED.,
  .F.,.F.,(2,2),(-41.35,-16.45),.PIECEWISE_BEZIER_KNOTS.);
#13350 = CARTESIAN_POINT('',(2.4,26.5));
#13351 = CARTESIAN_POINT('',(2.4,1.6));
#13352 = ( GEOMETRIC_REPRESENTATION_CONTEXT(2) 
PARAMETRIC_REPRESENTATION_CONTEXT() REPRESENTATION_CONTEXT('2D SPACE',''
  ) );
#13353 = ORIENTED_EDGE('',*,*,#13354,.F.);
#13354 = EDGE_CURVE('',#13355,#13329,#13357,.T.);
#13355 = VERTEX_POINT('',#13356);
#13356 = CARTESIAN_POINT('',(27.8,38.2,25.4));
#13357 = SURFACE_CURVE('',#13358,(#13363,#13370),.PCURVE_S1.);
#13358 = CIRCLE('',#13359,1.6);
#13359 = AXIS2_PLACEMENT_3D('',#13360,#13361,#13362);
#13360 = CARTESIAN_POINT('',(26.2,38.2,25.4));
#13361 = DIRECTION('',(0.,0.,1.));
#13362 = DIRECTION('',(1.,0.,-0.));
#13363 = PCURVE('',#12918,#13364);
#13364 = DEFINITIONAL_REPRESENTATION('',(#13365),#13369);
#13365 = CIRCLE('',#13366,1.6);
#13366 = AXIS2_PLACEMENT_2D('',#13367,#13368);
#13367 = CARTESIAN_POINT('',(56.2,80.2));
#13368 = DIRECTION('',(1.,0.));
#13369 = ( GEOMETRIC_REPRESENTATION_CONTEXT(2) 
PARAMETRIC_REPRESENTATION_CONTEXT() REPRESENTATION_CONTEXT('2D SPACE',''
  ) );
#13370 = PCURVE('',#13371,#13376);
#13371 = CYLINDRICAL_SURFACE('',#13372,1.6);
#13372 = AXIS2_PLACEMENT_3D('',#13373,#13374,#13375);
#13373 = CARTESIAN_POINT('',(26.2,38.2,23.));
#13374 = DIRECTION('',(0.,0.,1.));
#13375 = DIRECTION('',(1.,0.,-0.));
#13376 = DEFINITIONAL_REPRESENTATION('',(#13377),#13381);
#13377 = LINE('',#13378,#13379);
#13378 = CARTESIAN_POINT('',(0.,2.4));
#13379 = VECTOR('',#13380,1.);
#13380 = DIRECTION('',(1.,0.));
#13381 = ( GEOMETRIC_REPRESENTATION_CONTEXT(2) 
PARAMETRIC_REPRESENTATION_CONTEXT() REPRESENTATION_CONTEXT('2D SPACE',''
  ) );
#13382 = ORIENTED_EDGE('',*,*,#13383,.F.);
#13383 = EDGE_CURVE('',#13384,#13355,#13386,.T.);
#13384 = VERTEX_POINT('',#13385);
#13385 = CARTESIAN_POINT('',(27.8,24.342928563991,25.4));
#13386 = SURFACE_CURVE('',#13387,(#13391,#13397),.PCURVE_S1.);
#13387 = LINE('',#13388,#13389);
#13388 = CARTESIAN_POINT('',(27.8,-40.9,25.4));
#13389 = VECTOR('',#13390,1.);
#13390 = DIRECTION('',(0.,1.,0.));
#13391 = PCURVE('',#12918,#13392);
#13392 = DEFINITIONAL_REPRESENTATION('',(#13393),#13396);
#13393 = B_SPLINE_CURVE_WITH_KNOTS('',1,(#13394,#13395),.UNSPECIFIED.,
  .F.,.F.,(2,2),(2.7,79.1),.PIECEWISE_BEZIER_KNOTS.);
#13394 = CARTESIAN_POINT('',(57.8,3.8));
#13395 = CARTESIAN_POINT('',(57.8,80.2));
#13396 = ( GEOMETRIC_REPRESENTATION_CONTEXT(2) 
PARAMETRIC_REPRESENTATION_CONTEXT() REPRESENTATION_CONTEXT('2D SPACE',''
  ) );
#13397 = PCURVE('',#13398,#13403);
#13398 = PLANE('',#13399);
#13399 = AXIS2_PLACEMENT_3D('',#13400,#13401,#13402);
#13400 = CARTESIAN_POINT('',(27.8,-39.8,23.));
#13401 = DIRECTION('',(1.,0.,0.));
#13402 = DIRECTION('',(0.,0.,1.));
#13403 = DEFINITIONAL_REPRESENTATION('',(#13404),#13407);
#13404 = B_SPLINE_CURVE_WITH_KNOTS('',1,(#13405,#13406),.UNSPECIFIED.,
  .F.,.F.,(2,2),(2.7,79.1),.PIECEWISE_BEZIER_KNOTS.);
#13405 = CARTESIAN_POINT('',(2.4,-1.6));
#13406 = CARTESIAN_POINT('',(2.4,-78.));
#13407 = ( GEOMETRIC_REPRESENTATION_CONTEXT(2) 
PARAMETRIC_REPRESENTATION_CONTEXT() REPRESENTATION_CONTEXT('2D SPACE',''
  ) );
#13408 = ORIENTED_EDGE('',*,*,#13409,.F.);
#13409 = EDGE_CURVE('',#13410,#13384,#13412,.T.);
#13410 = VERTEX_POINT('',#13411);
#13411 = CARTESIAN_POINT('',(27.8,23.657071436009,25.4));
#13412 = SURFACE_CURVE('',#13413,(#13418,#13425),.PCURVE_S1.);
#13413 = CIRCLE('',#13414,0.35);
#13414 = AXIS2_PLACEMENT_3D('',#13415,#13416,#13417);
#13415 = CARTESIAN_POINT('',(27.73,24.,25.4));
#13416 = DIRECTION('',(-0.,0.,1.));
#13417 = DIRECTION('',(0.199999999999,-0.979795897113,0.));
#13418 = PCURVE('',#12918,#13419);
#13419 = DEFINITIONAL_REPRESENTATION('',(#13420),#13424);
#13420 = CIRCLE('',#13421,0.35);
#13421 = AXIS2_PLACEMENT_2D('',#13422,#13423);
#13422 = CARTESIAN_POINT('',(57.73,66.));
#13423 = DIRECTION('',(0.199999999999,-0.979795897113));
#13424 = ( GEOMETRIC_REPRESENTATION_CONTEXT(2) 
PARAMETRIC_REPRESENTATION_CONTEXT() REPRESENTATION_CONTEXT('2D SPACE',''
  ) );
#13425 = PCURVE('',#13426,#13431);
#13426 = CYLINDRICAL_SURFACE('',#13427,0.35);
#13427 = AXIS2_PLACEMENT_3D('',#13428,#13429,#13430);
#13428 = CARTESIAN_POINT('',(27.73,24.,23.));
#13429 = DIRECTION('',(-0.,-0.,-1.));
#13430 = DIRECTION('',(1.,0.,0.));
#13431 = DEFINITIONAL_REPRESENTATION('',(#13432),#13436);
#13432 = LINE('',#13433,#13434);
#13433 = CARTESIAN_POINT('',(-4.913746901174,-2.4));
#13434 = VECTOR('',#13435,1.);
#13435 = DIRECTION('',(-1.,-0.));
#13436 = ( GEOMETRIC_REPRESENTATION_CONTEXT(2) 
PARAMETRIC_REPRESENTATION_CONTEXT() REPRESENTATION_CONTEXT('2D SPACE',''
  ) );
#13437 = ORIENTED_EDGE('',*,*,#13438,.F.);
#13438 = EDGE_CURVE('',#13439,#13410,#13441,.T.);
#13439 = VERTEX_POINT('',#13440);
#13440 = CARTESIAN_POINT('',(27.8,-23.65707143601,25.4));
#13441 = SURFACE_CURVE('',#13442,(#13446,#13452),.PCURVE_S1.);
#13442 = LINE('',#13443,#13444);
#13443 = CARTESIAN_POINT('',(27.8,-40.9,25.4));
#13444 = VECTOR('',#13445,1.);
#13445 = DIRECTION('',(0.,1.,0.));
#13446 = PCURVE('',#12918,#13447);
#13447 = DEFINITIONAL_REPRESENTATION('',(#13448),#13451);
#13448 = B_SPLINE_CURVE_WITH_KNOTS('',1,(#13449,#13450),.UNSPECIFIED.,
  .F.,.F.,(2,2),(2.7,79.1),.PIECEWISE_BEZIER_KNOTS.);
#13449 = CARTESIAN_POINT('',(57.8,3.8));
#13450 = CARTESIAN_POINT('',(57.8,80.2));
#13451 = ( GEOMETRIC_REPRESENTATION_CONTEXT(2) 
PARAMETRIC_REPRESENTATION_CONTEXT() REPRESENTATION_CONTEXT('2D SPACE',''
  ) );
#13452 = PCURVE('',#13453,#13458);
#13453 = PLANE('',#13454);
#13454 = AXIS2_PLACEMENT_3D('',#13455,#13456,#13457);
#13455 = CARTESIAN_POINT('',(27.8,-39.8,23.));
#13456 = DIRECTION('',(1.,0.,0.));
#13457 = DIRECTION('',(0.,0.,1.));
#13458 = DEFINITIONAL_REPRESENTATION('',(#13459),#13462);
#13459 = B_SPLINE_CURVE_WITH_KNOTS('',1,(#13460,#13461),.UNSPECIFIED.,
  .F.,.F.,(2,2),(2.7,79.1),.PIECEWISE_BEZIER_KNOTS.);
#13460 = CARTESIAN_POINT('',(2.4,-1.6));
#13461 = CARTESIAN_POINT('',(2.4,-78.));
#13462 = ( GEOMETRIC_REPRESENTATION_CONTEXT(2) 
PARAMETRIC_REPRESENTATION_CONTEXT() REPRESENTATION_CONTEXT('2D SPACE',''
  ) );
#13463 = ORIENTED_EDGE('',*,*,#13464,.F.);
#13464 = EDGE_CURVE('',#13465,#13439,#13467,.T.);
#13465 = VERTEX_POINT('',#13466);
#13466 = CARTESIAN_POINT('',(27.8,-24.34292856398,25.4));
#13467 = SURFACE_CURVE('',#13468,(#13473,#13480),.PCURVE_S1.);
#13468 = CIRCLE('',#13469,0.35);
#13469 = AXIS2_PLACEMENT_3D('',#13470,#13471,#13472);
#13470 = CARTESIAN_POINT('',(27.73,-24.,25.4));
#13471 = DIRECTION('',(-0.,0.,1.));
#13472 = DIRECTION('',(0.2,-0.979795897113,0.));
#13473 = PCURVE('',#12918,#13474);
#13474 = DEFINITIONAL_REPRESENTATION('',(#13475),#13479);
#13475 = CIRCLE('',#13476,0.35);
#13476 = AXIS2_PLACEMENT_2D('',#13477,#13478);
#13477 = CARTESIAN_POINT('',(57.73,18.));
#13478 = DIRECTION('',(0.2,-0.979795897113));
#13479 = ( GEOMETRIC_REPRESENTATION_CONTEXT(2) 
PARAMETRIC_REPRESENTATION_CONTEXT() REPRESENTATION_CONTEXT('2D SPACE',''
  ) );
#13480 = PCURVE('',#13481,#13486);
#13481 = CYLINDRICAL_SURFACE('',#13482,0.35);
#13482 = AXIS2_PLACEMENT_3D('',#13483,#13484,#13485);
#13483 = CARTESIAN_POINT('',(27.73,-24.,23.));
#13484 = DIRECTION('',(-0.,-0.,-1.));
#13485 = DIRECTION('',(1.,0.,0.));
#13486 = DEFINITIONAL_REPRESENTATION('',(#13487),#13491);
#13487 = LINE('',#13488,#13489);
#13488 = CARTESIAN_POINT('',(-4.913746901175,-2.4));
#13489 = VECTOR('',#13490,1.);
#13490 = DIRECTION('',(-1.,-0.));
#13491 = ( GEOMETRIC_REPRESENTATION_CONTEXT(2) 
PARAMETRIC_REPRESENTATION_CONTEXT() REPRESENTATION_CONTEXT('2D SPACE',''
  ) );
#13492 = ORIENTED_EDGE('',*,*,#13493,.F.);
#13493 = EDGE_CURVE('',#13494,#13465,#13496,.T.);
#13494 = VERTEX_POINT('',#13495);
#13495 = CARTESIAN_POINT('',(27.8,-38.2,25.4));
#13496 = SURFACE_CURVE('',#13497,(#13501,#13507),.PCURVE_S1.);
#13497 = LINE('',#13498,#13499);
#13498 = CARTESIAN_POINT('',(27.8,-40.9,25.4));
#13499 = VECTOR('',#13500,1.);
#13500 = DIRECTION('',(0.,1.,0.));
#13501 = PCURVE('',#12918,#13502);
#13502 = DEFINITIONAL_REPRESENTATION('',(#13503),#13506);
#13503 = B_SPLINE_CURVE_WITH_KNOTS('',1,(#13504,#13505),.UNSPECIFIED.,
  .F.,.F.,(2,2),(2.7,79.1),.PIECEWISE_BEZIER_KNOTS.);
#13504 = CARTESIAN_POINT('',(57.8,3.8));
#13505 = CARTESIAN_POINT('',(57.8,80.2));
#13506 = ( GEOMETRIC_REPRESENTATION_CONTEXT(2) 
PARAMETRIC_REPRESENTATION_CONTEXT() REPRESENTATION_CONTEXT('2D SPACE',''
  ) );
#13507 = PCURVE('',#13508,#13513);
#13508 = PLANE('',#13509);
#13509 = AXIS2_PLACEMENT_3D('',#13510,#13511,#13512);
#13510 = CARTESIAN_POINT('',(27.8,-39.8,23.));
#13511 = DIRECTION('',(1.,0.,0.));
#13512 = DIRECTION('',(0.,0.,1.));
#13513 = DEFINITIONAL_REPRESENTATION('',(#13514),#13517);
#13514 = B_SPLINE_CURVE_WITH_KNOTS('',1,(#13515,#13516),.UNSPECIFIED.,
  .F.,.F.,(2,2),(2.7,79.1),.PIECEWISE_BEZIER_KNOTS.);
#13515 = CARTESIAN_POINT('',(2.4,-1.6));
#13516 = CARTESIAN_POINT('',(2.4,-78.));
#13517 = ( GEOMETRIC_REPRESENTATION_CONTEXT(2) 
PARAMETRIC_REPRESENTATION_CONTEXT() REPRESENTATION_CONTEXT('2D SPACE',''
  ) );
#13518 = ORIENTED_EDGE('',*,*,#13519,.F.);
#13519 = EDGE_CURVE('',#13520,#13494,#13522,.T.);
#13520 = VERTEX_POINT('',#13521);
#13521 = CARTESIAN_POINT('',(26.2,-39.8,25.4));
#13522 = SURFACE_CURVE('',#13523,(#13528,#13535),.PCURVE_S1.);
#13523 = CIRCLE('',#13524,1.6);
#13524 = AXIS2_PLACEMENT_3D('',#13525,#13526,#13527);
#13525 = CARTESIAN_POINT('',(26.2,-38.2,25.4));
#13526 = DIRECTION('',(0.,0.,1.));
#13527 = DIRECTION('',(1.,0.,-0.));
#13528 = PCURVE('',#12918,#13529);
#13529 = DEFINITIONAL_REPRESENTATION('',(#13530),#13534);
#13530 = CIRCLE('',#13531,1.6);
#13531 = AXIS2_PLACEMENT_2D('',#13532,#13533);
#13532 = CARTESIAN_POINT('',(56.2,3.8));
#13533 = DIRECTION('',(1.,0.));
#13534 = ( GEOMETRIC_REPRESENTATION_CONTEXT(2) 
PARAMETRIC_REPRESENTATION_CONTEXT() REPRESENTATION_CONTEXT('2D SPACE',''
  ) );
#13535 = PCURVE('',#13536,#13541);
#13536 = CYLINDRICAL_SURFACE('',#13537,1.6);
#13537 = AXIS2_PLACEMENT_3D('',#13538,#13539,#13540);
#13538 = CARTESIAN_POINT('',(26.2,-38.2,23.));
#13539 = DIRECTION('',(0.,0.,1.));
#13540 = DIRECTION('',(1.,0.,-0.));
#13541 = DEFINITIONAL_REPRESENTATION('',(#13542),#13546);
#13542 = LINE('',#13543,#13544);
#13543 = CARTESIAN_POINT('',(-6.28318530718,2.4));
#13544 = VECTOR('',#13545,1.);
#13545 = DIRECTION('',(1.,-0.));
#13546 = ( GEOMETRIC_REPRESENTATION_CONTEXT(2) 
PARAMETRIC_REPRESENTATION_CONTEXT() REPRESENTATION_CONTEXT('2D SPACE',''
  ) );
#13547 = ORIENTED_EDGE('',*,*,#13548,.T.);
#13548 = EDGE_CURVE('',#13520,#13549,#13551,.T.);
#13549 = VERTEX_POINT('',#13550);
#13550 = CARTESIAN_POINT('',(21.3,-39.8,25.4));
#13551 = SURFACE_CURVE('',#13552,(#13556,#13562),.PCURVE_S1.);
#13552 = LINE('',#13553,#13554);
#13553 = CARTESIAN_POINT('',(-15.15,-39.8,25.4));
#13554 = VECTOR('',#13555,1.);
#13555 = DIRECTION('',(-1.,0.,0.));
#13556 = PCURVE('',#12918,#13557);
#13557 = DEFINITIONAL_REPRESENTATION('',(#13558),#13561);
#13558 = B_SPLINE_CURVE_WITH_KNOTS('',1,(#13559,#13560),.UNSPECIFIED.,
  .F.,.F.,(2,2),(-41.35,-36.45),.PIECEWISE_BEZIER_KNOTS.);
#13559 = CARTESIAN_POINT('',(56.2,2.2));
#13560 = CARTESIAN_POINT('',(51.3,2.2));
#13561 = ( GEOMETRIC_REPRESENTATION_CONTEXT(2) 
PARAMETRIC_REPRESENTATION_CONTEXT() REPRESENTATION_CONTEXT('2D SPACE',''
  ) );
#13562 = PCURVE('',#13563,#13568);
#13563 = PLANE('',#13564);
#13564 = AXIS2_PLACEMENT_3D('',#13565,#13566,#13567);
#13565 = CARTESIAN_POINT('',(-0.3,-39.8,23.));
#13566 = DIRECTION('',(0.,1.,0.));
#13567 = DIRECTION('',(0.,0.,1.));
#13568 = DEFINITIONAL_REPRESENTATION('',(#13569),#13572);
#13569 = B_SPLINE_CURVE_WITH_KNOTS('',1,(#13570,#13571),.UNSPECIFIED.,
  .F.,.F.,(2,2),(-41.35,-36.45),.PIECEWISE_BEZIER_KNOTS.);
#13570 = CARTESIAN_POINT('',(2.4,26.5));
#13571 = CARTESIAN_POINT('',(2.4,21.6));
#13572 = ( GEOMETRIC_REPRESENTATION_CONTEXT(2) 
PARAMETRIC_REPRESENTATION_CONTEXT() REPRESENTATION_CONTEXT('2D SPACE',''
  ) );
#13573 = ORIENTED_EDGE('',*,*,#13574,.T.);
#13574 = EDGE_CURVE('',#13549,#13575,#13577,.T.);
#13575 = VERTEX_POINT('',#13576);
#13576 = CARTESIAN_POINT('',(21.3,-38.6,25.4));
#13577 = SURFACE_CURVE('',#13578,(#13582,#13588),.PCURVE_S1.);
#13578 = LINE('',#13579,#13580);
#13579 = CARTESIAN_POINT('',(21.3,-42.5,25.4));
#13580 = VECTOR('',#13581,1.);
#13581 = DIRECTION('',(0.,1.,0.));
#13582 = PCURVE('',#12918,#13583);
#13583 = DEFINITIONAL_REPRESENTATION('',(#13584),#13587);
#13584 = B_SPLINE_CURVE_WITH_KNOTS('',1,(#13585,#13586),.UNSPECIFIED.,
  .F.,.F.,(2,2),(2.7,3.9),.PIECEWISE_BEZIER_KNOTS.);
#13585 = CARTESIAN_POINT('',(51.3,2.2));
#13586 = CARTESIAN_POINT('',(51.3,3.4));
#13587 = ( GEOMETRIC_REPRESENTATION_CONTEXT(2) 
PARAMETRIC_REPRESENTATION_CONTEXT() REPRESENTATION_CONTEXT('2D SPACE',''
  ) );
#13588 = PCURVE('',#13589,#13594);
#13589 = PLANE('',#13590);
#13590 = AXIS2_PLACEMENT_3D('',#13591,#13592,#13593);
#13591 = CARTESIAN_POINT('',(21.3,-43.,23.));
#13592 = DIRECTION('',(1.,0.,0.));
#13593 = DIRECTION('',(0.,0.,1.));
#13594 = DEFINITIONAL_REPRESENTATION('',(#13595),#13598);
#13595 = B_SPLINE_CURVE_WITH_KNOTS('',1,(#13596,#13597),.UNSPECIFIED.,
  .F.,.F.,(2,2),(2.7,3.9),.PIECEWISE_BEZIER_KNOTS.);
#13596 = CARTESIAN_POINT('',(2.4,-3.2));
#13597 = CARTESIAN_POINT('',(2.4,-4.4));
#13598 = ( GEOMETRIC_REPRESENTATION_CONTEXT(2) 
PARAMETRIC_REPRESENTATION_CONTEXT() REPRESENTATION_CONTEXT('2D SPACE',''
  ) );
#13599 = ORIENTED_EDGE('',*,*,#13600,.F.);
#13600 = EDGE_CURVE('',#13601,#13575,#13603,.T.);
#13601 = VERTEX_POINT('',#13602);
#13602 = CARTESIAN_POINT('',(26.1,-38.6,25.4));
#13603 = SURFACE_CURVE('',#13604,(#13608,#13614),.PCURVE_S1.);
#13604 = LINE('',#13605,#13606);
#13605 = CARTESIAN_POINT('',(-14.55,-38.6,25.4));
#13606 = VECTOR('',#13607,1.);
#13607 = DIRECTION('',(-1.,0.,0.));
#13608 = PCURVE('',#12918,#13609);
#13609 = DEFINITIONAL_REPRESENTATION('',(#13610),#13613);
#13610 = B_SPLINE_CURVE_WITH_KNOTS('',1,(#13611,#13612),.UNSPECIFIED.,
  .F.,.F.,(2,2),(-40.65,-35.85),.PIECEWISE_BEZIER_KNOTS.);
#13611 = CARTESIAN_POINT('',(56.1,3.4));
#13612 = CARTESIAN_POINT('',(51.3,3.4));
#13613 = ( GEOMETRIC_REPRESENTATION_CONTEXT(2) 
PARAMETRIC_REPRESENTATION_CONTEXT() REPRESENTATION_CONTEXT('2D SPACE',''
  ) );
#13614 = PCURVE('',#13615,#13620);
#13615 = PLANE('',#13616);
#13616 = AXIS2_PLACEMENT_3D('',#13617,#13618,#13619);
#13617 = CARTESIAN_POINT('',(0.9,-38.6,22.98));
#13618 = DIRECTION('',(0.,1.,0.));
#13619 = DIRECTION('',(0.,0.,1.));
#13620 = DEFINITIONAL_REPRESENTATION('',(#13621),#13624);
#13621 = B_SPLINE_CURVE_WITH_KNOTS('',1,(#13622,#13623),.UNSPECIFIED.,
  .F.,.F.,(2,2),(-40.65,-35.85),.PIECEWISE_BEZIER_KNOTS.);
#13622 = CARTESIAN_POINT('',(2.42,25.2));
#13623 = CARTESIAN_POINT('',(2.42,20.4));
#13624 = ( GEOMETRIC_REPRESENTATION_CONTEXT(2) 
PARAMETRIC_REPRESENTATION_CONTEXT() REPRESENTATION_CONTEXT('2D SPACE',''
  ) );
#13625 = ORIENTED_EDGE('',*,*,#13626,.T.);
#13626 = EDGE_CURVE('',#13601,#13627,#13629,.T.);
#13627 = VERTEX_POINT('',#13628);
#13628 = CARTESIAN_POINT('',(26.6,-38.1,25.4));
#13629 = SURFACE_CURVE('',#13630,(#13635,#13642),.PCURVE_S1.);
#13630 = CIRCLE('',#13631,0.5);
#13631 = AXIS2_PLACEMENT_3D('',#13632,#13633,#13634);
#13632 = CARTESIAN_POINT('',(26.1,-38.1,25.4));
#13633 = DIRECTION('',(0.,0.,1.));
#13634 = DIRECTION('',(1.,0.,-0.));
#13635 = PCURVE('',#12918,#13636);
#13636 = DEFINITIONAL_REPRESENTATION('',(#13637),#13641);
#13637 = CIRCLE('',#13638,0.5);
#13638 = AXIS2_PLACEMENT_2D('',#13639,#13640);
#13639 = CARTESIAN_POINT('',(56.1,3.9));
#13640 = DIRECTION('',(1.,0.));
#13641 = ( GEOMETRIC_REPRESENTATION_CONTEXT(2) 
PARAMETRIC_REPRESENTATION_CONTEXT() REPRESENTATION_CONTEXT('2D SPACE',''
  ) );
#13642 = PCURVE('',#13643,#13648);
#13643 = CYLINDRICAL_SURFACE('',#13644,0.5);
#13644 = AXIS2_PLACEMENT_3D('',#13645,#13646,#13647);
#13645 = CARTESIAN_POINT('',(26.1,-38.1,22.98));
#13646 = DIRECTION('',(0.,0.,1.));
#13647 = DIRECTION('',(1.,0.,-0.));
#13648 = DEFINITIONAL_REPRESENTATION('',(#13649),#13653);
#13649 = LINE('',#13650,#13651);
#13650 = CARTESIAN_POINT('',(-6.28318530718,2.42));
#13651 = VECTOR('',#13652,1.);
#13652 = DIRECTION('',(1.,-0.));
#13653 = ( GEOMETRIC_REPRESENTATION_CONTEXT(2) 
PARAMETRIC_REPRESENTATION_CONTEXT() REPRESENTATION_CONTEXT('2D SPACE',''
  ) );
#13654 = ORIENTED_EDGE('',*,*,#13655,.T.);
#13655 = EDGE_CURVE('',#13627,#13656,#13658,.T.);
#13656 = VERTEX_POINT('',#13657);
#13657 = CARTESIAN_POINT('',(26.6,38.1,25.4));
#13658 = SURFACE_CURVE('',#13659,(#13663,#13669),.PCURVE_S1.);
#13659 = LINE('',#13660,#13661);
#13660 = CARTESIAN_POINT('',(26.6,-40.3,25.4));
#13661 = VECTOR('',#13662,1.);
#13662 = DIRECTION('',(0.,1.,0.));
#13663 = PCURVE('',#12918,#13664);
#13664 = DEFINITIONAL_REPRESENTATION('',(#13665),#13668);
#13665 = B_SPLINE_CURVE_WITH_KNOTS('',1,(#13666,#13667),.UNSPECIFIED.,
  .F.,.F.,(2,2),(2.2,78.4),.PIECEWISE_BEZIER_KNOTS.);
#13666 = CARTESIAN_POINT('',(56.6,3.9));
#13667 = CARTESIAN_POINT('',(56.6,80.1));
#13668 = ( GEOMETRIC_REPRESENTATION_CONTEXT(2) 
PARAMETRIC_REPRESENTATION_CONTEXT() REPRESENTATION_CONTEXT('2D SPACE',''
  ) );
#13669 = PCURVE('',#13670,#13675);
#13670 = PLANE('',#13671);
#13671 = AXIS2_PLACEMENT_3D('',#13672,#13673,#13674);
#13672 = CARTESIAN_POINT('',(26.6,-38.6,22.98));
#13673 = DIRECTION('',(1.,0.,0.));
#13674 = DIRECTION('',(0.,0.,1.));
#13675 = DEFINITIONAL_REPRESENTATION('',(#13676),#13679);
#13676 = B_SPLINE_CURVE_WITH_KNOTS('',1,(#13677,#13678),.UNSPECIFIED.,
  .F.,.F.,(2,2),(2.2,78.4),.PIECEWISE_BEZIER_KNOTS.);
#13677 = CARTESIAN_POINT('',(2.42,-0.5));
#13678 = CARTESIAN_POINT('',(2.42,-76.7));
#13679 = ( GEOMETRIC_REPRESENTATION_CONTEXT(2) 
PARAMETRIC_REPRESENTATION_CONTEXT() REPRESENTATION_CONTEXT('2D SPACE',''
  ) );
#13680 = ORIENTED_EDGE('',*,*,#13681,.T.);
#13681 = EDGE_CURVE('',#13656,#13682,#13684,.T.);
#13682 = VERTEX_POINT('',#13683);
#13683 = CARTESIAN_POINT('',(26.1,38.6,25.4));
#13684 = SURFACE_CURVE('',#13685,(#13690,#13697),.PCURVE_S1.);
#13685 = CIRCLE('',#13686,0.5);
#13686 = AXIS2_PLACEMENT_3D('',#13687,#13688,#13689);
#13687 = CARTESIAN_POINT('',(26.1,38.1,25.4));
#13688 = DIRECTION('',(0.,0.,1.));
#13689 = DIRECTION('',(1.,0.,-0.));
#13690 = PCURVE('',#12918,#13691);
#13691 = DEFINITIONAL_REPRESENTATION('',(#13692),#13696);
#13692 = CIRCLE('',#13693,0.5);
#13693 = AXIS2_PLACEMENT_2D('',#13694,#13695);
#13694 = CARTESIAN_POINT('',(56.1,80.1));
#13695 = DIRECTION('',(1.,0.));
#13696 = ( GEOMETRIC_REPRESENTATION_CONTEXT(2) 
PARAMETRIC_REPRESENTATION_CONTEXT() REPRESENTATION_CONTEXT('2D SPACE',''
  ) );
#13697 = PCURVE('',#13698,#13703);
#13698 = CYLINDRICAL_SURFACE('',#13699,0.5);
#13699 = AXIS2_PLACEMENT_3D('',#13700,#13701,#13702);
#13700 = CARTESIAN_POINT('',(26.1,38.1,22.98));
#13701 = DIRECTION('',(0.,0.,1.));
#13702 = DIRECTION('',(1.,0.,-0.));
#13703 = DEFINITIONAL_REPRESENTATION('',(#13704),#13708);
#13704 = LINE('',#13705,#13706);
#13705 = CARTESIAN_POINT('',(0.,2.42));
#13706 = VECTOR('',#13707,1.);
#13707 = DIRECTION('',(1.,0.));
#13708 = ( GEOMETRIC_REPRESENTATION_CONTEXT(2) 
PARAMETRIC_REPRESENTATION_CONTEXT() REPRESENTATION_CONTEXT('2D SPACE',''
  ) );
#13709 = ORIENTED_EDGE('',*,*,#13710,.T.);
#13710 = EDGE_CURVE('',#13682,#13711,#13713,.T.);
#13711 = VERTEX_POINT('',#13712);
#13712 = CARTESIAN_POINT('',(1.4,38.6,25.4));
#13713 = SURFACE_CURVE('',#13714,(#13718,#13724),.PCURVE_S1.);
#13714 = LINE('',#13715,#13716);
#13715 = CARTESIAN_POINT('',(-14.55,38.6,25.4));
#13716 = VECTOR('',#13717,1.);
#13717 = DIRECTION('',(-1.,0.,0.));
#13718 = PCURVE('',#12918,#13719);
#13719 = DEFINITIONAL_REPRESENTATION('',(#13720),#13723);
#13720 = B_SPLINE_CURVE_WITH_KNOTS('',1,(#13721,#13722),.UNSPECIFIED.,
  .F.,.F.,(2,2),(-40.65,-15.95),.PIECEWISE_BEZIER_KNOTS.);
#13721 = CARTESIAN_POINT('',(56.1,80.6));
#13722 = CARTESIAN_POINT('',(31.4,80.6));
#13723 = ( GEOMETRIC_REPRESENTATION_CONTEXT(2) 
PARAMETRIC_REPRESENTATION_CONTEXT() REPRESENTATION_CONTEXT('2D SPACE',''
  ) );
#13724 = PCURVE('',#13725,#13730);
#13725 = PLANE('',#13726);
#13726 = AXIS2_PLACEMENT_3D('',#13727,#13728,#13729);
#13727 = CARTESIAN_POINT('',(0.9,38.6,22.98));
#13728 = DIRECTION('',(0.,1.,0.));
#13729 = DIRECTION('',(0.,0.,1.));
#13730 = DEFINITIONAL_REPRESENTATION('',(#13731),#13734);
#13731 = B_SPLINE_CURVE_WITH_KNOTS('',1,(#13732,#13733),.UNSPECIFIED.,
  .F.,.F.,(2,2),(-40.65,-15.95),.PIECEWISE_BEZIER_KNOTS.);
#13732 = CARTESIAN_POINT('',(2.42,25.2));
#13733 = CARTESIAN_POINT('',(2.42,0.5));
#13734 = ( GEOMETRIC_REPRESENTATION_CONTEXT(2) 
PARAMETRIC_REPRESENTATION_CONTEXT() REPRESENTATION_CONTEXT('2D SPACE',''
  ) );
#13735 = ORIENTED_EDGE('',*,*,#13736,.T.);
#13736 = EDGE_CURVE('',#13711,#13737,#13739,.T.);
#13737 = VERTEX_POINT('',#13738);
#13738 = CARTESIAN_POINT('',(0.9,38.1,25.4));
#13739 = SURFACE_CURVE('',#13740,(#13745,#13752),.PCURVE_S1.);
#13740 = CIRCLE('',#13741,0.5);
#13741 = AXIS2_PLACEMENT_3D('',#13742,#13743,#13744);
#13742 = CARTESIAN_POINT('',(1.4,38.1,25.4));
#13743 = DIRECTION('',(0.,0.,1.));
#13744 = DIRECTION('',(-1.,-0.,0.));
#13745 = PCURVE('',#12918,#13746);
#13746 = DEFINITIONAL_REPRESENTATION('',(#13747),#13751);
#13747 = CIRCLE('',#13748,0.5);
#13748 = AXIS2_PLACEMENT_2D('',#13749,#13750);
#13749 = CARTESIAN_POINT('',(31.4,80.1));
#13750 = DIRECTION('',(-1.,0.));
#13751 = ( GEOMETRIC_REPRESENTATION_CONTEXT(2) 
PARAMETRIC_REPRESENTATION_CONTEXT() REPRESENTATION_CONTEXT('2D SPACE',''
  ) );
#13752 = PCURVE('',#13753,#13758);
#13753 = CYLINDRICAL_SURFACE('',#13754,0.5);
#13754 = AXIS2_PLACEMENT_3D('',#13755,#13756,#13757);
#13755 = CARTESIAN_POINT('',(1.4,38.1,22.98));
#13756 = DIRECTION('',(0.,0.,1.));
#13757 = DIRECTION('',(-1.,-0.,0.));
#13758 = DEFINITIONAL_REPRESENTATION('',(#13759),#13763);
#13759 = LINE('',#13760,#13761);
#13760 = CARTESIAN_POINT('',(-6.28318530718,2.42));
#13761 = VECTOR('',#13762,1.);
#13762 = DIRECTION('',(1.,-0.));
#13763 = ( GEOMETRIC_REPRESENTATION_CONTEXT(2) 
PARAMETRIC_REPRESENTATION_CONTEXT() REPRESENTATION_CONTEXT('2D SPACE',''
  ) );
#13764 = ORIENTED_EDGE('',*,*,#13765,.F.);
#13765 = EDGE_CURVE('',#13766,#13737,#13768,.T.);
#13766 = VERTEX_POINT('',#13767);
#13767 = CARTESIAN_POINT('',(0.9,-38.1,25.4));
#13768 = SURFACE_CURVE('',#13769,(#13773,#13779),.PCURVE_S1.);
#13769 = LINE('',#13770,#13771);
#13770 = CARTESIAN_POINT('',(0.9,-40.3,25.4));
#13771 = VECTOR('',#13772,1.);
#13772 = DIRECTION('',(0.,1.,0.));
#13773 = PCURVE('',#12918,#13774);
#13774 = DEFINITIONAL_REPRESENTATION('',(#13775),#13778);
#13775 = B_SPLINE_CURVE_WITH_KNOTS('',1,(#13776,#13777),.UNSPECIFIED.,
  .F.,.F.,(2,2),(2.2,78.4),.PIECEWISE_BEZIER_KNOTS.);
#13776 = CARTESIAN_POINT('',(30.9,3.9));
#13777 = CARTESIAN_POINT('',(30.9,80.1));
#13778 = ( GEOMETRIC_REPRESENTATION_CONTEXT(2) 
PARAMETRIC_REPRESENTATION_CONTEXT() REPRESENTATION_CONTEXT('2D SPACE',''
  ) );
#13779 = PCURVE('',#13780,#13785);
#13780 = PLANE('',#13781);
#13781 = AXIS2_PLACEMENT_3D('',#13782,#13783,#13784);
#13782 = CARTESIAN_POINT('',(0.9,-38.6,22.98));
#13783 = DIRECTION('',(1.,0.,0.));
#13784 = DIRECTION('',(0.,0.,1.));
#13785 = DEFINITIONAL_REPRESENTATION('',(#13786),#13789);
#13786 = B_SPLINE_CURVE_WITH_KNOTS('',1,(#13787,#13788),.UNSPECIFIED.,
  .F.,.F.,(2,2),(2.2,78.4),.PIECEWISE_BEZIER_KNOTS.);
#13787 = CARTESIAN_POINT('',(2.42,-0.5));
#13788 = CARTESIAN_POINT('',(2.42,-76.7));
#13789 = ( GEOMETRIC_REPRESENTATION_CONTEXT(2) 
PARAMETRIC_REPRESENTATION_CONTEXT() REPRESENTATION_CONTEXT('2D SPACE',''
  ) );
#13790 = ORIENTED_EDGE('',*,*,#13791,.T.);
#13791 = EDGE_CURVE('',#13766,#13792,#13794,.T.);
#13792 = VERTEX_POINT('',#13793);
#13793 = CARTESIAN_POINT('',(1.4,-38.6,25.4));
#13794 = SURFACE_CURVE('',#13795,(#13800,#13807),.PCURVE_S1.);
#13795 = CIRCLE('',#13796,0.5);
#13796 = AXIS2_PLACEMENT_3D('',#13797,#13798,#13799);
#13797 = CARTESIAN_POINT('',(1.4,-38.1,25.4));
#13798 = DIRECTION('',(0.,0.,1.));
#13799 = DIRECTION('',(-1.,-0.,0.));
#13800 = PCURVE('',#12918,#13801);
#13801 = DEFINITIONAL_REPRESENTATION('',(#13802),#13806);
#13802 = CIRCLE('',#13803,0.5);
#13803 = AXIS2_PLACEMENT_2D('',#13804,#13805);
#13804 = CARTESIAN_POINT('',(31.4,3.9));
#13805 = DIRECTION('',(-1.,0.));
#13806 = ( GEOMETRIC_REPRESENTATION_CONTEXT(2) 
PARAMETRIC_REPRESENTATION_CONTEXT() REPRESENTATION_CONTEXT('2D SPACE',''
  ) );
#13807 = PCURVE('',#13808,#13813);
#13808 = CYLINDRICAL_SURFACE('',#13809,0.5);
#13809 = AXIS2_PLACEMENT_3D('',#13810,#13811,#13812);
#13810 = CARTESIAN_POINT('',(1.4,-38.1,22.98));
#13811 = DIRECTION('',(0.,0.,1.));
#13812 = DIRECTION('',(-1.,-0.,0.));
#13813 = DEFINITIONAL_REPRESENTATION('',(#13814),#13818);
#13814 = LINE('',#13815,#13816);
#13815 = CARTESIAN_POINT('',(0.,2.42));
#13816 = VECTOR('',#13817,1.);
#13817 = DIRECTION('',(1.,0.));
#13818 = ( GEOMETRIC_REPRESENTATION_CONTEXT(2) 
PARAMETRIC_REPRESENTATION_CONTEXT() REPRESENTATION_CONTEXT('2D SPACE',''
  ) );
#13819 = ORIENTED_EDGE('',*,*,#13820,.F.);
#13820 = EDGE_CURVE('',#13821,#13792,#13823,.T.);
#13821 = VERTEX_POINT('',#13822);
#13822 = CARTESIAN_POINT('',(6.7,-38.6,25.4));
#13823 = SURFACE_CURVE('',#13824,(#13828,#13834),.PCURVE_S1.);
#13824 = LINE('',#13825,#13826);
#13825 = CARTESIAN_POINT('',(-14.55,-38.6,25.4));
#13826 = VECTOR('',#13827,1.);
#13827 = DIRECTION('',(-1.,0.,0.));
#13828 = PCURVE('',#12918,#13829);
#13829 = DEFINITIONAL_REPRESENTATION('',(#13830),#13833);
#13830 = B_SPLINE_CURVE_WITH_KNOTS('',1,(#13831,#13832),.UNSPECIFIED.,
  .F.,.F.,(2,2),(-21.25,-15.95),.PIECEWISE_BEZIER_KNOTS.);
#13831 = CARTESIAN_POINT('',(36.7,3.4));
#13832 = CARTESIAN_POINT('',(31.4,3.4));
#13833 = ( GEOMETRIC_REPRESENTATION_CONTEXT(2) 
PARAMETRIC_REPRESENTATION_CONTEXT() REPRESENTATION_CONTEXT('2D SPACE',''
  ) );
#13834 = PCURVE('',#13835,#13840);
#13835 = PLANE('',#13836);
#13836 = AXIS2_PLACEMENT_3D('',#13837,#13838,#13839);
#13837 = CARTESIAN_POINT('',(0.9,-38.6,22.98));
#13838 = DIRECTION('',(0.,1.,0.));
#13839 = DIRECTION('',(0.,0.,1.));
#13840 = DEFINITIONAL_REPRESENTATION('',(#13841),#13844);
#13841 = B_SPLINE_CURVE_WITH_KNOTS('',1,(#13842,#13843),.UNSPECIFIED.,
  .F.,.F.,(2,2),(-21.25,-15.95),.PIECEWISE_BEZIER_KNOTS.);
#13842 = CARTESIAN_POINT('',(2.42,5.8));
#13843 = CARTESIAN_POINT('',(2.42,0.5));
#13844 = ( GEOMETRIC_REPRESENTATION_CONTEXT(2) 
PARAMETRIC_REPRESENTATION_CONTEXT() REPRESENTATION_CONTEXT('2D SPACE',''
  ) );
#13845 = ORIENTED_EDGE('',*,*,#13846,.F.);
#13846 = EDGE_CURVE('',#13847,#13821,#13849,.T.);
#13847 = VERTEX_POINT('',#13848);
#13848 = CARTESIAN_POINT('',(6.7,-39.8,25.4));
#13849 = SURFACE_CURVE('',#13850,(#13854,#13860),.PCURVE_S1.);
#13850 = LINE('',#13851,#13852);
#13851 = CARTESIAN_POINT('',(6.7,-42.5,25.4));
#13852 = VECTOR('',#13853,1.);
#13853 = DIRECTION('',(0.,1.,0.));
#13854 = PCURVE('',#12918,#13855);
#13855 = DEFINITIONAL_REPRESENTATION('',(#13856),#13859);
#13856 = B_SPLINE_CURVE_WITH_KNOTS('',1,(#13857,#13858),.UNSPECIFIED.,
  .F.,.F.,(2,2),(2.7,3.9),.PIECEWISE_BEZIER_KNOTS.);
#13857 = CARTESIAN_POINT('',(36.7,2.2));
#13858 = CARTESIAN_POINT('',(36.7,3.4));
#13859 = ( GEOMETRIC_REPRESENTATION_CONTEXT(2) 
PARAMETRIC_REPRESENTATION_CONTEXT() REPRESENTATION_CONTEXT('2D SPACE',''
  ) );
#13860 = PCURVE('',#13861,#13866);
#13861 = PLANE('',#13862);
#13862 = AXIS2_PLACEMENT_3D('',#13863,#13864,#13865);
#13863 = CARTESIAN_POINT('',(6.7,-43.,23.));
#13864 = DIRECTION('',(1.,0.,0.));
#13865 = DIRECTION('',(0.,0.,1.));
#13866 = DEFINITIONAL_REPRESENTATION('',(#13867),#13870);
#13867 = B_SPLINE_CURVE_WITH_KNOTS('',1,(#13868,#13869),.UNSPECIFIED.,
  .F.,.F.,(2,2),(2.7,3.9),.PIECEWISE_BEZIER_KNOTS.);
#13868 = CARTESIAN_POINT('',(2.4,-3.2));
#13869 = CARTESIAN_POINT('',(2.4,-4.4));
#13870 = ( GEOMETRIC_REPRESENTATION_CONTEXT(2) 
PARAMETRIC_REPRESENTATION_CONTEXT() REPRESENTATION_CONTEXT('2D SPACE',''
  ) );
#13871 = ORIENTED_EDGE('',*,*,#13872,.T.);
#13872 = EDGE_CURVE('',#13847,#13127,#13873,.T.);
#13873 = SURFACE_CURVE('',#13874,(#13878,#13884),.PCURVE_S1.);
#13874 = LINE('',#13875,#13876);
#13875 = CARTESIAN_POINT('',(-15.15,-39.8,25.4));
#13876 = VECTOR('',#13877,1.);
#13877 = DIRECTION('',(-1.,0.,0.));
#13878 = PCURVE('',#12918,#13879);
#13879 = DEFINITIONAL_REPRESENTATION('',(#13880),#13883);
#13880 = B_SPLINE_CURVE_WITH_KNOTS('',1,(#13881,#13882),.UNSPECIFIED.,
  .F.,.F.,(2,2),(-21.85,-16.45),.PIECEWISE_BEZIER_KNOTS.);
#13881 = CARTESIAN_POINT('',(36.7,2.2));
#13882 = CARTESIAN_POINT('',(31.3,2.2));
#13883 = ( GEOMETRIC_REPRESENTATION_CONTEXT(2) 
PARAMETRIC_REPRESENTATION_CONTEXT() REPRESENTATION_CONTEXT('2D SPACE',''
  ) );
#13884 = PCURVE('',#13885,#13890);
#13885 = PLANE('',#13886);
#13886 = AXIS2_PLACEMENT_3D('',#13887,#13888,#13889);
#13887 = CARTESIAN_POINT('',(-0.3,-39.8,23.));
#13888 = DIRECTION('',(0.,1.,0.));
#13889 = DIRECTION('',(0.,0.,1.));
#13890 = DEFINITIONAL_REPRESENTATION('',(#13891),#13894);
#13891 = B_SPLINE_CURVE_WITH_KNOTS('',1,(#13892,#13893),.UNSPECIFIED.,
  .F.,.F.,(2,2),(-21.85,-16.45),.PIECEWISE_BEZIER_KNOTS.);
#13892 = CARTESIAN_POINT('',(2.4,7.));
#13893 = CARTESIAN_POINT('',(2.4,1.6));
#13894 = ( GEOMETRIC_REPRESENTATION_CONTEXT(2) 
PARAMETRIC_REPRESENTATION_CONTEXT() REPRESENTATION_CONTEXT('2D SPACE',''
  ) );
#13895 = FACE_BOUND('',#13896,.F.);
#13896 = EDGE_LOOP('',(#13897,#13920,#13948,#13969));
#13897 = ORIENTED_EDGE('',*,*,#13898,.F.);
#13898 = EDGE_CURVE('',#13899,#13901,#13903,.T.);
#13899 = VERTEX_POINT('',#13900);
#13900 = CARTESIAN_POINT('',(19.3,20.7,25.4));
#13901 = VERTEX_POINT('',#13902);
#13902 = CARTESIAN_POINT('',(8.7,20.7,25.4));
#13903 = SURFACE_CURVE('',#13904,(#13908,#13914),.PCURVE_S1.);
#13904 = LINE('',#13905,#13906);
#13905 = CARTESIAN_POINT('',(-10.65,20.7,25.4));
#13906 = VECTOR('',#13907,1.);
#13907 = DIRECTION('',(-1.,0.,0.));
#13908 = PCURVE('',#12918,#13909);
#13909 = DEFINITIONAL_REPRESENTATION('',(#13910),#13913);
#13910 = B_SPLINE_CURVE_WITH_KNOTS('',1,(#13911,#13912),.UNSPECIFIED.,
  .F.,.F.,(2,2),(-29.95,-19.35),.PIECEWISE_BEZIER_KNOTS.);
#13911 = CARTESIAN_POINT('',(49.3,62.7));
#13912 = CARTESIAN_POINT('',(38.7,62.7));
#13913 = ( GEOMETRIC_REPRESENTATION_CONTEXT(2) 
PARAMETRIC_REPRESENTATION_CONTEXT() REPRESENTATION_CONTEXT('2D SPACE',''
  ) );
#13914 = PCURVE('',#12555,#13915);
#13915 = DEFINITIONAL_REPRESENTATION('',(#13916),#13919);
#13916 = B_SPLINE_CURVE_WITH_KNOTS('',1,(#13917,#13918),.UNSPECIFIED.,
  .F.,.F.,(2,2),(-29.95,-19.35),.PIECEWISE_BEZIER_KNOTS.);
#13917 = CARTESIAN_POINT('',(10.6,-2.E-02));
#13918 = CARTESIAN_POINT('',(0.,-2.E-02));
#13919 = ( GEOMETRIC_REPRESENTATION_CONTEXT(2) 
PARAMETRIC_REPRESENTATION_CONTEXT() REPRESENTATION_CONTEXT('2D SPACE',''
  ) );
#13920 = ORIENTED_EDGE('',*,*,#13921,.T.);
#13921 = EDGE_CURVE('',#13899,#13922,#13924,.T.);
#13922 = VERTEX_POINT('',#13923);
#13923 = CARTESIAN_POINT('',(19.3,19.3,25.4));
#13924 = SURFACE_CURVE('',#13925,(#13930,#13941),.PCURVE_S1.);
#13925 = CIRCLE('',#13926,0.7);
#13926 = AXIS2_PLACEMENT_3D('',#13927,#13928,#13929);
#13927 = CARTESIAN_POINT('',(19.3,20.,25.4));
#13928 = DIRECTION('',(0.,0.,-1.));
#13929 = DIRECTION('',(-1.268826313857E-15,1.,0.));
#13930 = PCURVE('',#12918,#13931);
#13931 = DEFINITIONAL_REPRESENTATION('',(#13932),#13940);
#13932 = ( BOUNDED_CURVE() B_SPLINE_CURVE(2,(#13933,#13934,#13935,#13936
    ,#13937,#13938,#13939),.UNSPECIFIED.,.T.,.F.) 
B_SPLINE_CURVE_WITH_KNOTS((1,2,2,2,2,1),(-2.094395102393,0.,
    2.094395102393,4.188790204786,6.28318530718,8.377580409573),
.UNSPECIFIED.) CURVE() GEOMETRIC_REPRESENTATION_ITEM() 
RATIONAL_B_SPLINE_CURVE((1.,0.5,1.,0.5,1.,0.5,1.)) REPRESENTATION_ITEM(
  '') );
#13933 = CARTESIAN_POINT('',(49.3,62.7));
#13934 = CARTESIAN_POINT('',(50.512435565298,62.7));
#13935 = CARTESIAN_POINT('',(49.906217782649,61.65));
#13936 = CARTESIAN_POINT('',(49.3,60.6));
#13937 = CARTESIAN_POINT('',(48.693782217351,61.65));
#13938 = CARTESIAN_POINT('',(48.087564434702,62.7));
#13939 = CARTESIAN_POINT('',(49.3,62.7));
#13940 = ( GEOMETRIC_REPRESENTATION_CONTEXT(2) 
PARAMETRIC_REPRESENTATION_CONTEXT() REPRESENTATION_CONTEXT('2D SPACE',''
  ) );
#13941 = PCURVE('',#12587,#13942);
#13942 = DEFINITIONAL_REPRESENTATION('',(#13943),#13947);
#13943 = LINE('',#13944,#13945);
#13944 = CARTESIAN_POINT('',(0.,-2.E-02));
#13945 = VECTOR('',#13946,1.);
#13946 = DIRECTION('',(1.,0.));
#13947 = ( GEOMETRIC_REPRESENTATION_CONTEXT(2) 
PARAMETRIC_REPRESENTATION_CONTEXT() REPRESENTATION_CONTEXT('2D SPACE',''
  ) );
#13948 = ORIENTED_EDGE('',*,*,#13949,.F.);
#13949 = EDGE_CURVE('',#13950,#13922,#13952,.T.);
#13950 = VERTEX_POINT('',#13951);
#13951 = CARTESIAN_POINT('',(8.7,19.3,25.4));
#13952 = SURFACE_CURVE('',#13953,(#13957,#13963),.PCURVE_S1.);
#13953 = LINE('',#13954,#13955);
#13954 = CARTESIAN_POINT('',(-5.35,19.3,25.4));
#13955 = VECTOR('',#13956,1.);
#13956 = DIRECTION('',(1.,0.,-0.));
#13957 = PCURVE('',#12918,#13958);
#13958 = DEFINITIONAL_REPRESENTATION('',(#13959),#13962);
#13959 = B_SPLINE_CURVE_WITH_KNOTS('',1,(#13960,#13961),.UNSPECIFIED.,
  .F.,.F.,(2,2),(14.05,24.65),.PIECEWISE_BEZIER_KNOTS.);
#13960 = CARTESIAN_POINT('',(38.7,61.3));
#13961 = CARTESIAN_POINT('',(49.3,61.3));
#13962 = ( GEOMETRIC_REPRESENTATION_CONTEXT(2) 
PARAMETRIC_REPRESENTATION_CONTEXT() REPRESENTATION_CONTEXT('2D SPACE',''
  ) );
#13963 = PCURVE('',#12614,#13964);
#13964 = DEFINITIONAL_REPRESENTATION('',(#13965),#13968);
#13965 = B_SPLINE_CURVE_WITH_KNOTS('',1,(#13966,#13967),.UNSPECIFIED.,
  .F.,.F.,(2,2),(14.05,24.65),.PIECEWISE_BEZIER_KNOTS.);
#13966 = CARTESIAN_POINT('',(10.6,-2.E-02));
#13967 = CARTESIAN_POINT('',(0.,-2.E-02));
#13968 = ( GEOMETRIC_REPRESENTATION_CONTEXT(2) 
PARAMETRIC_REPRESENTATION_CONTEXT() REPRESENTATION_CONTEXT('2D SPACE',''
  ) );
#13969 = ORIENTED_EDGE('',*,*,#13970,.T.);
#13970 = EDGE_CURVE('',#13950,#13901,#13971,.T.);
#13971 = SURFACE_CURVE('',#13972,(#13977,#13988),.PCURVE_S1.);
#13972 = CIRCLE('',#13973,0.7);
#13973 = AXIS2_PLACEMENT_3D('',#13974,#13975,#13976);
#13974 = CARTESIAN_POINT('',(8.7,20.,25.4));
#13975 = DIRECTION('',(0.,-0.,-1.));
#13976 = DIRECTION('',(1.268826313857E-15,-1.,0.));
#13977 = PCURVE('',#12918,#13978);
#13978 = DEFINITIONAL_REPRESENTATION('',(#13979),#13987);
#13979 = ( BOUNDED_CURVE() B_SPLINE_CURVE(2,(#13980,#13981,#13982,#13983
    ,#13984,#13985,#13986),.UNSPECIFIED.,.T.,.F.) 
B_SPLINE_CURVE_WITH_KNOTS((1,2,2,2,2,1),(-2.094395102393,0.,
    2.094395102393,4.188790204786,6.28318530718,8.377580409573),
.UNSPECIFIED.) CURVE() GEOMETRIC_REPRESENTATION_ITEM() 
RATIONAL_B_SPLINE_CURVE((1.,0.5,1.,0.5,1.,0.5,1.)) REPRESENTATION_ITEM(
  '') );
#13980 = CARTESIAN_POINT('',(38.7,61.3));
#13981 = CARTESIAN_POINT('',(37.487564434702,61.3));
#13982 = CARTESIAN_POINT('',(38.093782217351,62.35));
#13983 = CARTESIAN_POINT('',(38.7,63.4));
#13984 = CARTESIAN_POINT('',(39.306217782649,62.35));
#13985 = CARTESIAN_POINT('',(39.912435565298,61.3));
#13986 = CARTESIAN_POINT('',(38.7,61.3));
#13987 = ( GEOMETRIC_REPRESENTATION_CONTEXT(2) 
PARAMETRIC_REPRESENTATION_CONTEXT() REPRESENTATION_CONTEXT('2D SPACE',''
  ) );
#13988 = PCURVE('',#12644,#13989);
#13989 = DEFINITIONAL_REPRESENTATION('',(#13990),#13994);
#13990 = LINE('',#13991,#13992);
#13991 = CARTESIAN_POINT('',(0.,-2.E-02));
#13992 = VECTOR('',#13993,1.);
#13993 = DIRECTION('',(1.,0.));
#13994 = ( GEOMETRIC_REPRESENTATION_CONTEXT(2) 
PARAMETRIC_REPRESENTATION_CONTEXT() REPRESENTATION_CONTEXT('2D SPACE',''
  ) );
#13995 = FACE_BOUND('',#13996,.F.);
#13996 = EDGE_LOOP('',(#13997,#14020,#14048,#14069));
#13997 = ORIENTED_EDGE('',*,*,#13998,.F.);
#13998 = EDGE_CURVE('',#13999,#14001,#14003,.T.);
#13999 = VERTEX_POINT('',#14000);
#14000 = CARTESIAN_POINT('',(19.3,23.7,25.4));
#14001 = VERTEX_POINT('',#14002);
#14002 = CARTESIAN_POINT('',(8.7,23.7,25.4));
#14003 = SURFACE_CURVE('',#14004,(#14008,#14014),.PCURVE_S1.);
#14004 = LINE('',#14005,#14006);
#14005 = CARTESIAN_POINT('',(-10.65,23.7,25.4));
#14006 = VECTOR('',#14007,1.);
#14007 = DIRECTION('',(-1.,0.,0.));
#14008 = PCURVE('',#12918,#14009);
#14009 = DEFINITIONAL_REPRESENTATION('',(#14010),#14013);
#14010 = B_SPLINE_CURVE_WITH_KNOTS('',1,(#14011,#14012),.UNSPECIFIED.,
  .F.,.F.,(2,2),(-29.95,-19.35),.PIECEWISE_BEZIER_KNOTS.);
#14011 = CARTESIAN_POINT('',(49.3,65.7));
#14012 = CARTESIAN_POINT('',(38.7,65.7));
#14013 = ( GEOMETRIC_REPRESENTATION_CONTEXT(2) 
PARAMETRIC_REPRESENTATION_CONTEXT() REPRESENTATION_CONTEXT('2D SPACE',''
  ) );
#14014 = PCURVE('',#12675,#14015);
#14015 = DEFINITIONAL_REPRESENTATION('',(#14016),#14019);
#14016 = B_SPLINE_CURVE_WITH_KNOTS('',1,(#14017,#14018),.UNSPECIFIED.,
  .F.,.F.,(2,2),(-29.95,-19.35),.PIECEWISE_BEZIER_KNOTS.);
#14017 = CARTESIAN_POINT('',(10.6,-2.E-02));
#14018 = CARTESIAN_POINT('',(0.,-2.E-02));
#14019 = ( GEOMETRIC_REPRESENTATION_CONTEXT(2) 
PARAMETRIC_REPRESENTATION_CONTEXT() REPRESENTATION_CONTEXT('2D SPACE',''
  ) );
#14020 = ORIENTED_EDGE('',*,*,#14021,.T.);
#14021 = EDGE_CURVE('',#13999,#14022,#14024,.T.);
#14022 = VERTEX_POINT('',#14023);
#14023 = CARTESIAN_POINT('',(19.3,22.3,25.4));
#14024 = SURFACE_CURVE('',#14025,(#14030,#14041),.PCURVE_S1.);
#14025 = CIRCLE('',#14026,0.7);
#14026 = AXIS2_PLACEMENT_3D('',#14027,#14028,#14029);
#14027 = CARTESIAN_POINT('',(19.3,23.,25.4));
#14028 = DIRECTION('',(0.,0.,-1.));
#14029 = DIRECTION('',(-1.268826313857E-15,1.,0.));
#14030 = PCURVE('',#12918,#14031);
#14031 = DEFINITIONAL_REPRESENTATION('',(#14032),#14040);
#14032 = ( BOUNDED_CURVE() B_SPLINE_CURVE(2,(#14033,#14034,#14035,#14036
    ,#14037,#14038,#14039),.UNSPECIFIED.,.T.,.F.) 
B_SPLINE_CURVE_WITH_KNOTS((1,2,2,2,2,1),(-2.094395102393,0.,
    2.094395102393,4.188790204786,6.28318530718,8.377580409573),
.UNSPECIFIED.) CURVE() GEOMETRIC_REPRESENTATION_ITEM() 
RATIONAL_B_SPLINE_CURVE((1.,0.5,1.,0.5,1.,0.5,1.)) REPRESENTATION_ITEM(
  '') );
#14033 = CARTESIAN_POINT('',(49.3,65.7));
#14034 = CARTESIAN_POINT('',(50.512435565298,65.7));
#14035 = CARTESIAN_POINT('',(49.906217782649,64.65));
#14036 = CARTESIAN_POINT('',(49.3,63.6));
#14037 = CARTESIAN_POINT('',(48.693782217351,64.65));
#14038 = CARTESIAN_POINT('',(48.087564434702,65.7));
#14039 = CARTESIAN_POINT('',(49.3,65.7));
#14040 = ( GEOMETRIC_REPRESENTATION_CONTEXT(2) 
PARAMETRIC_REPRESENTATION_CONTEXT() REPRESENTATION_CONTEXT('2D SPACE',''
  ) );
#14041 = PCURVE('',#12707,#14042);
#14042 = DEFINITIONAL_REPRESENTATION('',(#14043),#14047);
#14043 = LINE('',#14044,#14045);
#14044 = CARTESIAN_POINT('',(0.,-2.E-02));
#14045 = VECTOR('',#14046,1.);
#14046 = DIRECTION('',(1.,0.));
#14047 = ( GEOMETRIC_REPRESENTATION_CONTEXT(2) 
PARAMETRIC_REPRESENTATION_CONTEXT() REPRESENTATION_CONTEXT('2D SPACE',''
  ) );
#14048 = ORIENTED_EDGE('',*,*,#14049,.F.);
#14049 = EDGE_CURVE('',#14050,#14022,#14052,.T.);
#14050 = VERTEX_POINT('',#14051);
#14051 = CARTESIAN_POINT('',(8.7,22.3,25.4));
#14052 = SURFACE_CURVE('',#14053,(#14057,#14063),.PCURVE_S1.);
#14053 = LINE('',#14054,#14055);
#14054 = CARTESIAN_POINT('',(-5.35,22.3,25.4));
#14055 = VECTOR('',#14056,1.);
#14056 = DIRECTION('',(1.,0.,-0.));
#14057 = PCURVE('',#12918,#14058);
#14058 = DEFINITIONAL_REPRESENTATION('',(#14059),#14062);
#14059 = B_SPLINE_CURVE_WITH_KNOTS('',1,(#14060,#14061),.UNSPECIFIED.,
  .F.,.F.,(2,2),(14.05,24.65),.PIECEWISE_BEZIER_KNOTS.);
#14060 = CARTESIAN_POINT('',(38.7,64.3));
#14061 = CARTESIAN_POINT('',(49.3,64.3));
#14062 = ( GEOMETRIC_REPRESENTATION_CONTEXT(2) 
PARAMETRIC_REPRESENTATION_CONTEXT() REPRESENTATION_CONTEXT('2D SPACE',''
  ) );
#14063 = PCURVE('',#12734,#14064);
#14064 = DEFINITIONAL_REPRESENTATION('',(#14065),#14068);
#14065 = B_SPLINE_CURVE_WITH_KNOTS('',1,(#14066,#14067),.UNSPECIFIED.,
  .F.,.F.,(2,2),(14.05,24.65),.PIECEWISE_BEZIER_KNOTS.);
#14066 = CARTESIAN_POINT('',(10.6,-2.E-02));
#14067 = CARTESIAN_POINT('',(0.,-2.E-02));
#14068 = ( GEOMETRIC_REPRESENTATION_CONTEXT(2) 
PARAMETRIC_REPRESENTATION_CONTEXT() REPRESENTATION_CONTEXT('2D SPACE',''
  ) );
#14069 = ORIENTED_EDGE('',*,*,#14070,.T.);
#14070 = EDGE_CURVE('',#14050,#14001,#14071,.T.);
#14071 = SURFACE_CURVE('',#14072,(#14077,#14088),.PCURVE_S1.);
#14072 = CIRCLE('',#14073,0.7);
#14073 = AXIS2_PLACEMENT_3D('',#14074,#14075,#14076);
#14074 = CARTESIAN_POINT('',(8.7,23.,25.4));
#14075 = DIRECTION('',(0.,-0.,-1.));
#14076 = DIRECTION('',(1.268826313857E-15,-1.,0.));
#14077 = PCURVE('',#12918,#14078);
#14078 = DEFINITIONAL_REPRESENTATION('',(#14079),#14087);
#14079 = ( BOUNDED_CURVE() B_SPLINE_CURVE(2,(#14080,#14081,#14082,#14083
    ,#14084,#14085,#14086),.UNSPECIFIED.,.T.,.F.) 
B_SPLINE_CURVE_WITH_KNOTS((1,2,2,2,2,1),(-2.094395102393,0.,
    2.094395102393,4.188790204786,6.28318530718,8.377580409573),
.UNSPECIFIED.) CURVE() GEOMETRIC_REPRESENTATION_ITEM() 
RATIONAL_B_SPLINE_CURVE((1.,0.5,1.,0.5,1.,0.5,1.)) REPRESENTATION_ITEM(
  '') );
#14080 = CARTESIAN_POINT('',(38.7,64.3));
#14081 = CARTESIAN_POINT('',(37.487564434702,64.3));
#14082 = CARTESIAN_POINT('',(38.093782217351,65.35));
#14083 = CARTESIAN_POINT('',(38.7,66.4));
#14084 = CARTESIAN_POINT('',(39.306217782649,65.35));
#14085 = CARTESIAN_POINT('',(39.912435565298,64.3));
#14086 = CARTESIAN_POINT('',(38.7,64.3));
#14087 = ( GEOMETRIC_REPRESENTATION_CONTEXT(2) 
PARAMETRIC_REPRESENTATION_CONTEXT() REPRESENTATION_CONTEXT('2D SPACE',''
  ) );
#14088 = PCURVE('',#12764,#14089);
#14089 = DEFINITIONAL_REPRESENTATION('',(#14090),#14094);
#14090 = LINE('',#14091,#14092);
#14091 = CARTESIAN_POINT('',(0.,-2.E-02));
#14092 = VECTOR('',#14093,1.);
#14093 = DIRECTION('',(1.,0.));
#14094 = ( GEOMETRIC_REPRESENTATION_CONTEXT(2) 
PARAMETRIC_REPRESENTATION_CONTEXT() REPRESENTATION_CONTEXT('2D SPACE',''
  ) );
#14095 = FACE_BOUND('',#14096,.F.);
#14096 = EDGE_LOOP('',(#14097,#14118,#14119,#14140));
#14097 = ORIENTED_EDGE('',*,*,#14098,.F.);
#14098 = EDGE_CURVE('',#12900,#14099,#14101,.T.);
#14099 = VERTEX_POINT('',#14100);
#14100 = CARTESIAN_POINT('',(8.7,26.7,25.4));
#14101 = SURFACE_CURVE('',#14102,(#14106,#14112),.PCURVE_S1.);
#14102 = LINE('',#14103,#14104);
#14103 = CARTESIAN_POINT('',(-10.65,26.7,25.4));
#14104 = VECTOR('',#14105,1.);
#14105 = DIRECTION('',(-1.,0.,0.));
#14106 = PCURVE('',#12918,#14107);
#14107 = DEFINITIONAL_REPRESENTATION('',(#14108),#14111);
#14108 = B_SPLINE_CURVE_WITH_KNOTS('',1,(#14109,#14110),.UNSPECIFIED.,
  .F.,.F.,(2,2),(-29.95,-19.35),.PIECEWISE_BEZIER_KNOTS.);
#14109 = CARTESIAN_POINT('',(49.3,68.7));
#14110 = CARTESIAN_POINT('',(38.7,68.7));
#14111 = ( GEOMETRIC_REPRESENTATION_CONTEXT(2) 
PARAMETRIC_REPRESENTATION_CONTEXT() REPRESENTATION_CONTEXT('2D SPACE',''
  ) );
#14112 = PCURVE('',#12795,#14113);
#14113 = DEFINITIONAL_REPRESENTATION('',(#14114),#14117);
#14114 = B_SPLINE_CURVE_WITH_KNOTS('',1,(#14115,#14116),.UNSPECIFIED.,
  .F.,.F.,(2,2),(-29.95,-19.35),.PIECEWISE_BEZIER_KNOTS.);
#14115 = CARTESIAN_POINT('',(10.6,-2.E-02));
#14116 = CARTESIAN_POINT('',(0.,-2.E-02));
#14117 = ( GEOMETRIC_REPRESENTATION_CONTEXT(2) 
PARAMETRIC_REPRESENTATION_CONTEXT() REPRESENTATION_CONTEXT('2D SPACE',''
  ) );
#14118 = ORIENTED_EDGE('',*,*,#12899,.T.);
#14119 = ORIENTED_EDGE('',*,*,#14120,.F.);
#14120 = EDGE_CURVE('',#14121,#12902,#14123,.T.);
#14121 = VERTEX_POINT('',#14122);
#14122 = CARTESIAN_POINT('',(8.7,25.3,25.4));
#14123 = SURFACE_CURVE('',#14124,(#14128,#14134),.PCURVE_S1.);
#14124 = LINE('',#14125,#14126);
#14125 = CARTESIAN_POINT('',(-5.35,25.3,25.4));
#14126 = VECTOR('',#14127,1.);
#14127 = DIRECTION('',(1.,0.,-0.));
#14128 = PCURVE('',#12918,#14129);
#14129 = DEFINITIONAL_REPRESENTATION('',(#14130),#14133);
#14130 = B_SPLINE_CURVE_WITH_KNOTS('',1,(#14131,#14132),.UNSPECIFIED.,
  .F.,.F.,(2,2),(14.05,24.65),.PIECEWISE_BEZIER_KNOTS.);
#14131 = CARTESIAN_POINT('',(38.7,67.3));
#14132 = CARTESIAN_POINT('',(49.3,67.3));
#14133 = ( GEOMETRIC_REPRESENTATION_CONTEXT(2) 
PARAMETRIC_REPRESENTATION_CONTEXT() REPRESENTATION_CONTEXT('2D SPACE',''
  ) );
#14134 = PCURVE('',#12854,#14135);
#14135 = DEFINITIONAL_REPRESENTATION('',(#14136),#14139);
#14136 = B_SPLINE_CURVE_WITH_KNOTS('',1,(#14137,#14138),.UNSPECIFIED.,
  .F.,.F.,(2,2),(14.05,24.65),.PIECEWISE_BEZIER_KNOTS.);
#14137 = CARTESIAN_POINT('',(10.6,-2.E-02));
#14138 = CARTESIAN_POINT('',(0.,-2.E-02));
#14139 = ( GEOMETRIC_REPRESENTATION_CONTEXT(2) 
PARAMETRIC_REPRESENTATION_CONTEXT() REPRESENTATION_CONTEXT('2D SPACE',''
  ) );
#14140 = ORIENTED_EDGE('',*,*,#14141,.T.);
#14141 = EDGE_CURVE('',#14121,#14099,#14142,.T.);
#14142 = SURFACE_CURVE('',#14143,(#14148,#14159),.PCURVE_S1.);
#14143 = CIRCLE('',#14144,0.7);
#14144 = AXIS2_PLACEMENT_3D('',#14145,#14146,#14147);
#14145 = CARTESIAN_POINT('',(8.7,26.,25.4));
#14146 = DIRECTION('',(0.,-0.,-1.));
#14147 = DIRECTION('',(1.268826313857E-15,-1.,0.));
#14148 = PCURVE('',#12918,#14149);
#14149 = DEFINITIONAL_REPRESENTATION('',(#14150),#14158);
#14150 = ( BOUNDED_CURVE() B_SPLINE_CURVE(2,(#14151,#14152,#14153,#14154
    ,#14155,#14156,#14157),.UNSPECIFIED.,.T.,.F.) 
B_SPLINE_CURVE_WITH_KNOTS((1,2,2,2,2,1),(-2.094395102393,0.,
    2.094395102393,4.188790204786,6.28318530718,8.377580409573),
.UNSPECIFIED.) CURVE() GEOMETRIC_REPRESENTATION_ITEM() 
RATIONAL_B_SPLINE_CURVE((1.,0.5,1.,0.5,1.,0.5,1.)) REPRESENTATION_ITEM(
  '') );
#14151 = CARTESIAN_POINT('',(38.7,67.3));
#14152 = CARTESIAN_POINT('',(37.487564434702,67.3));
#14153 = CARTESIAN_POINT('',(38.093782217351,68.35));
#14154 = CARTESIAN_POINT('',(38.7,69.4));
#14155 = CARTESIAN_POINT('',(39.306217782649,68.35));
#14156 = CARTESIAN_POINT('',(39.912435565298,67.3));
#14157 = CARTESIAN_POINT('',(38.7,67.3));
#14158 = ( GEOMETRIC_REPRESENTATION_CONTEXT(2) 
PARAMETRIC_REPRESENTATION_CONTEXT() REPRESENTATION_CONTEXT('2D SPACE',''
  ) );
#14159 = PCURVE('',#12884,#14160);
#14160 = DEFINITIONAL_REPRESENTATION('',(#14161),#14165);
#14161 = LINE('',#14162,#14163);
#14162 = CARTESIAN_POINT('',(0.,-2.E-02));
#14163 = VECTOR('',#14164,1.);
#14164 = DIRECTION('',(1.,0.));
#14165 = ( GEOMETRIC_REPRESENTATION_CONTEXT(2) 
PARAMETRIC_REPRESENTATION_CONTEXT() REPRESENTATION_CONTEXT('2D SPACE',''
  ) );
#14166 = ADVANCED_FACE('',(#14167),#13885,.F.);
#14167 = FACE_BOUND('',#14168,.F.);
#14168 = EDGE_LOOP('',(#14169,#14199,#14220,#14221));
#14169 = ORIENTED_EDGE('',*,*,#14170,.F.);
#14170 = EDGE_CURVE('',#14171,#14173,#14175,.T.);
#14171 = VERTEX_POINT('',#14172);
#14172 = CARTESIAN_POINT('',(1.3,-39.8,23.));
#14173 = VERTEX_POINT('',#14174);
#14174 = CARTESIAN_POINT('',(6.7,-39.8,23.));
#14175 = SURFACE_CURVE('',#14176,(#14180,#14187),.PCURVE_S1.);
#14176 = LINE('',#14177,#14178);
#14177 = CARTESIAN_POINT('',(-0.3,-39.8,23.));
#14178 = VECTOR('',#14179,1.);
#14179 = DIRECTION('',(1.,0.,0.));
#14180 = PCURVE('',#13885,#14181);
#14181 = DEFINITIONAL_REPRESENTATION('',(#14182),#14186);
#14182 = LINE('',#14183,#14184);
#14183 = CARTESIAN_POINT('',(0.,0.));
#14184 = VECTOR('',#14185,1.);
#14185 = DIRECTION('',(0.,1.));
#14186 = ( GEOMETRIC_REPRESENTATION_CONTEXT(2) 
PARAMETRIC_REPRESENTATION_CONTEXT() REPRESENTATION_CONTEXT('2D SPACE',''
  ) );
#14187 = PCURVE('',#14188,#14193);
#14188 = PLANE('',#14189);
#14189 = AXIS2_PLACEMENT_3D('',#14190,#14191,#14192);
#14190 = CARTESIAN_POINT('',(-0.3,-39.8,23.));
#14191 = DIRECTION('',(0.,0.,1.));
#14192 = DIRECTION('',(1.,0.,0.));
#14193 = DEFINITIONAL_REPRESENTATION('',(#14194),#14198);
#14194 = LINE('',#14195,#14196);
#14195 = CARTESIAN_POINT('',(0.,0.));
#14196 = VECTOR('',#14197,1.);
#14197 = DIRECTION('',(1.,0.));
#14198 = ( GEOMETRIC_REPRESENTATION_CONTEXT(2) 
PARAMETRIC_REPRESENTATION_CONTEXT() REPRESENTATION_CONTEXT('2D SPACE',''
  ) );
#14199 = ORIENTED_EDGE('',*,*,#14200,.T.);
#14200 = EDGE_CURVE('',#14171,#13127,#14201,.T.);
#14201 = SURFACE_CURVE('',#14202,(#14206,#14213),.PCURVE_S1.);
#14202 = LINE('',#14203,#14204);
#14203 = CARTESIAN_POINT('',(1.3,-39.8,23.));
#14204 = VECTOR('',#14205,1.);
#14205 = DIRECTION('',(0.,0.,1.));
#14206 = PCURVE('',#13885,#14207);
#14207 = DEFINITIONAL_REPRESENTATION('',(#14208),#14212);
#14208 = LINE('',#14209,#14210);
#14209 = CARTESIAN_POINT('',(0.,1.6));
#14210 = VECTOR('',#14211,1.);
#14211 = DIRECTION('',(1.,0.));
#14212 = ( GEOMETRIC_REPRESENTATION_CONTEXT(2) 
PARAMETRIC_REPRESENTATION_CONTEXT() REPRESENTATION_CONTEXT('2D SPACE',''
  ) );
#14213 = PCURVE('',#13143,#14214);
#14214 = DEFINITIONAL_REPRESENTATION('',(#14215),#14219);
#14215 = LINE('',#14216,#14217);
#14216 = CARTESIAN_POINT('',(1.570796326795,0.));
#14217 = VECTOR('',#14218,1.);
#14218 = DIRECTION('',(0.,1.));
#14219 = ( GEOMETRIC_REPRESENTATION_CONTEXT(2) 
PARAMETRIC_REPRESENTATION_CONTEXT() REPRESENTATION_CONTEXT('2D SPACE',''
  ) );
#14220 = ORIENTED_EDGE('',*,*,#13872,.F.);
#14221 = ORIENTED_EDGE('',*,*,#14222,.T.);
#14222 = EDGE_CURVE('',#13847,#14173,#14223,.T.);
#14223 = SURFACE_CURVE('',#14224,(#14228,#14234),.PCURVE_S1.);
#14224 = LINE('',#14225,#14226);
#14225 = CARTESIAN_POINT('',(6.7,-39.8,23.));
#14226 = VECTOR('',#14227,1.);
#14227 = DIRECTION('',(0.,0.,-1.));
#14228 = PCURVE('',#13885,#14229);
#14229 = DEFINITIONAL_REPRESENTATION('',(#14230),#14233);
#14230 = B_SPLINE_CURVE_WITH_KNOTS('',1,(#14231,#14232),.UNSPECIFIED.,
  .F.,.F.,(2,2),(-2.42,0.),.PIECEWISE_BEZIER_KNOTS.);
#14231 = CARTESIAN_POINT('',(2.42,7.));
#14232 = CARTESIAN_POINT('',(0.,7.));
#14233 = ( GEOMETRIC_REPRESENTATION_CONTEXT(2) 
PARAMETRIC_REPRESENTATION_CONTEXT() REPRESENTATION_CONTEXT('2D SPACE',''
  ) );
#14234 = PCURVE('',#13861,#14235);
#14235 = DEFINITIONAL_REPRESENTATION('',(#14236),#14239);
#14236 = B_SPLINE_CURVE_WITH_KNOTS('',1,(#14237,#14238),.UNSPECIFIED.,
  .F.,.F.,(2,2),(-2.42,0.),.PIECEWISE_BEZIER_KNOTS.);
#14237 = CARTESIAN_POINT('',(2.42,-3.2));
#14238 = CARTESIAN_POINT('',(0.,-3.2));
#14239 = ( GEOMETRIC_REPRESENTATION_CONTEXT(2) 
PARAMETRIC_REPRESENTATION_CONTEXT() REPRESENTATION_CONTEXT('2D SPACE',''
  ) );
#14240 = ADVANCED_FACE('',(#14241),#14188,.F.);
#14241 = FACE_BOUND('',#14242,.F.);
#14242 = EDGE_LOOP('',(#14243,#14268,#14290,#14291,#14314,#14336,#14360,
    #14382,#14406,#14428,#14452,#14474,#14498,#14520,#14543,#14566,
    #14594,#14617,#14641,#14664,#14688,#14711,#14735,#14758,#14786,
    #14809,#14833,#14856));
#14243 = ORIENTED_EDGE('',*,*,#14244,.F.);
#14244 = EDGE_CURVE('',#14245,#14247,#14249,.T.);
#14245 = VERTEX_POINT('',#14246);
#14246 = CARTESIAN_POINT('',(-0.3,-38.2,23.));
#14247 = VERTEX_POINT('',#14248);
#14248 = CARTESIAN_POINT('',(-0.3,-24.34292856399,23.));
#14249 = SURFACE_CURVE('',#14250,(#14254,#14261),.PCURVE_S1.);
#14250 = LINE('',#14251,#14252);
#14251 = CARTESIAN_POINT('',(-0.3,-39.8,23.));
#14252 = VECTOR('',#14253,1.);
#14253 = DIRECTION('',(0.,1.,0.));
#14254 = PCURVE('',#14188,#14255);
#14255 = DEFINITIONAL_REPRESENTATION('',(#14256),#14260);
#14256 = LINE('',#14257,#14258);
#14257 = CARTESIAN_POINT('',(0.,0.));
#14258 = VECTOR('',#14259,1.);
#14259 = DIRECTION('',(0.,1.));
#14260 = ( GEOMETRIC_REPRESENTATION_CONTEXT(2) 
PARAMETRIC_REPRESENTATION_CONTEXT() REPRESENTATION_CONTEXT('2D SPACE',''
  ) );
#14261 = PCURVE('',#13170,#14262);
#14262 = DEFINITIONAL_REPRESENTATION('',(#14263),#14267);
#14263 = LINE('',#14264,#14265);
#14264 = CARTESIAN_POINT('',(0.,0.));
#14265 = VECTOR('',#14266,1.);
#14266 = DIRECTION('',(0.,-1.));
#14267 = ( GEOMETRIC_REPRESENTATION_CONTEXT(2) 
PARAMETRIC_REPRESENTATION_CONTEXT() REPRESENTATION_CONTEXT('2D SPACE',''
  ) );
#14268 = ORIENTED_EDGE('',*,*,#14269,.T.);
#14269 = EDGE_CURVE('',#14245,#14171,#14270,.T.);
#14270 = SURFACE_CURVE('',#14271,(#14276,#14283),.PCURVE_S1.);
#14271 = CIRCLE('',#14272,1.6);
#14272 = AXIS2_PLACEMENT_3D('',#14273,#14274,#14275);
#14273 = CARTESIAN_POINT('',(1.3,-38.2,23.));
#14274 = DIRECTION('',(0.,0.,1.));
#14275 = DIRECTION('',(0.,-1.,0.));
#14276 = PCURVE('',#14188,#14277);
#14277 = DEFINITIONAL_REPRESENTATION('',(#14278),#14282);
#14278 = CIRCLE('',#14279,1.6);
#14279 = AXIS2_PLACEMENT_2D('',#14280,#14281);
#14280 = CARTESIAN_POINT('',(1.6,1.6));
#14281 = DIRECTION('',(0.,-1.));
#14282 = ( GEOMETRIC_REPRESENTATION_CONTEXT(2) 
PARAMETRIC_REPRESENTATION_CONTEXT() REPRESENTATION_CONTEXT('2D SPACE',''
  ) );
#14283 = PCURVE('',#13143,#14284);
#14284 = DEFINITIONAL_REPRESENTATION('',(#14285),#14289);
#14285 = LINE('',#14286,#14287);
#14286 = CARTESIAN_POINT('',(-4.712388980385,0.));
#14287 = VECTOR('',#14288,1.);
#14288 = DIRECTION('',(1.,0.));
#14289 = ( GEOMETRIC_REPRESENTATION_CONTEXT(2) 
PARAMETRIC_REPRESENTATION_CONTEXT() REPRESENTATION_CONTEXT('2D SPACE',''
  ) );
#14290 = ORIENTED_EDGE('',*,*,#14170,.T.);
#14291 = ORIENTED_EDGE('',*,*,#14292,.T.);
#14292 = EDGE_CURVE('',#14173,#14293,#14295,.T.);
#14293 = VERTEX_POINT('',#14294);
#14294 = CARTESIAN_POINT('',(6.7,-38.6,23.));
#14295 = SURFACE_CURVE('',#14296,(#14300,#14307),.PCURVE_S1.);
#14296 = LINE('',#14297,#14298);
#14297 = CARTESIAN_POINT('',(6.7,-43.,23.));
#14298 = VECTOR('',#14299,1.);
#14299 = DIRECTION('',(0.,1.,0.));
#14300 = PCURVE('',#14188,#14301);
#14301 = DEFINITIONAL_REPRESENTATION('',(#14302),#14306);
#14302 = LINE('',#14303,#14304);
#14303 = CARTESIAN_POINT('',(7.,-3.2));
#14304 = VECTOR('',#14305,1.);
#14305 = DIRECTION('',(0.,1.));
#14306 = ( GEOMETRIC_REPRESENTATION_CONTEXT(2) 
PARAMETRIC_REPRESENTATION_CONTEXT() REPRESENTATION_CONTEXT('2D SPACE',''
  ) );
#14307 = PCURVE('',#13861,#14308);
#14308 = DEFINITIONAL_REPRESENTATION('',(#14309),#14313);
#14309 = LINE('',#14310,#14311);
#14310 = CARTESIAN_POINT('',(0.,0.));
#14311 = VECTOR('',#14312,1.);
#14312 = DIRECTION('',(0.,-1.));
#14313 = ( GEOMETRIC_REPRESENTATION_CONTEXT(2) 
PARAMETRIC_REPRESENTATION_CONTEXT() REPRESENTATION_CONTEXT('2D SPACE',''
  ) );
#14314 = ORIENTED_EDGE('',*,*,#14315,.T.);
#14315 = EDGE_CURVE('',#14293,#14316,#14318,.T.);
#14316 = VERTEX_POINT('',#14317);
#14317 = CARTESIAN_POINT('',(1.4,-38.6,23.));
#14318 = SURFACE_CURVE('',#14319,(#14323,#14330),.PCURVE_S1.);
#14319 = LINE('',#14320,#14321);
#14320 = CARTESIAN_POINT('',(0.3,-38.6,23.));
#14321 = VECTOR('',#14322,1.);
#14322 = DIRECTION('',(-1.,0.,0.));
#14323 = PCURVE('',#14188,#14324);
#14324 = DEFINITIONAL_REPRESENTATION('',(#14325),#14329);
#14325 = LINE('',#14326,#14327);
#14326 = CARTESIAN_POINT('',(0.6,1.2));
#14327 = VECTOR('',#14328,1.);
#14328 = DIRECTION('',(-1.,0.));
#14329 = ( GEOMETRIC_REPRESENTATION_CONTEXT(2) 
PARAMETRIC_REPRESENTATION_CONTEXT() REPRESENTATION_CONTEXT('2D SPACE',''
  ) );
#14330 = PCURVE('',#13835,#14331);
#14331 = DEFINITIONAL_REPRESENTATION('',(#14332),#14335);
#14332 = B_SPLINE_CURVE_WITH_KNOTS('',1,(#14333,#14334),.UNSPECIFIED.,
  .F.,.F.,(2,2),(-25.8,-1.1),.PIECEWISE_BEZIER_KNOTS.);
#14333 = CARTESIAN_POINT('',(2.E-02,25.2));
#14334 = CARTESIAN_POINT('',(2.E-02,0.5));
#14335 = ( GEOMETRIC_REPRESENTATION_CONTEXT(2) 
PARAMETRIC_REPRESENTATION_CONTEXT() REPRESENTATION_CONTEXT('2D SPACE',''
  ) );
#14336 = ORIENTED_EDGE('',*,*,#14337,.F.);
#14337 = EDGE_CURVE('',#14338,#14316,#14340,.T.);
#14338 = VERTEX_POINT('',#14339);
#14339 = CARTESIAN_POINT('',(0.9,-38.1,23.));
#14340 = SURFACE_CURVE('',#14341,(#14346,#14353),.PCURVE_S1.);
#14341 = CIRCLE('',#14342,0.5);
#14342 = AXIS2_PLACEMENT_3D('',#14343,#14344,#14345);
#14343 = CARTESIAN_POINT('',(1.4,-38.1,23.));
#14344 = DIRECTION('',(0.,0.,1.));
#14345 = DIRECTION('',(-1.,-0.,0.));
#14346 = PCURVE('',#14188,#14347);
#14347 = DEFINITIONAL_REPRESENTATION('',(#14348),#14352);
#14348 = CIRCLE('',#14349,0.5);
#14349 = AXIS2_PLACEMENT_2D('',#14350,#14351);
#14350 = CARTESIAN_POINT('',(1.7,1.7));
#14351 = DIRECTION('',(-1.,0.));
#14352 = ( GEOMETRIC_REPRESENTATION_CONTEXT(2) 
PARAMETRIC_REPRESENTATION_CONTEXT() REPRESENTATION_CONTEXT('2D SPACE',''
  ) );
#14353 = PCURVE('',#13808,#14354);
#14354 = DEFINITIONAL_REPRESENTATION('',(#14355),#14359);
#14355 = LINE('',#14356,#14357);
#14356 = CARTESIAN_POINT('',(0.,2.E-02));
#14357 = VECTOR('',#14358,1.);
#14358 = DIRECTION('',(1.,0.));
#14359 = ( GEOMETRIC_REPRESENTATION_CONTEXT(2) 
PARAMETRIC_REPRESENTATION_CONTEXT() REPRESENTATION_CONTEXT('2D SPACE',''
  ) );
#14360 = ORIENTED_EDGE('',*,*,#14361,.T.);
#14361 = EDGE_CURVE('',#14338,#14362,#14364,.T.);
#14362 = VERTEX_POINT('',#14363);
#14363 = CARTESIAN_POINT('',(0.9,38.1,23.));
#14364 = SURFACE_CURVE('',#14365,(#14369,#14376),.PCURVE_S1.);
#14365 = LINE('',#14366,#14367);
#14366 = CARTESIAN_POINT('',(0.9,-39.2,23.));
#14367 = VECTOR('',#14368,1.);
#14368 = DIRECTION('',(0.,1.,0.));
#14369 = PCURVE('',#14188,#14370);
#14370 = DEFINITIONAL_REPRESENTATION('',(#14371),#14375);
#14371 = LINE('',#14372,#14373);
#14372 = CARTESIAN_POINT('',(1.2,0.6));
#14373 = VECTOR('',#14374,1.);
#14374 = DIRECTION('',(0.,1.));
#14375 = ( GEOMETRIC_REPRESENTATION_CONTEXT(2) 
PARAMETRIC_REPRESENTATION_CONTEXT() REPRESENTATION_CONTEXT('2D SPACE',''
  ) );
#14376 = PCURVE('',#13780,#14377);
#14377 = DEFINITIONAL_REPRESENTATION('',(#14378),#14381);
#14378 = B_SPLINE_CURVE_WITH_KNOTS('',1,(#14379,#14380),.UNSPECIFIED.,
  .F.,.F.,(2,2),(1.1,77.3),.PIECEWISE_BEZIER_KNOTS.);
#14379 = CARTESIAN_POINT('',(2.E-02,-0.5));
#14380 = CARTESIAN_POINT('',(2.E-02,-76.7));
#14381 = ( GEOMETRIC_REPRESENTATION_CONTEXT(2) 
PARAMETRIC_REPRESENTATION_CONTEXT() REPRESENTATION_CONTEXT('2D SPACE',''
  ) );
#14382 = ORIENTED_EDGE('',*,*,#14383,.F.);
#14383 = EDGE_CURVE('',#14384,#14362,#14386,.T.);
#14384 = VERTEX_POINT('',#14385);
#14385 = CARTESIAN_POINT('',(1.4,38.6,23.));
#14386 = SURFACE_CURVE('',#14387,(#14392,#14399),.PCURVE_S1.);
#14387 = CIRCLE('',#14388,0.5);
#14388 = AXIS2_PLACEMENT_3D('',#14389,#14390,#14391);
#14389 = CARTESIAN_POINT('',(1.4,38.1,23.));
#14390 = DIRECTION('',(0.,0.,1.));
#14391 = DIRECTION('',(-1.,-0.,0.));
#14392 = PCURVE('',#14188,#14393);
#14393 = DEFINITIONAL_REPRESENTATION('',(#14394),#14398);
#14394 = CIRCLE('',#14395,0.5);
#14395 = AXIS2_PLACEMENT_2D('',#14396,#14397);
#14396 = CARTESIAN_POINT('',(1.7,77.9));
#14397 = DIRECTION('',(-1.,0.));
#14398 = ( GEOMETRIC_REPRESENTATION_CONTEXT(2) 
PARAMETRIC_REPRESENTATION_CONTEXT() REPRESENTATION_CONTEXT('2D SPACE',''
  ) );
#14399 = PCURVE('',#13753,#14400);
#14400 = DEFINITIONAL_REPRESENTATION('',(#14401),#14405);
#14401 = LINE('',#14402,#14403);
#14402 = CARTESIAN_POINT('',(-6.28318530718,2.E-02));
#14403 = VECTOR('',#14404,1.);
#14404 = DIRECTION('',(1.,-0.));
#14405 = ( GEOMETRIC_REPRESENTATION_CONTEXT(2) 
PARAMETRIC_REPRESENTATION_CONTEXT() REPRESENTATION_CONTEXT('2D SPACE',''
  ) );
#14406 = ORIENTED_EDGE('',*,*,#14407,.F.);
#14407 = EDGE_CURVE('',#14408,#14384,#14410,.T.);
#14408 = VERTEX_POINT('',#14409);
#14409 = CARTESIAN_POINT('',(26.1,38.6,23.));
#14410 = SURFACE_CURVE('',#14411,(#14415,#14422),.PCURVE_S1.);
#14411 = LINE('',#14412,#14413);
#14412 = CARTESIAN_POINT('',(0.3,38.6,23.));
#14413 = VECTOR('',#14414,1.);
#14414 = DIRECTION('',(-1.,0.,0.));
#14415 = PCURVE('',#14188,#14416);
#14416 = DEFINITIONAL_REPRESENTATION('',(#14417),#14421);
#14417 = LINE('',#14418,#14419);
#14418 = CARTESIAN_POINT('',(0.6,78.4));
#14419 = VECTOR('',#14420,1.);
#14420 = DIRECTION('',(-1.,0.));
#14421 = ( GEOMETRIC_REPRESENTATION_CONTEXT(2) 
PARAMETRIC_REPRESENTATION_CONTEXT() REPRESENTATION_CONTEXT('2D SPACE',''
  ) );
#14422 = PCURVE('',#13725,#14423);
#14423 = DEFINITIONAL_REPRESENTATION('',(#14424),#14427);
#14424 = B_SPLINE_CURVE_WITH_KNOTS('',1,(#14425,#14426),.UNSPECIFIED.,
  .F.,.F.,(2,2),(-25.8,-1.1),.PIECEWISE_BEZIER_KNOTS.);
#14425 = CARTESIAN_POINT('',(2.E-02,25.2));
#14426 = CARTESIAN_POINT('',(2.E-02,0.5));
#14427 = ( GEOMETRIC_REPRESENTATION_CONTEXT(2) 
PARAMETRIC_REPRESENTATION_CONTEXT() REPRESENTATION_CONTEXT('2D SPACE',''
  ) );
#14428 = ORIENTED_EDGE('',*,*,#14429,.F.);
#14429 = EDGE_CURVE('',#14430,#14408,#14432,.T.);
#14430 = VERTEX_POINT('',#14431);
#14431 = CARTESIAN_POINT('',(26.6,38.1,23.));
#14432 = SURFACE_CURVE('',#14433,(#14438,#14445),.PCURVE_S1.);
#14433 = CIRCLE('',#14434,0.5);
#14434 = AXIS2_PLACEMENT_3D('',#14435,#14436,#14437);
#14435 = CARTESIAN_POINT('',(26.1,38.1,23.));
#14436 = DIRECTION('',(0.,0.,1.));
#14437 = DIRECTION('',(1.,0.,-0.));
#14438 = PCURVE('',#14188,#14439);
#14439 = DEFINITIONAL_REPRESENTATION('',(#14440),#14444);
#14440 = CIRCLE('',#14441,0.5);
#14441 = AXIS2_PLACEMENT_2D('',#14442,#14443);
#14442 = CARTESIAN_POINT('',(26.4,77.9));
#14443 = DIRECTION('',(1.,0.));
#14444 = ( GEOMETRIC_REPRESENTATION_CONTEXT(2) 
PARAMETRIC_REPRESENTATION_CONTEXT() REPRESENTATION_CONTEXT('2D SPACE',''
  ) );
#14445 = PCURVE('',#13698,#14446);
#14446 = DEFINITIONAL_REPRESENTATION('',(#14447),#14451);
#14447 = LINE('',#14448,#14449);
#14448 = CARTESIAN_POINT('',(0.,2.E-02));
#14449 = VECTOR('',#14450,1.);
#14450 = DIRECTION('',(1.,0.));
#14451 = ( GEOMETRIC_REPRESENTATION_CONTEXT(2) 
PARAMETRIC_REPRESENTATION_CONTEXT() REPRESENTATION_CONTEXT('2D SPACE',''
  ) );
#14452 = ORIENTED_EDGE('',*,*,#14453,.F.);
#14453 = EDGE_CURVE('',#14454,#14430,#14456,.T.);
#14454 = VERTEX_POINT('',#14455);
#14455 = CARTESIAN_POINT('',(26.6,-38.1,23.));
#14456 = SURFACE_CURVE('',#14457,(#14461,#14468),.PCURVE_S1.);
#14457 = LINE('',#14458,#14459);
#14458 = CARTESIAN_POINT('',(26.6,-39.2,23.));
#14459 = VECTOR('',#14460,1.);
#14460 = DIRECTION('',(0.,1.,0.));
#14461 = PCURVE('',#14188,#14462);
#14462 = DEFINITIONAL_REPRESENTATION('',(#14463),#14467);
#14463 = LINE('',#14464,#14465);
#14464 = CARTESIAN_POINT('',(26.9,0.6));
#14465 = VECTOR('',#14466,1.);
#14466 = DIRECTION('',(0.,1.));
#14467 = ( GEOMETRIC_REPRESENTATION_CONTEXT(2) 
PARAMETRIC_REPRESENTATION_CONTEXT() REPRESENTATION_CONTEXT('2D SPACE',''
  ) );
#14468 = PCURVE('',#13670,#14469);
#14469 = DEFINITIONAL_REPRESENTATION('',(#14470),#14473);
#14470 = B_SPLINE_CURVE_WITH_KNOTS('',1,(#14471,#14472),.UNSPECIFIED.,
  .F.,.F.,(2,2),(1.1,77.3),.PIECEWISE_BEZIER_KNOTS.);
#14471 = CARTESIAN_POINT('',(2.E-02,-0.5));
#14472 = CARTESIAN_POINT('',(2.E-02,-76.7));
#14473 = ( GEOMETRIC_REPRESENTATION_CONTEXT(2) 
PARAMETRIC_REPRESENTATION_CONTEXT() REPRESENTATION_CONTEXT('2D SPACE',''
  ) );
#14474 = ORIENTED_EDGE('',*,*,#14475,.F.);
#14475 = EDGE_CURVE('',#14476,#14454,#14478,.T.);
#14476 = VERTEX_POINT('',#14477);
#14477 = CARTESIAN_POINT('',(26.1,-38.6,23.));
#14478 = SURFACE_CURVE('',#14479,(#14484,#14491),.PCURVE_S1.);
#14479 = CIRCLE('',#14480,0.5);
#14480 = AXIS2_PLACEMENT_3D('',#14481,#14482,#14483);
#14481 = CARTESIAN_POINT('',(26.1,-38.1,23.));
#14482 = DIRECTION('',(0.,0.,1.));
#14483 = DIRECTION('',(1.,0.,-0.));
#14484 = PCURVE('',#14188,#14485);
#14485 = DEFINITIONAL_REPRESENTATION('',(#14486),#14490);
#14486 = CIRCLE('',#14487,0.5);
#14487 = AXIS2_PLACEMENT_2D('',#14488,#14489);
#14488 = CARTESIAN_POINT('',(26.4,1.7));
#14489 = DIRECTION('',(1.,0.));
#14490 = ( GEOMETRIC_REPRESENTATION_CONTEXT(2) 
PARAMETRIC_REPRESENTATION_CONTEXT() REPRESENTATION_CONTEXT('2D SPACE',''
  ) );
#14491 = PCURVE('',#13643,#14492);
#14492 = DEFINITIONAL_REPRESENTATION('',(#14493),#14497);
#14493 = LINE('',#14494,#14495);
#14494 = CARTESIAN_POINT('',(-6.28318530718,2.E-02));
#14495 = VECTOR('',#14496,1.);
#14496 = DIRECTION('',(1.,-0.));
#14497 = ( GEOMETRIC_REPRESENTATION_CONTEXT(2) 
PARAMETRIC_REPRESENTATION_CONTEXT() REPRESENTATION_CONTEXT('2D SPACE',''
  ) );
#14498 = ORIENTED_EDGE('',*,*,#14499,.T.);
#14499 = EDGE_CURVE('',#14476,#14500,#14502,.T.);
#14500 = VERTEX_POINT('',#14501);
#14501 = CARTESIAN_POINT('',(21.3,-38.6,23.));
#14502 = SURFACE_CURVE('',#14503,(#14507,#14514),.PCURVE_S1.);
#14503 = LINE('',#14504,#14505);
#14504 = CARTESIAN_POINT('',(0.3,-38.6,23.));
#14505 = VECTOR('',#14506,1.);
#14506 = DIRECTION('',(-1.,0.,0.));
#14507 = PCURVE('',#14188,#14508);
#14508 = DEFINITIONAL_REPRESENTATION('',(#14509),#14513);
#14509 = LINE('',#14510,#14511);
#14510 = CARTESIAN_POINT('',(0.6,1.2));
#14511 = VECTOR('',#14512,1.);
#14512 = DIRECTION('',(-1.,0.));
#14513 = ( GEOMETRIC_REPRESENTATION_CONTEXT(2) 
PARAMETRIC_REPRESENTATION_CONTEXT() REPRESENTATION_CONTEXT('2D SPACE',''
  ) );
#14514 = PCURVE('',#13615,#14515);
#14515 = DEFINITIONAL_REPRESENTATION('',(#14516),#14519);
#14516 = B_SPLINE_CURVE_WITH_KNOTS('',1,(#14517,#14518),.UNSPECIFIED.,
  .F.,.F.,(2,2),(-25.8,-1.1),.PIECEWISE_BEZIER_KNOTS.);
#14517 = CARTESIAN_POINT('',(2.E-02,25.2));
#14518 = CARTESIAN_POINT('',(2.E-02,0.5));
#14519 = ( GEOMETRIC_REPRESENTATION_CONTEXT(2) 
PARAMETRIC_REPRESENTATION_CONTEXT() REPRESENTATION_CONTEXT('2D SPACE',''
  ) );
#14520 = ORIENTED_EDGE('',*,*,#14521,.F.);
#14521 = EDGE_CURVE('',#14522,#14500,#14524,.T.);
#14522 = VERTEX_POINT('',#14523);
#14523 = CARTESIAN_POINT('',(21.3,-39.8,23.));
#14524 = SURFACE_CURVE('',#14525,(#14529,#14536),.PCURVE_S1.);
#14525 = LINE('',#14526,#14527);
#14526 = CARTESIAN_POINT('',(21.3,-43.,23.));
#14527 = VECTOR('',#14528,1.);
#14528 = DIRECTION('',(0.,1.,0.));
#14529 = PCURVE('',#14188,#14530);
#14530 = DEFINITIONAL_REPRESENTATION('',(#14531),#14535);
#14531 = LINE('',#14532,#14533);
#14532 = CARTESIAN_POINT('',(21.6,-3.2));
#14533 = VECTOR('',#14534,1.);
#14534 = DIRECTION('',(0.,1.));
#14535 = ( GEOMETRIC_REPRESENTATION_CONTEXT(2) 
PARAMETRIC_REPRESENTATION_CONTEXT() REPRESENTATION_CONTEXT('2D SPACE',''
  ) );
#14536 = PCURVE('',#13589,#14537);
#14537 = DEFINITIONAL_REPRESENTATION('',(#14538),#14542);
#14538 = LINE('',#14539,#14540);
#14539 = CARTESIAN_POINT('',(0.,0.));
#14540 = VECTOR('',#14541,1.);
#14541 = DIRECTION('',(0.,-1.));
#14542 = ( GEOMETRIC_REPRESENTATION_CONTEXT(2) 
PARAMETRIC_REPRESENTATION_CONTEXT() REPRESENTATION_CONTEXT('2D SPACE',''
  ) );
#14543 = ORIENTED_EDGE('',*,*,#14544,.T.);
#14544 = EDGE_CURVE('',#14522,#14545,#14547,.T.);
#14545 = VERTEX_POINT('',#14546);
#14546 = CARTESIAN_POINT('',(26.2,-39.8,23.));
#14547 = SURFACE_CURVE('',#14548,(#14552,#14559),.PCURVE_S1.);
#14548 = LINE('',#14549,#14550);
#14549 = CARTESIAN_POINT('',(-0.3,-39.8,23.));
#14550 = VECTOR('',#14551,1.);
#14551 = DIRECTION('',(1.,0.,0.));
#14552 = PCURVE('',#14188,#14553);
#14553 = DEFINITIONAL_REPRESENTATION('',(#14554),#14558);
#14554 = LINE('',#14555,#14556);
#14555 = CARTESIAN_POINT('',(0.,0.));
#14556 = VECTOR('',#14557,1.);
#14557 = DIRECTION('',(1.,0.));
#14558 = ( GEOMETRIC_REPRESENTATION_CONTEXT(2) 
PARAMETRIC_REPRESENTATION_CONTEXT() REPRESENTATION_CONTEXT('2D SPACE',''
  ) );
#14559 = PCURVE('',#13563,#14560);
#14560 = DEFINITIONAL_REPRESENTATION('',(#14561),#14565);
#14561 = LINE('',#14562,#14563);
#14562 = CARTESIAN_POINT('',(0.,0.));
#14563 = VECTOR('',#14564,1.);
#14564 = DIRECTION('',(0.,1.));
#14565 = ( GEOMETRIC_REPRESENTATION_CONTEXT(2) 
PARAMETRIC_REPRESENTATION_CONTEXT() REPRESENTATION_CONTEXT('2D SPACE',''
  ) );
#14566 = ORIENTED_EDGE('',*,*,#14567,.F.);
#14567 = EDGE_CURVE('',#14568,#14545,#14570,.T.);
#14568 = VERTEX_POINT('',#14569);
#14569 = CARTESIAN_POINT('',(27.8,-38.2,23.));
#14570 = SURFACE_CURVE('',#14571,(#14576,#14587),.PCURVE_S1.);
#14571 = CIRCLE('',#14572,1.6);
#14572 = AXIS2_PLACEMENT_3D('',#14573,#14574,#14575);
#14573 = CARTESIAN_POINT('',(26.2,-38.2,23.));
#14574 = DIRECTION('',(-0.,-0.,-1.));
#14575 = DIRECTION('',(0.,-1.,0.));
#14576 = PCURVE('',#14188,#14577);
#14577 = DEFINITIONAL_REPRESENTATION('',(#14578),#14586);
#14578 = ( BOUNDED_CURVE() B_SPLINE_CURVE(2,(#14579,#14580,#14581,#14582
    ,#14583,#14584,#14585),.UNSPECIFIED.,.T.,.F.) 
B_SPLINE_CURVE_WITH_KNOTS((1,2,2,2,2,1),(-2.094395102393,0.,
    2.094395102393,4.188790204786,6.28318530718,8.377580409573),
.UNSPECIFIED.) CURVE() GEOMETRIC_REPRESENTATION_ITEM() 
RATIONAL_B_SPLINE_CURVE((1.,0.5,1.,0.5,1.,0.5,1.)) REPRESENTATION_ITEM(
  '') );
#14579 = CARTESIAN_POINT('',(26.5,0.));
#14580 = CARTESIAN_POINT('',(23.72871870789,0.));
#14581 = CARTESIAN_POINT('',(25.114359353945,2.4));
#14582 = CARTESIAN_POINT('',(26.5,4.8));
#14583 = CARTESIAN_POINT('',(27.885640646055,2.4));
#14584 = CARTESIAN_POINT('',(29.27128129211,2.442490654175E-15));
#14585 = CARTESIAN_POINT('',(26.5,0.));
#14586 = ( GEOMETRIC_REPRESENTATION_CONTEXT(2) 
PARAMETRIC_REPRESENTATION_CONTEXT() REPRESENTATION_CONTEXT('2D SPACE',''
  ) );
#14587 = PCURVE('',#13536,#14588);
#14588 = DEFINITIONAL_REPRESENTATION('',(#14589),#14593);
#14589 = LINE('',#14590,#14591);
#14590 = CARTESIAN_POINT('',(4.712388980385,-0.));
#14591 = VECTOR('',#14592,1.);
#14592 = DIRECTION('',(-1.,0.));
#14593 = ( GEOMETRIC_REPRESENTATION_CONTEXT(2) 
PARAMETRIC_REPRESENTATION_CONTEXT() REPRESENTATION_CONTEXT('2D SPACE',''
  ) );
#14594 = ORIENTED_EDGE('',*,*,#14595,.T.);
#14595 = EDGE_CURVE('',#14568,#14596,#14598,.T.);
#14596 = VERTEX_POINT('',#14597);
#14597 = CARTESIAN_POINT('',(27.8,-24.34292856399,23.));
#14598 = SURFACE_CURVE('',#14599,(#14603,#14610),.PCURVE_S1.);
#14599 = LINE('',#14600,#14601);
#14600 = CARTESIAN_POINT('',(27.8,-39.8,23.));
#14601 = VECTOR('',#14602,1.);
#14602 = DIRECTION('',(0.,1.,0.));
#14603 = PCURVE('',#14188,#14604);
#14604 = DEFINITIONAL_REPRESENTATION('',(#14605),#14609);
#14605 = LINE('',#14606,#14607);
#14606 = CARTESIAN_POINT('',(28.1,0.));
#14607 = VECTOR('',#14608,1.);
#14608 = DIRECTION('',(0.,1.));
#14609 = ( GEOMETRIC_REPRESENTATION_CONTEXT(2) 
PARAMETRIC_REPRESENTATION_CONTEXT() REPRESENTATION_CONTEXT('2D SPACE',''
  ) );
#14610 = PCURVE('',#13508,#14611);
#14611 = DEFINITIONAL_REPRESENTATION('',(#14612),#14616);
#14612 = LINE('',#14613,#14614);
#14613 = CARTESIAN_POINT('',(0.,0.));
#14614 = VECTOR('',#14615,1.);
#14615 = DIRECTION('',(0.,-1.));
#14616 = ( GEOMETRIC_REPRESENTATION_CONTEXT(2) 
PARAMETRIC_REPRESENTATION_CONTEXT() REPRESENTATION_CONTEXT('2D SPACE',''
  ) );
#14617 = ORIENTED_EDGE('',*,*,#14618,.T.);
#14618 = EDGE_CURVE('',#14596,#14619,#14621,.T.);
#14619 = VERTEX_POINT('',#14620);
#14620 = CARTESIAN_POINT('',(27.8,-23.65707143601,23.));
#14621 = SURFACE_CURVE('',#14622,(#14627,#14634),.PCURVE_S1.);
#14622 = CIRCLE('',#14623,0.35);
#14623 = AXIS2_PLACEMENT_3D('',#14624,#14625,#14626);
#14624 = CARTESIAN_POINT('',(27.73,-24.,23.));
#14625 = DIRECTION('',(-0.,0.,1.));
#14626 = DIRECTION('',(0.2,-0.979795897113,0.));
#14627 = PCURVE('',#14188,#14628);
#14628 = DEFINITIONAL_REPRESENTATION('',(#14629),#14633);
#14629 = CIRCLE('',#14630,0.35);
#14630 = AXIS2_PLACEMENT_2D('',#14631,#14632);
#14631 = CARTESIAN_POINT('',(28.03,15.8));
#14632 = DIRECTION('',(0.2,-0.979795897113));
#14633 = ( GEOMETRIC_REPRESENTATION_CONTEXT(2) 
PARAMETRIC_REPRESENTATION_CONTEXT() REPRESENTATION_CONTEXT('2D SPACE',''
  ) );
#14634 = PCURVE('',#13481,#14635);
#14635 = DEFINITIONAL_REPRESENTATION('',(#14636),#14640);
#14636 = LINE('',#14637,#14638);
#14637 = CARTESIAN_POINT('',(-4.913746901175,0.));
#14638 = VECTOR('',#14639,1.);
#14639 = DIRECTION('',(-1.,0.));
#14640 = ( GEOMETRIC_REPRESENTATION_CONTEXT(2) 
PARAMETRIC_REPRESENTATION_CONTEXT() REPRESENTATION_CONTEXT('2D SPACE',''
  ) );
#14641 = ORIENTED_EDGE('',*,*,#14642,.T.);
#14642 = EDGE_CURVE('',#14619,#14643,#14645,.T.);
#14643 = VERTEX_POINT('',#14644);
#14644 = CARTESIAN_POINT('',(27.8,23.65707143601,23.));
#14645 = SURFACE_CURVE('',#14646,(#14650,#14657),.PCURVE_S1.);
#14646 = LINE('',#14647,#14648);
#14647 = CARTESIAN_POINT('',(27.8,-39.8,23.));
#14648 = VECTOR('',#14649,1.);
#14649 = DIRECTION('',(0.,1.,0.));
#14650 = PCURVE('',#14188,#14651);
#14651 = DEFINITIONAL_REPRESENTATION('',(#14652),#14656);
#14652 = LINE('',#14653,#14654);
#14653 = CARTESIAN_POINT('',(28.1,0.));
#14654 = VECTOR('',#14655,1.);
#14655 = DIRECTION('',(0.,1.));
#14656 = ( GEOMETRIC_REPRESENTATION_CONTEXT(2) 
PARAMETRIC_REPRESENTATION_CONTEXT() REPRESENTATION_CONTEXT('2D SPACE',''
  ) );
#14657 = PCURVE('',#13453,#14658);
#14658 = DEFINITIONAL_REPRESENTATION('',(#14659),#14663);
#14659 = LINE('',#14660,#14661);
#14660 = CARTESIAN_POINT('',(0.,0.));
#14661 = VECTOR('',#14662,1.);
#14662 = DIRECTION('',(0.,-1.));
#14663 = ( GEOMETRIC_REPRESENTATION_CONTEXT(2) 
PARAMETRIC_REPRESENTATION_CONTEXT() REPRESENTATION_CONTEXT('2D SPACE',''
  ) );
#14664 = ORIENTED_EDGE('',*,*,#14665,.T.);
#14665 = EDGE_CURVE('',#14643,#14666,#14668,.T.);
#14666 = VERTEX_POINT('',#14667);
#14667 = CARTESIAN_POINT('',(27.8,24.34292856399,23.));
#14668 = SURFACE_CURVE('',#14669,(#14674,#14681),.PCURVE_S1.);
#14669 = CIRCLE('',#14670,0.35);
#14670 = AXIS2_PLACEMENT_3D('',#14671,#14672,#14673);
#14671 = CARTESIAN_POINT('',(27.73,24.,23.));
#14672 = DIRECTION('',(-0.,0.,1.));
#14673 = DIRECTION('',(0.2,-0.979795897113,0.));
#14674 = PCURVE('',#14188,#14675);
#14675 = DEFINITIONAL_REPRESENTATION('',(#14676),#14680);
#14676 = CIRCLE('',#14677,0.35);
#14677 = AXIS2_PLACEMENT_2D('',#14678,#14679);
#14678 = CARTESIAN_POINT('',(28.03,63.8));
#14679 = DIRECTION('',(0.2,-0.979795897113));
#14680 = ( GEOMETRIC_REPRESENTATION_CONTEXT(2) 
PARAMETRIC_REPRESENTATION_CONTEXT() REPRESENTATION_CONTEXT('2D SPACE',''
  ) );
#14681 = PCURVE('',#13426,#14682);
#14682 = DEFINITIONAL_REPRESENTATION('',(#14683),#14687);
#14683 = LINE('',#14684,#14685);
#14684 = CARTESIAN_POINT('',(-4.913746901175,0.));
#14685 = VECTOR('',#14686,1.);
#14686 = DIRECTION('',(-1.,0.));
#14687 = ( GEOMETRIC_REPRESENTATION_CONTEXT(2) 
PARAMETRIC_REPRESENTATION_CONTEXT() REPRESENTATION_CONTEXT('2D SPACE',''
  ) );
#14688 = ORIENTED_EDGE('',*,*,#14689,.T.);
#14689 = EDGE_CURVE('',#14666,#14690,#14692,.T.);
#14690 = VERTEX_POINT('',#14691);
#14691 = CARTESIAN_POINT('',(27.8,38.2,23.));
#14692 = SURFACE_CURVE('',#14693,(#14697,#14704),.PCURVE_S1.);
#14693 = LINE('',#14694,#14695);
#14694 = CARTESIAN_POINT('',(27.8,-39.8,23.));
#14695 = VECTOR('',#14696,1.);
#14696 = DIRECTION('',(0.,1.,0.));
#14697 = PCURVE('',#14188,#14698);
#14698 = DEFINITIONAL_REPRESENTATION('',(#14699),#14703);
#14699 = LINE('',#14700,#14701);
#14700 = CARTESIAN_POINT('',(28.1,0.));
#14701 = VECTOR('',#14702,1.);
#14702 = DIRECTION('',(0.,1.));
#14703 = ( GEOMETRIC_REPRESENTATION_CONTEXT(2) 
PARAMETRIC_REPRESENTATION_CONTEXT() REPRESENTATION_CONTEXT('2D SPACE',''
  ) );
#14704 = PCURVE('',#13398,#14705);
#14705 = DEFINITIONAL_REPRESENTATION('',(#14706),#14710);
#14706 = LINE('',#14707,#14708);
#14707 = CARTESIAN_POINT('',(0.,0.));
#14708 = VECTOR('',#14709,1.);
#14709 = DIRECTION('',(0.,-1.));
#14710 = ( GEOMETRIC_REPRESENTATION_CONTEXT(2) 
PARAMETRIC_REPRESENTATION_CONTEXT() REPRESENTATION_CONTEXT('2D SPACE',''
  ) );
#14711 = ORIENTED_EDGE('',*,*,#14712,.T.);
#14712 = EDGE_CURVE('',#14690,#14713,#14715,.T.);
#14713 = VERTEX_POINT('',#14714);
#14714 = CARTESIAN_POINT('',(26.2,39.8,23.));
#14715 = SURFACE_CURVE('',#14716,(#14721,#14728),.PCURVE_S1.);
#14716 = CIRCLE('',#14717,1.6);
#14717 = AXIS2_PLACEMENT_3D('',#14718,#14719,#14720);
#14718 = CARTESIAN_POINT('',(26.2,38.2,23.));
#14719 = DIRECTION('',(0.,0.,1.));
#14720 = DIRECTION('',(0.,-1.,0.));
#14721 = PCURVE('',#14188,#14722);
#14722 = DEFINITIONAL_REPRESENTATION('',(#14723),#14727);
#14723 = CIRCLE('',#14724,1.6);
#14724 = AXIS2_PLACEMENT_2D('',#14725,#14726);
#14725 = CARTESIAN_POINT('',(26.5,78.));
#14726 = DIRECTION('',(0.,-1.));
#14727 = ( GEOMETRIC_REPRESENTATION_CONTEXT(2) 
PARAMETRIC_REPRESENTATION_CONTEXT() REPRESENTATION_CONTEXT('2D SPACE',''
  ) );
#14728 = PCURVE('',#13371,#14729);
#14729 = DEFINITIONAL_REPRESENTATION('',(#14730),#14734);
#14730 = LINE('',#14731,#14732);
#14731 = CARTESIAN_POINT('',(-1.570796326795,0.));
#14732 = VECTOR('',#14733,1.);
#14733 = DIRECTION('',(1.,0.));
#14734 = ( GEOMETRIC_REPRESENTATION_CONTEXT(2) 
PARAMETRIC_REPRESENTATION_CONTEXT() REPRESENTATION_CONTEXT('2D SPACE',''
  ) );
#14735 = ORIENTED_EDGE('',*,*,#14736,.F.);
#14736 = EDGE_CURVE('',#14737,#14713,#14739,.T.);
#14737 = VERTEX_POINT('',#14738);
#14738 = CARTESIAN_POINT('',(1.3,39.8,23.));
#14739 = SURFACE_CURVE('',#14740,(#14744,#14751),.PCURVE_S1.);
#14740 = LINE('',#14741,#14742);
#14741 = CARTESIAN_POINT('',(-0.3,39.8,23.));
#14742 = VECTOR('',#14743,1.);
#14743 = DIRECTION('',(1.,0.,0.));
#14744 = PCURVE('',#14188,#14745);
#14745 = DEFINITIONAL_REPRESENTATION('',(#14746),#14750);
#14746 = LINE('',#14747,#14748);
#14747 = CARTESIAN_POINT('',(0.,79.6));
#14748 = VECTOR('',#14749,1.);
#14749 = DIRECTION('',(1.,0.));
#14750 = ( GEOMETRIC_REPRESENTATION_CONTEXT(2) 
PARAMETRIC_REPRESENTATION_CONTEXT() REPRESENTATION_CONTEXT('2D SPACE',''
  ) );
#14751 = PCURVE('',#13343,#14752);
#14752 = DEFINITIONAL_REPRESENTATION('',(#14753),#14757);
#14753 = LINE('',#14754,#14755);
#14754 = CARTESIAN_POINT('',(0.,0.));
#14755 = VECTOR('',#14756,1.);
#14756 = DIRECTION('',(0.,1.));
#14757 = ( GEOMETRIC_REPRESENTATION_CONTEXT(2) 
PARAMETRIC_REPRESENTATION_CONTEXT() REPRESENTATION_CONTEXT('2D SPACE',''
  ) );
#14758 = ORIENTED_EDGE('',*,*,#14759,.F.);
#14759 = EDGE_CURVE('',#14760,#14737,#14762,.T.);
#14760 = VERTEX_POINT('',#14761);
#14761 = CARTESIAN_POINT('',(-0.3,38.2,23.));
#14762 = SURFACE_CURVE('',#14763,(#14768,#14779),.PCURVE_S1.);
#14763 = CIRCLE('',#14764,1.6);
#14764 = AXIS2_PLACEMENT_3D('',#14765,#14766,#14767);
#14765 = CARTESIAN_POINT('',(1.3,38.2,23.));
#14766 = DIRECTION('',(-0.,-0.,-1.));
#14767 = DIRECTION('',(0.,-1.,0.));
#14768 = PCURVE('',#14188,#14769);
#14769 = DEFINITIONAL_REPRESENTATION('',(#14770),#14778);
#14770 = ( BOUNDED_CURVE() B_SPLINE_CURVE(2,(#14771,#14772,#14773,#14774
    ,#14775,#14776,#14777),.UNSPECIFIED.,.T.,.F.) 
B_SPLINE_CURVE_WITH_KNOTS((1,2,2,2,2,1),(-2.094395102393,0.,
    2.094395102393,4.188790204786,6.28318530718,8.377580409573),
.UNSPECIFIED.) CURVE() GEOMETRIC_REPRESENTATION_ITEM() 
RATIONAL_B_SPLINE_CURVE((1.,0.5,1.,0.5,1.,0.5,1.)) REPRESENTATION_ITEM(
  '') );
#14771 = CARTESIAN_POINT('',(1.6,76.4));
#14772 = CARTESIAN_POINT('',(-1.17128129211,76.4));
#14773 = CARTESIAN_POINT('',(0.214359353945,78.8));
#14774 = CARTESIAN_POINT('',(1.6,81.2));
#14775 = CARTESIAN_POINT('',(2.985640646055,78.8));
#14776 = CARTESIAN_POINT('',(4.37128129211,76.4));
#14777 = CARTESIAN_POINT('',(1.6,76.4));
#14778 = ( GEOMETRIC_REPRESENTATION_CONTEXT(2) 
PARAMETRIC_REPRESENTATION_CONTEXT() REPRESENTATION_CONTEXT('2D SPACE',''
  ) );
#14779 = PCURVE('',#13316,#14780);
#14780 = DEFINITIONAL_REPRESENTATION('',(#14781),#14785);
#14781 = LINE('',#14782,#14783);
#14782 = CARTESIAN_POINT('',(1.570796326795,-0.));
#14783 = VECTOR('',#14784,1.);
#14784 = DIRECTION('',(-1.,0.));
#14785 = ( GEOMETRIC_REPRESENTATION_CONTEXT(2) 
PARAMETRIC_REPRESENTATION_CONTEXT() REPRESENTATION_CONTEXT('2D SPACE',''
  ) );
#14786 = ORIENTED_EDGE('',*,*,#14787,.F.);
#14787 = EDGE_CURVE('',#14788,#14760,#14790,.T.);
#14788 = VERTEX_POINT('',#14789);
#14789 = CARTESIAN_POINT('',(-0.3,24.34292856399,23.));
#14790 = SURFACE_CURVE('',#14791,(#14795,#14802),.PCURVE_S1.);
#14791 = LINE('',#14792,#14793);
#14792 = CARTESIAN_POINT('',(-0.3,-39.8,23.));
#14793 = VECTOR('',#14794,1.);
#14794 = DIRECTION('',(0.,1.,0.));
#14795 = PCURVE('',#14188,#14796);
#14796 = DEFINITIONAL_REPRESENTATION('',(#14797),#14801);
#14797 = LINE('',#14798,#14799);
#14798 = CARTESIAN_POINT('',(0.,0.));
#14799 = VECTOR('',#14800,1.);
#14800 = DIRECTION('',(0.,1.));
#14801 = ( GEOMETRIC_REPRESENTATION_CONTEXT(2) 
PARAMETRIC_REPRESENTATION_CONTEXT() REPRESENTATION_CONTEXT('2D SPACE',''
  ) );
#14802 = PCURVE('',#13288,#14803);
#14803 = DEFINITIONAL_REPRESENTATION('',(#14804),#14808);
#14804 = LINE('',#14805,#14806);
#14805 = CARTESIAN_POINT('',(0.,0.));
#14806 = VECTOR('',#14807,1.);
#14807 = DIRECTION('',(0.,-1.));
#14808 = ( GEOMETRIC_REPRESENTATION_CONTEXT(2) 
PARAMETRIC_REPRESENTATION_CONTEXT() REPRESENTATION_CONTEXT('2D SPACE',''
  ) );
#14809 = ORIENTED_EDGE('',*,*,#14810,.T.);
#14810 = EDGE_CURVE('',#14788,#14811,#14813,.T.);
#14811 = VERTEX_POINT('',#14812);
#14812 = CARTESIAN_POINT('',(-0.3,23.65707143601,23.));
#14813 = SURFACE_CURVE('',#14814,(#14819,#14826),.PCURVE_S1.);
#14814 = CIRCLE('',#14815,0.35);
#14815 = AXIS2_PLACEMENT_3D('',#14816,#14817,#14818);
#14816 = CARTESIAN_POINT('',(-0.23,24.,23.));
#14817 = DIRECTION('',(0.,0.,1.));
#14818 = DIRECTION('',(1.,0.,0.));
#14819 = PCURVE('',#14188,#14820);
#14820 = DEFINITIONAL_REPRESENTATION('',(#14821),#14825);
#14821 = CIRCLE('',#14822,0.35);
#14822 = AXIS2_PLACEMENT_2D('',#14823,#14824);
#14823 = CARTESIAN_POINT('',(7.E-02,63.8));
#14824 = DIRECTION('',(1.,0.));
#14825 = ( GEOMETRIC_REPRESENTATION_CONTEXT(2) 
PARAMETRIC_REPRESENTATION_CONTEXT() REPRESENTATION_CONTEXT('2D SPACE',''
  ) );
#14826 = PCURVE('',#13261,#14827);
#14827 = DEFINITIONAL_REPRESENTATION('',(#14828),#14832);
#14828 = LINE('',#14829,#14830);
#14829 = CARTESIAN_POINT('',(-0.,0.));
#14830 = VECTOR('',#14831,1.);
#14831 = DIRECTION('',(-1.,0.));
#14832 = ( GEOMETRIC_REPRESENTATION_CONTEXT(2) 
PARAMETRIC_REPRESENTATION_CONTEXT() REPRESENTATION_CONTEXT('2D SPACE',''
  ) );
#14833 = ORIENTED_EDGE('',*,*,#14834,.F.);
#14834 = EDGE_CURVE('',#14835,#14811,#14837,.T.);
#14835 = VERTEX_POINT('',#14836);
#14836 = CARTESIAN_POINT('',(-0.3,-23.65707143601,23.));
#14837 = SURFACE_CURVE('',#14838,(#14842,#14849),.PCURVE_S1.);
#14838 = LINE('',#14839,#14840);
#14839 = CARTESIAN_POINT('',(-0.3,-39.8,23.));
#14840 = VECTOR('',#14841,1.);
#14841 = DIRECTION('',(0.,1.,0.));
#14842 = PCURVE('',#14188,#14843);
#14843 = DEFINITIONAL_REPRESENTATION('',(#14844),#14848);
#14844 = LINE('',#14845,#14846);
#14845 = CARTESIAN_POINT('',(0.,0.));
#14846 = VECTOR('',#14847,1.);
#14847 = DIRECTION('',(0.,1.));
#14848 = ( GEOMETRIC_REPRESENTATION_CONTEXT(2) 
PARAMETRIC_REPRESENTATION_CONTEXT() REPRESENTATION_CONTEXT('2D SPACE',''
  ) );
#14849 = PCURVE('',#13229,#14850);
#14850 = DEFINITIONAL_REPRESENTATION('',(#14851),#14855);
#14851 = LINE('',#14852,#14853);
#14852 = CARTESIAN_POINT('',(0.,0.));
#14853 = VECTOR('',#14854,1.);
#14854 = DIRECTION('',(0.,-1.));
#14855 = ( GEOMETRIC_REPRESENTATION_CONTEXT(2) 
PARAMETRIC_REPRESENTATION_CONTEXT() REPRESENTATION_CONTEXT('2D SPACE',''
  ) );
#14856 = ORIENTED_EDGE('',*,*,#14857,.T.);
#14857 = EDGE_CURVE('',#14835,#14247,#14858,.T.);
#14858 = SURFACE_CURVE('',#14859,(#14864,#14871),.PCURVE_S1.);
#14859 = CIRCLE('',#14860,0.35);
#14860 = AXIS2_PLACEMENT_3D('',#14861,#14862,#14863);
#14861 = CARTESIAN_POINT('',(-0.23,-24.,23.));
#14862 = DIRECTION('',(0.,0.,1.));
#14863 = DIRECTION('',(1.,0.,0.));
#14864 = PCURVE('',#14188,#14865);
#14865 = DEFINITIONAL_REPRESENTATION('',(#14866),#14870);
#14866 = CIRCLE('',#14867,0.35);
#14867 = AXIS2_PLACEMENT_2D('',#14868,#14869);
#14868 = CARTESIAN_POINT('',(7.E-02,15.8));
#14869 = DIRECTION('',(1.,0.));
#14870 = ( GEOMETRIC_REPRESENTATION_CONTEXT(2) 
PARAMETRIC_REPRESENTATION_CONTEXT() REPRESENTATION_CONTEXT('2D SPACE',''
  ) );
#14871 = PCURVE('',#13202,#14872);
#14872 = DEFINITIONAL_REPRESENTATION('',(#14873),#14877);
#14873 = LINE('',#14874,#14875);
#14874 = CARTESIAN_POINT('',(-0.,0.));
#14875 = VECTOR('',#14876,1.);
#14876 = DIRECTION('',(-1.,0.));
#14877 = ( GEOMETRIC_REPRESENTATION_CONTEXT(2) 
PARAMETRIC_REPRESENTATION_CONTEXT() REPRESENTATION_CONTEXT('2D SPACE',''
  ) );
#14878 = ADVANCED_FACE('',(#14879),#13861,.T.);
#14879 = FACE_BOUND('',#14880,.T.);
#14880 = EDGE_LOOP('',(#14881,#14882,#14883,#14884));
#14881 = ORIENTED_EDGE('',*,*,#13846,.F.);
#14882 = ORIENTED_EDGE('',*,*,#14222,.T.);
#14883 = ORIENTED_EDGE('',*,*,#14292,.T.);
#14884 = ORIENTED_EDGE('',*,*,#14885,.F.);
#14885 = EDGE_CURVE('',#13821,#14293,#14886,.T.);
#14886 = SURFACE_CURVE('',#14887,(#14891,#14897),.PCURVE_S1.);
#14887 = LINE('',#14888,#14889);
#14888 = CARTESIAN_POINT('',(6.7,-38.6,22.99));
#14889 = VECTOR('',#14890,1.);
#14890 = DIRECTION('',(0.,0.,-1.));
#14891 = PCURVE('',#13861,#14892);
#14892 = DEFINITIONAL_REPRESENTATION('',(#14893),#14896);
#14893 = B_SPLINE_CURVE_WITH_KNOTS('',1,(#14894,#14895),.UNSPECIFIED.,
  .F.,.F.,(2,2),(-2.43,-9.999999999998E-03),.PIECEWISE_BEZIER_KNOTS.);
#14894 = CARTESIAN_POINT('',(2.42,-4.4));
#14895 = CARTESIAN_POINT('',(0.,-4.4));
#14896 = ( GEOMETRIC_REPRESENTATION_CONTEXT(2) 
PARAMETRIC_REPRESENTATION_CONTEXT() REPRESENTATION_CONTEXT('2D SPACE',''
  ) );
#14897 = PCURVE('',#13835,#14898);
#14898 = DEFINITIONAL_REPRESENTATION('',(#14899),#14902);
#14899 = B_SPLINE_CURVE_WITH_KNOTS('',1,(#14900,#14901),.UNSPECIFIED.,
  .F.,.F.,(2,2),(-2.43,-9.999999999998E-03),.PIECEWISE_BEZIER_KNOTS.);
#14900 = CARTESIAN_POINT('',(2.44,5.8));
#14901 = CARTESIAN_POINT('',(2.E-02,5.8));
#14902 = ( GEOMETRIC_REPRESENTATION_CONTEXT(2) 
PARAMETRIC_REPRESENTATION_CONTEXT() REPRESENTATION_CONTEXT('2D SPACE',''
  ) );
#14903 = ADVANCED_FACE('',(#14904),#13835,.T.);
#14904 = FACE_BOUND('',#14905,.T.);
#14905 = EDGE_LOOP('',(#14906,#14907,#14908,#14909));
#14906 = ORIENTED_EDGE('',*,*,#13820,.F.);
#14907 = ORIENTED_EDGE('',*,*,#14885,.T.);
#14908 = ORIENTED_EDGE('',*,*,#14315,.T.);
#14909 = ORIENTED_EDGE('',*,*,#14910,.T.);
#14910 = EDGE_CURVE('',#14316,#13792,#14911,.T.);
#14911 = SURFACE_CURVE('',#14912,(#14916,#14923),.PCURVE_S1.);
#14912 = LINE('',#14913,#14914);
#14913 = CARTESIAN_POINT('',(1.4,-38.6,22.98));
#14914 = VECTOR('',#14915,1.);
#14915 = DIRECTION('',(0.,0.,1.));
#14916 = PCURVE('',#13835,#14917);
#14917 = DEFINITIONAL_REPRESENTATION('',(#14918),#14922);
#14918 = LINE('',#14919,#14920);
#14919 = CARTESIAN_POINT('',(0.,0.5));
#14920 = VECTOR('',#14921,1.);
#14921 = DIRECTION('',(1.,0.));
#14922 = ( GEOMETRIC_REPRESENTATION_CONTEXT(2) 
PARAMETRIC_REPRESENTATION_CONTEXT() REPRESENTATION_CONTEXT('2D SPACE',''
  ) );
#14923 = PCURVE('',#13808,#14924);
#14924 = DEFINITIONAL_REPRESENTATION('',(#14925),#14929);
#14925 = LINE('',#14926,#14927);
#14926 = CARTESIAN_POINT('',(1.570796326795,0.));
#14927 = VECTOR('',#14928,1.);
#14928 = DIRECTION('',(0.,1.));
#14929 = ( GEOMETRIC_REPRESENTATION_CONTEXT(2) 
PARAMETRIC_REPRESENTATION_CONTEXT() REPRESENTATION_CONTEXT('2D SPACE',''
  ) );
#14930 = ADVANCED_FACE('',(#14931),#13808,.F.);
#14931 = FACE_BOUND('',#14932,.F.);
#14932 = EDGE_LOOP('',(#14933,#14954,#14955,#14956));
#14933 = ORIENTED_EDGE('',*,*,#14934,.F.);
#14934 = EDGE_CURVE('',#14338,#13766,#14935,.T.);
#14935 = SURFACE_CURVE('',#14936,(#14940,#14947),.PCURVE_S1.);
#14936 = LINE('',#14937,#14938);
#14937 = CARTESIAN_POINT('',(0.9,-38.1,22.98));
#14938 = VECTOR('',#14939,1.);
#14939 = DIRECTION('',(0.,0.,1.));
#14940 = PCURVE('',#13808,#14941);
#14941 = DEFINITIONAL_REPRESENTATION('',(#14942),#14946);
#14942 = LINE('',#14943,#14944);
#14943 = CARTESIAN_POINT('',(0.,0.));
#14944 = VECTOR('',#14945,1.);
#14945 = DIRECTION('',(0.,1.));
#14946 = ( GEOMETRIC_REPRESENTATION_CONTEXT(2) 
PARAMETRIC_REPRESENTATION_CONTEXT() REPRESENTATION_CONTEXT('2D SPACE',''
  ) );
#14947 = PCURVE('',#13780,#14948);
#14948 = DEFINITIONAL_REPRESENTATION('',(#14949),#14953);
#14949 = LINE('',#14950,#14951);
#14950 = CARTESIAN_POINT('',(0.,-0.5));
#14951 = VECTOR('',#14952,1.);
#14952 = DIRECTION('',(1.,0.));
#14953 = ( GEOMETRIC_REPRESENTATION_CONTEXT(2) 
PARAMETRIC_REPRESENTATION_CONTEXT() REPRESENTATION_CONTEXT('2D SPACE',''
  ) );
#14954 = ORIENTED_EDGE('',*,*,#14337,.T.);
#14955 = ORIENTED_EDGE('',*,*,#14910,.T.);
#14956 = ORIENTED_EDGE('',*,*,#13791,.F.);
#14957 = ADVANCED_FACE('',(#14958),#13780,.T.);
#14958 = FACE_BOUND('',#14959,.T.);
#14959 = EDGE_LOOP('',(#14960,#14961,#14962,#14963));
#14960 = ORIENTED_EDGE('',*,*,#13765,.F.);
#14961 = ORIENTED_EDGE('',*,*,#14934,.F.);
#14962 = ORIENTED_EDGE('',*,*,#14361,.T.);
#14963 = ORIENTED_EDGE('',*,*,#14964,.T.);
#14964 = EDGE_CURVE('',#14362,#13737,#14965,.T.);
#14965 = SURFACE_CURVE('',#14966,(#14970,#14977),.PCURVE_S1.);
#14966 = LINE('',#14967,#14968);
#14967 = CARTESIAN_POINT('',(0.9,38.1,22.98));
#14968 = VECTOR('',#14969,1.);
#14969 = DIRECTION('',(0.,0.,1.));
#14970 = PCURVE('',#13780,#14971);
#14971 = DEFINITIONAL_REPRESENTATION('',(#14972),#14976);
#14972 = LINE('',#14973,#14974);
#14973 = CARTESIAN_POINT('',(0.,-76.7));
#14974 = VECTOR('',#14975,1.);
#14975 = DIRECTION('',(1.,0.));
#14976 = ( GEOMETRIC_REPRESENTATION_CONTEXT(2) 
PARAMETRIC_REPRESENTATION_CONTEXT() REPRESENTATION_CONTEXT('2D SPACE',''
  ) );
#14977 = PCURVE('',#13753,#14978);
#14978 = DEFINITIONAL_REPRESENTATION('',(#14979),#14983);
#14979 = LINE('',#14980,#14981);
#14980 = CARTESIAN_POINT('',(-0.,0.));
#14981 = VECTOR('',#14982,1.);
#14982 = DIRECTION('',(-0.,1.));
#14983 = ( GEOMETRIC_REPRESENTATION_CONTEXT(2) 
PARAMETRIC_REPRESENTATION_CONTEXT() REPRESENTATION_CONTEXT('2D SPACE',''
  ) );
#14984 = ADVANCED_FACE('',(#14985),#13753,.F.);
#14985 = FACE_BOUND('',#14986,.T.);
#14986 = EDGE_LOOP('',(#14987,#14988,#14989,#15010));
#14987 = ORIENTED_EDGE('',*,*,#14964,.F.);
#14988 = ORIENTED_EDGE('',*,*,#14383,.F.);
#14989 = ORIENTED_EDGE('',*,*,#14990,.T.);
#14990 = EDGE_CURVE('',#14384,#13711,#14991,.T.);
#14991 = SURFACE_CURVE('',#14992,(#14996,#15003),.PCURVE_S1.);
#14992 = LINE('',#14993,#14994);
#14993 = CARTESIAN_POINT('',(1.4,38.6,22.98));
#14994 = VECTOR('',#14995,1.);
#14995 = DIRECTION('',(0.,0.,1.));
#14996 = PCURVE('',#13753,#14997);
#14997 = DEFINITIONAL_REPRESENTATION('',(#14998),#15002);
#14998 = LINE('',#14999,#15000);
#14999 = CARTESIAN_POINT('',(-1.570796326795,0.));
#15000 = VECTOR('',#15001,1.);
#15001 = DIRECTION('',(-0.,1.));
#15002 = ( GEOMETRIC_REPRESENTATION_CONTEXT(2) 
PARAMETRIC_REPRESENTATION_CONTEXT() REPRESENTATION_CONTEXT('2D SPACE',''
  ) );
#15003 = PCURVE('',#13725,#15004);
#15004 = DEFINITIONAL_REPRESENTATION('',(#15005),#15009);
#15005 = LINE('',#15006,#15007);
#15006 = CARTESIAN_POINT('',(0.,0.5));
#15007 = VECTOR('',#15008,1.);
#15008 = DIRECTION('',(1.,0.));
#15009 = ( GEOMETRIC_REPRESENTATION_CONTEXT(2) 
PARAMETRIC_REPRESENTATION_CONTEXT() REPRESENTATION_CONTEXT('2D SPACE',''
  ) );
#15010 = ORIENTED_EDGE('',*,*,#13736,.T.);
#15011 = ADVANCED_FACE('',(#15012),#13725,.F.);
#15012 = FACE_BOUND('',#15013,.F.);
#15013 = EDGE_LOOP('',(#15014,#15035,#15036,#15037));
#15014 = ORIENTED_EDGE('',*,*,#15015,.F.);
#15015 = EDGE_CURVE('',#14408,#13682,#15016,.T.);
#15016 = SURFACE_CURVE('',#15017,(#15021,#15028),.PCURVE_S1.);
#15017 = LINE('',#15018,#15019);
#15018 = CARTESIAN_POINT('',(26.1,38.6,22.98));
#15019 = VECTOR('',#15020,1.);
#15020 = DIRECTION('',(0.,0.,1.));
#15021 = PCURVE('',#13725,#15022);
#15022 = DEFINITIONAL_REPRESENTATION('',(#15023),#15027);
#15023 = LINE('',#15024,#15025);
#15024 = CARTESIAN_POINT('',(0.,25.2));
#15025 = VECTOR('',#15026,1.);
#15026 = DIRECTION('',(1.,0.));
#15027 = ( GEOMETRIC_REPRESENTATION_CONTEXT(2) 
PARAMETRIC_REPRESENTATION_CONTEXT() REPRESENTATION_CONTEXT('2D SPACE',''
  ) );
#15028 = PCURVE('',#13698,#15029);
#15029 = DEFINITIONAL_REPRESENTATION('',(#15030),#15034);
#15030 = LINE('',#15031,#15032);
#15031 = CARTESIAN_POINT('',(1.570796326795,0.));
#15032 = VECTOR('',#15033,1.);
#15033 = DIRECTION('',(0.,1.));
#15034 = ( GEOMETRIC_REPRESENTATION_CONTEXT(2) 
PARAMETRIC_REPRESENTATION_CONTEXT() REPRESENTATION_CONTEXT('2D SPACE',''
  ) );
#15035 = ORIENTED_EDGE('',*,*,#14407,.T.);
#15036 = ORIENTED_EDGE('',*,*,#14990,.T.);
#15037 = ORIENTED_EDGE('',*,*,#13710,.F.);
#15038 = ADVANCED_FACE('',(#15039),#13698,.F.);
#15039 = FACE_BOUND('',#15040,.F.);
#15040 = EDGE_LOOP('',(#15041,#15062,#15063,#15064));
#15041 = ORIENTED_EDGE('',*,*,#15042,.F.);
#15042 = EDGE_CURVE('',#14430,#13656,#15043,.T.);
#15043 = SURFACE_CURVE('',#15044,(#15048,#15055),.PCURVE_S1.);
#15044 = LINE('',#15045,#15046);
#15045 = CARTESIAN_POINT('',(26.6,38.1,22.98));
#15046 = VECTOR('',#15047,1.);
#15047 = DIRECTION('',(0.,0.,1.));
#15048 = PCURVE('',#13698,#15049);
#15049 = DEFINITIONAL_REPRESENTATION('',(#15050),#15054);
#15050 = LINE('',#15051,#15052);
#15051 = CARTESIAN_POINT('',(0.,0.));
#15052 = VECTOR('',#15053,1.);
#15053 = DIRECTION('',(0.,1.));
#15054 = ( GEOMETRIC_REPRESENTATION_CONTEXT(2) 
PARAMETRIC_REPRESENTATION_CONTEXT() REPRESENTATION_CONTEXT('2D SPACE',''
  ) );
#15055 = PCURVE('',#13670,#15056);
#15056 = DEFINITIONAL_REPRESENTATION('',(#15057),#15061);
#15057 = LINE('',#15058,#15059);
#15058 = CARTESIAN_POINT('',(0.,-76.7));
#15059 = VECTOR('',#15060,1.);
#15060 = DIRECTION('',(1.,0.));
#15061 = ( GEOMETRIC_REPRESENTATION_CONTEXT(2) 
PARAMETRIC_REPRESENTATION_CONTEXT() REPRESENTATION_CONTEXT('2D SPACE',''
  ) );
#15062 = ORIENTED_EDGE('',*,*,#14429,.T.);
#15063 = ORIENTED_EDGE('',*,*,#15015,.T.);
#15064 = ORIENTED_EDGE('',*,*,#13681,.F.);
#15065 = ADVANCED_FACE('',(#15066),#13670,.F.);
#15066 = FACE_BOUND('',#15067,.F.);
#15067 = EDGE_LOOP('',(#15068,#15069,#15090,#15091));
#15068 = ORIENTED_EDGE('',*,*,#13655,.F.);
#15069 = ORIENTED_EDGE('',*,*,#15070,.F.);
#15070 = EDGE_CURVE('',#14454,#13627,#15071,.T.);
#15071 = SURFACE_CURVE('',#15072,(#15076,#15083),.PCURVE_S1.);
#15072 = LINE('',#15073,#15074);
#15073 = CARTESIAN_POINT('',(26.6,-38.1,22.98));
#15074 = VECTOR('',#15075,1.);
#15075 = DIRECTION('',(0.,0.,1.));
#15076 = PCURVE('',#13670,#15077);
#15077 = DEFINITIONAL_REPRESENTATION('',(#15078),#15082);
#15078 = LINE('',#15079,#15080);
#15079 = CARTESIAN_POINT('',(0.,-0.5));
#15080 = VECTOR('',#15081,1.);
#15081 = DIRECTION('',(1.,0.));
#15082 = ( GEOMETRIC_REPRESENTATION_CONTEXT(2) 
PARAMETRIC_REPRESENTATION_CONTEXT() REPRESENTATION_CONTEXT('2D SPACE',''
  ) );
#15083 = PCURVE('',#13643,#15084);
#15084 = DEFINITIONAL_REPRESENTATION('',(#15085),#15089);
#15085 = LINE('',#15086,#15087);
#15086 = CARTESIAN_POINT('',(-0.,0.));
#15087 = VECTOR('',#15088,1.);
#15088 = DIRECTION('',(-0.,1.));
#15089 = ( GEOMETRIC_REPRESENTATION_CONTEXT(2) 
PARAMETRIC_REPRESENTATION_CONTEXT() REPRESENTATION_CONTEXT('2D SPACE',''
  ) );
#15090 = ORIENTED_EDGE('',*,*,#14453,.T.);
#15091 = ORIENTED_EDGE('',*,*,#15042,.T.);
#15092 = ADVANCED_FACE('',(#15093),#13643,.F.);
#15093 = FACE_BOUND('',#15094,.T.);
#15094 = EDGE_LOOP('',(#15095,#15096,#15097,#15118));
#15095 = ORIENTED_EDGE('',*,*,#15070,.F.);
#15096 = ORIENTED_EDGE('',*,*,#14475,.F.);
#15097 = ORIENTED_EDGE('',*,*,#15098,.T.);
#15098 = EDGE_CURVE('',#14476,#13601,#15099,.T.);
#15099 = SURFACE_CURVE('',#15100,(#15104,#15111),.PCURVE_S1.);
#15100 = LINE('',#15101,#15102);
#15101 = CARTESIAN_POINT('',(26.1,-38.6,22.98));
#15102 = VECTOR('',#15103,1.);
#15103 = DIRECTION('',(0.,0.,1.));
#15104 = PCURVE('',#13643,#15105);
#15105 = DEFINITIONAL_REPRESENTATION('',(#15106),#15110);
#15106 = LINE('',#15107,#15108);
#15107 = CARTESIAN_POINT('',(-1.570796326795,0.));
#15108 = VECTOR('',#15109,1.);
#15109 = DIRECTION('',(-0.,1.));
#15110 = ( GEOMETRIC_REPRESENTATION_CONTEXT(2) 
PARAMETRIC_REPRESENTATION_CONTEXT() REPRESENTATION_CONTEXT('2D SPACE',''
  ) );
#15111 = PCURVE('',#13615,#15112);
#15112 = DEFINITIONAL_REPRESENTATION('',(#15113),#15117);
#15113 = LINE('',#15114,#15115);
#15114 = CARTESIAN_POINT('',(0.,25.2));
#15115 = VECTOR('',#15116,1.);
#15116 = DIRECTION('',(1.,0.));
#15117 = ( GEOMETRIC_REPRESENTATION_CONTEXT(2) 
PARAMETRIC_REPRESENTATION_CONTEXT() REPRESENTATION_CONTEXT('2D SPACE',''
  ) );
#15118 = ORIENTED_EDGE('',*,*,#13626,.T.);
#15119 = ADVANCED_FACE('',(#15120),#13615,.T.);
#15120 = FACE_BOUND('',#15121,.T.);
#15121 = EDGE_LOOP('',(#15122,#15123,#15124,#15143));
#15122 = ORIENTED_EDGE('',*,*,#15098,.F.);
#15123 = ORIENTED_EDGE('',*,*,#14499,.T.);
#15124 = ORIENTED_EDGE('',*,*,#15125,.F.);
#15125 = EDGE_CURVE('',#13575,#14500,#15126,.T.);
#15126 = SURFACE_CURVE('',#15127,(#15131,#15137),.PCURVE_S1.);
#15127 = LINE('',#15128,#15129);
#15128 = CARTESIAN_POINT('',(21.3,-38.6,22.99));
#15129 = VECTOR('',#15130,1.);
#15130 = DIRECTION('',(0.,0.,-1.));
#15131 = PCURVE('',#13615,#15132);
#15132 = DEFINITIONAL_REPRESENTATION('',(#15133),#15136);
#15133 = B_SPLINE_CURVE_WITH_KNOTS('',1,(#15134,#15135),.UNSPECIFIED.,
  .F.,.F.,(2,2),(-2.43,-9.999999999998E-03),.PIECEWISE_BEZIER_KNOTS.);
#15134 = CARTESIAN_POINT('',(2.44,20.4));
#15135 = CARTESIAN_POINT('',(2.E-02,20.4));
#15136 = ( GEOMETRIC_REPRESENTATION_CONTEXT(2) 
PARAMETRIC_REPRESENTATION_CONTEXT() REPRESENTATION_CONTEXT('2D SPACE',''
  ) );
#15137 = PCURVE('',#13589,#15138);
#15138 = DEFINITIONAL_REPRESENTATION('',(#15139),#15142);
#15139 = B_SPLINE_CURVE_WITH_KNOTS('',1,(#15140,#15141),.UNSPECIFIED.,
  .F.,.F.,(2,2),(-2.43,-9.999999999998E-03),.PIECEWISE_BEZIER_KNOTS.);
#15140 = CARTESIAN_POINT('',(2.42,-4.4));
#15141 = CARTESIAN_POINT('',(0.,-4.4));
#15142 = ( GEOMETRIC_REPRESENTATION_CONTEXT(2) 
PARAMETRIC_REPRESENTATION_CONTEXT() REPRESENTATION_CONTEXT('2D SPACE',''
  ) );
#15143 = ORIENTED_EDGE('',*,*,#13600,.F.);
#15144 = ADVANCED_FACE('',(#15145),#13589,.F.);
#15145 = FACE_BOUND('',#15146,.F.);
#15146 = EDGE_LOOP('',(#15147,#15148,#15167,#15168));
#15147 = ORIENTED_EDGE('',*,*,#13574,.F.);
#15148 = ORIENTED_EDGE('',*,*,#15149,.T.);
#15149 = EDGE_CURVE('',#13549,#14522,#15150,.T.);
#15150 = SURFACE_CURVE('',#15151,(#15155,#15161),.PCURVE_S1.);
#15151 = LINE('',#15152,#15153);
#15152 = CARTESIAN_POINT('',(21.3,-39.8,23.));
#15153 = VECTOR('',#15154,1.);
#15154 = DIRECTION('',(0.,0.,-1.));
#15155 = PCURVE('',#13589,#15156);
#15156 = DEFINITIONAL_REPRESENTATION('',(#15157),#15160);
#15157 = B_SPLINE_CURVE_WITH_KNOTS('',1,(#15158,#15159),.UNSPECIFIED.,
  .F.,.F.,(2,2),(-2.42,0.),.PIECEWISE_BEZIER_KNOTS.);
#15158 = CARTESIAN_POINT('',(2.42,-3.2));
#15159 = CARTESIAN_POINT('',(0.,-3.2));
#15160 = ( GEOMETRIC_REPRESENTATION_CONTEXT(2) 
PARAMETRIC_REPRESENTATION_CONTEXT() REPRESENTATION_CONTEXT('2D SPACE',''
  ) );
#15161 = PCURVE('',#13563,#15162);
#15162 = DEFINITIONAL_REPRESENTATION('',(#15163),#15166);
#15163 = B_SPLINE_CURVE_WITH_KNOTS('',1,(#15164,#15165),.UNSPECIFIED.,
  .F.,.F.,(2,2),(-2.42,0.),.PIECEWISE_BEZIER_KNOTS.);
#15164 = CARTESIAN_POINT('',(2.42,21.6));
#15165 = CARTESIAN_POINT('',(0.,21.6));
#15166 = ( GEOMETRIC_REPRESENTATION_CONTEXT(2) 
PARAMETRIC_REPRESENTATION_CONTEXT() REPRESENTATION_CONTEXT('2D SPACE',''
  ) );
#15167 = ORIENTED_EDGE('',*,*,#14521,.T.);
#15168 = ORIENTED_EDGE('',*,*,#15125,.F.);
#15169 = ADVANCED_FACE('',(#15170),#13563,.F.);
#15170 = FACE_BOUND('',#15171,.F.);
#15171 = EDGE_LOOP('',(#15172,#15173,#15174,#15175));
#15172 = ORIENTED_EDGE('',*,*,#14544,.F.);
#15173 = ORIENTED_EDGE('',*,*,#15149,.F.);
#15174 = ORIENTED_EDGE('',*,*,#13548,.F.);
#15175 = ORIENTED_EDGE('',*,*,#15176,.F.);
#15176 = EDGE_CURVE('',#14545,#13520,#15177,.T.);
#15177 = SURFACE_CURVE('',#15178,(#15182,#15189),.PCURVE_S1.);
#15178 = LINE('',#15179,#15180);
#15179 = CARTESIAN_POINT('',(26.2,-39.8,23.));
#15180 = VECTOR('',#15181,1.);
#15181 = DIRECTION('',(0.,0.,1.));
#15182 = PCURVE('',#13563,#15183);
#15183 = DEFINITIONAL_REPRESENTATION('',(#15184),#15188);
#15184 = LINE('',#15185,#15186);
#15185 = CARTESIAN_POINT('',(0.,26.5));
#15186 = VECTOR('',#15187,1.);
#15187 = DIRECTION('',(1.,0.));
#15188 = ( GEOMETRIC_REPRESENTATION_CONTEXT(2) 
PARAMETRIC_REPRESENTATION_CONTEXT() REPRESENTATION_CONTEXT('2D SPACE',''
  ) );
#15189 = PCURVE('',#13536,#15190);
#15190 = DEFINITIONAL_REPRESENTATION('',(#15191),#15195);
#15191 = LINE('',#15192,#15193);
#15192 = CARTESIAN_POINT('',(-1.570796326795,0.));
#15193 = VECTOR('',#15194,1.);
#15194 = DIRECTION('',(-0.,1.));
#15195 = ( GEOMETRIC_REPRESENTATION_CONTEXT(2) 
PARAMETRIC_REPRESENTATION_CONTEXT() REPRESENTATION_CONTEXT('2D SPACE',''
  ) );
#15196 = ADVANCED_FACE('',(#15197),#13536,.T.);
#15197 = FACE_BOUND('',#15198,.F.);
#15198 = EDGE_LOOP('',(#15199,#15220,#15221,#15222));
#15199 = ORIENTED_EDGE('',*,*,#15200,.F.);
#15200 = EDGE_CURVE('',#14568,#13494,#15201,.T.);
#15201 = SURFACE_CURVE('',#15202,(#15206,#15213),.PCURVE_S1.);
#15202 = LINE('',#15203,#15204);
#15203 = CARTESIAN_POINT('',(27.8,-38.2,23.));
#15204 = VECTOR('',#15205,1.);
#15205 = DIRECTION('',(0.,0.,1.));
#15206 = PCURVE('',#13536,#15207);
#15207 = DEFINITIONAL_REPRESENTATION('',(#15208),#15212);
#15208 = LINE('',#15209,#15210);
#15209 = CARTESIAN_POINT('',(-0.,0.));
#15210 = VECTOR('',#15211,1.);
#15211 = DIRECTION('',(-0.,1.));
#15212 = ( GEOMETRIC_REPRESENTATION_CONTEXT(2) 
PARAMETRIC_REPRESENTATION_CONTEXT() REPRESENTATION_CONTEXT('2D SPACE',''
  ) );
#15213 = PCURVE('',#13508,#15214);
#15214 = DEFINITIONAL_REPRESENTATION('',(#15215),#15219);
#15215 = LINE('',#15216,#15217);
#15216 = CARTESIAN_POINT('',(0.,-1.6));
#15217 = VECTOR('',#15218,1.);
#15218 = DIRECTION('',(1.,0.));
#15219 = ( GEOMETRIC_REPRESENTATION_CONTEXT(2) 
PARAMETRIC_REPRESENTATION_CONTEXT() REPRESENTATION_CONTEXT('2D SPACE',''
  ) );
#15220 = ORIENTED_EDGE('',*,*,#14567,.T.);
#15221 = ORIENTED_EDGE('',*,*,#15176,.T.);
#15222 = ORIENTED_EDGE('',*,*,#13519,.T.);
#15223 = ADVANCED_FACE('',(#15224),#13508,.T.);
#15224 = FACE_BOUND('',#15225,.T.);
#15225 = EDGE_LOOP('',(#15226,#15227,#15228,#15229));
#15226 = ORIENTED_EDGE('',*,*,#13493,.F.);
#15227 = ORIENTED_EDGE('',*,*,#15200,.F.);
#15228 = ORIENTED_EDGE('',*,*,#14595,.T.);
#15229 = ORIENTED_EDGE('',*,*,#15230,.F.);
#15230 = EDGE_CURVE('',#13465,#14596,#15231,.T.);
#15231 = SURFACE_CURVE('',#15232,(#15236,#15242),.PCURVE_S1.);
#15232 = LINE('',#15233,#15234);
#15233 = CARTESIAN_POINT('',(27.8,-24.34292856399,23.));
#15234 = VECTOR('',#15235,1.);
#15235 = DIRECTION('',(-0.,-0.,-1.));
#15236 = PCURVE('',#13508,#15237);
#15237 = DEFINITIONAL_REPRESENTATION('',(#15238),#15241);
#15238 = B_SPLINE_CURVE_WITH_KNOTS('',1,(#15239,#15240),.UNSPECIFIED.,
  .F.,.F.,(2,2),(-2.4200006,5.999999999062E-07),
  .PIECEWISE_BEZIER_KNOTS.);
#15239 = CARTESIAN_POINT('',(2.4200006,-15.45707143601));
#15240 = CARTESIAN_POINT('',(-5.999999999062E-07,-15.45707143601));
#15241 = ( GEOMETRIC_REPRESENTATION_CONTEXT(2) 
PARAMETRIC_REPRESENTATION_CONTEXT() REPRESENTATION_CONTEXT('2D SPACE',''
  ) );
#15242 = PCURVE('',#13481,#15243);
#15243 = DEFINITIONAL_REPRESENTATION('',(#15244),#15247);
#15244 = B_SPLINE_CURVE_WITH_KNOTS('',1,(#15245,#15246),.UNSPECIFIED.,
  .F.,.F.,(2,2),(-2.4,0.),.PIECEWISE_BEZIER_KNOTS.);
#15245 = CARTESIAN_POINT('',(-4.913746901175,-2.4));
#15246 = CARTESIAN_POINT('',(-4.913746901175,0.));
#15247 = ( GEOMETRIC_REPRESENTATION_CONTEXT(2) 
PARAMETRIC_REPRESENTATION_CONTEXT() REPRESENTATION_CONTEXT('2D SPACE',''
  ) );
#15248 = ADVANCED_FACE('',(#15249),#13481,.T.);
#15249 = FACE_BOUND('',#15250,.F.);
#15250 = EDGE_LOOP('',(#15251,#15252,#15271,#15272));
#15251 = ORIENTED_EDGE('',*,*,#13464,.T.);
#15252 = ORIENTED_EDGE('',*,*,#15253,.T.);
#15253 = EDGE_CURVE('',#13439,#14619,#15254,.T.);
#15254 = SURFACE_CURVE('',#15255,(#15259,#15265),.PCURVE_S1.);
#15255 = LINE('',#15256,#15257);
#15256 = CARTESIAN_POINT('',(27.8,-23.65707143601,23.));
#15257 = VECTOR('',#15258,1.);
#15258 = DIRECTION('',(-0.,-0.,-1.));
#15259 = PCURVE('',#13481,#15260);
#15260 = DEFINITIONAL_REPRESENTATION('',(#15261),#15264);
#15261 = B_SPLINE_CURVE_WITH_KNOTS('',1,(#15262,#15263),.UNSPECIFIED.,
  .F.,.F.,(2,2),(-2.4,0.),.PIECEWISE_BEZIER_KNOTS.);
#15262 = CARTESIAN_POINT('',(-7.652623713184,-2.4));
#15263 = CARTESIAN_POINT('',(-7.652623713184,0.));
#15264 = ( GEOMETRIC_REPRESENTATION_CONTEXT(2) 
PARAMETRIC_REPRESENTATION_CONTEXT() REPRESENTATION_CONTEXT('2D SPACE',''
  ) );
#15265 = PCURVE('',#13453,#15266);
#15266 = DEFINITIONAL_REPRESENTATION('',(#15267),#15270);
#15267 = B_SPLINE_CURVE_WITH_KNOTS('',1,(#15268,#15269),.UNSPECIFIED.,
  .F.,.F.,(2,2),(-2.4200006,5.999999999062E-07),
  .PIECEWISE_BEZIER_KNOTS.);
#15268 = CARTESIAN_POINT('',(2.4200006,-16.14292856399));
#15269 = CARTESIAN_POINT('',(-5.999999999062E-07,-16.14292856399));
#15270 = ( GEOMETRIC_REPRESENTATION_CONTEXT(2) 
PARAMETRIC_REPRESENTATION_CONTEXT() REPRESENTATION_CONTEXT('2D SPACE',''
  ) );
#15271 = ORIENTED_EDGE('',*,*,#14618,.F.);
#15272 = ORIENTED_EDGE('',*,*,#15230,.F.);
#15273 = ADVANCED_FACE('',(#15274),#13453,.T.);
#15274 = FACE_BOUND('',#15275,.T.);
#15275 = EDGE_LOOP('',(#15276,#15277,#15278,#15279));
#15276 = ORIENTED_EDGE('',*,*,#13438,.F.);
#15277 = ORIENTED_EDGE('',*,*,#15253,.T.);
#15278 = ORIENTED_EDGE('',*,*,#14642,.T.);
#15279 = ORIENTED_EDGE('',*,*,#15280,.F.);
#15280 = EDGE_CURVE('',#13410,#14643,#15281,.T.);
#15281 = SURFACE_CURVE('',#15282,(#15286,#15292),.PCURVE_S1.);
#15282 = LINE('',#15283,#15284);
#15283 = CARTESIAN_POINT('',(27.8,23.65707143601,23.));
#15284 = VECTOR('',#15285,1.);
#15285 = DIRECTION('',(-0.,-0.,-1.));
#15286 = PCURVE('',#13453,#15287);
#15287 = DEFINITIONAL_REPRESENTATION('',(#15288),#15291);
#15288 = B_SPLINE_CURVE_WITH_KNOTS('',1,(#15289,#15290),.UNSPECIFIED.,
  .F.,.F.,(2,2),(-2.4200006,5.999999999062E-07),
  .PIECEWISE_BEZIER_KNOTS.);
#15289 = CARTESIAN_POINT('',(2.4200006,-63.45707143601));
#15290 = CARTESIAN_POINT('',(-5.999999999062E-07,-63.45707143601));
#15291 = ( GEOMETRIC_REPRESENTATION_CONTEXT(2) 
PARAMETRIC_REPRESENTATION_CONTEXT() REPRESENTATION_CONTEXT('2D SPACE',''
  ) );
#15292 = PCURVE('',#13426,#15293);
#15293 = DEFINITIONAL_REPRESENTATION('',(#15294),#15297);
#15294 = B_SPLINE_CURVE_WITH_KNOTS('',1,(#15295,#15296),.UNSPECIFIED.,
  .F.,.F.,(2,2),(-2.4,0.),.PIECEWISE_BEZIER_KNOTS.);
#15295 = CARTESIAN_POINT('',(-4.913746901175,-2.4));
#15296 = CARTESIAN_POINT('',(-4.913746901175,0.));
#15297 = ( GEOMETRIC_REPRESENTATION_CONTEXT(2) 
PARAMETRIC_REPRESENTATION_CONTEXT() REPRESENTATION_CONTEXT('2D SPACE',''
  ) );
#15298 = ADVANCED_FACE('',(#15299),#13426,.T.);
#15299 = FACE_BOUND('',#15300,.F.);
#15300 = EDGE_LOOP('',(#15301,#15302,#15321,#15322));
#15301 = ORIENTED_EDGE('',*,*,#13409,.T.);
#15302 = ORIENTED_EDGE('',*,*,#15303,.T.);
#15303 = EDGE_CURVE('',#13384,#14666,#15304,.T.);
#15304 = SURFACE_CURVE('',#15305,(#15309,#15315),.PCURVE_S1.);
#15305 = LINE('',#15306,#15307);
#15306 = CARTESIAN_POINT('',(27.8,24.34292856399,23.));
#15307 = VECTOR('',#15308,1.);
#15308 = DIRECTION('',(-0.,-0.,-1.));
#15309 = PCURVE('',#13426,#15310);
#15310 = DEFINITIONAL_REPRESENTATION('',(#15311),#15314);
#15311 = B_SPLINE_CURVE_WITH_KNOTS('',1,(#15312,#15313),.UNSPECIFIED.,
  .F.,.F.,(2,2),(-2.4,0.),.PIECEWISE_BEZIER_KNOTS.);
#15312 = CARTESIAN_POINT('',(-7.652623713184,-2.4));
#15313 = CARTESIAN_POINT('',(-7.652623713184,0.));
#15314 = ( GEOMETRIC_REPRESENTATION_CONTEXT(2) 
PARAMETRIC_REPRESENTATION_CONTEXT() REPRESENTATION_CONTEXT('2D SPACE',''
  ) );
#15315 = PCURVE('',#13398,#15316);
#15316 = DEFINITIONAL_REPRESENTATION('',(#15317),#15320);
#15317 = B_SPLINE_CURVE_WITH_KNOTS('',1,(#15318,#15319),.UNSPECIFIED.,
  .F.,.F.,(2,2),(-2.4200006,5.999999999062E-07),
  .PIECEWISE_BEZIER_KNOTS.);
#15318 = CARTESIAN_POINT('',(2.4200006,-64.14292856399));
#15319 = CARTESIAN_POINT('',(-5.999999999062E-07,-64.14292856399));
#15320 = ( GEOMETRIC_REPRESENTATION_CONTEXT(2) 
PARAMETRIC_REPRESENTATION_CONTEXT() REPRESENTATION_CONTEXT('2D SPACE',''
  ) );
#15321 = ORIENTED_EDGE('',*,*,#14665,.F.);
#15322 = ORIENTED_EDGE('',*,*,#15280,.F.);
#15323 = ADVANCED_FACE('',(#15324),#13398,.T.);
#15324 = FACE_BOUND('',#15325,.T.);
#15325 = EDGE_LOOP('',(#15326,#15327,#15328,#15329));
#15326 = ORIENTED_EDGE('',*,*,#13383,.F.);
#15327 = ORIENTED_EDGE('',*,*,#15303,.T.);
#15328 = ORIENTED_EDGE('',*,*,#14689,.T.);
#15329 = ORIENTED_EDGE('',*,*,#15330,.T.);
#15330 = EDGE_CURVE('',#14690,#13355,#15331,.T.);
#15331 = SURFACE_CURVE('',#15332,(#15336,#15343),.PCURVE_S1.);
#15332 = LINE('',#15333,#15334);
#15333 = CARTESIAN_POINT('',(27.8,38.2,23.));
#15334 = VECTOR('',#15335,1.);
#15335 = DIRECTION('',(0.,0.,1.));
#15336 = PCURVE('',#13398,#15337);
#15337 = DEFINITIONAL_REPRESENTATION('',(#15338),#15342);
#15338 = LINE('',#15339,#15340);
#15339 = CARTESIAN_POINT('',(0.,-78.));
#15340 = VECTOR('',#15341,1.);
#15341 = DIRECTION('',(1.,0.));
#15342 = ( GEOMETRIC_REPRESENTATION_CONTEXT(2) 
PARAMETRIC_REPRESENTATION_CONTEXT() REPRESENTATION_CONTEXT('2D SPACE',''
  ) );
#15343 = PCURVE('',#13371,#15344);
#15344 = DEFINITIONAL_REPRESENTATION('',(#15345),#15349);
#15345 = LINE('',#15346,#15347);
#15346 = CARTESIAN_POINT('',(0.,0.));
#15347 = VECTOR('',#15348,1.);
#15348 = DIRECTION('',(0.,1.));
#15349 = ( GEOMETRIC_REPRESENTATION_CONTEXT(2) 
PARAMETRIC_REPRESENTATION_CONTEXT() REPRESENTATION_CONTEXT('2D SPACE',''
  ) );
#15350 = ADVANCED_FACE('',(#15351),#13371,.T.);
#15351 = FACE_BOUND('',#15352,.T.);
#15352 = EDGE_LOOP('',(#15353,#15354,#15355,#15376));
#15353 = ORIENTED_EDGE('',*,*,#15330,.F.);
#15354 = ORIENTED_EDGE('',*,*,#14712,.T.);
#15355 = ORIENTED_EDGE('',*,*,#15356,.T.);
#15356 = EDGE_CURVE('',#14713,#13329,#15357,.T.);
#15357 = SURFACE_CURVE('',#15358,(#15362,#15369),.PCURVE_S1.);
#15358 = LINE('',#15359,#15360);
#15359 = CARTESIAN_POINT('',(26.2,39.8,23.));
#15360 = VECTOR('',#15361,1.);
#15361 = DIRECTION('',(0.,0.,1.));
#15362 = PCURVE('',#13371,#15363);
#15363 = DEFINITIONAL_REPRESENTATION('',(#15364),#15368);
#15364 = LINE('',#15365,#15366);
#15365 = CARTESIAN_POINT('',(1.570796326795,0.));
#15366 = VECTOR('',#15367,1.);
#15367 = DIRECTION('',(0.,1.));
#15368 = ( GEOMETRIC_REPRESENTATION_CONTEXT(2) 
PARAMETRIC_REPRESENTATION_CONTEXT() REPRESENTATION_CONTEXT('2D SPACE',''
  ) );
#15369 = PCURVE('',#13343,#15370);
#15370 = DEFINITIONAL_REPRESENTATION('',(#15371),#15375);
#15371 = LINE('',#15372,#15373);
#15372 = CARTESIAN_POINT('',(0.,26.5));
#15373 = VECTOR('',#15374,1.);
#15374 = DIRECTION('',(1.,0.));
#15375 = ( GEOMETRIC_REPRESENTATION_CONTEXT(2) 
PARAMETRIC_REPRESENTATION_CONTEXT() REPRESENTATION_CONTEXT('2D SPACE',''
  ) );
#15376 = ORIENTED_EDGE('',*,*,#13354,.F.);
#15377 = ADVANCED_FACE('',(#15378),#13343,.T.);
#15378 = FACE_BOUND('',#15379,.T.);
#15379 = EDGE_LOOP('',(#15380,#15381,#15402,#15403));
#15380 = ORIENTED_EDGE('',*,*,#14736,.F.);
#15381 = ORIENTED_EDGE('',*,*,#15382,.T.);
#15382 = EDGE_CURVE('',#14737,#13300,#15383,.T.);
#15383 = SURFACE_CURVE('',#15384,(#15388,#15395),.PCURVE_S1.);
#15384 = LINE('',#15385,#15386);
#15385 = CARTESIAN_POINT('',(1.3,39.8,23.));
#15386 = VECTOR('',#15387,1.);
#15387 = DIRECTION('',(0.,0.,1.));
#15388 = PCURVE('',#13343,#15389);
#15389 = DEFINITIONAL_REPRESENTATION('',(#15390),#15394);
#15390 = LINE('',#15391,#15392);
#15391 = CARTESIAN_POINT('',(0.,1.6));
#15392 = VECTOR('',#15393,1.);
#15393 = DIRECTION('',(1.,0.));
#15394 = ( GEOMETRIC_REPRESENTATION_CONTEXT(2) 
PARAMETRIC_REPRESENTATION_CONTEXT() REPRESENTATION_CONTEXT('2D SPACE',''
  ) );
#15395 = PCURVE('',#13316,#15396);
#15396 = DEFINITIONAL_REPRESENTATION('',(#15397),#15401);
#15397 = LINE('',#15398,#15399);
#15398 = CARTESIAN_POINT('',(-1.570796326795,0.));
#15399 = VECTOR('',#15400,1.);
#15400 = DIRECTION('',(-0.,1.));
#15401 = ( GEOMETRIC_REPRESENTATION_CONTEXT(2) 
PARAMETRIC_REPRESENTATION_CONTEXT() REPRESENTATION_CONTEXT('2D SPACE',''
  ) );
#15402 = ORIENTED_EDGE('',*,*,#13328,.F.);
#15403 = ORIENTED_EDGE('',*,*,#15356,.F.);
#15404 = ADVANCED_FACE('',(#15405),#13316,.T.);
#15405 = FACE_BOUND('',#15406,.F.);
#15406 = EDGE_LOOP('',(#15407,#15428,#15429,#15430));
#15407 = ORIENTED_EDGE('',*,*,#15408,.F.);
#15408 = EDGE_CURVE('',#14760,#13274,#15409,.T.);
#15409 = SURFACE_CURVE('',#15410,(#15414,#15421),.PCURVE_S1.);
#15410 = LINE('',#15411,#15412);
#15411 = CARTESIAN_POINT('',(-0.3,38.2,23.));
#15412 = VECTOR('',#15413,1.);
#15413 = DIRECTION('',(0.,0.,1.));
#15414 = PCURVE('',#13316,#15415);
#15415 = DEFINITIONAL_REPRESENTATION('',(#15416),#15420);
#15416 = LINE('',#15417,#15418);
#15417 = CARTESIAN_POINT('',(-0.,0.));
#15418 = VECTOR('',#15419,1.);
#15419 = DIRECTION('',(-0.,1.));
#15420 = ( GEOMETRIC_REPRESENTATION_CONTEXT(2) 
PARAMETRIC_REPRESENTATION_CONTEXT() REPRESENTATION_CONTEXT('2D SPACE',''
  ) );
#15421 = PCURVE('',#13288,#15422);
#15422 = DEFINITIONAL_REPRESENTATION('',(#15423),#15427);
#15423 = LINE('',#15424,#15425);
#15424 = CARTESIAN_POINT('',(0.,-78.));
#15425 = VECTOR('',#15426,1.);
#15426 = DIRECTION('',(1.,0.));
#15427 = ( GEOMETRIC_REPRESENTATION_CONTEXT(2) 
PARAMETRIC_REPRESENTATION_CONTEXT() REPRESENTATION_CONTEXT('2D SPACE',''
  ) );
#15428 = ORIENTED_EDGE('',*,*,#14759,.T.);
#15429 = ORIENTED_EDGE('',*,*,#15382,.T.);
#15430 = ORIENTED_EDGE('',*,*,#13299,.T.);
#15431 = ADVANCED_FACE('',(#15432),#13288,.F.);
#15432 = FACE_BOUND('',#15433,.F.);
#15433 = EDGE_LOOP('',(#15434,#15435,#15454,#15455));
#15434 = ORIENTED_EDGE('',*,*,#13273,.F.);
#15435 = ORIENTED_EDGE('',*,*,#15436,.T.);
#15436 = EDGE_CURVE('',#13241,#14788,#15437,.T.);
#15437 = SURFACE_CURVE('',#15438,(#15442,#15448),.PCURVE_S1.);
#15438 = LINE('',#15439,#15440);
#15439 = CARTESIAN_POINT('',(-0.3,24.34292856399,23.));
#15440 = VECTOR('',#15441,1.);
#15441 = DIRECTION('',(-0.,-0.,-1.));
#15442 = PCURVE('',#13288,#15443);
#15443 = DEFINITIONAL_REPRESENTATION('',(#15444),#15447);
#15444 = B_SPLINE_CURVE_WITH_KNOTS('',1,(#15445,#15446),.UNSPECIFIED.,
  .F.,.F.,(2,2),(-2.4200006,5.999999999062E-07),
  .PIECEWISE_BEZIER_KNOTS.);
#15445 = CARTESIAN_POINT('',(2.4200006,-64.14292856399));
#15446 = CARTESIAN_POINT('',(-5.999999999062E-07,-64.14292856399));
#15447 = ( GEOMETRIC_REPRESENTATION_CONTEXT(2) 
PARAMETRIC_REPRESENTATION_CONTEXT() REPRESENTATION_CONTEXT('2D SPACE',''
  ) );
#15448 = PCURVE('',#13261,#15449);
#15449 = DEFINITIONAL_REPRESENTATION('',(#15450),#15453);
#15450 = B_SPLINE_CURVE_WITH_KNOTS('',1,(#15451,#15452),.UNSPECIFIED.,
  .F.,.F.,(2,2),(-2.4200006,5.999999999062E-07),
  .PIECEWISE_BEZIER_KNOTS.);
#15451 = CARTESIAN_POINT('',(-1.772154247585,-2.4200006));
#15452 = CARTESIAN_POINT('',(-1.772154247585,5.999999999062E-07));
#15453 = ( GEOMETRIC_REPRESENTATION_CONTEXT(2) 
PARAMETRIC_REPRESENTATION_CONTEXT() REPRESENTATION_CONTEXT('2D SPACE',''
  ) );
#15454 = ORIENTED_EDGE('',*,*,#14787,.T.);
#15455 = ORIENTED_EDGE('',*,*,#15408,.T.);
#15456 = ADVANCED_FACE('',(#15457),#13261,.T.);
#15457 = FACE_BOUND('',#15458,.F.);
#15458 = EDGE_LOOP('',(#15459,#15460,#15461,#15462));
#15459 = ORIENTED_EDGE('',*,*,#14810,.F.);
#15460 = ORIENTED_EDGE('',*,*,#15436,.F.);
#15461 = ORIENTED_EDGE('',*,*,#13240,.F.);
#15462 = ORIENTED_EDGE('',*,*,#15463,.T.);
#15463 = EDGE_CURVE('',#13215,#14811,#15464,.T.);
#15464 = SURFACE_CURVE('',#15465,(#15469,#15475),.PCURVE_S1.);
#15465 = LINE('',#15466,#15467);
#15466 = CARTESIAN_POINT('',(-0.3,23.65707143601,23.));
#15467 = VECTOR('',#15468,1.);
#15468 = DIRECTION('',(-0.,-0.,-1.));
#15469 = PCURVE('',#13261,#15470);
#15470 = DEFINITIONAL_REPRESENTATION('',(#15471),#15474);
#15471 = B_SPLINE_CURVE_WITH_KNOTS('',1,(#15472,#15473),.UNSPECIFIED.,
  .F.,.F.,(2,2),(-2.4200006,5.999999999062E-07),
  .PIECEWISE_BEZIER_KNOTS.);
#15472 = CARTESIAN_POINT('',(-4.511031059594,-2.4200006));
#15473 = CARTESIAN_POINT('',(-4.511031059594,5.999999999062E-07));
#15474 = ( GEOMETRIC_REPRESENTATION_CONTEXT(2) 
PARAMETRIC_REPRESENTATION_CONTEXT() REPRESENTATION_CONTEXT('2D SPACE',''
  ) );
#15475 = PCURVE('',#13229,#15476);
#15476 = DEFINITIONAL_REPRESENTATION('',(#15477),#15480);
#15477 = B_SPLINE_CURVE_WITH_KNOTS('',1,(#15478,#15479),.UNSPECIFIED.,
  .F.,.F.,(2,2),(-2.4200006,5.999999999062E-07),
  .PIECEWISE_BEZIER_KNOTS.);
#15478 = CARTESIAN_POINT('',(2.4200006,-63.45707143601));
#15479 = CARTESIAN_POINT('',(-5.999999999062E-07,-63.45707143601));
#15480 = ( GEOMETRIC_REPRESENTATION_CONTEXT(2) 
PARAMETRIC_REPRESENTATION_CONTEXT() REPRESENTATION_CONTEXT('2D SPACE',''
  ) );
#15481 = ADVANCED_FACE('',(#15482),#13229,.F.);
#15482 = FACE_BOUND('',#15483,.F.);
#15483 = EDGE_LOOP('',(#15484,#15485,#15504,#15505));
#15484 = ORIENTED_EDGE('',*,*,#13214,.F.);
#15485 = ORIENTED_EDGE('',*,*,#15486,.T.);
#15486 = EDGE_CURVE('',#13182,#14835,#15487,.T.);
#15487 = SURFACE_CURVE('',#15488,(#15492,#15498),.PCURVE_S1.);
#15488 = LINE('',#15489,#15490);
#15489 = CARTESIAN_POINT('',(-0.3,-23.65707143601,23.));
#15490 = VECTOR('',#15491,1.);
#15491 = DIRECTION('',(-0.,-0.,-1.));
#15492 = PCURVE('',#13229,#15493);
#15493 = DEFINITIONAL_REPRESENTATION('',(#15494),#15497);
#15494 = B_SPLINE_CURVE_WITH_KNOTS('',1,(#15495,#15496),.UNSPECIFIED.,
  .F.,.F.,(2,2),(-2.4200006,5.999999999062E-07),
  .PIECEWISE_BEZIER_KNOTS.);
#15495 = CARTESIAN_POINT('',(2.4200006,-16.14292856399));
#15496 = CARTESIAN_POINT('',(-5.999999999062E-07,-16.14292856399));
#15497 = ( GEOMETRIC_REPRESENTATION_CONTEXT(2) 
PARAMETRIC_REPRESENTATION_CONTEXT() REPRESENTATION_CONTEXT('2D SPACE',''
  ) );
#15498 = PCURVE('',#13202,#15499);
#15499 = DEFINITIONAL_REPRESENTATION('',(#15500),#15503);
#15500 = B_SPLINE_CURVE_WITH_KNOTS('',1,(#15501,#15502),.UNSPECIFIED.,
  .F.,.F.,(2,2),(-2.4200006,5.999999999062E-07),
  .PIECEWISE_BEZIER_KNOTS.);
#15501 = CARTESIAN_POINT('',(-1.772154247585,-2.4200006));
#15502 = CARTESIAN_POINT('',(-1.772154247585,5.999999999062E-07));
#15503 = ( GEOMETRIC_REPRESENTATION_CONTEXT(2) 
PARAMETRIC_REPRESENTATION_CONTEXT() REPRESENTATION_CONTEXT('2D SPACE',''
  ) );
#15504 = ORIENTED_EDGE('',*,*,#14834,.T.);
#15505 = ORIENTED_EDGE('',*,*,#15463,.F.);
#15506 = ADVANCED_FACE('',(#15507),#13202,.T.);
#15507 = FACE_BOUND('',#15508,.F.);
#15508 = EDGE_LOOP('',(#15509,#15510,#15511,#15512));
#15509 = ORIENTED_EDGE('',*,*,#14857,.F.);
#15510 = ORIENTED_EDGE('',*,*,#15486,.F.);
#15511 = ORIENTED_EDGE('',*,*,#13181,.F.);
#15512 = ORIENTED_EDGE('',*,*,#15513,.T.);
#15513 = EDGE_CURVE('',#13156,#14247,#15514,.T.);
#15514 = SURFACE_CURVE('',#15515,(#15519,#15525),.PCURVE_S1.);
#15515 = LINE('',#15516,#15517);
#15516 = CARTESIAN_POINT('',(-0.3,-24.34292856399,23.));
#15517 = VECTOR('',#15518,1.);
#15518 = DIRECTION('',(-0.,-0.,-1.));
#15519 = PCURVE('',#13202,#15520);
#15520 = DEFINITIONAL_REPRESENTATION('',(#15521),#15524);
#15521 = B_SPLINE_CURVE_WITH_KNOTS('',1,(#15522,#15523),.UNSPECIFIED.,
  .F.,.F.,(2,2),(-2.4200006,5.999999999062E-07),
  .PIECEWISE_BEZIER_KNOTS.);
#15522 = CARTESIAN_POINT('',(-4.511031059594,-2.4200006));
#15523 = CARTESIAN_POINT('',(-4.511031059594,5.999999999062E-07));
#15524 = ( GEOMETRIC_REPRESENTATION_CONTEXT(2) 
PARAMETRIC_REPRESENTATION_CONTEXT() REPRESENTATION_CONTEXT('2D SPACE',''
  ) );
#15525 = PCURVE('',#13170,#15526);
#15526 = DEFINITIONAL_REPRESENTATION('',(#15527),#15530);
#15527 = B_SPLINE_CURVE_WITH_KNOTS('',1,(#15528,#15529),.UNSPECIFIED.,
  .F.,.F.,(2,2),(-2.4200006,5.999999999062E-07),
  .PIECEWISE_BEZIER_KNOTS.);
#15528 = CARTESIAN_POINT('',(2.4200006,-15.45707143601));
#15529 = CARTESIAN_POINT('',(-5.999999999062E-07,-15.45707143601));
#15530 = ( GEOMETRIC_REPRESENTATION_CONTEXT(2) 
PARAMETRIC_REPRESENTATION_CONTEXT() REPRESENTATION_CONTEXT('2D SPACE',''
  ) );
#15531 = ADVANCED_FACE('',(#15532),#13170,.F.);
#15532 = FACE_BOUND('',#15533,.F.);
#15533 = EDGE_LOOP('',(#15534,#15535,#15556,#15557));
#15534 = ORIENTED_EDGE('',*,*,#13155,.F.);
#15535 = ORIENTED_EDGE('',*,*,#15536,.F.);
#15536 = EDGE_CURVE('',#14245,#13125,#15537,.T.);
#15537 = SURFACE_CURVE('',#15538,(#15542,#15549),.PCURVE_S1.);
#15538 = LINE('',#15539,#15540);
#15539 = CARTESIAN_POINT('',(-0.3,-38.2,23.));
#15540 = VECTOR('',#15541,1.);
#15541 = DIRECTION('',(0.,0.,1.));
#15542 = PCURVE('',#13170,#15543);
#15543 = DEFINITIONAL_REPRESENTATION('',(#15544),#15548);
#15544 = LINE('',#15545,#15546);
#15545 = CARTESIAN_POINT('',(0.,-1.6));
#15546 = VECTOR('',#15547,1.);
#15547 = DIRECTION('',(1.,0.));
#15548 = ( GEOMETRIC_REPRESENTATION_CONTEXT(2) 
PARAMETRIC_REPRESENTATION_CONTEXT() REPRESENTATION_CONTEXT('2D SPACE',''
  ) );
#15549 = PCURVE('',#13143,#15550);
#15550 = DEFINITIONAL_REPRESENTATION('',(#15551),#15555);
#15551 = LINE('',#15552,#15553);
#15552 = CARTESIAN_POINT('',(0.,0.));
#15553 = VECTOR('',#15554,1.);
#15554 = DIRECTION('',(0.,1.));
#15555 = ( GEOMETRIC_REPRESENTATION_CONTEXT(2) 
PARAMETRIC_REPRESENTATION_CONTEXT() REPRESENTATION_CONTEXT('2D SPACE',''
  ) );
#15556 = ORIENTED_EDGE('',*,*,#14244,.T.);
#15557 = ORIENTED_EDGE('',*,*,#15513,.F.);
#15558 = ADVANCED_FACE('',(#15559),#13143,.T.);
#15559 = FACE_BOUND('',#15560,.T.);
#15560 = EDGE_LOOP('',(#15561,#15562,#15563,#15564));
#15561 = ORIENTED_EDGE('',*,*,#15536,.F.);
#15562 = ORIENTED_EDGE('',*,*,#14269,.T.);
#15563 = ORIENTED_EDGE('',*,*,#14200,.T.);
#15564 = ORIENTED_EDGE('',*,*,#13124,.F.);
#15565 = ADVANCED_FACE('',(#15566),#12854,.F.);
#15566 = FACE_BOUND('',#15567,.F.);
#15567 = EDGE_LOOP('',(#15568,#15569,#15570,#15571));
#15568 = ORIENTED_EDGE('',*,*,#14120,.T.);
#15569 = ORIENTED_EDGE('',*,*,#12956,.T.);
#15570 = ORIENTED_EDGE('',*,*,#12839,.F.);
#15571 = ORIENTED_EDGE('',*,*,#15572,.F.);
#15572 = EDGE_CURVE('',#14121,#12840,#15573,.T.);
#15573 = SURFACE_CURVE('',#15574,(#15578,#15585),.PCURVE_S1.);
#15574 = LINE('',#15575,#15576);
#15575 = CARTESIAN_POINT('',(8.7,25.3,25.38));
#15576 = VECTOR('',#15577,1.);
#15577 = DIRECTION('',(0.,0.,1.));
#15578 = PCURVE('',#12854,#15579);
#15579 = DEFINITIONAL_REPRESENTATION('',(#15580),#15584);
#15580 = LINE('',#15581,#15582);
#15581 = CARTESIAN_POINT('',(10.6,0.));
#15582 = VECTOR('',#15583,1.);
#15583 = DIRECTION('',(0.,-1.));
#15584 = ( GEOMETRIC_REPRESENTATION_CONTEXT(2) 
PARAMETRIC_REPRESENTATION_CONTEXT() REPRESENTATION_CONTEXT('2D SPACE',''
  ) );
#15585 = PCURVE('',#12884,#15586);
#15586 = DEFINITIONAL_REPRESENTATION('',(#15587),#15591);
#15587 = LINE('',#15588,#15589);
#15588 = CARTESIAN_POINT('',(0.,0.));
#15589 = VECTOR('',#15590,1.);
#15590 = DIRECTION('',(0.,-1.));
#15591 = ( GEOMETRIC_REPRESENTATION_CONTEXT(2) 
PARAMETRIC_REPRESENTATION_CONTEXT() REPRESENTATION_CONTEXT('2D SPACE',''
  ) );
#15592 = ADVANCED_FACE('',(#15593),#12884,.F.);
#15593 = FACE_BOUND('',#15594,.F.);
#15594 = EDGE_LOOP('',(#15595,#15596,#15597,#15598));
#15595 = ORIENTED_EDGE('',*,*,#14141,.F.);
#15596 = ORIENTED_EDGE('',*,*,#15572,.T.);
#15597 = ORIENTED_EDGE('',*,*,#12865,.T.);
#15598 = ORIENTED_EDGE('',*,*,#15599,.F.);
#15599 = EDGE_CURVE('',#14099,#12781,#15600,.T.);
#15600 = SURFACE_CURVE('',#15601,(#15605,#15612),.PCURVE_S1.);
#15601 = LINE('',#15602,#15603);
#15602 = CARTESIAN_POINT('',(8.7,26.7,25.38));
#15603 = VECTOR('',#15604,1.);
#15604 = DIRECTION('',(0.,0.,1.));
#15605 = PCURVE('',#12884,#15606);
#15606 = DEFINITIONAL_REPRESENTATION('',(#15607),#15611);
#15607 = LINE('',#15608,#15609);
#15608 = CARTESIAN_POINT('',(3.14159265359,0.));
#15609 = VECTOR('',#15610,1.);
#15610 = DIRECTION('',(0.,-1.));
#15611 = ( GEOMETRIC_REPRESENTATION_CONTEXT(2) 
PARAMETRIC_REPRESENTATION_CONTEXT() REPRESENTATION_CONTEXT('2D SPACE',''
  ) );
#15612 = PCURVE('',#12795,#15613);
#15613 = DEFINITIONAL_REPRESENTATION('',(#15614),#15618);
#15614 = LINE('',#15615,#15616);
#15615 = CARTESIAN_POINT('',(0.,0.));
#15616 = VECTOR('',#15617,1.);
#15617 = DIRECTION('',(0.,-1.));
#15618 = ( GEOMETRIC_REPRESENTATION_CONTEXT(2) 
PARAMETRIC_REPRESENTATION_CONTEXT() REPRESENTATION_CONTEXT('2D SPACE',''
  ) );
#15619 = ADVANCED_FACE('',(#15620),#12795,.F.);
#15620 = FACE_BOUND('',#15621,.F.);
#15621 = EDGE_LOOP('',(#15622,#15623,#15624,#15625));
#15622 = ORIENTED_EDGE('',*,*,#14098,.T.);
#15623 = ORIENTED_EDGE('',*,*,#15599,.T.);
#15624 = ORIENTED_EDGE('',*,*,#12778,.F.);
#15625 = ORIENTED_EDGE('',*,*,#12934,.F.);
#15626 = ADVANCED_FACE('',(#15627),#12734,.F.);
#15627 = FACE_BOUND('',#15628,.F.);
#15628 = EDGE_LOOP('',(#15629,#15630,#15651,#15652));
#15629 = ORIENTED_EDGE('',*,*,#14049,.T.);
#15630 = ORIENTED_EDGE('',*,*,#15631,.T.);
#15631 = EDGE_CURVE('',#14022,#12687,#15632,.T.);
#15632 = SURFACE_CURVE('',#15633,(#15637,#15644),.PCURVE_S1.);
#15633 = LINE('',#15634,#15635);
#15634 = CARTESIAN_POINT('',(19.3,22.3,25.38));
#15635 = VECTOR('',#15636,1.);
#15636 = DIRECTION('',(0.,0.,1.));
#15637 = PCURVE('',#12734,#15638);
#15638 = DEFINITIONAL_REPRESENTATION('',(#15639),#15643);
#15639 = LINE('',#15640,#15641);
#15640 = CARTESIAN_POINT('',(0.,-0.));
#15641 = VECTOR('',#15642,1.);
#15642 = DIRECTION('',(0.,-1.));
#15643 = ( GEOMETRIC_REPRESENTATION_CONTEXT(2) 
PARAMETRIC_REPRESENTATION_CONTEXT() REPRESENTATION_CONTEXT('2D SPACE',''
  ) );
#15644 = PCURVE('',#12707,#15645);
#15645 = DEFINITIONAL_REPRESENTATION('',(#15646),#15650);
#15646 = LINE('',#15647,#15648);
#15647 = CARTESIAN_POINT('',(3.14159265359,0.));
#15648 = VECTOR('',#15649,1.);
#15649 = DIRECTION('',(0.,-1.));
#15650 = ( GEOMETRIC_REPRESENTATION_CONTEXT(2) 
PARAMETRIC_REPRESENTATION_CONTEXT() REPRESENTATION_CONTEXT('2D SPACE',''
  ) );
#15651 = ORIENTED_EDGE('',*,*,#12719,.F.);
#15652 = ORIENTED_EDGE('',*,*,#15653,.F.);
#15653 = EDGE_CURVE('',#14050,#12720,#15654,.T.);
#15654 = SURFACE_CURVE('',#15655,(#15659,#15666),.PCURVE_S1.);
#15655 = LINE('',#15656,#15657);
#15656 = CARTESIAN_POINT('',(8.7,22.3,25.38));
#15657 = VECTOR('',#15658,1.);
#15658 = DIRECTION('',(0.,0.,1.));
#15659 = PCURVE('',#12734,#15660);
#15660 = DEFINITIONAL_REPRESENTATION('',(#15661),#15665);
#15661 = LINE('',#15662,#15663);
#15662 = CARTESIAN_POINT('',(10.6,0.));
#15663 = VECTOR('',#15664,1.);
#15664 = DIRECTION('',(0.,-1.));
#15665 = ( GEOMETRIC_REPRESENTATION_CONTEXT(2) 
PARAMETRIC_REPRESENTATION_CONTEXT() REPRESENTATION_CONTEXT('2D SPACE',''
  ) );
#15666 = PCURVE('',#12764,#15667);
#15667 = DEFINITIONAL_REPRESENTATION('',(#15668),#15672);
#15668 = LINE('',#15669,#15670);
#15669 = CARTESIAN_POINT('',(0.,0.));
#15670 = VECTOR('',#15671,1.);
#15671 = DIRECTION('',(0.,-1.));
#15672 = ( GEOMETRIC_REPRESENTATION_CONTEXT(2) 
PARAMETRIC_REPRESENTATION_CONTEXT() REPRESENTATION_CONTEXT('2D SPACE',''
  ) );
#15673 = ADVANCED_FACE('',(#15674),#12764,.F.);
#15674 = FACE_BOUND('',#15675,.F.);
#15675 = EDGE_LOOP('',(#15676,#15677,#15678,#15679));
#15676 = ORIENTED_EDGE('',*,*,#14070,.F.);
#15677 = ORIENTED_EDGE('',*,*,#15653,.T.);
#15678 = ORIENTED_EDGE('',*,*,#12745,.T.);
#15679 = ORIENTED_EDGE('',*,*,#15680,.F.);
#15680 = EDGE_CURVE('',#14001,#12661,#15681,.T.);
#15681 = SURFACE_CURVE('',#15682,(#15686,#15693),.PCURVE_S1.);
#15682 = LINE('',#15683,#15684);
#15683 = CARTESIAN_POINT('',(8.7,23.7,25.38));
#15684 = VECTOR('',#15685,1.);
#15685 = DIRECTION('',(0.,0.,1.));
#15686 = PCURVE('',#12764,#15687);
#15687 = DEFINITIONAL_REPRESENTATION('',(#15688),#15692);
#15688 = LINE('',#15689,#15690);
#15689 = CARTESIAN_POINT('',(3.14159265359,0.));
#15690 = VECTOR('',#15691,1.);
#15691 = DIRECTION('',(0.,-1.));
#15692 = ( GEOMETRIC_REPRESENTATION_CONTEXT(2) 
PARAMETRIC_REPRESENTATION_CONTEXT() REPRESENTATION_CONTEXT('2D SPACE',''
  ) );
#15693 = PCURVE('',#12675,#15694);
#15694 = DEFINITIONAL_REPRESENTATION('',(#15695),#15699);
#15695 = LINE('',#15696,#15697);
#15696 = CARTESIAN_POINT('',(0.,0.));
#15697 = VECTOR('',#15698,1.);
#15698 = DIRECTION('',(0.,-1.));
#15699 = ( GEOMETRIC_REPRESENTATION_CONTEXT(2) 
PARAMETRIC_REPRESENTATION_CONTEXT() REPRESENTATION_CONTEXT('2D SPACE',''
  ) );
#15700 = ADVANCED_FACE('',(#15701),#12707,.F.);
#15701 = FACE_BOUND('',#15702,.F.);
#15702 = EDGE_LOOP('',(#15703,#15704,#15725,#15726));
#15703 = ORIENTED_EDGE('',*,*,#14021,.F.);
#15704 = ORIENTED_EDGE('',*,*,#15705,.T.);
#15705 = EDGE_CURVE('',#13999,#12659,#15706,.T.);
#15706 = SURFACE_CURVE('',#15707,(#15711,#15718),.PCURVE_S1.);
#15707 = LINE('',#15708,#15709);
#15708 = CARTESIAN_POINT('',(19.3,23.7,25.38));
#15709 = VECTOR('',#15710,1.);
#15710 = DIRECTION('',(0.,0.,1.));
#15711 = PCURVE('',#12707,#15712);
#15712 = DEFINITIONAL_REPRESENTATION('',(#15713),#15717);
#15713 = LINE('',#15714,#15715);
#15714 = CARTESIAN_POINT('',(0.,0.));
#15715 = VECTOR('',#15716,1.);
#15716 = DIRECTION('',(0.,-1.));
#15717 = ( GEOMETRIC_REPRESENTATION_CONTEXT(2) 
PARAMETRIC_REPRESENTATION_CONTEXT() REPRESENTATION_CONTEXT('2D SPACE',''
  ) );
#15718 = PCURVE('',#12675,#15719);
#15719 = DEFINITIONAL_REPRESENTATION('',(#15720),#15724);
#15720 = LINE('',#15721,#15722);
#15721 = CARTESIAN_POINT('',(10.6,0.));
#15722 = VECTOR('',#15723,1.);
#15723 = DIRECTION('',(0.,-1.));
#15724 = ( GEOMETRIC_REPRESENTATION_CONTEXT(2) 
PARAMETRIC_REPRESENTATION_CONTEXT() REPRESENTATION_CONTEXT('2D SPACE',''
  ) );
#15725 = ORIENTED_EDGE('',*,*,#12686,.T.);
#15726 = ORIENTED_EDGE('',*,*,#15631,.F.);
#15727 = ADVANCED_FACE('',(#15728),#12675,.F.);
#15728 = FACE_BOUND('',#15729,.F.);
#15729 = EDGE_LOOP('',(#15730,#15731,#15732,#15733));
#15730 = ORIENTED_EDGE('',*,*,#13998,.T.);
#15731 = ORIENTED_EDGE('',*,*,#15680,.T.);
#15732 = ORIENTED_EDGE('',*,*,#12658,.F.);
#15733 = ORIENTED_EDGE('',*,*,#15705,.F.);
#15734 = ADVANCED_FACE('',(#15735),#12614,.F.);
#15735 = FACE_BOUND('',#15736,.F.);
#15736 = EDGE_LOOP('',(#15737,#15738,#15759,#15760));
#15737 = ORIENTED_EDGE('',*,*,#13949,.T.);
#15738 = ORIENTED_EDGE('',*,*,#15739,.T.);
#15739 = EDGE_CURVE('',#13922,#12567,#15740,.T.);
#15740 = SURFACE_CURVE('',#15741,(#15745,#15752),.PCURVE_S1.);
#15741 = LINE('',#15742,#15743);
#15742 = CARTESIAN_POINT('',(19.3,19.3,25.38));
#15743 = VECTOR('',#15744,1.);
#15744 = DIRECTION('',(0.,0.,1.));
#15745 = PCURVE('',#12614,#15746);
#15746 = DEFINITIONAL_REPRESENTATION('',(#15747),#15751);
#15747 = LINE('',#15748,#15749);
#15748 = CARTESIAN_POINT('',(0.,-0.));
#15749 = VECTOR('',#15750,1.);
#15750 = DIRECTION('',(0.,-1.));
#15751 = ( GEOMETRIC_REPRESENTATION_CONTEXT(2) 
PARAMETRIC_REPRESENTATION_CONTEXT() REPRESENTATION_CONTEXT('2D SPACE',''
  ) );
#15752 = PCURVE('',#12587,#15753);
#15753 = DEFINITIONAL_REPRESENTATION('',(#15754),#15758);
#15754 = LINE('',#15755,#15756);
#15755 = CARTESIAN_POINT('',(3.14159265359,0.));
#15756 = VECTOR('',#15757,1.);
#15757 = DIRECTION('',(0.,-1.));
#15758 = ( GEOMETRIC_REPRESENTATION_CONTEXT(2) 
PARAMETRIC_REPRESENTATION_CONTEXT() REPRESENTATION_CONTEXT('2D SPACE',''
  ) );
#15759 = ORIENTED_EDGE('',*,*,#12599,.F.);
#15760 = ORIENTED_EDGE('',*,*,#15761,.F.);
#15761 = EDGE_CURVE('',#13950,#12600,#15762,.T.);
#15762 = SURFACE_CURVE('',#15763,(#15767,#15774),.PCURVE_S1.);
#15763 = LINE('',#15764,#15765);
#15764 = CARTESIAN_POINT('',(8.7,19.3,25.38));
#15765 = VECTOR('',#15766,1.);
#15766 = DIRECTION('',(0.,0.,1.));
#15767 = PCURVE('',#12614,#15768);
#15768 = DEFINITIONAL_REPRESENTATION('',(#15769),#15773);
#15769 = LINE('',#15770,#15771);
#15770 = CARTESIAN_POINT('',(10.6,0.));
#15771 = VECTOR('',#15772,1.);
#15772 = DIRECTION('',(0.,-1.));
#15773 = ( GEOMETRIC_REPRESENTATION_CONTEXT(2) 
PARAMETRIC_REPRESENTATION_CONTEXT() REPRESENTATION_CONTEXT('2D SPACE',''
  ) );
#15774 = PCURVE('',#12644,#15775);
#15775 = DEFINITIONAL_REPRESENTATION('',(#15776),#15780);
#15776 = LINE('',#15777,#15778);
#15777 = CARTESIAN_POINT('',(0.,0.));
#15778 = VECTOR('',#15779,1.);
#15779 = DIRECTION('',(0.,-1.));
#15780 = ( GEOMETRIC_REPRESENTATION_CONTEXT(2) 
PARAMETRIC_REPRESENTATION_CONTEXT() REPRESENTATION_CONTEXT('2D SPACE',''
  ) );
#15781 = ADVANCED_FACE('',(#15782),#12644,.F.);
#15782 = FACE_BOUND('',#15783,.F.);
#15783 = EDGE_LOOP('',(#15784,#15785,#15786,#15787));
#15784 = ORIENTED_EDGE('',*,*,#13970,.F.);
#15785 = ORIENTED_EDGE('',*,*,#15761,.T.);
#15786 = ORIENTED_EDGE('',*,*,#12625,.T.);
#15787 = ORIENTED_EDGE('',*,*,#15788,.F.);
#15788 = EDGE_CURVE('',#13901,#12541,#15789,.T.);
#15789 = SURFACE_CURVE('',#15790,(#15794,#15801),.PCURVE_S1.);
#15790 = LINE('',#15791,#15792);
#15791 = CARTESIAN_POINT('',(8.7,20.7,25.38));
#15792 = VECTOR('',#15793,1.);
#15793 = DIRECTION('',(0.,0.,1.));
#15794 = PCURVE('',#12644,#15795);
#15795 = DEFINITIONAL_REPRESENTATION('',(#15796),#15800);
#15796 = LINE('',#15797,#15798);
#15797 = CARTESIAN_POINT('',(3.14159265359,0.));
#15798 = VECTOR('',#15799,1.);
#15799 = DIRECTION('',(0.,-1.));
#15800 = ( GEOMETRIC_REPRESENTATION_CONTEXT(2) 
PARAMETRIC_REPRESENTATION_CONTEXT() REPRESENTATION_CONTEXT('2D SPACE',''
  ) );
#15801 = PCURVE('',#12555,#15802);
#15802 = DEFINITIONAL_REPRESENTATION('',(#15803),#15807);
#15803 = LINE('',#15804,#15805);
#15804 = CARTESIAN_POINT('',(0.,0.));
#15805 = VECTOR('',#15806,1.);
#15806 = DIRECTION('',(0.,-1.));
#15807 = ( GEOMETRIC_REPRESENTATION_CONTEXT(2) 
PARAMETRIC_REPRESENTATION_CONTEXT() REPRESENTATION_CONTEXT('2D SPACE',''
  ) );
#15808 = ADVANCED_FACE('',(#15809),#12587,.F.);
#15809 = FACE_BOUND('',#15810,.F.);
#15810 = EDGE_LOOP('',(#15811,#15812,#15833,#15834));
#15811 = ORIENTED_EDGE('',*,*,#13921,.F.);
#15812 = ORIENTED_EDGE('',*,*,#15813,.T.);
#15813 = EDGE_CURVE('',#13899,#12539,#15814,.T.);
#15814 = SURFACE_CURVE('',#15815,(#15819,#15826),.PCURVE_S1.);
#15815 = LINE('',#15816,#15817);
#15816 = CARTESIAN_POINT('',(19.3,20.7,25.38));
#15817 = VECTOR('',#15818,1.);
#15818 = DIRECTION('',(0.,0.,1.));
#15819 = PCURVE('',#12587,#15820);
#15820 = DEFINITIONAL_REPRESENTATION('',(#15821),#15825);
#15821 = LINE('',#15822,#15823);
#15822 = CARTESIAN_POINT('',(0.,0.));
#15823 = VECTOR('',#15824,1.);
#15824 = DIRECTION('',(0.,-1.));
#15825 = ( GEOMETRIC_REPRESENTATION_CONTEXT(2) 
PARAMETRIC_REPRESENTATION_CONTEXT() REPRESENTATION_CONTEXT('2D SPACE',''
  ) );
#15826 = PCURVE('',#12555,#15827);
#15827 = DEFINITIONAL_REPRESENTATION('',(#15828),#15832);
#15828 = LINE('',#15829,#15830);
#15829 = CARTESIAN_POINT('',(10.6,0.));
#15830 = VECTOR('',#15831,1.);
#15831 = DIRECTION('',(0.,-1.));
#15832 = ( GEOMETRIC_REPRESENTATION_CONTEXT(2) 
PARAMETRIC_REPRESENTATION_CONTEXT() REPRESENTATION_CONTEXT('2D SPACE',''
  ) );
#15833 = ORIENTED_EDGE('',*,*,#12566,.T.);
#15834 = ORIENTED_EDGE('',*,*,#15739,.F.);
#15835 = ADVANCED_FACE('',(#15836),#12555,.F.);
#15836 = FACE_BOUND('',#15837,.F.);
#15837 = EDGE_LOOP('',(#15838,#15839,#15840,#15841));
#15838 = ORIENTED_EDGE('',*,*,#13898,.T.);
#15839 = ORIENTED_EDGE('',*,*,#15788,.T.);
#15840 = ORIENTED_EDGE('',*,*,#12538,.F.);
#15841 = ORIENTED_EDGE('',*,*,#15813,.F.);
#15842 = ADVANCED_FACE('',(#15843),#12469,.T.);
#15843 = FACE_BOUND('',#15844,.T.);
#15844 = EDGE_LOOP('',(#15845,#15846,#15867,#15868));
#15845 = ORIENTED_EDGE('',*,*,#12453,.F.);
#15846 = ORIENTED_EDGE('',*,*,#15847,.F.);
#15847 = EDGE_CURVE('',#13027,#12421,#15848,.T.);
#15848 = SURFACE_CURVE('',#15849,(#15853,#15860),.PCURVE_S1.);
#15849 = LINE('',#15850,#15851);
#15850 = CARTESIAN_POINT('',(30.,-38.,25.4));
#15851 = VECTOR('',#15852,1.);
#15852 = DIRECTION('',(0.,0.,1.));
#15853 = PCURVE('',#12469,#15854);
#15854 = DEFINITIONAL_REPRESENTATION('',(#15855),#15859);
#15855 = LINE('',#15856,#15857);
#15856 = CARTESIAN_POINT('',(0.,-4.));
#15857 = VECTOR('',#15858,1.);
#15858 = DIRECTION('',(1.,0.));
#15859 = ( GEOMETRIC_REPRESENTATION_CONTEXT(2) 
PARAMETRIC_REPRESENTATION_CONTEXT() REPRESENTATION_CONTEXT('2D SPACE',''
  ) );
#15860 = PCURVE('',#12441,#15861);
#15861 = DEFINITIONAL_REPRESENTATION('',(#15862),#15866);
#15862 = LINE('',#15863,#15864);
#15863 = CARTESIAN_POINT('',(-0.,0.));
#15864 = VECTOR('',#15865,1.);
#15865 = DIRECTION('',(-0.,1.));
#15866 = ( GEOMETRIC_REPRESENTATION_CONTEXT(2) 
PARAMETRIC_REPRESENTATION_CONTEXT() REPRESENTATION_CONTEXT('2D SPACE',''
  ) );
#15867 = ORIENTED_EDGE('',*,*,#13054,.T.);
#15868 = ORIENTED_EDGE('',*,*,#15869,.T.);
#15869 = EDGE_CURVE('',#13055,#12454,#15870,.T.);
#15870 = SURFACE_CURVE('',#15871,(#15875,#15882),.PCURVE_S1.);
#15871 = LINE('',#15872,#15873);
#15872 = CARTESIAN_POINT('',(30.,38.,25.4));
#15873 = VECTOR('',#15874,1.);
#15874 = DIRECTION('',(0.,0.,1.));
#15875 = PCURVE('',#12469,#15876);
#15876 = DEFINITIONAL_REPRESENTATION('',(#15877),#15881);
#15877 = LINE('',#15878,#15879);
#15878 = CARTESIAN_POINT('',(0.,-80.));
#15879 = VECTOR('',#15880,1.);
#15880 = DIRECTION('',(1.,0.));
#15881 = ( GEOMETRIC_REPRESENTATION_CONTEXT(2) 
PARAMETRIC_REPRESENTATION_CONTEXT() REPRESENTATION_CONTEXT('2D SPACE',''
  ) );
#15882 = PCURVE('',#12498,#15883);
#15883 = DEFINITIONAL_REPRESENTATION('',(#15884),#15888);
#15884 = LINE('',#15885,#15886);
#15885 = CARTESIAN_POINT('',(0.,0.));
#15886 = VECTOR('',#15887,1.);
#15887 = DIRECTION('',(0.,1.));
#15888 = ( GEOMETRIC_REPRESENTATION_CONTEXT(2) 
PARAMETRIC_REPRESENTATION_CONTEXT() REPRESENTATION_CONTEXT('2D SPACE',''
  ) );
#15889 = ADVANCED_FACE('',(#15890),#12498,.T.);
#15890 = FACE_BOUND('',#15891,.T.);
#15891 = EDGE_LOOP('',(#15892,#15893,#15914,#15915));
#15892 = ORIENTED_EDGE('',*,*,#13077,.T.);
#15893 = ORIENTED_EDGE('',*,*,#15894,.T.);
#15894 = EDGE_CURVE('',#13078,#12482,#15895,.T.);
#15895 = SURFACE_CURVE('',#15896,(#15900,#15907),.PCURVE_S1.);
#15896 = LINE('',#15897,#15898);
#15897 = CARTESIAN_POINT('',(26.,42.,25.4));
#15898 = VECTOR('',#15899,1.);
#15899 = DIRECTION('',(0.,0.,1.));
#15900 = PCURVE('',#12498,#15901);
#15901 = DEFINITIONAL_REPRESENTATION('',(#15902),#15906);
#15902 = LINE('',#15903,#15904);
#15903 = CARTESIAN_POINT('',(1.570796326795,0.));
#15904 = VECTOR('',#15905,1.);
#15905 = DIRECTION('',(0.,1.));
#15906 = ( GEOMETRIC_REPRESENTATION_CONTEXT(2) 
PARAMETRIC_REPRESENTATION_CONTEXT() REPRESENTATION_CONTEXT('2D SPACE',''
  ) );
#15907 = PCURVE('',#12524,#15908);
#15908 = DEFINITIONAL_REPRESENTATION('',(#15909),#15913);
#15909 = LINE('',#15910,#15911);
#15910 = CARTESIAN_POINT('',(0.,56.));
#15911 = VECTOR('',#15912,1.);
#15912 = DIRECTION('',(1.,0.));
#15913 = ( GEOMETRIC_REPRESENTATION_CONTEXT(2) 
PARAMETRIC_REPRESENTATION_CONTEXT() REPRESENTATION_CONTEXT('2D SPACE',''
  ) );
#15914 = ORIENTED_EDGE('',*,*,#12481,.F.);
#15915 = ORIENTED_EDGE('',*,*,#15869,.F.);
#15916 = ADVANCED_FACE('',(#15917),#12441,.T.);
#15917 = FACE_BOUND('',#15918,.F.);
#15918 = EDGE_LOOP('',(#15919,#15920,#15941,#15942));
#15919 = ORIENTED_EDGE('',*,*,#13026,.T.);
#15920 = ORIENTED_EDGE('',*,*,#15921,.T.);
#15921 = EDGE_CURVE('',#13004,#12393,#15922,.T.);
#15922 = SURFACE_CURVE('',#15923,(#15927,#15934),.PCURVE_S1.);
#15923 = LINE('',#15924,#15925);
#15924 = CARTESIAN_POINT('',(26.,-42.,25.4));
#15925 = VECTOR('',#15926,1.);
#15926 = DIRECTION('',(0.,0.,1.));
#15927 = PCURVE('',#12441,#15928);
#15928 = DEFINITIONAL_REPRESENTATION('',(#15929),#15933);
#15929 = LINE('',#15930,#15931);
#15930 = CARTESIAN_POINT('',(-1.570796326795,0.));
#15931 = VECTOR('',#15932,1.);
#15932 = DIRECTION('',(-0.,1.));
#15933 = ( GEOMETRIC_REPRESENTATION_CONTEXT(2) 
PARAMETRIC_REPRESENTATION_CONTEXT() REPRESENTATION_CONTEXT('2D SPACE',''
  ) );
#15934 = PCURVE('',#12408,#15935);
#15935 = DEFINITIONAL_REPRESENTATION('',(#15936),#15940);
#15936 = LINE('',#15937,#15938);
#15937 = CARTESIAN_POINT('',(0.,56.));
#15938 = VECTOR('',#15939,1.);
#15939 = DIRECTION('',(1.,0.));
#15940 = ( GEOMETRIC_REPRESENTATION_CONTEXT(2) 
PARAMETRIC_REPRESENTATION_CONTEXT() REPRESENTATION_CONTEXT('2D SPACE',''
  ) );
#15941 = ORIENTED_EDGE('',*,*,#12420,.F.);
#15942 = ORIENTED_EDGE('',*,*,#15847,.F.);
#15943 = ADVANCED_FACE('',(#15944),#12524,.T.);
#15944 = FACE_BOUND('',#15945,.T.);
#15945 = EDGE_LOOP('',(#15946,#15947,#15966,#15967));
#15946 = ORIENTED_EDGE('',*,*,#13101,.F.);
#15947 = ORIENTED_EDGE('',*,*,#15948,.F.);
#15948 = EDGE_CURVE('',#12362,#12983,#15949,.T.);
#15949 = SURFACE_CURVE('',#15950,(#15954,#15960),.PCURVE_S1.);
#15950 = LINE('',#15951,#15952);
#15951 = CARTESIAN_POINT('',(-1.4,42.,12.7));
#15952 = VECTOR('',#15953,1.);
#15953 = DIRECTION('',(0.,0.,-1.));
#15954 = PCURVE('',#12524,#15955);
#15955 = DEFINITIONAL_REPRESENTATION('',(#15956),#15959);
#15956 = B_SPLINE_CURVE_WITH_KNOTS('',1,(#15957,#15958),.UNSPECIFIED.,
  .F.,.F.,(2,2),(-14.5,-12.7),.PIECEWISE_BEZIER_KNOTS.);
#15957 = CARTESIAN_POINT('',(1.8,28.6));
#15958 = CARTESIAN_POINT('',(0.,28.6));
#15959 = ( GEOMETRIC_REPRESENTATION_CONTEXT(2) 
PARAMETRIC_REPRESENTATION_CONTEXT() REPRESENTATION_CONTEXT('2D SPACE',''
  ) );
#15960 = PCURVE('',#12381,#15961);
#15961 = DEFINITIONAL_REPRESENTATION('',(#15962),#15965);
#15962 = B_SPLINE_CURVE_WITH_KNOTS('',1,(#15963,#15964),.UNSPECIFIED.,
  .F.,.F.,(2,2),(-14.5,-12.7),.PIECEWISE_BEZIER_KNOTS.);
#15963 = CARTESIAN_POINT('',(27.2,-92.));
#15964 = CARTESIAN_POINT('',(25.4,-92.));
#15965 = ( GEOMETRIC_REPRESENTATION_CONTEXT(2) 
PARAMETRIC_REPRESENTATION_CONTEXT() REPRESENTATION_CONTEXT('2D SPACE',''
  ) );
#15966 = ORIENTED_EDGE('',*,*,#12510,.T.);
#15967 = ORIENTED_EDGE('',*,*,#15894,.F.);
#15968 = ADVANCED_FACE('',(#15969),#12408,.F.);
#15969 = FACE_BOUND('',#15970,.F.);
#15970 = EDGE_LOOP('',(#15971,#15972,#15991,#15992));
#15971 = ORIENTED_EDGE('',*,*,#13003,.F.);
#15972 = ORIENTED_EDGE('',*,*,#15973,.F.);
#15973 = EDGE_CURVE('',#12360,#12981,#15974,.T.);
#15974 = SURFACE_CURVE('',#15975,(#15979,#15985),.PCURVE_S1.);
#15975 = LINE('',#15976,#15977);
#15976 = CARTESIAN_POINT('',(-1.4,-42.,12.7));
#15977 = VECTOR('',#15978,1.);
#15978 = DIRECTION('',(0.,0.,-1.));
#15979 = PCURVE('',#12408,#15980);
#15980 = DEFINITIONAL_REPRESENTATION('',(#15981),#15984);
#15981 = B_SPLINE_CURVE_WITH_KNOTS('',1,(#15982,#15983),.UNSPECIFIED.,
  .F.,.F.,(2,2),(-14.5,-12.7),.PIECEWISE_BEZIER_KNOTS.);
#15982 = CARTESIAN_POINT('',(1.8,28.6));
#15983 = CARTESIAN_POINT('',(0.,28.6));
#15984 = ( GEOMETRIC_REPRESENTATION_CONTEXT(2) 
PARAMETRIC_REPRESENTATION_CONTEXT() REPRESENTATION_CONTEXT('2D SPACE',''
  ) );
#15985 = PCURVE('',#12381,#15986);
#15986 = DEFINITIONAL_REPRESENTATION('',(#15987),#15990);
#15987 = B_SPLINE_CURVE_WITH_KNOTS('',1,(#15988,#15989),.UNSPECIFIED.,
  .F.,.F.,(2,2),(-14.5,-12.7),.PIECEWISE_BEZIER_KNOTS.);
#15988 = CARTESIAN_POINT('',(27.2,-8.));
#15989 = CARTESIAN_POINT('',(25.4,-8.));
#15990 = ( GEOMETRIC_REPRESENTATION_CONTEXT(2) 
PARAMETRIC_REPRESENTATION_CONTEXT() REPRESENTATION_CONTEXT('2D SPACE',''
  ) );
#15991 = ORIENTED_EDGE('',*,*,#12392,.T.);
#15992 = ORIENTED_EDGE('',*,*,#15921,.F.);
#15993 = ADVANCED_FACE('',(#15994),#12381,.F.);
#15994 = FACE_BOUND('',#15995,.F.);
#15995 = EDGE_LOOP('',(#15996,#15997,#15998,#15999));
#15996 = ORIENTED_EDGE('',*,*,#12359,.F.);
#15997 = ORIENTED_EDGE('',*,*,#15973,.T.);
#15998 = ORIENTED_EDGE('',*,*,#12980,.T.);
#15999 = ORIENTED_EDGE('',*,*,#15948,.F.);
#16000 = ( GEOMETRIC_REPRESENTATION_CONTEXT(3) 
GLOBAL_UNCERTAINTY_ASSIGNED_CONTEXT((#16004)) 
GLOBAL_UNIT_ASSIGNED_CONTEXT((#16001,#16002,#16003)) 
REPRESENTATION_CONTEXT('Context #1',
  '3D Context with UNIT and UNCERTAINTY') );
#16001 = ( LENGTH_UNIT() NAMED_UNIT(*) SI_UNIT(.MILLI.,.METRE.) );
#16002 = ( NAMED_UNIT(*) PLANE_ANGLE_UNIT() SI_UNIT($,.RADIAN.) );
#16003 = ( NAMED_UNIT(*) SI_UNIT($,.STERADIAN.) SOLID_ANGLE_UNIT() );
#16004 = UNCERTAINTY_MEASURE_WITH_UNIT(LENGTH_MEASURE(1.E-07),#16001,
  'distance_accuracy_value','confusion accuracy');
#16005 = CONTEXT_DEPENDENT_SHAPE_REPRESENTATION(#16006,#16008);
#16006 = ( REPRESENTATION_RELATIONSHIP('','',#12352,#10) 
REPRESENTATION_RELATIONSHIP_WITH_TRANSFORMATION(#16007) 
SHAPE_REPRESENTATION_RELATIONSHIP() );
#16007 = ITEM_DEFINED_TRANSFORMATION('','',#11,#23);
#16008 = PRODUCT_DEFINITION_SHAPE('Placement','Placement of an item',
  #16009);
#16009 = NEXT_ASSEMBLY_USAGE_OCCURRENCE('3','electronicsLid','',#5,
  #12347,$);
#16010 = PRODUCT_RELATED_PRODUCT_CATEGORY('part',$,(#12349));
#16011 = SHAPE_DEFINITION_REPRESENTATION(#16012,#16018);
#16012 = PRODUCT_DEFINITION_SHAPE('','',#16013);
#16013 = PRODUCT_DEFINITION('design','',#16014,#16017);
#16014 = PRODUCT_DEFINITION_FORMATION('','',#16015);
#16015 = PRODUCT('usbCap','usbCap','',(#16016));
#16016 = PRODUCT_CONTEXT('',#2,'mechanical');
#16017 = PRODUCT_DEFINITION_CONTEXT('part definition',#2,'design');
#16018 = ADVANCED_BREP_SHAPE_REPRESENTATION('',(#11,#16019),#17951);
#16019 = MANIFOLD_SOLID_BREP('',#16020);
#16020 = CLOSED_SHELL('',(#16021,#16141,#16779,#16855,#17030,#17057,
    #17134,#17157,#17234,#17257,#17292,#17319,#17346,#17373,#17446,
    #17469,#17542,#17565,#17600,#17607,#17679,#17728,#17782,#17831,
    #17880,#17908,#17940));
#16021 = ADVANCED_FACE('',(#16022),#16036,.F.);
#16022 = FACE_BOUND('',#16023,.F.);
#16023 = EDGE_LOOP('',(#16024,#16059,#16087,#16115));
#16024 = ORIENTED_EDGE('',*,*,#16025,.F.);
#16025 = EDGE_CURVE('',#16026,#16028,#16030,.T.);
#16026 = VERTEX_POINT('',#16027);
#16027 = CARTESIAN_POINT('',(5.5,-43.2,10.5));
#16028 = VERTEX_POINT('',#16029);
#16029 = CARTESIAN_POINT('',(5.5,-43.2,26.1));
#16030 = SURFACE_CURVE('',#16031,(#16035,#16047),.PCURVE_S1.);
#16031 = LINE('',#16032,#16033);
#16032 = CARTESIAN_POINT('',(5.5,-43.2,9.7));
#16033 = VECTOR('',#16034,1.);
#16034 = DIRECTION('',(0.,0.,1.));
#16035 = PCURVE('',#16036,#16041);
#16036 = PLANE('',#16037);
#16037 = AXIS2_PLACEMENT_3D('',#16038,#16039,#16040);
#16038 = CARTESIAN_POINT('',(5.5,-43.2,9.7));
#16039 = DIRECTION('',(1.,0.,0.));
#16040 = DIRECTION('',(0.,0.,1.));
#16041 = DEFINITIONAL_REPRESENTATION('',(#16042),#16046);
#16042 = LINE('',#16043,#16044);
#16043 = CARTESIAN_POINT('',(0.,0.));
#16044 = VECTOR('',#16045,1.);
#16045 = DIRECTION('',(1.,0.));
#16046 = ( GEOMETRIC_REPRESENTATION_CONTEXT(2) 
PARAMETRIC_REPRESENTATION_CONTEXT() REPRESENTATION_CONTEXT('2D SPACE',''
  ) );
#16047 = PCURVE('',#16048,#16053);
#16048 = PLANE('',#16049);
#16049 = AXIS2_PLACEMENT_3D('',#16050,#16051,#16052);
#16050 = CARTESIAN_POINT('',(5.5,-43.2,9.7));
#16051 = DIRECTION('',(0.,1.,0.));
#16052 = DIRECTION('',(0.,0.,1.));
#16053 = DEFINITIONAL_REPRESENTATION('',(#16054),#16058);
#16054 = LINE('',#16055,#16056);
#16055 = CARTESIAN_POINT('',(0.,0.));
#16056 = VECTOR('',#16057,1.);
#16057 = DIRECTION('',(1.,0.));
#16058 = ( GEOMETRIC_REPRESENTATION_CONTEXT(2) 
PARAMETRIC_REPRESENTATION_CONTEXT() REPRESENTATION_CONTEXT('2D SPACE',''
  ) );
#16059 = ORIENTED_EDGE('',*,*,#16060,.T.);
#16060 = EDGE_CURVE('',#16026,#16061,#16063,.T.);
#16061 = VERTEX_POINT('',#16062);
#16062 = CARTESIAN_POINT('',(5.5,-42.,10.5));
#16063 = SURFACE_CURVE('',#16064,(#16068,#16075),.PCURVE_S1.);
#16064 = LINE('',#16065,#16066);
#16065 = CARTESIAN_POINT('',(5.5,-43.2,10.5));
#16066 = VECTOR('',#16067,1.);
#16067 = DIRECTION('',(0.,1.,0.));
#16068 = PCURVE('',#16036,#16069);
#16069 = DEFINITIONAL_REPRESENTATION('',(#16070),#16074);
#16070 = LINE('',#16071,#16072);
#16071 = CARTESIAN_POINT('',(0.8,0.));
#16072 = VECTOR('',#16073,1.);
#16073 = DIRECTION('',(0.,-1.));
#16074 = ( GEOMETRIC_REPRESENTATION_CONTEXT(2) 
PARAMETRIC_REPRESENTATION_CONTEXT() REPRESENTATION_CONTEXT('2D SPACE',''
  ) );
#16075 = PCURVE('',#16076,#16081);
#16076 = CYLINDRICAL_SURFACE('',#16077,0.8);
#16077 = AXIS2_PLACEMENT_3D('',#16078,#16079,#16080);
#16078 = CARTESIAN_POINT('',(6.3,-43.2,10.5));
#16079 = DIRECTION('',(0.,1.,0.));
#16080 = DIRECTION('',(-1.,0.,0.));
#16081 = DEFINITIONAL_REPRESENTATION('',(#16082),#16086);
#16082 = LINE('',#16083,#16084);
#16083 = CARTESIAN_POINT('',(-0.,0.));
#16084 = VECTOR('',#16085,1.);
#16085 = DIRECTION('',(-0.,1.));
#16086 = ( GEOMETRIC_REPRESENTATION_CONTEXT(2) 
PARAMETRIC_REPRESENTATION_CONTEXT() REPRESENTATION_CONTEXT('2D SPACE',''
  ) );
#16087 = ORIENTED_EDGE('',*,*,#16088,.T.);
#16088 = EDGE_CURVE('',#16061,#16089,#16091,.T.);
#16089 = VERTEX_POINT('',#16090);
#16090 = CARTESIAN_POINT('',(5.5,-42.,26.1));
#16091 = SURFACE_CURVE('',#16092,(#16096,#16103),.PCURVE_S1.);
#16092 = LINE('',#16093,#16094);
#16093 = CARTESIAN_POINT('',(5.5,-42.,9.7));
#16094 = VECTOR('',#16095,1.);
#16095 = DIRECTION('',(0.,0.,1.));
#16096 = PCURVE('',#16036,#16097);
#16097 = DEFINITIONAL_REPRESENTATION('',(#16098),#16102);
#16098 = LINE('',#16099,#16100);
#16099 = CARTESIAN_POINT('',(0.,-1.2));
#16100 = VECTOR('',#16101,1.);
#16101 = DIRECTION('',(1.,0.));
#16102 = ( GEOMETRIC_REPRESENTATION_CONTEXT(2) 
PARAMETRIC_REPRESENTATION_CONTEXT() REPRESENTATION_CONTEXT('2D SPACE',''
  ) );
#16103 = PCURVE('',#16104,#16109);
#16104 = PLANE('',#16105);
#16105 = AXIS2_PLACEMENT_3D('',#16106,#16107,#16108);
#16106 = CARTESIAN_POINT('',(5.5,-42.,9.7));
#16107 = DIRECTION('',(0.,1.,0.));
#16108 = DIRECTION('',(0.,0.,1.));
#16109 = DEFINITIONAL_REPRESENTATION('',(#16110),#16114);
#16110 = LINE('',#16111,#16112);
#16111 = CARTESIAN_POINT('',(0.,0.));
#16112 = VECTOR('',#16113,1.);
#16113 = DIRECTION('',(1.,0.));
#16114 = ( GEOMETRIC_REPRESENTATION_CONTEXT(2) 
PARAMETRIC_REPRESENTATION_CONTEXT() REPRESENTATION_CONTEXT('2D SPACE',''
  ) );
#16115 = ORIENTED_EDGE('',*,*,#16116,.F.);
#16116 = EDGE_CURVE('',#16028,#16089,#16117,.T.);
#16117 = SURFACE_CURVE('',#16118,(#16122,#16129),.PCURVE_S1.);
#16118 = LINE('',#16119,#16120);
#16119 = CARTESIAN_POINT('',(5.5,-43.2,26.1));
#16120 = VECTOR('',#16121,1.);
#16121 = DIRECTION('',(0.,1.,0.));
#16122 = PCURVE('',#16036,#16123);
#16123 = DEFINITIONAL_REPRESENTATION('',(#16124),#16128);
#16124 = LINE('',#16125,#16126);
#16125 = CARTESIAN_POINT('',(16.4,0.));
#16126 = VECTOR('',#16127,1.);
#16127 = DIRECTION('',(0.,-1.));
#16128 = ( GEOMETRIC_REPRESENTATION_CONTEXT(2) 
PARAMETRIC_REPRESENTATION_CONTEXT() REPRESENTATION_CONTEXT('2D SPACE',''
  ) );
#16129 = PCURVE('',#16130,#16135);
#16130 = CYLINDRICAL_SURFACE('',#16131,0.8);
#16131 = AXIS2_PLACEMENT_3D('',#16132,#16133,#16134);
#16132 = CARTESIAN_POINT('',(6.3,-43.2,26.1));
#16133 = DIRECTION('',(0.,1.,0.));
#16134 = DIRECTION('',(-1.,0.,0.));
#16135 = DEFINITIONAL_REPRESENTATION('',(#16136),#16140);
#16136 = LINE('',#16137,#16138);
#16137 = CARTESIAN_POINT('',(0.,0.));
#16138 = VECTOR('',#16139,1.);
#16139 = DIRECTION('',(0.,1.));
#16140 = ( GEOMETRIC_REPRESENTATION_CONTEXT(2) 
PARAMETRIC_REPRESENTATION_CONTEXT() REPRESENTATION_CONTEXT('2D SPACE',''
  ) );
#16141 = ADVANCED_FACE('',(#16142,#16341),#16104,.T.);
#16142 = FACE_BOUND('',#16143,.T.);
#16143 = EDGE_LOOP('',(#16144,#16174,#16200,#16201,#16225,#16253,#16286,
    #16314));
#16144 = ORIENTED_EDGE('',*,*,#16145,.F.);
#16145 = EDGE_CURVE('',#16146,#16148,#16150,.T.);
#16146 = VERTEX_POINT('',#16147);
#16147 = CARTESIAN_POINT('',(6.3,-42.,9.7));
#16148 = VERTEX_POINT('',#16149);
#16149 = CARTESIAN_POINT('',(21.7,-42.,9.7));
#16150 = SURFACE_CURVE('',#16151,(#16155,#16162),.PCURVE_S1.);
#16151 = LINE('',#16152,#16153);
#16152 = CARTESIAN_POINT('',(5.5,-42.,9.7));
#16153 = VECTOR('',#16154,1.);
#16154 = DIRECTION('',(1.,0.,0.));
#16155 = PCURVE('',#16104,#16156);
#16156 = DEFINITIONAL_REPRESENTATION('',(#16157),#16161);
#16157 = LINE('',#16158,#16159);
#16158 = CARTESIAN_POINT('',(0.,0.));
#16159 = VECTOR('',#16160,1.);
#16160 = DIRECTION('',(0.,1.));
#16161 = ( GEOMETRIC_REPRESENTATION_CONTEXT(2) 
PARAMETRIC_REPRESENTATION_CONTEXT() REPRESENTATION_CONTEXT('2D SPACE',''
  ) );
#16162 = PCURVE('',#16163,#16168);
#16163 = PLANE('',#16164);
#16164 = AXIS2_PLACEMENT_3D('',#16165,#16166,#16167);
#16165 = CARTESIAN_POINT('',(5.5,-43.2,9.7));
#16166 = DIRECTION('',(0.,0.,1.));
#16167 = DIRECTION('',(1.,0.,0.));
#16168 = DEFINITIONAL_REPRESENTATION('',(#16169),#16173);
#16169 = LINE('',#16170,#16171);
#16170 = CARTESIAN_POINT('',(0.,1.2));
#16171 = VECTOR('',#16172,1.);
#16172 = DIRECTION('',(1.,0.));
#16173 = ( GEOMETRIC_REPRESENTATION_CONTEXT(2) 
PARAMETRIC_REPRESENTATION_CONTEXT() REPRESENTATION_CONTEXT('2D SPACE',''
  ) );
#16174 = ORIENTED_EDGE('',*,*,#16175,.F.);
#16175 = EDGE_CURVE('',#16061,#16146,#16176,.T.);
#16176 = SURFACE_CURVE('',#16177,(#16182,#16193),.PCURVE_S1.);
#16177 = CIRCLE('',#16178,0.8);
#16178 = AXIS2_PLACEMENT_3D('',#16179,#16180,#16181);
#16179 = CARTESIAN_POINT('',(6.3,-42.,10.5));
#16180 = DIRECTION('',(-0.,-1.,0.));
#16181 = DIRECTION('',(0.,-0.,1.));
#16182 = PCURVE('',#16104,#16183);
#16183 = DEFINITIONAL_REPRESENTATION('',(#16184),#16192);
#16184 = ( BOUNDED_CURVE() B_SPLINE_CURVE(2,(#16185,#16186,#16187,#16188
    ,#16189,#16190,#16191),.UNSPECIFIED.,.T.,.F.) 
B_SPLINE_CURVE_WITH_KNOTS((1,2,2,2,2,1),(-2.094395102393,0.,
    2.094395102393,4.188790204786,6.28318530718,8.377580409573),
.UNSPECIFIED.) CURVE() GEOMETRIC_REPRESENTATION_ITEM() 
RATIONAL_B_SPLINE_CURVE((1.,0.5,1.,0.5,1.,0.5,1.)) REPRESENTATION_ITEM(
  '') );
#16185 = CARTESIAN_POINT('',(1.6,0.8));
#16186 = CARTESIAN_POINT('',(1.6,-0.585640646055));
#16187 = CARTESIAN_POINT('',(0.4,0.107179676972));
#16188 = CARTESIAN_POINT('',(-0.8,0.8));
#16189 = CARTESIAN_POINT('',(0.4,1.492820323028));
#16190 = CARTESIAN_POINT('',(1.6,2.185640646055));
#16191 = CARTESIAN_POINT('',(1.6,0.8));
#16192 = ( GEOMETRIC_REPRESENTATION_CONTEXT(2) 
PARAMETRIC_REPRESENTATION_CONTEXT() REPRESENTATION_CONTEXT('2D SPACE',''
  ) );
#16193 = PCURVE('',#16076,#16194);
#16194 = DEFINITIONAL_REPRESENTATION('',(#16195),#16199);
#16195 = LINE('',#16196,#16197);
#16196 = CARTESIAN_POINT('',(1.570796326795,1.2));
#16197 = VECTOR('',#16198,1.);
#16198 = DIRECTION('',(-1.,0.));
#16199 = ( GEOMETRIC_REPRESENTATION_CONTEXT(2) 
PARAMETRIC_REPRESENTATION_CONTEXT() REPRESENTATION_CONTEXT('2D SPACE',''
  ) );
#16200 = ORIENTED_EDGE('',*,*,#16088,.T.);
#16201 = ORIENTED_EDGE('',*,*,#16202,.T.);
#16202 = EDGE_CURVE('',#16089,#16203,#16205,.T.);
#16203 = VERTEX_POINT('',#16204);
#16204 = CARTESIAN_POINT('',(6.3,-42.,26.9));
#16205 = SURFACE_CURVE('',#16206,(#16211,#16218),.PCURVE_S1.);
#16206 = CIRCLE('',#16207,0.8);
#16207 = AXIS2_PLACEMENT_3D('',#16208,#16209,#16210);
#16208 = CARTESIAN_POINT('',(6.3,-42.,26.1));
#16209 = DIRECTION('',(0.,1.,0.));
#16210 = DIRECTION('',(0.,-0.,1.));
#16211 = PCURVE('',#16104,#16212);
#16212 = DEFINITIONAL_REPRESENTATION('',(#16213),#16217);
#16213 = CIRCLE('',#16214,0.8);
#16214 = AXIS2_PLACEMENT_2D('',#16215,#16216);
#16215 = CARTESIAN_POINT('',(16.4,0.8));
#16216 = DIRECTION('',(1.,0.));
#16217 = ( GEOMETRIC_REPRESENTATION_CONTEXT(2) 
PARAMETRIC_REPRESENTATION_CONTEXT() REPRESENTATION_CONTEXT('2D SPACE',''
  ) );
#16218 = PCURVE('',#16130,#16219);
#16219 = DEFINITIONAL_REPRESENTATION('',(#16220),#16224);
#16220 = LINE('',#16221,#16222);
#16221 = CARTESIAN_POINT('',(-4.712388980385,1.2));
#16222 = VECTOR('',#16223,1.);
#16223 = DIRECTION('',(1.,0.));
#16224 = ( GEOMETRIC_REPRESENTATION_CONTEXT(2) 
PARAMETRIC_REPRESENTATION_CONTEXT() REPRESENTATION_CONTEXT('2D SPACE',''
  ) );
#16225 = ORIENTED_EDGE('',*,*,#16226,.T.);
#16226 = EDGE_CURVE('',#16203,#16227,#16229,.T.);
#16227 = VERTEX_POINT('',#16228);
#16228 = CARTESIAN_POINT('',(21.7,-42.,26.9));
#16229 = SURFACE_CURVE('',#16230,(#16234,#16241),.PCURVE_S1.);
#16230 = LINE('',#16231,#16232);
#16231 = CARTESIAN_POINT('',(5.5,-42.,26.9));
#16232 = VECTOR('',#16233,1.);
#16233 = DIRECTION('',(1.,0.,0.));
#16234 = PCURVE('',#16104,#16235);
#16235 = DEFINITIONAL_REPRESENTATION('',(#16236),#16240);
#16236 = LINE('',#16237,#16238);
#16237 = CARTESIAN_POINT('',(17.2,0.));
#16238 = VECTOR('',#16239,1.);
#16239 = DIRECTION('',(0.,1.));
#16240 = ( GEOMETRIC_REPRESENTATION_CONTEXT(2) 
PARAMETRIC_REPRESENTATION_CONTEXT() REPRESENTATION_CONTEXT('2D SPACE',''
  ) );
#16241 = PCURVE('',#16242,#16247);
#16242 = PLANE('',#16243);
#16243 = AXIS2_PLACEMENT_3D('',#16244,#16245,#16246);
#16244 = CARTESIAN_POINT('',(5.5,-43.2,26.9));
#16245 = DIRECTION('',(0.,0.,1.));
#16246 = DIRECTION('',(1.,0.,0.));
#16247 = DEFINITIONAL_REPRESENTATION('',(#16248),#16252);
#16248 = LINE('',#16249,#16250);
#16249 = CARTESIAN_POINT('',(0.,1.2));
#16250 = VECTOR('',#16251,1.);
#16251 = DIRECTION('',(1.,0.));
#16252 = ( GEOMETRIC_REPRESENTATION_CONTEXT(2) 
PARAMETRIC_REPRESENTATION_CONTEXT() REPRESENTATION_CONTEXT('2D SPACE',''
  ) );
#16253 = ORIENTED_EDGE('',*,*,#16254,.F.);
#16254 = EDGE_CURVE('',#16255,#16227,#16257,.T.);
#16255 = VERTEX_POINT('',#16256);
#16256 = CARTESIAN_POINT('',(22.5,-42.,26.1));
#16257 = SURFACE_CURVE('',#16258,(#16263,#16274),.PCURVE_S1.);
#16258 = CIRCLE('',#16259,0.8);
#16259 = AXIS2_PLACEMENT_3D('',#16260,#16261,#16262);
#16260 = CARTESIAN_POINT('',(21.7,-42.,26.1));
#16261 = DIRECTION('',(-0.,-1.,0.));
#16262 = DIRECTION('',(0.,-0.,1.));
#16263 = PCURVE('',#16104,#16264);
#16264 = DEFINITIONAL_REPRESENTATION('',(#16265),#16273);
#16265 = ( BOUNDED_CURVE() B_SPLINE_CURVE(2,(#16266,#16267,#16268,#16269
    ,#16270,#16271,#16272),.UNSPECIFIED.,.T.,.F.) 
B_SPLINE_CURVE_WITH_KNOTS((1,2,2,2,2,1),(-2.094395102393,0.,
    2.094395102393,4.188790204786,6.28318530718,8.377580409573),
.UNSPECIFIED.) CURVE() GEOMETRIC_REPRESENTATION_ITEM() 
RATIONAL_B_SPLINE_CURVE((1.,0.5,1.,0.5,1.,0.5,1.)) REPRESENTATION_ITEM(
  '') );
#16266 = CARTESIAN_POINT('',(17.2,16.2));
#16267 = CARTESIAN_POINT('',(17.2,14.814359353945));
#16268 = CARTESIAN_POINT('',(16.,15.507179676972));
#16269 = CARTESIAN_POINT('',(14.8,16.2));
#16270 = CARTESIAN_POINT('',(16.,16.892820323028));
#16271 = CARTESIAN_POINT('',(17.2,17.585640646055));
#16272 = CARTESIAN_POINT('',(17.2,16.2));
#16273 = ( GEOMETRIC_REPRESENTATION_CONTEXT(2) 
PARAMETRIC_REPRESENTATION_CONTEXT() REPRESENTATION_CONTEXT('2D SPACE',''
  ) );
#16274 = PCURVE('',#16275,#16280);
#16275 = CYLINDRICAL_SURFACE('',#16276,0.8);
#16276 = AXIS2_PLACEMENT_3D('',#16277,#16278,#16279);
#16277 = CARTESIAN_POINT('',(21.7,-43.2,26.1));
#16278 = DIRECTION('',(0.,1.,0.));
#16279 = DIRECTION('',(1.,0.,-0.));
#16280 = DEFINITIONAL_REPRESENTATION('',(#16281),#16285);
#16281 = LINE('',#16282,#16283);
#16282 = CARTESIAN_POINT('',(4.712388980385,1.2));
#16283 = VECTOR('',#16284,1.);
#16284 = DIRECTION('',(-1.,0.));
#16285 = ( GEOMETRIC_REPRESENTATION_CONTEXT(2) 
PARAMETRIC_REPRESENTATION_CONTEXT() REPRESENTATION_CONTEXT('2D SPACE',''
  ) );
#16286 = ORIENTED_EDGE('',*,*,#16287,.F.);
#16287 = EDGE_CURVE('',#16288,#16255,#16290,.T.);
#16288 = VERTEX_POINT('',#16289);
#16289 = CARTESIAN_POINT('',(22.5,-42.,10.5));
#16290 = SURFACE_CURVE('',#16291,(#16295,#16302),.PCURVE_S1.);
#16291 = LINE('',#16292,#16293);
#16292 = CARTESIAN_POINT('',(22.5,-42.,9.7));
#16293 = VECTOR('',#16294,1.);
#16294 = DIRECTION('',(0.,0.,1.));
#16295 = PCURVE('',#16104,#16296);
#16296 = DEFINITIONAL_REPRESENTATION('',(#16297),#16301);
#16297 = LINE('',#16298,#16299);
#16298 = CARTESIAN_POINT('',(0.,17.));
#16299 = VECTOR('',#16300,1.);
#16300 = DIRECTION('',(1.,0.));
#16301 = ( GEOMETRIC_REPRESENTATION_CONTEXT(2) 
PARAMETRIC_REPRESENTATION_CONTEXT() REPRESENTATION_CONTEXT('2D SPACE',''
  ) );
#16302 = PCURVE('',#16303,#16308);
#16303 = PLANE('',#16304);
#16304 = AXIS2_PLACEMENT_3D('',#16305,#16306,#16307);
#16305 = CARTESIAN_POINT('',(22.5,-43.2,9.7));
#16306 = DIRECTION('',(1.,0.,0.));
#16307 = DIRECTION('',(0.,0.,1.));
#16308 = DEFINITIONAL_REPRESENTATION('',(#16309),#16313);
#16309 = LINE('',#16310,#16311);
#16310 = CARTESIAN_POINT('',(0.,-1.2));
#16311 = VECTOR('',#16312,1.);
#16312 = DIRECTION('',(1.,0.));
#16313 = ( GEOMETRIC_REPRESENTATION_CONTEXT(2) 
PARAMETRIC_REPRESENTATION_CONTEXT() REPRESENTATION_CONTEXT('2D SPACE',''
  ) );
#16314 = ORIENTED_EDGE('',*,*,#16315,.T.);
#16315 = EDGE_CURVE('',#16288,#16148,#16316,.T.);
#16316 = SURFACE_CURVE('',#16317,(#16322,#16329),.PCURVE_S1.);
#16317 = CIRCLE('',#16318,0.8);
#16318 = AXIS2_PLACEMENT_3D('',#16319,#16320,#16321);
#16319 = CARTESIAN_POINT('',(21.7,-42.,10.5));
#16320 = DIRECTION('',(0.,1.,0.));
#16321 = DIRECTION('',(0.,-0.,1.));
#16322 = PCURVE('',#16104,#16323);
#16323 = DEFINITIONAL_REPRESENTATION('',(#16324),#16328);
#16324 = CIRCLE('',#16325,0.8);
#16325 = AXIS2_PLACEMENT_2D('',#16326,#16327);
#16326 = CARTESIAN_POINT('',(0.8,16.2));
#16327 = DIRECTION('',(1.,0.));
#16328 = ( GEOMETRIC_REPRESENTATION_CONTEXT(2) 
PARAMETRIC_REPRESENTATION_CONTEXT() REPRESENTATION_CONTEXT('2D SPACE',''
  ) );
#16329 = PCURVE('',#16330,#16335);
#16330 = CYLINDRICAL_SURFACE('',#16331,0.8);
#16331 = AXIS2_PLACEMENT_3D('',#16332,#16333,#16334);
#16332 = CARTESIAN_POINT('',(21.7,-43.2,10.5));
#16333 = DIRECTION('',(0.,1.,0.));
#16334 = DIRECTION('',(1.,0.,-0.));
#16335 = DEFINITIONAL_REPRESENTATION('',(#16336),#16340);
#16336 = LINE('',#16337,#16338);
#16337 = CARTESIAN_POINT('',(-1.570796326795,1.2));
#16338 = VECTOR('',#16339,1.);
#16339 = DIRECTION('',(1.,0.));
#16340 = ( GEOMETRIC_REPRESENTATION_CONTEXT(2) 
PARAMETRIC_REPRESENTATION_CONTEXT() REPRESENTATION_CONTEXT('2D SPACE',''
  ) );
#16341 = FACE_BOUND('',#16342,.T.);
#16342 = EDGE_LOOP('',(#16343,#16374,#16400,#16433,#16454,#16487,#16508,
    #16537,#16563,#16592,#16618,#16651,#16672,#16705,#16726,#16755));
#16343 = ORIENTED_EDGE('',*,*,#16344,.F.);
#16344 = EDGE_CURVE('',#16345,#16347,#16349,.T.);
#16345 = VERTEX_POINT('',#16346);
#16346 = CARTESIAN_POINT('',(7.2,-42.,24.7));
#16347 = VERTEX_POINT('',#16348);
#16348 = CARTESIAN_POINT('',(7.7,-42.,25.2));
#16349 = SURFACE_CURVE('',#16350,(#16355,#16362),.PCURVE_S1.);
#16350 = CIRCLE('',#16351,0.5);
#16351 = AXIS2_PLACEMENT_3D('',#16352,#16353,#16354);
#16352 = CARTESIAN_POINT('',(7.7,-42.,24.7));
#16353 = DIRECTION('',(0.,1.,0.));
#16354 = DIRECTION('',(-1.,0.,0.));
#16355 = PCURVE('',#16104,#16356);
#16356 = DEFINITIONAL_REPRESENTATION('',(#16357),#16361);
#16357 = CIRCLE('',#16358,0.5);
#16358 = AXIS2_PLACEMENT_2D('',#16359,#16360);
#16359 = CARTESIAN_POINT('',(15.,2.2));
#16360 = DIRECTION('',(0.,-1.));
#16361 = ( GEOMETRIC_REPRESENTATION_CONTEXT(2) 
PARAMETRIC_REPRESENTATION_CONTEXT() REPRESENTATION_CONTEXT('2D SPACE',''
  ) );
#16362 = PCURVE('',#16363,#16368);
#16363 = CYLINDRICAL_SURFACE('',#16364,0.5);
#16364 = AXIS2_PLACEMENT_3D('',#16365,#16366,#16367);
#16365 = CARTESIAN_POINT('',(7.7,-42.02,24.7));
#16366 = DIRECTION('',(0.,1.,0.));
#16367 = DIRECTION('',(-1.,0.,0.));
#16368 = DEFINITIONAL_REPRESENTATION('',(#16369),#16373);
#16369 = LINE('',#16370,#16371);
#16370 = CARTESIAN_POINT('',(0.,2.E-02));
#16371 = VECTOR('',#16372,1.);
#16372 = DIRECTION('',(1.,0.));
#16373 = ( GEOMETRIC_REPRESENTATION_CONTEXT(2) 
PARAMETRIC_REPRESENTATION_CONTEXT() REPRESENTATION_CONTEXT('2D SPACE',''
  ) );
#16374 = ORIENTED_EDGE('',*,*,#16375,.T.);
#16375 = EDGE_CURVE('',#16345,#16376,#16378,.T.);
#16376 = VERTEX_POINT('',#16377);
#16377 = CARTESIAN_POINT('',(7.2,-42.,21.58));
#16378 = SURFACE_CURVE('',#16379,(#16383,#16389),.PCURVE_S1.);
#16379 = LINE('',#16380,#16381);
#16380 = CARTESIAN_POINT('',(7.2,-42.,10.55));
#16381 = VECTOR('',#16382,1.);
#16382 = DIRECTION('',(0.,0.,-1.));
#16383 = PCURVE('',#16104,#16384);
#16384 = DEFINITIONAL_REPRESENTATION('',(#16385),#16388);
#16385 = B_SPLINE_CURVE_WITH_KNOTS('',1,(#16386,#16387),.UNSPECIFIED.,
  .F.,.F.,(2,2),(-14.15,-1.35),.PIECEWISE_BEZIER_KNOTS.);
#16386 = CARTESIAN_POINT('',(15.,1.7));
#16387 = CARTESIAN_POINT('',(2.2,1.7));
#16388 = ( GEOMETRIC_REPRESENTATION_CONTEXT(2) 
PARAMETRIC_REPRESENTATION_CONTEXT() REPRESENTATION_CONTEXT('2D SPACE',''
  ) );
#16389 = PCURVE('',#16390,#16395);
#16390 = PLANE('',#16391);
#16391 = AXIS2_PLACEMENT_3D('',#16392,#16393,#16394);
#16392 = CARTESIAN_POINT('',(7.2,-42.02,11.4));
#16393 = DIRECTION('',(1.,0.,0.));
#16394 = DIRECTION('',(0.,0.,1.));
#16395 = DEFINITIONAL_REPRESENTATION('',(#16396),#16399);
#16396 = B_SPLINE_CURVE_WITH_KNOTS('',1,(#16397,#16398),.UNSPECIFIED.,
  .F.,.F.,(2,2),(-14.15,-1.35),.PIECEWISE_BEZIER_KNOTS.);
#16397 = CARTESIAN_POINT('',(13.3,-2.E-02));
#16398 = CARTESIAN_POINT('',(0.5,-2.E-02));
#16399 = ( GEOMETRIC_REPRESENTATION_CONTEXT(2) 
PARAMETRIC_REPRESENTATION_CONTEXT() REPRESENTATION_CONTEXT('2D SPACE',''
  ) );
#16400 = ORIENTED_EDGE('',*,*,#16401,.T.);
#16401 = EDGE_CURVE('',#16376,#16402,#16404,.T.);
#16402 = VERTEX_POINT('',#16403);
#16403 = CARTESIAN_POINT('',(7.2,-42.,21.02));
#16404 = SURFACE_CURVE('',#16405,(#16410,#16421),.PCURVE_S1.);
#16405 = CIRCLE('',#16406,0.28);
#16406 = AXIS2_PLACEMENT_3D('',#16407,#16408,#16409);
#16407 = CARTESIAN_POINT('',(7.2,-42.,21.3));
#16408 = DIRECTION('',(0.,-1.,-1.110223024625E-16));
#16409 = DIRECTION('',(1.,-0.,0.));
#16410 = PCURVE('',#16104,#16411);
#16411 = DEFINITIONAL_REPRESENTATION('',(#16412),#16420);
#16412 = ( BOUNDED_CURVE() B_SPLINE_CURVE(2,(#16413,#16414,#16415,#16416
    ,#16417,#16418,#16419),.UNSPECIFIED.,.T.,.F.) 
B_SPLINE_CURVE_WITH_KNOTS((1,2,2,2,2,1),(-2.094395102393,0.,
    2.094395102393,4.188790204786,6.28318530718,8.377580409573),
.UNSPECIFIED.) CURVE() GEOMETRIC_REPRESENTATION_ITEM() 
RATIONAL_B_SPLINE_CURVE((1.,0.5,1.,0.5,1.,0.5,1.)) REPRESENTATION_ITEM(
  '') );
#16413 = CARTESIAN_POINT('',(11.6,1.98));
#16414 = CARTESIAN_POINT('',(12.084974226119,1.98));
#16415 = CARTESIAN_POINT('',(11.84248711306,1.56));
#16416 = CARTESIAN_POINT('',(11.6,1.14));
#16417 = CARTESIAN_POINT('',(11.35751288694,1.56));
#16418 = CARTESIAN_POINT('',(11.115025773881,1.98));
#16419 = CARTESIAN_POINT('',(11.6,1.98));
#16420 = ( GEOMETRIC_REPRESENTATION_CONTEXT(2) 
PARAMETRIC_REPRESENTATION_CONTEXT() REPRESENTATION_CONTEXT('2D SPACE',''
  ) );
#16421 = PCURVE('',#16422,#16427);
#16422 = CYLINDRICAL_SURFACE('',#16423,0.28);
#16423 = AXIS2_PLACEMENT_3D('',#16424,#16425,#16426);
#16424 = CARTESIAN_POINT('',(7.2,-42.02,21.3));
#16425 = DIRECTION('',(-0.,-1.,-1.110223024625E-16));
#16426 = DIRECTION('',(1.,0.,0.));
#16427 = DEFINITIONAL_REPRESENTATION('',(#16428),#16432);
#16428 = LINE('',#16429,#16430);
#16429 = CARTESIAN_POINT('',(-6.28318530718,-2.E-02));
#16430 = VECTOR('',#16431,1.);
#16431 = DIRECTION('',(1.,-0.));
#16432 = ( GEOMETRIC_REPRESENTATION_CONTEXT(2) 
PARAMETRIC_REPRESENTATION_CONTEXT() REPRESENTATION_CONTEXT('2D SPACE',''
  ) );
#16433 = ORIENTED_EDGE('',*,*,#16434,.T.);
#16434 = EDGE_CURVE('',#16402,#16435,#16437,.T.);
#16435 = VERTEX_POINT('',#16436);
#16436 = CARTESIAN_POINT('',(7.2,-42.,15.58));
#16437 = SURFACE_CURVE('',#16438,(#16442,#16448),.PCURVE_S1.);
#16438 = LINE('',#16439,#16440);
#16439 = CARTESIAN_POINT('',(7.2,-42.,10.55));
#16440 = VECTOR('',#16441,1.);
#16441 = DIRECTION('',(0.,0.,-1.));
#16442 = PCURVE('',#16104,#16443);
#16443 = DEFINITIONAL_REPRESENTATION('',(#16444),#16447);
#16444 = B_SPLINE_CURVE_WITH_KNOTS('',1,(#16445,#16446),.UNSPECIFIED.,
  .F.,.F.,(2,2),(-14.15,-1.35),.PIECEWISE_BEZIER_KNOTS.);
#16445 = CARTESIAN_POINT('',(15.,1.7));
#16446 = CARTESIAN_POINT('',(2.2,1.7));
#16447 = ( GEOMETRIC_REPRESENTATION_CONTEXT(2) 
PARAMETRIC_REPRESENTATION_CONTEXT() REPRESENTATION_CONTEXT('2D SPACE',''
  ) );
#16448 = PCURVE('',#16390,#16449);
#16449 = DEFINITIONAL_REPRESENTATION('',(#16450),#16453);
#16450 = B_SPLINE_CURVE_WITH_KNOTS('',1,(#16451,#16452),.UNSPECIFIED.,
  .F.,.F.,(2,2),(-14.15,-1.35),.PIECEWISE_BEZIER_KNOTS.);
#16451 = CARTESIAN_POINT('',(13.3,-2.E-02));
#16452 = CARTESIAN_POINT('',(0.5,-2.E-02));
#16453 = ( GEOMETRIC_REPRESENTATION_CONTEXT(2) 
PARAMETRIC_REPRESENTATION_CONTEXT() REPRESENTATION_CONTEXT('2D SPACE',''
  ) );
#16454 = ORIENTED_EDGE('',*,*,#16455,.T.);
#16455 = EDGE_CURVE('',#16435,#16456,#16458,.T.);
#16456 = VERTEX_POINT('',#16457);
#16457 = CARTESIAN_POINT('',(7.2,-42.,15.02));
#16458 = SURFACE_CURVE('',#16459,(#16464,#16475),.PCURVE_S1.);
#16459 = CIRCLE('',#16460,0.28);
#16460 = AXIS2_PLACEMENT_3D('',#16461,#16462,#16463);
#16461 = CARTESIAN_POINT('',(7.2,-42.,15.3));
#16462 = DIRECTION('',(0.,-1.,-1.110223024625E-16));
#16463 = DIRECTION('',(1.,-0.,0.));
#16464 = PCURVE('',#16104,#16465);
#16465 = DEFINITIONAL_REPRESENTATION('',(#16466),#16474);
#16466 = ( BOUNDED_CURVE() B_SPLINE_CURVE(2,(#16467,#16468,#16469,#16470
    ,#16471,#16472,#16473),.UNSPECIFIED.,.T.,.F.) 
B_SPLINE_CURVE_WITH_KNOTS((1,2,2,2,2,1),(-2.094395102393,0.,
    2.094395102393,4.188790204786,6.28318530718,8.377580409573),
.UNSPECIFIED.) CURVE() GEOMETRIC_REPRESENTATION_ITEM() 
RATIONAL_B_SPLINE_CURVE((1.,0.5,1.,0.5,1.,0.5,1.)) REPRESENTATION_ITEM(
  '') );
#16467 = CARTESIAN_POINT('',(5.6,1.98));
#16468 = CARTESIAN_POINT('',(6.084974226119,1.98));
#16469 = CARTESIAN_POINT('',(5.84248711306,1.56));
#16470 = CARTESIAN_POINT('',(5.6,1.14));
#16471 = CARTESIAN_POINT('',(5.35751288694,1.56));
#16472 = CARTESIAN_POINT('',(5.115025773881,1.98));
#16473 = CARTESIAN_POINT('',(5.6,1.98));
#16474 = ( GEOMETRIC_REPRESENTATION_CONTEXT(2) 
PARAMETRIC_REPRESENTATION_CONTEXT() REPRESENTATION_CONTEXT('2D SPACE',''
  ) );
#16475 = PCURVE('',#16476,#16481);
#16476 = CYLINDRICAL_SURFACE('',#16477,0.28);
#16477 = AXIS2_PLACEMENT_3D('',#16478,#16479,#16480);
#16478 = CARTESIAN_POINT('',(7.2,-42.02,15.3));
#16479 = DIRECTION('',(-0.,-1.,-1.110223024625E-16));
#16480 = DIRECTION('',(1.,0.,0.));
#16481 = DEFINITIONAL_REPRESENTATION('',(#16482),#16486);
#16482 = LINE('',#16483,#16484);
#16483 = CARTESIAN_POINT('',(-6.28318530718,-2.E-02));
#16484 = VECTOR('',#16485,1.);
#16485 = DIRECTION('',(1.,-0.));
#16486 = ( GEOMETRIC_REPRESENTATION_CONTEXT(2) 
PARAMETRIC_REPRESENTATION_CONTEXT() REPRESENTATION_CONTEXT('2D SPACE',''
  ) );
#16487 = ORIENTED_EDGE('',*,*,#16488,.T.);
#16488 = EDGE_CURVE('',#16456,#16489,#16491,.T.);
#16489 = VERTEX_POINT('',#16490);
#16490 = CARTESIAN_POINT('',(7.2,-42.,11.9));
#16491 = SURFACE_CURVE('',#16492,(#16496,#16502),.PCURVE_S1.);
#16492 = LINE('',#16493,#16494);
#16493 = CARTESIAN_POINT('',(7.2,-42.,10.55));
#16494 = VECTOR('',#16495,1.);
#16495 = DIRECTION('',(0.,0.,-1.));
#16496 = PCURVE('',#16104,#16497);
#16497 = DEFINITIONAL_REPRESENTATION('',(#16498),#16501);
#16498 = B_SPLINE_CURVE_WITH_KNOTS('',1,(#16499,#16500),.UNSPECIFIED.,
  .F.,.F.,(2,2),(-14.15,-1.35),.PIECEWISE_BEZIER_KNOTS.);
#16499 = CARTESIAN_POINT('',(15.,1.7));
#16500 = CARTESIAN_POINT('',(2.2,1.7));
#16501 = ( GEOMETRIC_REPRESENTATION_CONTEXT(2) 
PARAMETRIC_REPRESENTATION_CONTEXT() REPRESENTATION_CONTEXT('2D SPACE',''
  ) );
#16502 = PCURVE('',#16390,#16503);
#16503 = DEFINITIONAL_REPRESENTATION('',(#16504),#16507);
#16504 = B_SPLINE_CURVE_WITH_KNOTS('',1,(#16505,#16506),.UNSPECIFIED.,
  .F.,.F.,(2,2),(-14.15,-1.35),.PIECEWISE_BEZIER_KNOTS.);
#16505 = CARTESIAN_POINT('',(13.3,-2.E-02));
#16506 = CARTESIAN_POINT('',(0.5,-2.E-02));
#16507 = ( GEOMETRIC_REPRESENTATION_CONTEXT(2) 
PARAMETRIC_REPRESENTATION_CONTEXT() REPRESENTATION_CONTEXT('2D SPACE',''
  ) );
#16508 = ORIENTED_EDGE('',*,*,#16509,.F.);
#16509 = EDGE_CURVE('',#16510,#16489,#16512,.T.);
#16510 = VERTEX_POINT('',#16511);
#16511 = CARTESIAN_POINT('',(7.7,-42.,11.4));
#16512 = SURFACE_CURVE('',#16513,(#16518,#16525),.PCURVE_S1.);
#16513 = CIRCLE('',#16514,0.5);
#16514 = AXIS2_PLACEMENT_3D('',#16515,#16516,#16517);
#16515 = CARTESIAN_POINT('',(7.7,-42.,11.9));
#16516 = DIRECTION('',(0.,1.,0.));
#16517 = DIRECTION('',(-1.,0.,0.));
#16518 = PCURVE('',#16104,#16519);
#16519 = DEFINITIONAL_REPRESENTATION('',(#16520),#16524);
#16520 = CIRCLE('',#16521,0.5);
#16521 = AXIS2_PLACEMENT_2D('',#16522,#16523);
#16522 = CARTESIAN_POINT('',(2.2,2.2));
#16523 = DIRECTION('',(0.,-1.));
#16524 = ( GEOMETRIC_REPRESENTATION_CONTEXT(2) 
PARAMETRIC_REPRESENTATION_CONTEXT() REPRESENTATION_CONTEXT('2D SPACE',''
  ) );
#16525 = PCURVE('',#16526,#16531);
#16526 = CYLINDRICAL_SURFACE('',#16527,0.5);
#16527 = AXIS2_PLACEMENT_3D('',#16528,#16529,#16530);
#16528 = CARTESIAN_POINT('',(7.7,-42.02,11.9));
#16529 = DIRECTION('',(0.,1.,0.));
#16530 = DIRECTION('',(-1.,0.,0.));
#16531 = DEFINITIONAL_REPRESENTATION('',(#16532),#16536);
#16532 = LINE('',#16533,#16534);
#16533 = CARTESIAN_POINT('',(-6.28318530718,2.E-02));
#16534 = VECTOR('',#16535,1.);
#16535 = DIRECTION('',(1.,-0.));
#16536 = ( GEOMETRIC_REPRESENTATION_CONTEXT(2) 
PARAMETRIC_REPRESENTATION_CONTEXT() REPRESENTATION_CONTEXT('2D SPACE',''
  ) );
#16537 = ORIENTED_EDGE('',*,*,#16538,.T.);
#16538 = EDGE_CURVE('',#16510,#16539,#16541,.T.);
#16539 = VERTEX_POINT('',#16540);
#16540 = CARTESIAN_POINT('',(20.3,-42.,11.4));
#16541 = SURFACE_CURVE('',#16542,(#16546,#16552),.PCURVE_S1.);
#16542 = LINE('',#16543,#16544);
#16543 = CARTESIAN_POINT('',(6.35,-42.,11.4));
#16544 = VECTOR('',#16545,1.);
#16545 = DIRECTION('',(1.,0.,0.));
#16546 = PCURVE('',#16104,#16547);
#16547 = DEFINITIONAL_REPRESENTATION('',(#16548),#16551);
#16548 = B_SPLINE_CURVE_WITH_KNOTS('',1,(#16549,#16550),.UNSPECIFIED.,
  .F.,.F.,(2,2),(1.35,13.95),.PIECEWISE_BEZIER_KNOTS.);
#16549 = CARTESIAN_POINT('',(1.7,2.2));
#16550 = CARTESIAN_POINT('',(1.7,14.8));
#16551 = ( GEOMETRIC_REPRESENTATION_CONTEXT(2) 
PARAMETRIC_REPRESENTATION_CONTEXT() REPRESENTATION_CONTEXT('2D SPACE',''
  ) );
#16552 = PCURVE('',#16553,#16558);
#16553 = PLANE('',#16554);
#16554 = AXIS2_PLACEMENT_3D('',#16555,#16556,#16557);
#16555 = CARTESIAN_POINT('',(7.2,-42.02,11.4));
#16556 = DIRECTION('',(0.,0.,1.));
#16557 = DIRECTION('',(1.,0.,0.));
#16558 = DEFINITIONAL_REPRESENTATION('',(#16559),#16562);
#16559 = B_SPLINE_CURVE_WITH_KNOTS('',1,(#16560,#16561),.UNSPECIFIED.,
  .F.,.F.,(2,2),(1.35,13.95),.PIECEWISE_BEZIER_KNOTS.);
#16560 = CARTESIAN_POINT('',(0.5,2.E-02));
#16561 = CARTESIAN_POINT('',(13.1,2.E-02));
#16562 = ( GEOMETRIC_REPRESENTATION_CONTEXT(2) 
PARAMETRIC_REPRESENTATION_CONTEXT() REPRESENTATION_CONTEXT('2D SPACE',''
  ) );
#16563 = ORIENTED_EDGE('',*,*,#16564,.F.);
#16564 = EDGE_CURVE('',#16565,#16539,#16567,.T.);
#16565 = VERTEX_POINT('',#16566);
#16566 = CARTESIAN_POINT('',(20.8,-42.,11.9));
#16567 = SURFACE_CURVE('',#16568,(#16573,#16580),.PCURVE_S1.);
#16568 = CIRCLE('',#16569,0.5);
#16569 = AXIS2_PLACEMENT_3D('',#16570,#16571,#16572);
#16570 = CARTESIAN_POINT('',(20.3,-42.,11.9));
#16571 = DIRECTION('',(0.,1.,0.));
#16572 = DIRECTION('',(1.,0.,-0.));
#16573 = PCURVE('',#16104,#16574);
#16574 = DEFINITIONAL_REPRESENTATION('',(#16575),#16579);
#16575 = CIRCLE('',#16576,0.5);
#16576 = AXIS2_PLACEMENT_2D('',#16577,#16578);
#16577 = CARTESIAN_POINT('',(2.2,14.8));
#16578 = DIRECTION('',(0.,1.));
#16579 = ( GEOMETRIC_REPRESENTATION_CONTEXT(2) 
PARAMETRIC_REPRESENTATION_CONTEXT() REPRESENTATION_CONTEXT('2D SPACE',''
  ) );
#16580 = PCURVE('',#16581,#16586);
#16581 = CYLINDRICAL_SURFACE('',#16582,0.5);
#16582 = AXIS2_PLACEMENT_3D('',#16583,#16584,#16585);
#16583 = CARTESIAN_POINT('',(20.3,-42.02,11.9));
#16584 = DIRECTION('',(0.,1.,0.));
#16585 = DIRECTION('',(1.,0.,-0.));
#16586 = DEFINITIONAL_REPRESENTATION('',(#16587),#16591);
#16587 = LINE('',#16588,#16589);
#16588 = CARTESIAN_POINT('',(0.,2.E-02));
#16589 = VECTOR('',#16590,1.);
#16590 = DIRECTION('',(1.,0.));
#16591 = ( GEOMETRIC_REPRESENTATION_CONTEXT(2) 
PARAMETRIC_REPRESENTATION_CONTEXT() REPRESENTATION_CONTEXT('2D SPACE',''
  ) );
#16592 = ORIENTED_EDGE('',*,*,#16593,.F.);
#16593 = EDGE_CURVE('',#16594,#16565,#16596,.T.);
#16594 = VERTEX_POINT('',#16595);
#16595 = CARTESIAN_POINT('',(20.8,-42.,15.02));
#16596 = SURFACE_CURVE('',#16597,(#16601,#16607),.PCURVE_S1.);
#16597 = LINE('',#16598,#16599);
#16598 = CARTESIAN_POINT('',(20.8,-42.,10.55));
#16599 = VECTOR('',#16600,1.);
#16600 = DIRECTION('',(0.,0.,-1.));
#16601 = PCURVE('',#16104,#16602);
#16602 = DEFINITIONAL_REPRESENTATION('',(#16603),#16606);
#16603 = B_SPLINE_CURVE_WITH_KNOTS('',1,(#16604,#16605),.UNSPECIFIED.,
  .F.,.F.,(2,2),(-14.15,-1.35),.PIECEWISE_BEZIER_KNOTS.);
#16604 = CARTESIAN_POINT('',(15.,15.3));
#16605 = CARTESIAN_POINT('',(2.2,15.3));
#16606 = ( GEOMETRIC_REPRESENTATION_CONTEXT(2) 
PARAMETRIC_REPRESENTATION_CONTEXT() REPRESENTATION_CONTEXT('2D SPACE',''
  ) );
#16607 = PCURVE('',#16608,#16613);
#16608 = PLANE('',#16609);
#16609 = AXIS2_PLACEMENT_3D('',#16610,#16611,#16612);
#16610 = CARTESIAN_POINT('',(20.8,-42.02,11.4));
#16611 = DIRECTION('',(1.,0.,0.));
#16612 = DIRECTION('',(0.,0.,1.));
#16613 = DEFINITIONAL_REPRESENTATION('',(#16614),#16617);
#16614 = B_SPLINE_CURVE_WITH_KNOTS('',1,(#16615,#16616),.UNSPECIFIED.,
  .F.,.F.,(2,2),(-14.15,-1.35),.PIECEWISE_BEZIER_KNOTS.);
#16615 = CARTESIAN_POINT('',(13.3,-2.E-02));
#16616 = CARTESIAN_POINT('',(0.5,-2.E-02));
#16617 = ( GEOMETRIC_REPRESENTATION_CONTEXT(2) 
PARAMETRIC_REPRESENTATION_CONTEXT() REPRESENTATION_CONTEXT('2D SPACE',''
  ) );
#16618 = ORIENTED_EDGE('',*,*,#16619,.T.);
#16619 = EDGE_CURVE('',#16594,#16620,#16622,.T.);
#16620 = VERTEX_POINT('',#16621);
#16621 = CARTESIAN_POINT('',(20.8,-42.,15.58));
#16622 = SURFACE_CURVE('',#16623,(#16628,#16639),.PCURVE_S1.);
#16623 = CIRCLE('',#16624,0.28);
#16624 = AXIS2_PLACEMENT_3D('',#16625,#16626,#16627);
#16625 = CARTESIAN_POINT('',(20.8,-42.,15.3));
#16626 = DIRECTION('',(0.,-1.,0.));
#16627 = DIRECTION('',(0.,0.,-1.));
#16628 = PCURVE('',#16104,#16629);
#16629 = DEFINITIONAL_REPRESENTATION('',(#16630),#16638);
#16630 = ( BOUNDED_CURVE() B_SPLINE_CURVE(2,(#16631,#16632,#16633,#16634
    ,#16635,#16636,#16637),.UNSPECIFIED.,.T.,.F.) 
B_SPLINE_CURVE_WITH_KNOTS((1,2,2,2,2,1),(-2.094395102393,0.,
    2.094395102393,4.188790204786,6.28318530718,8.377580409573),
.UNSPECIFIED.) CURVE() GEOMETRIC_REPRESENTATION_ITEM() 
RATIONAL_B_SPLINE_CURVE((1.,0.5,1.,0.5,1.,0.5,1.)) REPRESENTATION_ITEM(
  '') );
#16631 = CARTESIAN_POINT('',(5.32,15.3));
#16632 = CARTESIAN_POINT('',(5.32,15.784974226119));
#16633 = CARTESIAN_POINT('',(5.74,15.54248711306));
#16634 = CARTESIAN_POINT('',(6.16,15.3));
#16635 = CARTESIAN_POINT('',(5.74,15.05751288694));
#16636 = CARTESIAN_POINT('',(5.32,14.815025773881));
#16637 = CARTESIAN_POINT('',(5.32,15.3));
#16638 = ( GEOMETRIC_REPRESENTATION_CONTEXT(2) 
PARAMETRIC_REPRESENTATION_CONTEXT() REPRESENTATION_CONTEXT('2D SPACE',''
  ) );
#16639 = PCURVE('',#16640,#16645);
#16640 = CYLINDRICAL_SURFACE('',#16641,0.28);
#16641 = AXIS2_PLACEMENT_3D('',#16642,#16643,#16644);
#16642 = CARTESIAN_POINT('',(20.8,-42.02,15.3));
#16643 = DIRECTION('',(-0.,-1.,-1.110223024625E-16));
#16644 = DIRECTION('',(1.,0.,0.));
#16645 = DEFINITIONAL_REPRESENTATION('',(#16646),#16650);
#16646 = LINE('',#16647,#16648);
#16647 = CARTESIAN_POINT('',(-7.853981633974,-2.E-02));
#16648 = VECTOR('',#16649,1.);
#16649 = DIRECTION('',(1.,-0.));
#16650 = ( GEOMETRIC_REPRESENTATION_CONTEXT(2) 
PARAMETRIC_REPRESENTATION_CONTEXT() REPRESENTATION_CONTEXT('2D SPACE',''
  ) );
#16651 = ORIENTED_EDGE('',*,*,#16652,.F.);
#16652 = EDGE_CURVE('',#16653,#16620,#16655,.T.);
#16653 = VERTEX_POINT('',#16654);
#16654 = CARTESIAN_POINT('',(20.8,-42.,21.02));
#16655 = SURFACE_CURVE('',#16656,(#16660,#16666),.PCURVE_S1.);
#16656 = LINE('',#16657,#16658);
#16657 = CARTESIAN_POINT('',(20.8,-42.,10.55));
#16658 = VECTOR('',#16659,1.);
#16659 = DIRECTION('',(0.,0.,-1.));
#16660 = PCURVE('',#16104,#16661);
#16661 = DEFINITIONAL_REPRESENTATION('',(#16662),#16665);
#16662 = B_SPLINE_CURVE_WITH_KNOTS('',1,(#16663,#16664),.UNSPECIFIED.,
  .F.,.F.,(2,2),(-14.15,-1.35),.PIECEWISE_BEZIER_KNOTS.);
#16663 = CARTESIAN_POINT('',(15.,15.3));
#16664 = CARTESIAN_POINT('',(2.2,15.3));
#16665 = ( GEOMETRIC_REPRESENTATION_CONTEXT(2) 
PARAMETRIC_REPRESENTATION_CONTEXT() REPRESENTATION_CONTEXT('2D SPACE',''
  ) );
#16666 = PCURVE('',#16608,#16667);
#16667 = DEFINITIONAL_REPRESENTATION('',(#16668),#16671);
#16668 = B_SPLINE_CURVE_WITH_KNOTS('',1,(#16669,#16670),.UNSPECIFIED.,
  .F.,.F.,(2,2),(-14.15,-1.35),.PIECEWISE_BEZIER_KNOTS.);
#16669 = CARTESIAN_POINT('',(13.3,-2.E-02));
#16670 = CARTESIAN_POINT('',(0.5,-2.E-02));
#16671 = ( GEOMETRIC_REPRESENTATION_CONTEXT(2) 
PARAMETRIC_REPRESENTATION_CONTEXT() REPRESENTATION_CONTEXT('2D SPACE',''
  ) );
#16672 = ORIENTED_EDGE('',*,*,#16673,.T.);
#16673 = EDGE_CURVE('',#16653,#16674,#16676,.T.);
#16674 = VERTEX_POINT('',#16675);
#16675 = CARTESIAN_POINT('',(20.8,-42.,21.58));
#16676 = SURFACE_CURVE('',#16677,(#16682,#16693),.PCURVE_S1.);
#16677 = CIRCLE('',#16678,0.28);
#16678 = AXIS2_PLACEMENT_3D('',#16679,#16680,#16681);
#16679 = CARTESIAN_POINT('',(20.8,-42.,21.3));
#16680 = DIRECTION('',(0.,-1.,0.));
#16681 = DIRECTION('',(0.,0.,-1.));
#16682 = PCURVE('',#16104,#16683);
#16683 = DEFINITIONAL_REPRESENTATION('',(#16684),#16692);
#16684 = ( BOUNDED_CURVE() B_SPLINE_CURVE(2,(#16685,#16686,#16687,#16688
    ,#16689,#16690,#16691),.UNSPECIFIED.,.T.,.F.) 
B_SPLINE_CURVE_WITH_KNOTS((1,2,2,2,2,1),(-2.094395102393,0.,
    2.094395102393,4.188790204786,6.28318530718,8.377580409573),
.UNSPECIFIED.) CURVE() GEOMETRIC_REPRESENTATION_ITEM() 
RATIONAL_B_SPLINE_CURVE((1.,0.5,1.,0.5,1.,0.5,1.)) REPRESENTATION_ITEM(
  '') );
#16685 = CARTESIAN_POINT('',(11.32,15.3));
#16686 = CARTESIAN_POINT('',(11.32,15.784974226119));
#16687 = CARTESIAN_POINT('',(11.74,15.54248711306));
#16688 = CARTESIAN_POINT('',(12.16,15.3));
#16689 = CARTESIAN_POINT('',(11.74,15.05751288694));
#16690 = CARTESIAN_POINT('',(11.32,14.815025773881));
#16691 = CARTESIAN_POINT('',(11.32,15.3));
#16692 = ( GEOMETRIC_REPRESENTATION_CONTEXT(2) 
PARAMETRIC_REPRESENTATION_CONTEXT() REPRESENTATION_CONTEXT('2D SPACE',''
  ) );
#16693 = PCURVE('',#16694,#16699);
#16694 = CYLINDRICAL_SURFACE('',#16695,0.28);
#16695 = AXIS2_PLACEMENT_3D('',#16696,#16697,#16698);
#16696 = CARTESIAN_POINT('',(20.8,-42.02,21.3));
#16697 = DIRECTION('',(-0.,-1.,-1.110223024625E-16));
#16698 = DIRECTION('',(1.,0.,0.));
#16699 = DEFINITIONAL_REPRESENTATION('',(#16700),#16704);
#16700 = LINE('',#16701,#16702);
#16701 = CARTESIAN_POINT('',(-7.853981633974,-2.E-02));
#16702 = VECTOR('',#16703,1.);
#16703 = DIRECTION('',(1.,-0.));
#16704 = ( GEOMETRIC_REPRESENTATION_CONTEXT(2) 
PARAMETRIC_REPRESENTATION_CONTEXT() REPRESENTATION_CONTEXT('2D SPACE',''
  ) );
#16705 = ORIENTED_EDGE('',*,*,#16706,.F.);
#16706 = EDGE_CURVE('',#16707,#16674,#16709,.T.);
#16707 = VERTEX_POINT('',#16708);
#16708 = CARTESIAN_POINT('',(20.8,-42.,24.7));
#16709 = SURFACE_CURVE('',#16710,(#16714,#16720),.PCURVE_S1.);
#16710 = LINE('',#16711,#16712);
#16711 = CARTESIAN_POINT('',(20.8,-42.,10.55));
#16712 = VECTOR('',#16713,1.);
#16713 = DIRECTION('',(0.,0.,-1.));
#16714 = PCURVE('',#16104,#16715);
#16715 = DEFINITIONAL_REPRESENTATION('',(#16716),#16719);
#16716 = B_SPLINE_CURVE_WITH_KNOTS('',1,(#16717,#16718),.UNSPECIFIED.,
  .F.,.F.,(2,2),(-14.15,-1.35),.PIECEWISE_BEZIER_KNOTS.);
#16717 = CARTESIAN_POINT('',(15.,15.3));
#16718 = CARTESIAN_POINT('',(2.2,15.3));
#16719 = ( GEOMETRIC_REPRESENTATION_CONTEXT(2) 
PARAMETRIC_REPRESENTATION_CONTEXT() REPRESENTATION_CONTEXT('2D SPACE',''
  ) );
#16720 = PCURVE('',#16608,#16721);
#16721 = DEFINITIONAL_REPRESENTATION('',(#16722),#16725);
#16722 = B_SPLINE_CURVE_WITH_KNOTS('',1,(#16723,#16724),.UNSPECIFIED.,
  .F.,.F.,(2,2),(-14.15,-1.35),.PIECEWISE_BEZIER_KNOTS.);
#16723 = CARTESIAN_POINT('',(13.3,-2.E-02));
#16724 = CARTESIAN_POINT('',(0.5,-2.E-02));
#16725 = ( GEOMETRIC_REPRESENTATION_CONTEXT(2) 
PARAMETRIC_REPRESENTATION_CONTEXT() REPRESENTATION_CONTEXT('2D SPACE',''
  ) );
#16726 = ORIENTED_EDGE('',*,*,#16727,.F.);
#16727 = EDGE_CURVE('',#16728,#16707,#16730,.T.);
#16728 = VERTEX_POINT('',#16729);
#16729 = CARTESIAN_POINT('',(20.3,-42.,25.2));
#16730 = SURFACE_CURVE('',#16731,(#16736,#16743),.PCURVE_S1.);
#16731 = CIRCLE('',#16732,0.5);
#16732 = AXIS2_PLACEMENT_3D('',#16733,#16734,#16735);
#16733 = CARTESIAN_POINT('',(20.3,-42.,24.7));
#16734 = DIRECTION('',(0.,1.,0.));
#16735 = DIRECTION('',(1.,0.,-0.));
#16736 = PCURVE('',#16104,#16737);
#16737 = DEFINITIONAL_REPRESENTATION('',(#16738),#16742);
#16738 = CIRCLE('',#16739,0.5);
#16739 = AXIS2_PLACEMENT_2D('',#16740,#16741);
#16740 = CARTESIAN_POINT('',(15.,14.8));
#16741 = DIRECTION('',(0.,1.));
#16742 = ( GEOMETRIC_REPRESENTATION_CONTEXT(2) 
PARAMETRIC_REPRESENTATION_CONTEXT() REPRESENTATION_CONTEXT('2D SPACE',''
  ) );
#16743 = PCURVE('',#16744,#16749);
#16744 = CYLINDRICAL_SURFACE('',#16745,0.5);
#16745 = AXIS2_PLACEMENT_3D('',#16746,#16747,#16748);
#16746 = CARTESIAN_POINT('',(20.3,-42.02,24.7));
#16747 = DIRECTION('',(0.,1.,0.));
#16748 = DIRECTION('',(1.,0.,-0.));
#16749 = DEFINITIONAL_REPRESENTATION('',(#16750),#16754);
#16750 = LINE('',#16751,#16752);
#16751 = CARTESIAN_POINT('',(-6.28318530718,2.E-02));
#16752 = VECTOR('',#16753,1.);
#16753 = DIRECTION('',(1.,-0.));
#16754 = ( GEOMETRIC_REPRESENTATION_CONTEXT(2) 
PARAMETRIC_REPRESENTATION_CONTEXT() REPRESENTATION_CONTEXT('2D SPACE',''
  ) );
#16755 = ORIENTED_EDGE('',*,*,#16756,.F.);
#16756 = EDGE_CURVE('',#16347,#16728,#16757,.T.);
#16757 = SURFACE_CURVE('',#16758,(#16762,#16768),.PCURVE_S1.);
#16758 = LINE('',#16759,#16760);
#16759 = CARTESIAN_POINT('',(6.35,-42.,25.2));
#16760 = VECTOR('',#16761,1.);
#16761 = DIRECTION('',(1.,0.,0.));
#16762 = PCURVE('',#16104,#16763);
#16763 = DEFINITIONAL_REPRESENTATION('',(#16764),#16767);
#16764 = B_SPLINE_CURVE_WITH_KNOTS('',1,(#16765,#16766),.UNSPECIFIED.,
  .F.,.F.,(2,2),(1.35,13.95),.PIECEWISE_BEZIER_KNOTS.);
#16765 = CARTESIAN_POINT('',(15.5,2.2));
#16766 = CARTESIAN_POINT('',(15.5,14.8));
#16767 = ( GEOMETRIC_REPRESENTATION_CONTEXT(2) 
PARAMETRIC_REPRESENTATION_CONTEXT() REPRESENTATION_CONTEXT('2D SPACE',''
  ) );
#16768 = PCURVE('',#16769,#16774);
#16769 = PLANE('',#16770);
#16770 = AXIS2_PLACEMENT_3D('',#16771,#16772,#16773);
#16771 = CARTESIAN_POINT('',(7.2,-42.02,25.2));
#16772 = DIRECTION('',(0.,0.,1.));
#16773 = DIRECTION('',(1.,0.,0.));
#16774 = DEFINITIONAL_REPRESENTATION('',(#16775),#16778);
#16775 = B_SPLINE_CURVE_WITH_KNOTS('',1,(#16776,#16777),.UNSPECIFIED.,
  .F.,.F.,(2,2),(1.35,13.95),.PIECEWISE_BEZIER_KNOTS.);
#16776 = CARTESIAN_POINT('',(0.5,2.E-02));
#16777 = CARTESIAN_POINT('',(13.1,2.E-02));
#16778 = ( GEOMETRIC_REPRESENTATION_CONTEXT(2) 
PARAMETRIC_REPRESENTATION_CONTEXT() REPRESENTATION_CONTEXT('2D SPACE',''
  ) );
#16779 = ADVANCED_FACE('',(#16780),#16769,.T.);
#16780 = FACE_BOUND('',#16781,.T.);
#16781 = EDGE_LOOP('',(#16782,#16812,#16833,#16834));
#16782 = ORIENTED_EDGE('',*,*,#16783,.F.);
#16783 = EDGE_CURVE('',#16784,#16786,#16788,.T.);
#16784 = VERTEX_POINT('',#16785);
#16785 = CARTESIAN_POINT('',(7.7,-40.3,25.2));
#16786 = VERTEX_POINT('',#16787);
#16787 = CARTESIAN_POINT('',(20.3,-40.3,25.2));
#16788 = SURFACE_CURVE('',#16789,(#16793,#16800),.PCURVE_S1.);
#16789 = LINE('',#16790,#16791);
#16790 = CARTESIAN_POINT('',(7.2,-40.3,25.2));
#16791 = VECTOR('',#16792,1.);
#16792 = DIRECTION('',(1.,0.,0.));
#16793 = PCURVE('',#16769,#16794);
#16794 = DEFINITIONAL_REPRESENTATION('',(#16795),#16799);
#16795 = LINE('',#16796,#16797);
#16796 = CARTESIAN_POINT('',(0.,1.72));
#16797 = VECTOR('',#16798,1.);
#16798 = DIRECTION('',(1.,0.));
#16799 = ( GEOMETRIC_REPRESENTATION_CONTEXT(2) 
PARAMETRIC_REPRESENTATION_CONTEXT() REPRESENTATION_CONTEXT('2D SPACE',''
  ) );
#16800 = PCURVE('',#16801,#16806);
#16801 = PLANE('',#16802);
#16802 = AXIS2_PLACEMENT_3D('',#16803,#16804,#16805);
#16803 = CARTESIAN_POINT('',(7.2,-40.3,11.4));
#16804 = DIRECTION('',(0.,1.,0.));
#16805 = DIRECTION('',(0.,0.,1.));
#16806 = DEFINITIONAL_REPRESENTATION('',(#16807),#16811);
#16807 = LINE('',#16808,#16809);
#16808 = CARTESIAN_POINT('',(13.8,0.));
#16809 = VECTOR('',#16810,1.);
#16810 = DIRECTION('',(0.,1.));
#16811 = ( GEOMETRIC_REPRESENTATION_CONTEXT(2) 
PARAMETRIC_REPRESENTATION_CONTEXT() REPRESENTATION_CONTEXT('2D SPACE',''
  ) );
#16812 = ORIENTED_EDGE('',*,*,#16813,.F.);
#16813 = EDGE_CURVE('',#16347,#16784,#16814,.T.);
#16814 = SURFACE_CURVE('',#16815,(#16819,#16826),.PCURVE_S1.);
#16815 = LINE('',#16816,#16817);
#16816 = CARTESIAN_POINT('',(7.7,-42.02,25.2));
#16817 = VECTOR('',#16818,1.);
#16818 = DIRECTION('',(0.,1.,0.));
#16819 = PCURVE('',#16769,#16820);
#16820 = DEFINITIONAL_REPRESENTATION('',(#16821),#16825);
#16821 = LINE('',#16822,#16823);
#16822 = CARTESIAN_POINT('',(0.5,0.));
#16823 = VECTOR('',#16824,1.);
#16824 = DIRECTION('',(0.,1.));
#16825 = ( GEOMETRIC_REPRESENTATION_CONTEXT(2) 
PARAMETRIC_REPRESENTATION_CONTEXT() REPRESENTATION_CONTEXT('2D SPACE',''
  ) );
#16826 = PCURVE('',#16363,#16827);
#16827 = DEFINITIONAL_REPRESENTATION('',(#16828),#16832);
#16828 = LINE('',#16829,#16830);
#16829 = CARTESIAN_POINT('',(1.570796326795,0.));
#16830 = VECTOR('',#16831,1.);
#16831 = DIRECTION('',(0.,1.));
#16832 = ( GEOMETRIC_REPRESENTATION_CONTEXT(2) 
PARAMETRIC_REPRESENTATION_CONTEXT() REPRESENTATION_CONTEXT('2D SPACE',''
  ) );
#16833 = ORIENTED_EDGE('',*,*,#16756,.T.);
#16834 = ORIENTED_EDGE('',*,*,#16835,.T.);
#16835 = EDGE_CURVE('',#16728,#16786,#16836,.T.);
#16836 = SURFACE_CURVE('',#16837,(#16841,#16848),.PCURVE_S1.);
#16837 = LINE('',#16838,#16839);
#16838 = CARTESIAN_POINT('',(20.3,-42.02,25.2));
#16839 = VECTOR('',#16840,1.);
#16840 = DIRECTION('',(0.,1.,0.));
#16841 = PCURVE('',#16769,#16842);
#16842 = DEFINITIONAL_REPRESENTATION('',(#16843),#16847);
#16843 = LINE('',#16844,#16845);
#16844 = CARTESIAN_POINT('',(13.1,0.));
#16845 = VECTOR('',#16846,1.);
#16846 = DIRECTION('',(0.,1.));
#16847 = ( GEOMETRIC_REPRESENTATION_CONTEXT(2) 
PARAMETRIC_REPRESENTATION_CONTEXT() REPRESENTATION_CONTEXT('2D SPACE',''
  ) );
#16848 = PCURVE('',#16744,#16849);
#16849 = DEFINITIONAL_REPRESENTATION('',(#16850),#16854);
#16850 = LINE('',#16851,#16852);
#16851 = CARTESIAN_POINT('',(-1.570796326795,0.));
#16852 = VECTOR('',#16853,1.);
#16853 = DIRECTION('',(-0.,1.));
#16854 = ( GEOMETRIC_REPRESENTATION_CONTEXT(2) 
PARAMETRIC_REPRESENTATION_CONTEXT() REPRESENTATION_CONTEXT('2D SPACE',''
  ) );
#16855 = ADVANCED_FACE('',(#16856),#16801,.T.);
#16856 = FACE_BOUND('',#16857,.T.);
#16857 = EDGE_LOOP('',(#16858,#16883,#16911,#16934,#16956,#16957,#16985,
    #17008));
#16858 = ORIENTED_EDGE('',*,*,#16859,.F.);
#16859 = EDGE_CURVE('',#16860,#16862,#16864,.T.);
#16860 = VERTEX_POINT('',#16861);
#16861 = CARTESIAN_POINT('',(7.7,-40.3,11.4));
#16862 = VERTEX_POINT('',#16863);
#16863 = CARTESIAN_POINT('',(20.3,-40.3,11.4));
#16864 = SURFACE_CURVE('',#16865,(#16869,#16876),.PCURVE_S1.);
#16865 = LINE('',#16866,#16867);
#16866 = CARTESIAN_POINT('',(7.2,-40.3,11.4));
#16867 = VECTOR('',#16868,1.);
#16868 = DIRECTION('',(1.,0.,0.));
#16869 = PCURVE('',#16801,#16870);
#16870 = DEFINITIONAL_REPRESENTATION('',(#16871),#16875);
#16871 = LINE('',#16872,#16873);
#16872 = CARTESIAN_POINT('',(0.,0.));
#16873 = VECTOR('',#16874,1.);
#16874 = DIRECTION('',(0.,1.));
#16875 = ( GEOMETRIC_REPRESENTATION_CONTEXT(2) 
PARAMETRIC_REPRESENTATION_CONTEXT() REPRESENTATION_CONTEXT('2D SPACE',''
  ) );
#16876 = PCURVE('',#16553,#16877);
#16877 = DEFINITIONAL_REPRESENTATION('',(#16878),#16882);
#16878 = LINE('',#16879,#16880);
#16879 = CARTESIAN_POINT('',(0.,1.72));
#16880 = VECTOR('',#16881,1.);
#16881 = DIRECTION('',(1.,0.));
#16882 = ( GEOMETRIC_REPRESENTATION_CONTEXT(2) 
PARAMETRIC_REPRESENTATION_CONTEXT() REPRESENTATION_CONTEXT('2D SPACE',''
  ) );
#16883 = ORIENTED_EDGE('',*,*,#16884,.F.);
#16884 = EDGE_CURVE('',#16885,#16860,#16887,.T.);
#16885 = VERTEX_POINT('',#16886);
#16886 = CARTESIAN_POINT('',(7.2,-40.3,11.9));
#16887 = SURFACE_CURVE('',#16888,(#16893,#16904),.PCURVE_S1.);
#16888 = CIRCLE('',#16889,0.5);
#16889 = AXIS2_PLACEMENT_3D('',#16890,#16891,#16892);
#16890 = CARTESIAN_POINT('',(7.7,-40.3,11.9));
#16891 = DIRECTION('',(-0.,-1.,0.));
#16892 = DIRECTION('',(0.,-0.,1.));
#16893 = PCURVE('',#16801,#16894);
#16894 = DEFINITIONAL_REPRESENTATION('',(#16895),#16903);
#16895 = ( BOUNDED_CURVE() B_SPLINE_CURVE(2,(#16896,#16897,#16898,#16899
    ,#16900,#16901,#16902),.UNSPECIFIED.,.T.,.F.) 
B_SPLINE_CURVE_WITH_KNOTS((1,2,2,2,2,1),(-2.094395102393,0.,
    2.094395102393,4.188790204786,6.28318530718,8.377580409573),
.UNSPECIFIED.) CURVE() GEOMETRIC_REPRESENTATION_ITEM() 
RATIONAL_B_SPLINE_CURVE((1.,0.5,1.,0.5,1.,0.5,1.)) REPRESENTATION_ITEM(
  '') );
#16896 = CARTESIAN_POINT('',(1.,0.5));
#16897 = CARTESIAN_POINT('',(1.,-0.366025403784));
#16898 = CARTESIAN_POINT('',(0.25,6.698729810778E-02));
#16899 = CARTESIAN_POINT('',(-0.5,0.5));
#16900 = CARTESIAN_POINT('',(0.25,0.933012701892));
#16901 = CARTESIAN_POINT('',(1.,1.366025403784));
#16902 = CARTESIAN_POINT('',(1.,0.5));
#16903 = ( GEOMETRIC_REPRESENTATION_CONTEXT(2) 
PARAMETRIC_REPRESENTATION_CONTEXT() REPRESENTATION_CONTEXT('2D SPACE',''
  ) );
#16904 = PCURVE('',#16526,#16905);
#16905 = DEFINITIONAL_REPRESENTATION('',(#16906),#16910);
#16906 = LINE('',#16907,#16908);
#16907 = CARTESIAN_POINT('',(1.570796326795,1.72));
#16908 = VECTOR('',#16909,1.);
#16909 = DIRECTION('',(-1.,0.));
#16910 = ( GEOMETRIC_REPRESENTATION_CONTEXT(2) 
PARAMETRIC_REPRESENTATION_CONTEXT() REPRESENTATION_CONTEXT('2D SPACE',''
  ) );
#16911 = ORIENTED_EDGE('',*,*,#16912,.T.);
#16912 = EDGE_CURVE('',#16885,#16913,#16915,.T.);
#16913 = VERTEX_POINT('',#16914);
#16914 = CARTESIAN_POINT('',(7.2,-40.3,24.7));
#16915 = SURFACE_CURVE('',#16916,(#16920,#16927),.PCURVE_S1.);
#16916 = LINE('',#16917,#16918);
#16917 = CARTESIAN_POINT('',(7.2,-40.3,11.4));
#16918 = VECTOR('',#16919,1.);
#16919 = DIRECTION('',(0.,0.,1.));
#16920 = PCURVE('',#16801,#16921);
#16921 = DEFINITIONAL_REPRESENTATION('',(#16922),#16926);
#16922 = LINE('',#16923,#16924);
#16923 = CARTESIAN_POINT('',(0.,0.));
#16924 = VECTOR('',#16925,1.);
#16925 = DIRECTION('',(1.,0.));
#16926 = ( GEOMETRIC_REPRESENTATION_CONTEXT(2) 
PARAMETRIC_REPRESENTATION_CONTEXT() REPRESENTATION_CONTEXT('2D SPACE',''
  ) );
#16927 = PCURVE('',#16390,#16928);
#16928 = DEFINITIONAL_REPRESENTATION('',(#16929),#16933);
#16929 = LINE('',#16930,#16931);
#16930 = CARTESIAN_POINT('',(0.,-1.72));
#16931 = VECTOR('',#16932,1.);
#16932 = DIRECTION('',(1.,0.));
#16933 = ( GEOMETRIC_REPRESENTATION_CONTEXT(2) 
PARAMETRIC_REPRESENTATION_CONTEXT() REPRESENTATION_CONTEXT('2D SPACE',''
  ) );
#16934 = ORIENTED_EDGE('',*,*,#16935,.T.);
#16935 = EDGE_CURVE('',#16913,#16784,#16936,.T.);
#16936 = SURFACE_CURVE('',#16937,(#16942,#16949),.PCURVE_S1.);
#16937 = CIRCLE('',#16938,0.5);
#16938 = AXIS2_PLACEMENT_3D('',#16939,#16940,#16941);
#16939 = CARTESIAN_POINT('',(7.7,-40.3,24.7));
#16940 = DIRECTION('',(0.,1.,0.));
#16941 = DIRECTION('',(0.,-0.,1.));
#16942 = PCURVE('',#16801,#16943);
#16943 = DEFINITIONAL_REPRESENTATION('',(#16944),#16948);
#16944 = CIRCLE('',#16945,0.5);
#16945 = AXIS2_PLACEMENT_2D('',#16946,#16947);
#16946 = CARTESIAN_POINT('',(13.3,0.5));
#16947 = DIRECTION('',(1.,0.));
#16948 = ( GEOMETRIC_REPRESENTATION_CONTEXT(2) 
PARAMETRIC_REPRESENTATION_CONTEXT() REPRESENTATION_CONTEXT('2D SPACE',''
  ) );
#16949 = PCURVE('',#16363,#16950);
#16950 = DEFINITIONAL_REPRESENTATION('',(#16951),#16955);
#16951 = LINE('',#16952,#16953);
#16952 = CARTESIAN_POINT('',(-4.712388980385,1.72));
#16953 = VECTOR('',#16954,1.);
#16954 = DIRECTION('',(1.,0.));
#16955 = ( GEOMETRIC_REPRESENTATION_CONTEXT(2) 
PARAMETRIC_REPRESENTATION_CONTEXT() REPRESENTATION_CONTEXT('2D SPACE',''
  ) );
#16956 = ORIENTED_EDGE('',*,*,#16783,.T.);
#16957 = ORIENTED_EDGE('',*,*,#16958,.F.);
#16958 = EDGE_CURVE('',#16959,#16786,#16961,.T.);
#16959 = VERTEX_POINT('',#16960);
#16960 = CARTESIAN_POINT('',(20.8,-40.3,24.7));
#16961 = SURFACE_CURVE('',#16962,(#16967,#16978),.PCURVE_S1.);
#16962 = CIRCLE('',#16963,0.5);
#16963 = AXIS2_PLACEMENT_3D('',#16964,#16965,#16966);
#16964 = CARTESIAN_POINT('',(20.3,-40.3,24.7));
#16965 = DIRECTION('',(-0.,-1.,0.));
#16966 = DIRECTION('',(0.,-0.,1.));
#16967 = PCURVE('',#16801,#16968);
#16968 = DEFINITIONAL_REPRESENTATION('',(#16969),#16977);
#16969 = ( BOUNDED_CURVE() B_SPLINE_CURVE(2,(#16970,#16971,#16972,#16973
    ,#16974,#16975,#16976),.UNSPECIFIED.,.T.,.F.) 
B_SPLINE_CURVE_WITH_KNOTS((1,2,2,2,2,1),(-2.094395102393,0.,
    2.094395102393,4.188790204786,6.28318530718,8.377580409573),
.UNSPECIFIED.) CURVE() GEOMETRIC_REPRESENTATION_ITEM() 
RATIONAL_B_SPLINE_CURVE((1.,0.5,1.,0.5,1.,0.5,1.)) REPRESENTATION_ITEM(
  '') );
#16970 = CARTESIAN_POINT('',(13.8,13.1));
#16971 = CARTESIAN_POINT('',(13.8,12.233974596216));
#16972 = CARTESIAN_POINT('',(13.05,12.666987298108));
#16973 = CARTESIAN_POINT('',(12.3,13.1));
#16974 = CARTESIAN_POINT('',(13.05,13.533012701892));
#16975 = CARTESIAN_POINT('',(13.8,13.966025403784));
#16976 = CARTESIAN_POINT('',(13.8,13.1));
#16977 = ( GEOMETRIC_REPRESENTATION_CONTEXT(2) 
PARAMETRIC_REPRESENTATION_CONTEXT() REPRESENTATION_CONTEXT('2D SPACE',''
  ) );
#16978 = PCURVE('',#16744,#16979);
#16979 = DEFINITIONAL_REPRESENTATION('',(#16980),#16984);
#16980 = LINE('',#16981,#16982);
#16981 = CARTESIAN_POINT('',(4.712388980385,1.72));
#16982 = VECTOR('',#16983,1.);
#16983 = DIRECTION('',(-1.,0.));
#16984 = ( GEOMETRIC_REPRESENTATION_CONTEXT(2) 
PARAMETRIC_REPRESENTATION_CONTEXT() REPRESENTATION_CONTEXT('2D SPACE',''
  ) );
#16985 = ORIENTED_EDGE('',*,*,#16986,.F.);
#16986 = EDGE_CURVE('',#16987,#16959,#16989,.T.);
#16987 = VERTEX_POINT('',#16988);
#16988 = CARTESIAN_POINT('',(20.8,-40.3,11.9));
#16989 = SURFACE_CURVE('',#16990,(#16994,#17001),.PCURVE_S1.);
#16990 = LINE('',#16991,#16992);
#16991 = CARTESIAN_POINT('',(20.8,-40.3,11.4));
#16992 = VECTOR('',#16993,1.);
#16993 = DIRECTION('',(0.,0.,1.));
#16994 = PCURVE('',#16801,#16995);
#16995 = DEFINITIONAL_REPRESENTATION('',(#16996),#17000);
#16996 = LINE('',#16997,#16998);
#16997 = CARTESIAN_POINT('',(0.,13.6));
#16998 = VECTOR('',#16999,1.);
#16999 = DIRECTION('',(1.,0.));
#17000 = ( GEOMETRIC_REPRESENTATION_CONTEXT(2) 
PARAMETRIC_REPRESENTATION_CONTEXT() REPRESENTATION_CONTEXT('2D SPACE',''
  ) );
#17001 = PCURVE('',#16608,#17002);
#17002 = DEFINITIONAL_REPRESENTATION('',(#17003),#17007);
#17003 = LINE('',#17004,#17005);
#17004 = CARTESIAN_POINT('',(0.,-1.72));
#17005 = VECTOR('',#17006,1.);
#17006 = DIRECTION('',(1.,0.));
#17007 = ( GEOMETRIC_REPRESENTATION_CONTEXT(2) 
PARAMETRIC_REPRESENTATION_CONTEXT() REPRESENTATION_CONTEXT('2D SPACE',''
  ) );
#17008 = ORIENTED_EDGE('',*,*,#17009,.T.);
#17009 = EDGE_CURVE('',#16987,#16862,#17010,.T.);
#17010 = SURFACE_CURVE('',#17011,(#17016,#17023),.PCURVE_S1.);
#17011 = CIRCLE('',#17012,0.5);
#17012 = AXIS2_PLACEMENT_3D('',#17013,#17014,#17015);
#17013 = CARTESIAN_POINT('',(20.3,-40.3,11.9));
#17014 = DIRECTION('',(0.,1.,0.));
#17015 = DIRECTION('',(0.,-0.,1.));
#17016 = PCURVE('',#16801,#17017);
#17017 = DEFINITIONAL_REPRESENTATION('',(#17018),#17022);
#17018 = CIRCLE('',#17019,0.5);
#17019 = AXIS2_PLACEMENT_2D('',#17020,#17021);
#17020 = CARTESIAN_POINT('',(0.5,13.1));
#17021 = DIRECTION('',(1.,0.));
#17022 = ( GEOMETRIC_REPRESENTATION_CONTEXT(2) 
PARAMETRIC_REPRESENTATION_CONTEXT() REPRESENTATION_CONTEXT('2D SPACE',''
  ) );
#17023 = PCURVE('',#16581,#17024);
#17024 = DEFINITIONAL_REPRESENTATION('',(#17025),#17029);
#17025 = LINE('',#17026,#17027);
#17026 = CARTESIAN_POINT('',(-1.570796326795,1.72));
#17027 = VECTOR('',#17028,1.);
#17028 = DIRECTION('',(1.,0.));
#17029 = ( GEOMETRIC_REPRESENTATION_CONTEXT(2) 
PARAMETRIC_REPRESENTATION_CONTEXT() REPRESENTATION_CONTEXT('2D SPACE',''
  ) );
#17030 = ADVANCED_FACE('',(#17031),#16744,.T.);
#17031 = FACE_BOUND('',#17032,.F.);
#17032 = EDGE_LOOP('',(#17033,#17054,#17055,#17056));
#17033 = ORIENTED_EDGE('',*,*,#17034,.F.);
#17034 = EDGE_CURVE('',#16707,#16959,#17035,.T.);
#17035 = SURFACE_CURVE('',#17036,(#17040,#17047),.PCURVE_S1.);
#17036 = LINE('',#17037,#17038);
#17037 = CARTESIAN_POINT('',(20.8,-42.02,24.7));
#17038 = VECTOR('',#17039,1.);
#17039 = DIRECTION('',(0.,1.,0.));
#17040 = PCURVE('',#16744,#17041);
#17041 = DEFINITIONAL_REPRESENTATION('',(#17042),#17046);
#17042 = LINE('',#17043,#17044);
#17043 = CARTESIAN_POINT('',(-0.,0.));
#17044 = VECTOR('',#17045,1.);
#17045 = DIRECTION('',(-0.,1.));
#17046 = ( GEOMETRIC_REPRESENTATION_CONTEXT(2) 
PARAMETRIC_REPRESENTATION_CONTEXT() REPRESENTATION_CONTEXT('2D SPACE',''
  ) );
#17047 = PCURVE('',#16608,#17048);
#17048 = DEFINITIONAL_REPRESENTATION('',(#17049),#17053);
#17049 = LINE('',#17050,#17051);
#17050 = CARTESIAN_POINT('',(13.3,0.));
#17051 = VECTOR('',#17052,1.);
#17052 = DIRECTION('',(0.,-1.));
#17053 = ( GEOMETRIC_REPRESENTATION_CONTEXT(2) 
PARAMETRIC_REPRESENTATION_CONTEXT() REPRESENTATION_CONTEXT('2D SPACE',''
  ) );
#17054 = ORIENTED_EDGE('',*,*,#16727,.F.);
#17055 = ORIENTED_EDGE('',*,*,#16835,.T.);
#17056 = ORIENTED_EDGE('',*,*,#16958,.F.);
#17057 = ADVANCED_FACE('',(#17058),#16694,.T.);
#17058 = FACE_BOUND('',#17059,.F.);
#17059 = EDGE_LOOP('',(#17060,#17095,#17114,#17115));
#17060 = ORIENTED_EDGE('',*,*,#17061,.F.);
#17061 = EDGE_CURVE('',#17062,#17064,#17066,.T.);
#17062 = VERTEX_POINT('',#17063);
#17063 = CARTESIAN_POINT('',(20.8,-40.8,21.02));
#17064 = VERTEX_POINT('',#17065);
#17065 = CARTESIAN_POINT('',(20.8,-40.8,21.58));
#17066 = SURFACE_CURVE('',#17067,(#17072,#17079),.PCURVE_S1.);
#17067 = CIRCLE('',#17068,0.28);
#17068 = AXIS2_PLACEMENT_3D('',#17069,#17070,#17071);
#17069 = CARTESIAN_POINT('',(20.8,-40.8,21.3));
#17070 = DIRECTION('',(0.,-1.,0.));
#17071 = DIRECTION('',(0.,0.,-1.));
#17072 = PCURVE('',#16694,#17073);
#17073 = DEFINITIONAL_REPRESENTATION('',(#17074),#17078);
#17074 = LINE('',#17075,#17076);
#17075 = CARTESIAN_POINT('',(-7.853981633974,-1.22));
#17076 = VECTOR('',#17077,1.);
#17077 = DIRECTION('',(1.,-0.));
#17078 = ( GEOMETRIC_REPRESENTATION_CONTEXT(2) 
PARAMETRIC_REPRESENTATION_CONTEXT() REPRESENTATION_CONTEXT('2D SPACE',''
  ) );
#17079 = PCURVE('',#17080,#17085);
#17080 = PLANE('',#17081);
#17081 = AXIS2_PLACEMENT_3D('',#17082,#17083,#17084);
#17082 = CARTESIAN_POINT('',(20.8,-40.8,21.3));
#17083 = DIRECTION('',(0.,1.,1.110223024625E-16));
#17084 = DIRECTION('',(1.,0.,0.));
#17085 = DEFINITIONAL_REPRESENTATION('',(#17086),#17094);
#17086 = ( BOUNDED_CURVE() B_SPLINE_CURVE(2,(#17087,#17088,#17089,#17090
    ,#17091,#17092,#17093),.UNSPECIFIED.,.T.,.F.) 
B_SPLINE_CURVE_WITH_KNOTS((1,2,2,2,2,1),(-2.094395102393,0.,
    2.094395102393,4.188790204786,6.28318530718,8.377580409573),
.UNSPECIFIED.) CURVE() GEOMETRIC_REPRESENTATION_ITEM() 
RATIONAL_B_SPLINE_CURVE((1.,0.5,1.,0.5,1.,0.5,1.)) REPRESENTATION_ITEM(
  '') );
#17087 = CARTESIAN_POINT('',(0.,0.28));
#17088 = CARTESIAN_POINT('',(0.484974226119,0.28));
#17089 = CARTESIAN_POINT('',(0.24248711306,-0.14));
#17090 = CARTESIAN_POINT('',(6.858022075225E-17,-0.56));
#17091 = CARTESIAN_POINT('',(-0.24248711306,-0.14));
#17092 = CARTESIAN_POINT('',(-0.484974226119,0.28));
#17093 = CARTESIAN_POINT('',(0.,0.28));
#17094 = ( GEOMETRIC_REPRESENTATION_CONTEXT(2) 
PARAMETRIC_REPRESENTATION_CONTEXT() REPRESENTATION_CONTEXT('2D SPACE',''
  ) );
#17095 = ORIENTED_EDGE('',*,*,#17096,.T.);
#17096 = EDGE_CURVE('',#17062,#16653,#17097,.T.);
#17097 = SURFACE_CURVE('',#17098,(#17102,#17108),.PCURVE_S1.);
#17098 = LINE('',#17099,#17100);
#17099 = CARTESIAN_POINT('',(20.8,-42.02,21.02));
#17100 = VECTOR('',#17101,1.);
#17101 = DIRECTION('',(-0.,-1.,-1.110223024625E-16));
#17102 = PCURVE('',#16694,#17103);
#17103 = DEFINITIONAL_REPRESENTATION('',(#17104),#17107);
#17104 = B_SPLINE_CURVE_WITH_KNOTS('',1,(#17105,#17106),.UNSPECIFIED.,
  .F.,.F.,(2,2),(-1.22,-2.E-02),.PIECEWISE_BEZIER_KNOTS.);
#17105 = CARTESIAN_POINT('',(-7.853981633974,-1.22));
#17106 = CARTESIAN_POINT('',(-7.853981633974,-2.E-02));
#17107 = ( GEOMETRIC_REPRESENTATION_CONTEXT(2) 
PARAMETRIC_REPRESENTATION_CONTEXT() REPRESENTATION_CONTEXT('2D SPACE',''
  ) );
#17108 = PCURVE('',#16608,#17109);
#17109 = DEFINITIONAL_REPRESENTATION('',(#17110),#17113);
#17110 = B_SPLINE_CURVE_WITH_KNOTS('',1,(#17111,#17112),.UNSPECIFIED.,
  .F.,.F.,(2,2),(-1.2200006,5.999999999062E-07),
  .PIECEWISE_BEZIER_KNOTS.);
#17111 = CARTESIAN_POINT('',(9.62,-1.2200006));
#17112 = CARTESIAN_POINT('',(9.62,6.000000070117E-07));
#17113 = ( GEOMETRIC_REPRESENTATION_CONTEXT(2) 
PARAMETRIC_REPRESENTATION_CONTEXT() REPRESENTATION_CONTEXT('2D SPACE',''
  ) );
#17114 = ORIENTED_EDGE('',*,*,#16673,.T.);
#17115 = ORIENTED_EDGE('',*,*,#17116,.F.);
#17116 = EDGE_CURVE('',#17064,#16674,#17117,.T.);
#17117 = SURFACE_CURVE('',#17118,(#17122,#17128),.PCURVE_S1.);
#17118 = LINE('',#17119,#17120);
#17119 = CARTESIAN_POINT('',(20.8,-42.02,21.58));
#17120 = VECTOR('',#17121,1.);
#17121 = DIRECTION('',(-0.,-1.,-1.110223024625E-16));
#17122 = PCURVE('',#16694,#17123);
#17123 = DEFINITIONAL_REPRESENTATION('',(#17124),#17127);
#17124 = B_SPLINE_CURVE_WITH_KNOTS('',1,(#17125,#17126),.UNSPECIFIED.,
  .F.,.F.,(2,2),(-1.22,-2.E-02),.PIECEWISE_BEZIER_KNOTS.);
#17125 = CARTESIAN_POINT('',(-4.712388980385,-1.22));
#17126 = CARTESIAN_POINT('',(-4.712388980385,-2.E-02));
#17127 = ( GEOMETRIC_REPRESENTATION_CONTEXT(2) 
PARAMETRIC_REPRESENTATION_CONTEXT() REPRESENTATION_CONTEXT('2D SPACE',''
  ) );
#17128 = PCURVE('',#16608,#17129);
#17129 = DEFINITIONAL_REPRESENTATION('',(#17130),#17133);
#17130 = B_SPLINE_CURVE_WITH_KNOTS('',1,(#17131,#17132),.UNSPECIFIED.,
  .F.,.F.,(2,2),(-1.2200006,5.999999999062E-07),
  .PIECEWISE_BEZIER_KNOTS.);
#17131 = CARTESIAN_POINT('',(10.18,-1.2200006));
#17132 = CARTESIAN_POINT('',(10.18,6.000000070117E-07));
#17133 = ( GEOMETRIC_REPRESENTATION_CONTEXT(2) 
PARAMETRIC_REPRESENTATION_CONTEXT() REPRESENTATION_CONTEXT('2D SPACE',''
  ) );
#17134 = ADVANCED_FACE('',(#17135),#17080,.T.);
#17135 = FACE_BOUND('',#17136,.T.);
#17136 = EDGE_LOOP('',(#17137,#17156));
#17137 = ORIENTED_EDGE('',*,*,#17138,.T.);
#17138 = EDGE_CURVE('',#17062,#17064,#17139,.T.);
#17139 = SURFACE_CURVE('',#17140,(#17144,#17150),.PCURVE_S1.);
#17140 = LINE('',#17141,#17142);
#17141 = CARTESIAN_POINT('',(20.8,-40.8,16.35));
#17142 = VECTOR('',#17143,1.);
#17143 = DIRECTION('',(0.,-1.110223024625E-16,1.));
#17144 = PCURVE('',#17080,#17145);
#17145 = DEFINITIONAL_REPRESENTATION('',(#17146),#17149);
#17146 = B_SPLINE_CURVE_WITH_KNOTS('',1,(#17147,#17148),.UNSPECIFIED.,
  .F.,.F.,(2,2),(4.67,5.23),.PIECEWISE_BEZIER_KNOTS.);
#17147 = CARTESIAN_POINT('',(0.,0.28));
#17148 = CARTESIAN_POINT('',(0.,-0.28));
#17149 = ( GEOMETRIC_REPRESENTATION_CONTEXT(2) 
PARAMETRIC_REPRESENTATION_CONTEXT() REPRESENTATION_CONTEXT('2D SPACE',''
  ) );
#17150 = PCURVE('',#16608,#17151);
#17151 = DEFINITIONAL_REPRESENTATION('',(#17152),#17155);
#17152 = B_SPLINE_CURVE_WITH_KNOTS('',1,(#17153,#17154),.UNSPECIFIED.,
  .F.,.F.,(2,2),(4.67,5.23),.PIECEWISE_BEZIER_KNOTS.);
#17153 = CARTESIAN_POINT('',(9.62,-1.22));
#17154 = CARTESIAN_POINT('',(10.18,-1.22));
#17155 = ( GEOMETRIC_REPRESENTATION_CONTEXT(2) 
PARAMETRIC_REPRESENTATION_CONTEXT() REPRESENTATION_CONTEXT('2D SPACE',''
  ) );
#17156 = ORIENTED_EDGE('',*,*,#17061,.F.);
#17157 = ADVANCED_FACE('',(#17158),#16640,.T.);
#17158 = FACE_BOUND('',#17159,.F.);
#17159 = EDGE_LOOP('',(#17160,#17195,#17214,#17215));
#17160 = ORIENTED_EDGE('',*,*,#17161,.F.);
#17161 = EDGE_CURVE('',#17162,#17164,#17166,.T.);
#17162 = VERTEX_POINT('',#17163);
#17163 = CARTESIAN_POINT('',(20.8,-40.8,15.02));
#17164 = VERTEX_POINT('',#17165);
#17165 = CARTESIAN_POINT('',(20.8,-40.8,15.58));
#17166 = SURFACE_CURVE('',#17167,(#17172,#17179),.PCURVE_S1.);
#17167 = CIRCLE('',#17168,0.28);
#17168 = AXIS2_PLACEMENT_3D('',#17169,#17170,#17171);
#17169 = CARTESIAN_POINT('',(20.8,-40.8,15.3));
#17170 = DIRECTION('',(0.,-1.,0.));
#17171 = DIRECTION('',(0.,0.,-1.));
#17172 = PCURVE('',#16640,#17173);
#17173 = DEFINITIONAL_REPRESENTATION('',(#17174),#17178);
#17174 = LINE('',#17175,#17176);
#17175 = CARTESIAN_POINT('',(-7.853981633974,-1.22));
#17176 = VECTOR('',#17177,1.);
#17177 = DIRECTION('',(1.,-0.));
#17178 = ( GEOMETRIC_REPRESENTATION_CONTEXT(2) 
PARAMETRIC_REPRESENTATION_CONTEXT() REPRESENTATION_CONTEXT('2D SPACE',''
  ) );
#17179 = PCURVE('',#17180,#17185);
#17180 = PLANE('',#17181);
#17181 = AXIS2_PLACEMENT_3D('',#17182,#17183,#17184);
#17182 = CARTESIAN_POINT('',(20.8,-40.8,15.3));
#17183 = DIRECTION('',(0.,1.,1.110223024625E-16));
#17184 = DIRECTION('',(1.,0.,0.));
#17185 = DEFINITIONAL_REPRESENTATION('',(#17186),#17194);
#17186 = ( BOUNDED_CURVE() B_SPLINE_CURVE(2,(#17187,#17188,#17189,#17190
    ,#17191,#17192,#17193),.UNSPECIFIED.,.T.,.F.) 
B_SPLINE_CURVE_WITH_KNOTS((1,2,2,2,2,1),(-2.094395102393,0.,
    2.094395102393,4.188790204786,6.28318530718,8.377580409573),
.UNSPECIFIED.) CURVE() GEOMETRIC_REPRESENTATION_ITEM() 
RATIONAL_B_SPLINE_CURVE((1.,0.5,1.,0.5,1.,0.5,1.)) REPRESENTATION_ITEM(
  '') );
#17187 = CARTESIAN_POINT('',(0.,0.28));
#17188 = CARTESIAN_POINT('',(0.484974226119,0.28));
#17189 = CARTESIAN_POINT('',(0.24248711306,-0.14));
#17190 = CARTESIAN_POINT('',(6.858022075225E-17,-0.56));
#17191 = CARTESIAN_POINT('',(-0.24248711306,-0.14));
#17192 = CARTESIAN_POINT('',(-0.484974226119,0.28));
#17193 = CARTESIAN_POINT('',(0.,0.28));
#17194 = ( GEOMETRIC_REPRESENTATION_CONTEXT(2) 
PARAMETRIC_REPRESENTATION_CONTEXT() REPRESENTATION_CONTEXT('2D SPACE',''
  ) );
#17195 = ORIENTED_EDGE('',*,*,#17196,.T.);
#17196 = EDGE_CURVE('',#17162,#16594,#17197,.T.);
#17197 = SURFACE_CURVE('',#17198,(#17202,#17208),.PCURVE_S1.);
#17198 = LINE('',#17199,#17200);
#17199 = CARTESIAN_POINT('',(20.8,-42.02,15.02));
#17200 = VECTOR('',#17201,1.);
#17201 = DIRECTION('',(-0.,-1.,-1.110223024625E-16));
#17202 = PCURVE('',#16640,#17203);
#17203 = DEFINITIONAL_REPRESENTATION('',(#17204),#17207);
#17204 = B_SPLINE_CURVE_WITH_KNOTS('',1,(#17205,#17206),.UNSPECIFIED.,
  .F.,.F.,(2,2),(-1.22,-2.E-02),.PIECEWISE_BEZIER_KNOTS.);
#17205 = CARTESIAN_POINT('',(-7.853981633974,-1.22));
#17206 = CARTESIAN_POINT('',(-7.853981633974,-2.E-02));
#17207 = ( GEOMETRIC_REPRESENTATION_CONTEXT(2) 
PARAMETRIC_REPRESENTATION_CONTEXT() REPRESENTATION_CONTEXT('2D SPACE',''
  ) );
#17208 = PCURVE('',#16608,#17209);
#17209 = DEFINITIONAL_REPRESENTATION('',(#17210),#17213);
#17210 = B_SPLINE_CURVE_WITH_KNOTS('',1,(#17211,#17212),.UNSPECIFIED.,
  .F.,.F.,(2,2),(-1.2200006,5.999999999062E-07),
  .PIECEWISE_BEZIER_KNOTS.);
#17211 = CARTESIAN_POINT('',(3.62,-1.2200006));
#17212 = CARTESIAN_POINT('',(3.62,6.000000070117E-07));
#17213 = ( GEOMETRIC_REPRESENTATION_CONTEXT(2) 
PARAMETRIC_REPRESENTATION_CONTEXT() REPRESENTATION_CONTEXT('2D SPACE',''
  ) );
#17214 = ORIENTED_EDGE('',*,*,#16619,.T.);
#17215 = ORIENTED_EDGE('',*,*,#17216,.F.);
#17216 = EDGE_CURVE('',#17164,#16620,#17217,.T.);
#17217 = SURFACE_CURVE('',#17218,(#17222,#17228),.PCURVE_S1.);
#17218 = LINE('',#17219,#17220);
#17219 = CARTESIAN_POINT('',(20.8,-42.02,15.58));
#17220 = VECTOR('',#17221,1.);
#17221 = DIRECTION('',(-0.,-1.,-1.110223024625E-16));
#17222 = PCURVE('',#16640,#17223);
#17223 = DEFINITIONAL_REPRESENTATION('',(#17224),#17227);
#17224 = B_SPLINE_CURVE_WITH_KNOTS('',1,(#17225,#17226),.UNSPECIFIED.,
  .F.,.F.,(2,2),(-1.22,-2.E-02),.PIECEWISE_BEZIER_KNOTS.);
#17225 = CARTESIAN_POINT('',(-4.712388980385,-1.22));
#17226 = CARTESIAN_POINT('',(-4.712388980385,-2.E-02));
#17227 = ( GEOMETRIC_REPRESENTATION_CONTEXT(2) 
PARAMETRIC_REPRESENTATION_CONTEXT() REPRESENTATION_CONTEXT('2D SPACE',''
  ) );
#17228 = PCURVE('',#16608,#17229);
#17229 = DEFINITIONAL_REPRESENTATION('',(#17230),#17233);
#17230 = B_SPLINE_CURVE_WITH_KNOTS('',1,(#17231,#17232),.UNSPECIFIED.,
  .F.,.F.,(2,2),(-1.2200006,5.999999999062E-07),
  .PIECEWISE_BEZIER_KNOTS.);
#17231 = CARTESIAN_POINT('',(4.18,-1.2200006));
#17232 = CARTESIAN_POINT('',(4.18,6.000000070117E-07));
#17233 = ( GEOMETRIC_REPRESENTATION_CONTEXT(2) 
PARAMETRIC_REPRESENTATION_CONTEXT() REPRESENTATION_CONTEXT('2D SPACE',''
  ) );
#17234 = ADVANCED_FACE('',(#17235),#17180,.T.);
#17235 = FACE_BOUND('',#17236,.T.);
#17236 = EDGE_LOOP('',(#17237,#17256));
#17237 = ORIENTED_EDGE('',*,*,#17238,.T.);
#17238 = EDGE_CURVE('',#17162,#17164,#17239,.T.);
#17239 = SURFACE_CURVE('',#17240,(#17244,#17250),.PCURVE_S1.);
#17240 = LINE('',#17241,#17242);
#17241 = CARTESIAN_POINT('',(20.8,-40.8,13.35));
#17242 = VECTOR('',#17243,1.);
#17243 = DIRECTION('',(0.,-1.110223024625E-16,1.));
#17244 = PCURVE('',#17180,#17245);
#17245 = DEFINITIONAL_REPRESENTATION('',(#17246),#17249);
#17246 = B_SPLINE_CURVE_WITH_KNOTS('',1,(#17247,#17248),.UNSPECIFIED.,
  .F.,.F.,(2,2),(1.67,2.23),.PIECEWISE_BEZIER_KNOTS.);
#17247 = CARTESIAN_POINT('',(0.,0.28));
#17248 = CARTESIAN_POINT('',(0.,-0.28));
#17249 = ( GEOMETRIC_REPRESENTATION_CONTEXT(2) 
PARAMETRIC_REPRESENTATION_CONTEXT() REPRESENTATION_CONTEXT('2D SPACE',''
  ) );
#17250 = PCURVE('',#16608,#17251);
#17251 = DEFINITIONAL_REPRESENTATION('',(#17252),#17255);
#17252 = B_SPLINE_CURVE_WITH_KNOTS('',1,(#17253,#17254),.UNSPECIFIED.,
  .F.,.F.,(2,2),(1.67,2.23),.PIECEWISE_BEZIER_KNOTS.);
#17253 = CARTESIAN_POINT('',(3.62,-1.22));
#17254 = CARTESIAN_POINT('',(4.18,-1.22));
#17255 = ( GEOMETRIC_REPRESENTATION_CONTEXT(2) 
PARAMETRIC_REPRESENTATION_CONTEXT() REPRESENTATION_CONTEXT('2D SPACE',''
  ) );
#17256 = ORIENTED_EDGE('',*,*,#17161,.F.);
#17257 = ADVANCED_FACE('',(#17258),#16608,.T.);
#17258 = FACE_BOUND('',#17259,.T.);
#17259 = EDGE_LOOP('',(#17260,#17261,#17262,#17263,#17264,#17265,#17266,
    #17267,#17268,#17269,#17270,#17291));
#17260 = ORIENTED_EDGE('',*,*,#17034,.F.);
#17261 = ORIENTED_EDGE('',*,*,#16706,.T.);
#17262 = ORIENTED_EDGE('',*,*,#17116,.F.);
#17263 = ORIENTED_EDGE('',*,*,#17138,.F.);
#17264 = ORIENTED_EDGE('',*,*,#17096,.T.);
#17265 = ORIENTED_EDGE('',*,*,#16652,.T.);
#17266 = ORIENTED_EDGE('',*,*,#17216,.F.);
#17267 = ORIENTED_EDGE('',*,*,#17238,.F.);
#17268 = ORIENTED_EDGE('',*,*,#17196,.T.);
#17269 = ORIENTED_EDGE('',*,*,#16593,.T.);
#17270 = ORIENTED_EDGE('',*,*,#17271,.T.);
#17271 = EDGE_CURVE('',#16565,#16987,#17272,.T.);
#17272 = SURFACE_CURVE('',#17273,(#17277,#17284),.PCURVE_S1.);
#17273 = LINE('',#17274,#17275);
#17274 = CARTESIAN_POINT('',(20.8,-42.02,11.9));
#17275 = VECTOR('',#17276,1.);
#17276 = DIRECTION('',(0.,1.,0.));
#17277 = PCURVE('',#16608,#17278);
#17278 = DEFINITIONAL_REPRESENTATION('',(#17279),#17283);
#17279 = LINE('',#17280,#17281);
#17280 = CARTESIAN_POINT('',(0.5,0.));
#17281 = VECTOR('',#17282,1.);
#17282 = DIRECTION('',(0.,-1.));
#17283 = ( GEOMETRIC_REPRESENTATION_CONTEXT(2) 
PARAMETRIC_REPRESENTATION_CONTEXT() REPRESENTATION_CONTEXT('2D SPACE',''
  ) );
#17284 = PCURVE('',#16581,#17285);
#17285 = DEFINITIONAL_REPRESENTATION('',(#17286),#17290);
#17286 = LINE('',#17287,#17288);
#17287 = CARTESIAN_POINT('',(0.,0.));
#17288 = VECTOR('',#17289,1.);
#17289 = DIRECTION('',(0.,1.));
#17290 = ( GEOMETRIC_REPRESENTATION_CONTEXT(2) 
PARAMETRIC_REPRESENTATION_CONTEXT() REPRESENTATION_CONTEXT('2D SPACE',''
  ) );
#17291 = ORIENTED_EDGE('',*,*,#16986,.T.);
#17292 = ADVANCED_FACE('',(#17293),#16581,.T.);
#17293 = FACE_BOUND('',#17294,.T.);
#17294 = EDGE_LOOP('',(#17295,#17296,#17297,#17318));
#17295 = ORIENTED_EDGE('',*,*,#17271,.F.);
#17296 = ORIENTED_EDGE('',*,*,#16564,.T.);
#17297 = ORIENTED_EDGE('',*,*,#17298,.T.);
#17298 = EDGE_CURVE('',#16539,#16862,#17299,.T.);
#17299 = SURFACE_CURVE('',#17300,(#17304,#17311),.PCURVE_S1.);
#17300 = LINE('',#17301,#17302);
#17301 = CARTESIAN_POINT('',(20.3,-42.02,11.4));
#17302 = VECTOR('',#17303,1.);
#17303 = DIRECTION('',(0.,1.,0.));
#17304 = PCURVE('',#16581,#17305);
#17305 = DEFINITIONAL_REPRESENTATION('',(#17306),#17310);
#17306 = LINE('',#17307,#17308);
#17307 = CARTESIAN_POINT('',(1.570796326795,0.));
#17308 = VECTOR('',#17309,1.);
#17309 = DIRECTION('',(0.,1.));
#17310 = ( GEOMETRIC_REPRESENTATION_CONTEXT(2) 
PARAMETRIC_REPRESENTATION_CONTEXT() REPRESENTATION_CONTEXT('2D SPACE',''
  ) );
#17311 = PCURVE('',#16553,#17312);
#17312 = DEFINITIONAL_REPRESENTATION('',(#17313),#17317);
#17313 = LINE('',#17314,#17315);
#17314 = CARTESIAN_POINT('',(13.1,0.));
#17315 = VECTOR('',#17316,1.);
#17316 = DIRECTION('',(0.,1.));
#17317 = ( GEOMETRIC_REPRESENTATION_CONTEXT(2) 
PARAMETRIC_REPRESENTATION_CONTEXT() REPRESENTATION_CONTEXT('2D SPACE',''
  ) );
#17318 = ORIENTED_EDGE('',*,*,#17009,.F.);
#17319 = ADVANCED_FACE('',(#17320),#16553,.F.);
#17320 = FACE_BOUND('',#17321,.F.);
#17321 = EDGE_LOOP('',(#17322,#17323,#17344,#17345));
#17322 = ORIENTED_EDGE('',*,*,#16859,.F.);
#17323 = ORIENTED_EDGE('',*,*,#17324,.F.);
#17324 = EDGE_CURVE('',#16510,#16860,#17325,.T.);
#17325 = SURFACE_CURVE('',#17326,(#17330,#17337),.PCURVE_S1.);
#17326 = LINE('',#17327,#17328);
#17327 = CARTESIAN_POINT('',(7.7,-42.02,11.4));
#17328 = VECTOR('',#17329,1.);
#17329 = DIRECTION('',(0.,1.,0.));
#17330 = PCURVE('',#16553,#17331);
#17331 = DEFINITIONAL_REPRESENTATION('',(#17332),#17336);
#17332 = LINE('',#17333,#17334);
#17333 = CARTESIAN_POINT('',(0.5,0.));
#17334 = VECTOR('',#17335,1.);
#17335 = DIRECTION('',(0.,1.));
#17336 = ( GEOMETRIC_REPRESENTATION_CONTEXT(2) 
PARAMETRIC_REPRESENTATION_CONTEXT() REPRESENTATION_CONTEXT('2D SPACE',''
  ) );
#17337 = PCURVE('',#16526,#17338);
#17338 = DEFINITIONAL_REPRESENTATION('',(#17339),#17343);
#17339 = LINE('',#17340,#17341);
#17340 = CARTESIAN_POINT('',(-1.570796326795,0.));
#17341 = VECTOR('',#17342,1.);
#17342 = DIRECTION('',(-0.,1.));
#17343 = ( GEOMETRIC_REPRESENTATION_CONTEXT(2) 
PARAMETRIC_REPRESENTATION_CONTEXT() REPRESENTATION_CONTEXT('2D SPACE',''
  ) );
#17344 = ORIENTED_EDGE('',*,*,#16538,.T.);
#17345 = ORIENTED_EDGE('',*,*,#17298,.T.);
#17346 = ADVANCED_FACE('',(#17347),#16526,.T.);
#17347 = FACE_BOUND('',#17348,.F.);
#17348 = EDGE_LOOP('',(#17349,#17370,#17371,#17372));
#17349 = ORIENTED_EDGE('',*,*,#17350,.F.);
#17350 = EDGE_CURVE('',#16489,#16885,#17351,.T.);
#17351 = SURFACE_CURVE('',#17352,(#17356,#17363),.PCURVE_S1.);
#17352 = LINE('',#17353,#17354);
#17353 = CARTESIAN_POINT('',(7.2,-42.02,11.9));
#17354 = VECTOR('',#17355,1.);
#17355 = DIRECTION('',(0.,1.,0.));
#17356 = PCURVE('',#16526,#17357);
#17357 = DEFINITIONAL_REPRESENTATION('',(#17358),#17362);
#17358 = LINE('',#17359,#17360);
#17359 = CARTESIAN_POINT('',(-0.,0.));
#17360 = VECTOR('',#17361,1.);
#17361 = DIRECTION('',(-0.,1.));
#17362 = ( GEOMETRIC_REPRESENTATION_CONTEXT(2) 
PARAMETRIC_REPRESENTATION_CONTEXT() REPRESENTATION_CONTEXT('2D SPACE',''
  ) );
#17363 = PCURVE('',#16390,#17364);
#17364 = DEFINITIONAL_REPRESENTATION('',(#17365),#17369);
#17365 = LINE('',#17366,#17367);
#17366 = CARTESIAN_POINT('',(0.5,0.));
#17367 = VECTOR('',#17368,1.);
#17368 = DIRECTION('',(0.,-1.));
#17369 = ( GEOMETRIC_REPRESENTATION_CONTEXT(2) 
PARAMETRIC_REPRESENTATION_CONTEXT() REPRESENTATION_CONTEXT('2D SPACE',''
  ) );
#17370 = ORIENTED_EDGE('',*,*,#16509,.F.);
#17371 = ORIENTED_EDGE('',*,*,#17324,.T.);
#17372 = ORIENTED_EDGE('',*,*,#16884,.F.);
#17373 = ADVANCED_FACE('',(#17374),#16476,.T.);
#17374 = FACE_BOUND('',#17375,.F.);
#17375 = EDGE_LOOP('',(#17376,#17397,#17426,#17445));
#17376 = ORIENTED_EDGE('',*,*,#17377,.F.);
#17377 = EDGE_CURVE('',#17378,#16456,#17380,.T.);
#17378 = VERTEX_POINT('',#17379);
#17379 = CARTESIAN_POINT('',(7.2,-40.8,15.02));
#17380 = SURFACE_CURVE('',#17381,(#17385,#17391),.PCURVE_S1.);
#17381 = LINE('',#17382,#17383);
#17382 = CARTESIAN_POINT('',(7.2,-42.02,15.02));
#17383 = VECTOR('',#17384,1.);
#17384 = DIRECTION('',(-0.,-1.,-1.110223024625E-16));
#17385 = PCURVE('',#16476,#17386);
#17386 = DEFINITIONAL_REPRESENTATION('',(#17387),#17390);
#17387 = B_SPLINE_CURVE_WITH_KNOTS('',1,(#17388,#17389),.UNSPECIFIED.,
  .F.,.F.,(2,2),(-1.2200006,5.999999999062E-07),
  .PIECEWISE_BEZIER_KNOTS.);
#17388 = CARTESIAN_POINT('',(-1.570796326795,-1.2200006));
#17389 = CARTESIAN_POINT('',(-1.570796326795,5.999999999373E-07));
#17390 = ( GEOMETRIC_REPRESENTATION_CONTEXT(2) 
PARAMETRIC_REPRESENTATION_CONTEXT() REPRESENTATION_CONTEXT('2D SPACE',''
  ) );
#17391 = PCURVE('',#16390,#17392);
#17392 = DEFINITIONAL_REPRESENTATION('',(#17393),#17396);
#17393 = B_SPLINE_CURVE_WITH_KNOTS('',1,(#17394,#17395),.UNSPECIFIED.,
  .F.,.F.,(2,2),(-1.2200006,5.999999999062E-07),
  .PIECEWISE_BEZIER_KNOTS.);
#17394 = CARTESIAN_POINT('',(3.62,-1.2200006));
#17395 = CARTESIAN_POINT('',(3.62,6.000000070117E-07));
#17396 = ( GEOMETRIC_REPRESENTATION_CONTEXT(2) 
PARAMETRIC_REPRESENTATION_CONTEXT() REPRESENTATION_CONTEXT('2D SPACE',''
  ) );
#17397 = ORIENTED_EDGE('',*,*,#17398,.T.);
#17398 = EDGE_CURVE('',#17378,#17399,#17401,.T.);
#17399 = VERTEX_POINT('',#17400);
#17400 = CARTESIAN_POINT('',(7.2,-40.8,15.58));
#17401 = SURFACE_CURVE('',#17402,(#17407,#17414),.PCURVE_S1.);
#17402 = CIRCLE('',#17403,0.28);
#17403 = AXIS2_PLACEMENT_3D('',#17404,#17405,#17406);
#17404 = CARTESIAN_POINT('',(7.2,-40.8,15.3));
#17405 = DIRECTION('',(-0.,1.,1.110223024625E-16));
#17406 = DIRECTION('',(1.,0.,0.));
#17407 = PCURVE('',#16476,#17408);
#17408 = DEFINITIONAL_REPRESENTATION('',(#17409),#17413);
#17409 = LINE('',#17410,#17411);
#17410 = CARTESIAN_POINT('',(-0.,-1.22));
#17411 = VECTOR('',#17412,1.);
#17412 = DIRECTION('',(-1.,0.));
#17413 = ( GEOMETRIC_REPRESENTATION_CONTEXT(2) 
PARAMETRIC_REPRESENTATION_CONTEXT() REPRESENTATION_CONTEXT('2D SPACE',''
  ) );
#17414 = PCURVE('',#17415,#17420);
#17415 = PLANE('',#17416);
#17416 = AXIS2_PLACEMENT_3D('',#17417,#17418,#17419);
#17417 = CARTESIAN_POINT('',(7.2,-40.8,15.3));
#17418 = DIRECTION('',(0.,1.,1.110223024625E-16));
#17419 = DIRECTION('',(1.,0.,0.));
#17420 = DEFINITIONAL_REPRESENTATION('',(#17421),#17425);
#17421 = CIRCLE('',#17422,0.28);
#17422 = AXIS2_PLACEMENT_2D('',#17423,#17424);
#17423 = CARTESIAN_POINT('',(0.,0.));
#17424 = DIRECTION('',(1.,0.));
#17425 = ( GEOMETRIC_REPRESENTATION_CONTEXT(2) 
PARAMETRIC_REPRESENTATION_CONTEXT() REPRESENTATION_CONTEXT('2D SPACE',''
  ) );
#17426 = ORIENTED_EDGE('',*,*,#17427,.T.);
#17427 = EDGE_CURVE('',#17399,#16435,#17428,.T.);
#17428 = SURFACE_CURVE('',#17429,(#17433,#17439),.PCURVE_S1.);
#17429 = LINE('',#17430,#17431);
#17430 = CARTESIAN_POINT('',(7.2,-42.02,15.58));
#17431 = VECTOR('',#17432,1.);
#17432 = DIRECTION('',(-0.,-1.,-1.110223024625E-16));
#17433 = PCURVE('',#16476,#17434);
#17434 = DEFINITIONAL_REPRESENTATION('',(#17435),#17438);
#17435 = B_SPLINE_CURVE_WITH_KNOTS('',1,(#17436,#17437),.UNSPECIFIED.,
  .F.,.F.,(2,2),(-1.2200006,5.999999999062E-07),
  .PIECEWISE_BEZIER_KNOTS.);
#17436 = CARTESIAN_POINT('',(-4.712388980385,-1.2200006));
#17437 = CARTESIAN_POINT('',(-4.712388980385,5.999999998751E-07));
#17438 = ( GEOMETRIC_REPRESENTATION_CONTEXT(2) 
PARAMETRIC_REPRESENTATION_CONTEXT() REPRESENTATION_CONTEXT('2D SPACE',''
  ) );
#17439 = PCURVE('',#16390,#17440);
#17440 = DEFINITIONAL_REPRESENTATION('',(#17441),#17444);
#17441 = B_SPLINE_CURVE_WITH_KNOTS('',1,(#17442,#17443),.UNSPECIFIED.,
  .F.,.F.,(2,2),(-1.2200006,5.999999999062E-07),
  .PIECEWISE_BEZIER_KNOTS.);
#17442 = CARTESIAN_POINT('',(4.18,-1.2200006));
#17443 = CARTESIAN_POINT('',(4.18,6.000000070117E-07));
#17444 = ( GEOMETRIC_REPRESENTATION_CONTEXT(2) 
PARAMETRIC_REPRESENTATION_CONTEXT() REPRESENTATION_CONTEXT('2D SPACE',''
  ) );
#17445 = ORIENTED_EDGE('',*,*,#16455,.T.);
#17446 = ADVANCED_FACE('',(#17447),#17415,.T.);
#17447 = FACE_BOUND('',#17448,.T.);
#17448 = EDGE_LOOP('',(#17449,#17468));
#17449 = ORIENTED_EDGE('',*,*,#17450,.F.);
#17450 = EDGE_CURVE('',#17378,#17399,#17451,.T.);
#17451 = SURFACE_CURVE('',#17452,(#17456,#17462),.PCURVE_S1.);
#17452 = LINE('',#17453,#17454);
#17453 = CARTESIAN_POINT('',(7.2,-40.8,13.35));
#17454 = VECTOR('',#17455,1.);
#17455 = DIRECTION('',(0.,-1.110223024625E-16,1.));
#17456 = PCURVE('',#17415,#17457);
#17457 = DEFINITIONAL_REPRESENTATION('',(#17458),#17461);
#17458 = B_SPLINE_CURVE_WITH_KNOTS('',1,(#17459,#17460),.UNSPECIFIED.,
  .F.,.F.,(2,2),(1.67,2.23),.PIECEWISE_BEZIER_KNOTS.);
#17459 = CARTESIAN_POINT('',(0.,0.28));
#17460 = CARTESIAN_POINT('',(0.,-0.28));
#17461 = ( GEOMETRIC_REPRESENTATION_CONTEXT(2) 
PARAMETRIC_REPRESENTATION_CONTEXT() REPRESENTATION_CONTEXT('2D SPACE',''
  ) );
#17462 = PCURVE('',#16390,#17463);
#17463 = DEFINITIONAL_REPRESENTATION('',(#17464),#17467);
#17464 = B_SPLINE_CURVE_WITH_KNOTS('',1,(#17465,#17466),.UNSPECIFIED.,
  .F.,.F.,(2,2),(1.67,2.23),.PIECEWISE_BEZIER_KNOTS.);
#17465 = CARTESIAN_POINT('',(3.62,-1.22));
#17466 = CARTESIAN_POINT('',(4.18,-1.22));
#17467 = ( GEOMETRIC_REPRESENTATION_CONTEXT(2) 
PARAMETRIC_REPRESENTATION_CONTEXT() REPRESENTATION_CONTEXT('2D SPACE',''
  ) );
#17468 = ORIENTED_EDGE('',*,*,#17398,.T.);
#17469 = ADVANCED_FACE('',(#17470),#16422,.T.);
#17470 = FACE_BOUND('',#17471,.F.);
#17471 = EDGE_LOOP('',(#17472,#17493,#17522,#17541));
#17472 = ORIENTED_EDGE('',*,*,#17473,.F.);
#17473 = EDGE_CURVE('',#17474,#16402,#17476,.T.);
#17474 = VERTEX_POINT('',#17475);
#17475 = CARTESIAN_POINT('',(7.2,-40.8,21.02));
#17476 = SURFACE_CURVE('',#17477,(#17481,#17487),.PCURVE_S1.);
#17477 = LINE('',#17478,#17479);
#17478 = CARTESIAN_POINT('',(7.2,-42.02,21.02));
#17479 = VECTOR('',#17480,1.);
#17480 = DIRECTION('',(-0.,-1.,-1.110223024625E-16));
#17481 = PCURVE('',#16422,#17482);
#17482 = DEFINITIONAL_REPRESENTATION('',(#17483),#17486);
#17483 = B_SPLINE_CURVE_WITH_KNOTS('',1,(#17484,#17485),.UNSPECIFIED.,
  .F.,.F.,(2,2),(-1.2200006,5.999999999062E-07),
  .PIECEWISE_BEZIER_KNOTS.);
#17484 = CARTESIAN_POINT('',(-1.570796326795,-1.2200006));
#17485 = CARTESIAN_POINT('',(-1.570796326795,5.999999999373E-07));
#17486 = ( GEOMETRIC_REPRESENTATION_CONTEXT(2) 
PARAMETRIC_REPRESENTATION_CONTEXT() REPRESENTATION_CONTEXT('2D SPACE',''
  ) );
#17487 = PCURVE('',#16390,#17488);
#17488 = DEFINITIONAL_REPRESENTATION('',(#17489),#17492);
#17489 = B_SPLINE_CURVE_WITH_KNOTS('',1,(#17490,#17491),.UNSPECIFIED.,
  .F.,.F.,(2,2),(-1.2200006,5.999999999062E-07),
  .PIECEWISE_BEZIER_KNOTS.);
#17490 = CARTESIAN_POINT('',(9.62,-1.2200006));
#17491 = CARTESIAN_POINT('',(9.62,6.000000070117E-07));
#17492 = ( GEOMETRIC_REPRESENTATION_CONTEXT(2) 
PARAMETRIC_REPRESENTATION_CONTEXT() REPRESENTATION_CONTEXT('2D SPACE',''
  ) );
#17493 = ORIENTED_EDGE('',*,*,#17494,.T.);
#17494 = EDGE_CURVE('',#17474,#17495,#17497,.T.);
#17495 = VERTEX_POINT('',#17496);
#17496 = CARTESIAN_POINT('',(7.2,-40.8,21.58));
#17497 = SURFACE_CURVE('',#17498,(#17503,#17510),.PCURVE_S1.);
#17498 = CIRCLE('',#17499,0.28);
#17499 = AXIS2_PLACEMENT_3D('',#17500,#17501,#17502);
#17500 = CARTESIAN_POINT('',(7.2,-40.8,21.3));
#17501 = DIRECTION('',(-0.,1.,1.110223024625E-16));
#17502 = DIRECTION('',(1.,0.,0.));
#17503 = PCURVE('',#16422,#17504);
#17504 = DEFINITIONAL_REPRESENTATION('',(#17505),#17509);
#17505 = LINE('',#17506,#17507);
#17506 = CARTESIAN_POINT('',(-0.,-1.22));
#17507 = VECTOR('',#17508,1.);
#17508 = DIRECTION('',(-1.,0.));
#17509 = ( GEOMETRIC_REPRESENTATION_CONTEXT(2) 
PARAMETRIC_REPRESENTATION_CONTEXT() REPRESENTATION_CONTEXT('2D SPACE',''
  ) );
#17510 = PCURVE('',#17511,#17516);
#17511 = PLANE('',#17512);
#17512 = AXIS2_PLACEMENT_3D('',#17513,#17514,#17515);
#17513 = CARTESIAN_POINT('',(7.2,-40.8,21.3));
#17514 = DIRECTION('',(0.,1.,1.110223024625E-16));
#17515 = DIRECTION('',(1.,0.,0.));
#17516 = DEFINITIONAL_REPRESENTATION('',(#17517),#17521);
#17517 = CIRCLE('',#17518,0.28);
#17518 = AXIS2_PLACEMENT_2D('',#17519,#17520);
#17519 = CARTESIAN_POINT('',(0.,0.));
#17520 = DIRECTION('',(1.,0.));
#17521 = ( GEOMETRIC_REPRESENTATION_CONTEXT(2) 
PARAMETRIC_REPRESENTATION_CONTEXT() REPRESENTATION_CONTEXT('2D SPACE',''
  ) );
#17522 = ORIENTED_EDGE('',*,*,#17523,.T.);
#17523 = EDGE_CURVE('',#17495,#16376,#17524,.T.);
#17524 = SURFACE_CURVE('',#17525,(#17529,#17535),.PCURVE_S1.);
#17525 = LINE('',#17526,#17527);
#17526 = CARTESIAN_POINT('',(7.2,-42.02,21.58));
#17527 = VECTOR('',#17528,1.);
#17528 = DIRECTION('',(-0.,-1.,-1.110223024625E-16));
#17529 = PCURVE('',#16422,#17530);
#17530 = DEFINITIONAL_REPRESENTATION('',(#17531),#17534);
#17531 = B_SPLINE_CURVE_WITH_KNOTS('',1,(#17532,#17533),.UNSPECIFIED.,
  .F.,.F.,(2,2),(-1.2200006,5.999999999062E-07),
  .PIECEWISE_BEZIER_KNOTS.);
#17532 = CARTESIAN_POINT('',(-4.712388980385,-1.2200006));
#17533 = CARTESIAN_POINT('',(-4.712388980385,5.999999998751E-07));
#17534 = ( GEOMETRIC_REPRESENTATION_CONTEXT(2) 
PARAMETRIC_REPRESENTATION_CONTEXT() REPRESENTATION_CONTEXT('2D SPACE',''
  ) );
#17535 = PCURVE('',#16390,#17536);
#17536 = DEFINITIONAL_REPRESENTATION('',(#17537),#17540);
#17537 = B_SPLINE_CURVE_WITH_KNOTS('',1,(#17538,#17539),.UNSPECIFIED.,
  .F.,.F.,(2,2),(-1.2200006,5.999999999062E-07),
  .PIECEWISE_BEZIER_KNOTS.);
#17538 = CARTESIAN_POINT('',(10.18,-1.2200006));
#17539 = CARTESIAN_POINT('',(10.18,6.000000070117E-07));
#17540 = ( GEOMETRIC_REPRESENTATION_CONTEXT(2) 
PARAMETRIC_REPRESENTATION_CONTEXT() REPRESENTATION_CONTEXT('2D SPACE',''
  ) );
#17541 = ORIENTED_EDGE('',*,*,#16401,.T.);
#17542 = ADVANCED_FACE('',(#17543),#17511,.T.);
#17543 = FACE_BOUND('',#17544,.T.);
#17544 = EDGE_LOOP('',(#17545,#17564));
#17545 = ORIENTED_EDGE('',*,*,#17546,.F.);
#17546 = EDGE_CURVE('',#17474,#17495,#17547,.T.);
#17547 = SURFACE_CURVE('',#17548,(#17552,#17558),.PCURVE_S1.);
#17548 = LINE('',#17549,#17550);
#17549 = CARTESIAN_POINT('',(7.2,-40.8,16.35));
#17550 = VECTOR('',#17551,1.);
#17551 = DIRECTION('',(0.,-1.110223024625E-16,1.));
#17552 = PCURVE('',#17511,#17553);
#17553 = DEFINITIONAL_REPRESENTATION('',(#17554),#17557);
#17554 = B_SPLINE_CURVE_WITH_KNOTS('',1,(#17555,#17556),.UNSPECIFIED.,
  .F.,.F.,(2,2),(4.67,5.23),.PIECEWISE_BEZIER_KNOTS.);
#17555 = CARTESIAN_POINT('',(0.,0.28));
#17556 = CARTESIAN_POINT('',(0.,-0.28));
#17557 = ( GEOMETRIC_REPRESENTATION_CONTEXT(2) 
PARAMETRIC_REPRESENTATION_CONTEXT() REPRESENTATION_CONTEXT('2D SPACE',''
  ) );
#17558 = PCURVE('',#16390,#17559);
#17559 = DEFINITIONAL_REPRESENTATION('',(#17560),#17563);
#17560 = B_SPLINE_CURVE_WITH_KNOTS('',1,(#17561,#17562),.UNSPECIFIED.,
  .F.,.F.,(2,2),(4.67,5.23),.PIECEWISE_BEZIER_KNOTS.);
#17561 = CARTESIAN_POINT('',(9.62,-1.22));
#17562 = CARTESIAN_POINT('',(10.18,-1.22));
#17563 = ( GEOMETRIC_REPRESENTATION_CONTEXT(2) 
PARAMETRIC_REPRESENTATION_CONTEXT() REPRESENTATION_CONTEXT('2D SPACE',''
  ) );
#17564 = ORIENTED_EDGE('',*,*,#17494,.T.);
#17565 = ADVANCED_FACE('',(#17566),#16390,.F.);
#17566 = FACE_BOUND('',#17567,.F.);
#17567 = EDGE_LOOP('',(#17568,#17589,#17590,#17591,#17592,#17593,#17594,
    #17595,#17596,#17597,#17598,#17599));
#17568 = ORIENTED_EDGE('',*,*,#17569,.F.);
#17569 = EDGE_CURVE('',#16345,#16913,#17570,.T.);
#17570 = SURFACE_CURVE('',#17571,(#17575,#17582),.PCURVE_S1.);
#17571 = LINE('',#17572,#17573);
#17572 = CARTESIAN_POINT('',(7.2,-42.02,24.7));
#17573 = VECTOR('',#17574,1.);
#17574 = DIRECTION('',(0.,1.,0.));
#17575 = PCURVE('',#16390,#17576);
#17576 = DEFINITIONAL_REPRESENTATION('',(#17577),#17581);
#17577 = LINE('',#17578,#17579);
#17578 = CARTESIAN_POINT('',(13.3,0.));
#17579 = VECTOR('',#17580,1.);
#17580 = DIRECTION('',(0.,-1.));
#17581 = ( GEOMETRIC_REPRESENTATION_CONTEXT(2) 
PARAMETRIC_REPRESENTATION_CONTEXT() REPRESENTATION_CONTEXT('2D SPACE',''
  ) );
#17582 = PCURVE('',#16363,#17583);
#17583 = DEFINITIONAL_REPRESENTATION('',(#17584),#17588);
#17584 = LINE('',#17585,#17586);
#17585 = CARTESIAN_POINT('',(0.,0.));
#17586 = VECTOR('',#17587,1.);
#17587 = DIRECTION('',(0.,1.));
#17588 = ( GEOMETRIC_REPRESENTATION_CONTEXT(2) 
PARAMETRIC_REPRESENTATION_CONTEXT() REPRESENTATION_CONTEXT('2D SPACE',''
  ) );
#17589 = ORIENTED_EDGE('',*,*,#16375,.T.);
#17590 = ORIENTED_EDGE('',*,*,#17523,.F.);
#17591 = ORIENTED_EDGE('',*,*,#17546,.F.);
#17592 = ORIENTED_EDGE('',*,*,#17473,.T.);
#17593 = ORIENTED_EDGE('',*,*,#16434,.T.);
#17594 = ORIENTED_EDGE('',*,*,#17427,.F.);
#17595 = ORIENTED_EDGE('',*,*,#17450,.F.);
#17596 = ORIENTED_EDGE('',*,*,#17377,.T.);
#17597 = ORIENTED_EDGE('',*,*,#16488,.T.);
#17598 = ORIENTED_EDGE('',*,*,#17350,.T.);
#17599 = ORIENTED_EDGE('',*,*,#16912,.T.);
#17600 = ADVANCED_FACE('',(#17601),#16363,.T.);
#17601 = FACE_BOUND('',#17602,.T.);
#17602 = EDGE_LOOP('',(#17603,#17604,#17605,#17606));
#17603 = ORIENTED_EDGE('',*,*,#17569,.F.);
#17604 = ORIENTED_EDGE('',*,*,#16344,.T.);
#17605 = ORIENTED_EDGE('',*,*,#16813,.T.);
#17606 = ORIENTED_EDGE('',*,*,#16935,.F.);
#17607 = ADVANCED_FACE('',(#17608),#16330,.T.);
#17608 = FACE_BOUND('',#17609,.T.);
#17609 = EDGE_LOOP('',(#17610,#17636,#17657,#17658));
#17610 = ORIENTED_EDGE('',*,*,#17611,.T.);
#17611 = EDGE_CURVE('',#17612,#17614,#17616,.T.);
#17612 = VERTEX_POINT('',#17613);
#17613 = CARTESIAN_POINT('',(22.5,-43.2,10.5));
#17614 = VERTEX_POINT('',#17615);
#17615 = CARTESIAN_POINT('',(21.7,-43.2,9.7));
#17616 = SURFACE_CURVE('',#17617,(#17622,#17629),.PCURVE_S1.);
#17617 = CIRCLE('',#17618,0.8);
#17618 = AXIS2_PLACEMENT_3D('',#17619,#17620,#17621);
#17619 = CARTESIAN_POINT('',(21.7,-43.2,10.5));
#17620 = DIRECTION('',(0.,1.,0.));
#17621 = DIRECTION('',(0.,-0.,1.));
#17622 = PCURVE('',#16330,#17623);
#17623 = DEFINITIONAL_REPRESENTATION('',(#17624),#17628);
#17624 = LINE('',#17625,#17626);
#17625 = CARTESIAN_POINT('',(-1.570796326795,0.));
#17626 = VECTOR('',#17627,1.);
#17627 = DIRECTION('',(1.,0.));
#17628 = ( GEOMETRIC_REPRESENTATION_CONTEXT(2) 
PARAMETRIC_REPRESENTATION_CONTEXT() REPRESENTATION_CONTEXT('2D SPACE',''
  ) );
#17629 = PCURVE('',#16048,#17630);
#17630 = DEFINITIONAL_REPRESENTATION('',(#17631),#17635);
#17631 = CIRCLE('',#17632,0.8);
#17632 = AXIS2_PLACEMENT_2D('',#17633,#17634);
#17633 = CARTESIAN_POINT('',(0.8,16.2));
#17634 = DIRECTION('',(1.,0.));
#17635 = ( GEOMETRIC_REPRESENTATION_CONTEXT(2) 
PARAMETRIC_REPRESENTATION_CONTEXT() REPRESENTATION_CONTEXT('2D SPACE',''
  ) );
#17636 = ORIENTED_EDGE('',*,*,#17637,.T.);
#17637 = EDGE_CURVE('',#17614,#16148,#17638,.T.);
#17638 = SURFACE_CURVE('',#17639,(#17643,#17650),.PCURVE_S1.);
#17639 = LINE('',#17640,#17641);
#17640 = CARTESIAN_POINT('',(21.7,-43.2,9.7));
#17641 = VECTOR('',#17642,1.);
#17642 = DIRECTION('',(0.,1.,0.));
#17643 = PCURVE('',#16330,#17644);
#17644 = DEFINITIONAL_REPRESENTATION('',(#17645),#17649);
#17645 = LINE('',#17646,#17647);
#17646 = CARTESIAN_POINT('',(1.570796326795,0.));
#17647 = VECTOR('',#17648,1.);
#17648 = DIRECTION('',(0.,1.));
#17649 = ( GEOMETRIC_REPRESENTATION_CONTEXT(2) 
PARAMETRIC_REPRESENTATION_CONTEXT() REPRESENTATION_CONTEXT('2D SPACE',''
  ) );
#17650 = PCURVE('',#16163,#17651);
#17651 = DEFINITIONAL_REPRESENTATION('',(#17652),#17656);
#17652 = LINE('',#17653,#17654);
#17653 = CARTESIAN_POINT('',(16.2,0.));
#17654 = VECTOR('',#17655,1.);
#17655 = DIRECTION('',(0.,1.));
#17656 = ( GEOMETRIC_REPRESENTATION_CONTEXT(2) 
PARAMETRIC_REPRESENTATION_CONTEXT() REPRESENTATION_CONTEXT('2D SPACE',''
  ) );
#17657 = ORIENTED_EDGE('',*,*,#16315,.F.);
#17658 = ORIENTED_EDGE('',*,*,#17659,.F.);
#17659 = EDGE_CURVE('',#17612,#16288,#17660,.T.);
#17660 = SURFACE_CURVE('',#17661,(#17665,#17672),.PCURVE_S1.);
#17661 = LINE('',#17662,#17663);
#17662 = CARTESIAN_POINT('',(22.5,-43.2,10.5));
#17663 = VECTOR('',#17664,1.);
#17664 = DIRECTION('',(0.,1.,0.));
#17665 = PCURVE('',#16330,#17666);
#17666 = DEFINITIONAL_REPRESENTATION('',(#17667),#17671);
#17667 = LINE('',#17668,#17669);
#17668 = CARTESIAN_POINT('',(0.,0.));
#17669 = VECTOR('',#17670,1.);
#17670 = DIRECTION('',(0.,1.));
#17671 = ( GEOMETRIC_REPRESENTATION_CONTEXT(2) 
PARAMETRIC_REPRESENTATION_CONTEXT() REPRESENTATION_CONTEXT('2D SPACE',''
  ) );
#17672 = PCURVE('',#16303,#17673);
#17673 = DEFINITIONAL_REPRESENTATION('',(#17674),#17678);
#17674 = LINE('',#17675,#17676);
#17675 = CARTESIAN_POINT('',(0.8,0.));
#17676 = VECTOR('',#17677,1.);
#17677 = DIRECTION('',(0.,-1.));
#17678 = ( GEOMETRIC_REPRESENTATION_CONTEXT(2) 
PARAMETRIC_REPRESENTATION_CONTEXT() REPRESENTATION_CONTEXT('2D SPACE',''
  ) );
#17679 = ADVANCED_FACE('',(#17680),#16303,.T.);
#17680 = FACE_BOUND('',#17681,.T.);
#17681 = EDGE_LOOP('',(#17682,#17705,#17706,#17707));
#17682 = ORIENTED_EDGE('',*,*,#17683,.F.);
#17683 = EDGE_CURVE('',#17612,#17684,#17686,.T.);
#17684 = VERTEX_POINT('',#17685);
#17685 = CARTESIAN_POINT('',(22.5,-43.2,26.1));
#17686 = SURFACE_CURVE('',#17687,(#17691,#17698),.PCURVE_S1.);
#17687 = LINE('',#17688,#17689);
#17688 = CARTESIAN_POINT('',(22.5,-43.2,9.7));
#17689 = VECTOR('',#17690,1.);
#17690 = DIRECTION('',(0.,0.,1.));
#17691 = PCURVE('',#16303,#17692);
#17692 = DEFINITIONAL_REPRESENTATION('',(#17693),#17697);
#17693 = LINE('',#17694,#17695);
#17694 = CARTESIAN_POINT('',(0.,0.));
#17695 = VECTOR('',#17696,1.);
#17696 = DIRECTION('',(1.,0.));
#17697 = ( GEOMETRIC_REPRESENTATION_CONTEXT(2) 
PARAMETRIC_REPRESENTATION_CONTEXT() REPRESENTATION_CONTEXT('2D SPACE',''
  ) );
#17698 = PCURVE('',#16048,#17699);
#17699 = DEFINITIONAL_REPRESENTATION('',(#17700),#17704);
#17700 = LINE('',#17701,#17702);
#17701 = CARTESIAN_POINT('',(0.,17.));
#17702 = VECTOR('',#17703,1.);
#17703 = DIRECTION('',(1.,0.));
#17704 = ( GEOMETRIC_REPRESENTATION_CONTEXT(2) 
PARAMETRIC_REPRESENTATION_CONTEXT() REPRESENTATION_CONTEXT('2D SPACE',''
  ) );
#17705 = ORIENTED_EDGE('',*,*,#17659,.T.);
#17706 = ORIENTED_EDGE('',*,*,#16287,.T.);
#17707 = ORIENTED_EDGE('',*,*,#17708,.F.);
#17708 = EDGE_CURVE('',#17684,#16255,#17709,.T.);
#17709 = SURFACE_CURVE('',#17710,(#17714,#17721),.PCURVE_S1.);
#17710 = LINE('',#17711,#17712);
#17711 = CARTESIAN_POINT('',(22.5,-43.2,26.1));
#17712 = VECTOR('',#17713,1.);
#17713 = DIRECTION('',(0.,1.,0.));
#17714 = PCURVE('',#16303,#17715);
#17715 = DEFINITIONAL_REPRESENTATION('',(#17716),#17720);
#17716 = LINE('',#17717,#17718);
#17717 = CARTESIAN_POINT('',(16.4,0.));
#17718 = VECTOR('',#17719,1.);
#17719 = DIRECTION('',(0.,-1.));
#17720 = ( GEOMETRIC_REPRESENTATION_CONTEXT(2) 
PARAMETRIC_REPRESENTATION_CONTEXT() REPRESENTATION_CONTEXT('2D SPACE',''
  ) );
#17721 = PCURVE('',#16275,#17722);
#17722 = DEFINITIONAL_REPRESENTATION('',(#17723),#17727);
#17723 = LINE('',#17724,#17725);
#17724 = CARTESIAN_POINT('',(-0.,0.));
#17725 = VECTOR('',#17726,1.);
#17726 = DIRECTION('',(-0.,1.));
#17727 = ( GEOMETRIC_REPRESENTATION_CONTEXT(2) 
PARAMETRIC_REPRESENTATION_CONTEXT() REPRESENTATION_CONTEXT('2D SPACE',''
  ) );
#17728 = ADVANCED_FACE('',(#17729),#16275,.T.);
#17729 = FACE_BOUND('',#17730,.F.);
#17730 = EDGE_LOOP('',(#17731,#17759,#17780,#17781));
#17731 = ORIENTED_EDGE('',*,*,#17732,.T.);
#17732 = EDGE_CURVE('',#17684,#17733,#17735,.T.);
#17733 = VERTEX_POINT('',#17734);
#17734 = CARTESIAN_POINT('',(21.7,-43.2,26.9));
#17735 = SURFACE_CURVE('',#17736,(#17741,#17748),.PCURVE_S1.);
#17736 = CIRCLE('',#17737,0.8);
#17737 = AXIS2_PLACEMENT_3D('',#17738,#17739,#17740);
#17738 = CARTESIAN_POINT('',(21.7,-43.2,26.1));
#17739 = DIRECTION('',(-0.,-1.,0.));
#17740 = DIRECTION('',(0.,-0.,1.));
#17741 = PCURVE('',#16275,#17742);
#17742 = DEFINITIONAL_REPRESENTATION('',(#17743),#17747);
#17743 = LINE('',#17744,#17745);
#17744 = CARTESIAN_POINT('',(4.712388980385,-0.));
#17745 = VECTOR('',#17746,1.);
#17746 = DIRECTION('',(-1.,0.));
#17747 = ( GEOMETRIC_REPRESENTATION_CONTEXT(2) 
PARAMETRIC_REPRESENTATION_CONTEXT() REPRESENTATION_CONTEXT('2D SPACE',''
  ) );
#17748 = PCURVE('',#16048,#17749);
#17749 = DEFINITIONAL_REPRESENTATION('',(#17750),#17758);
#17750 = ( BOUNDED_CURVE() B_SPLINE_CURVE(2,(#17751,#17752,#17753,#17754
    ,#17755,#17756,#17757),.UNSPECIFIED.,.T.,.F.) 
B_SPLINE_CURVE_WITH_KNOTS((1,2,2,2,2,1),(-2.094395102393,0.,
    2.094395102393,4.188790204786,6.28318530718,8.377580409573),
.UNSPECIFIED.) CURVE() GEOMETRIC_REPRESENTATION_ITEM() 
RATIONAL_B_SPLINE_CURVE((1.,0.5,1.,0.5,1.,0.5,1.)) REPRESENTATION_ITEM(
  '') );
#17751 = CARTESIAN_POINT('',(17.2,16.2));
#17752 = CARTESIAN_POINT('',(17.2,14.814359353945));
#17753 = CARTESIAN_POINT('',(16.,15.507179676972));
#17754 = CARTESIAN_POINT('',(14.8,16.2));
#17755 = CARTESIAN_POINT('',(16.,16.892820323028));
#17756 = CARTESIAN_POINT('',(17.2,17.585640646055));
#17757 = CARTESIAN_POINT('',(17.2,16.2));
#17758 = ( GEOMETRIC_REPRESENTATION_CONTEXT(2) 
PARAMETRIC_REPRESENTATION_CONTEXT() REPRESENTATION_CONTEXT('2D SPACE',''
  ) );
#17759 = ORIENTED_EDGE('',*,*,#17760,.T.);
#17760 = EDGE_CURVE('',#17733,#16227,#17761,.T.);
#17761 = SURFACE_CURVE('',#17762,(#17766,#17773),.PCURVE_S1.);
#17762 = LINE('',#17763,#17764);
#17763 = CARTESIAN_POINT('',(21.7,-43.2,26.9));
#17764 = VECTOR('',#17765,1.);
#17765 = DIRECTION('',(0.,1.,0.));
#17766 = PCURVE('',#16275,#17767);
#17767 = DEFINITIONAL_REPRESENTATION('',(#17768),#17772);
#17768 = LINE('',#17769,#17770);
#17769 = CARTESIAN_POINT('',(-1.570796326795,0.));
#17770 = VECTOR('',#17771,1.);
#17771 = DIRECTION('',(-0.,1.));
#17772 = ( GEOMETRIC_REPRESENTATION_CONTEXT(2) 
PARAMETRIC_REPRESENTATION_CONTEXT() REPRESENTATION_CONTEXT('2D SPACE',''
  ) );
#17773 = PCURVE('',#16242,#17774);
#17774 = DEFINITIONAL_REPRESENTATION('',(#17775),#17779);
#17775 = LINE('',#17776,#17777);
#17776 = CARTESIAN_POINT('',(16.2,0.));
#17777 = VECTOR('',#17778,1.);
#17778 = DIRECTION('',(0.,1.));
#17779 = ( GEOMETRIC_REPRESENTATION_CONTEXT(2) 
PARAMETRIC_REPRESENTATION_CONTEXT() REPRESENTATION_CONTEXT('2D SPACE',''
  ) );
#17780 = ORIENTED_EDGE('',*,*,#16254,.F.);
#17781 = ORIENTED_EDGE('',*,*,#17708,.F.);
#17782 = ADVANCED_FACE('',(#17783),#16242,.T.);
#17783 = FACE_BOUND('',#17784,.T.);
#17784 = EDGE_LOOP('',(#17785,#17786,#17809,#17830));
#17785 = ORIENTED_EDGE('',*,*,#16226,.F.);
#17786 = ORIENTED_EDGE('',*,*,#17787,.F.);
#17787 = EDGE_CURVE('',#17788,#16203,#17790,.T.);
#17788 = VERTEX_POINT('',#17789);
#17789 = CARTESIAN_POINT('',(6.3,-43.2,26.9));
#17790 = SURFACE_CURVE('',#17791,(#17795,#17802),.PCURVE_S1.);
#17791 = LINE('',#17792,#17793);
#17792 = CARTESIAN_POINT('',(6.3,-43.2,26.9));
#17793 = VECTOR('',#17794,1.);
#17794 = DIRECTION('',(0.,1.,0.));
#17795 = PCURVE('',#16242,#17796);
#17796 = DEFINITIONAL_REPRESENTATION('',(#17797),#17801);
#17797 = LINE('',#17798,#17799);
#17798 = CARTESIAN_POINT('',(0.8,0.));
#17799 = VECTOR('',#17800,1.);
#17800 = DIRECTION('',(0.,1.));
#17801 = ( GEOMETRIC_REPRESENTATION_CONTEXT(2) 
PARAMETRIC_REPRESENTATION_CONTEXT() REPRESENTATION_CONTEXT('2D SPACE',''
  ) );
#17802 = PCURVE('',#16130,#17803);
#17803 = DEFINITIONAL_REPRESENTATION('',(#17804),#17808);
#17804 = LINE('',#17805,#17806);
#17805 = CARTESIAN_POINT('',(1.570796326795,0.));
#17806 = VECTOR('',#17807,1.);
#17807 = DIRECTION('',(0.,1.));
#17808 = ( GEOMETRIC_REPRESENTATION_CONTEXT(2) 
PARAMETRIC_REPRESENTATION_CONTEXT() REPRESENTATION_CONTEXT('2D SPACE',''
  ) );
#17809 = ORIENTED_EDGE('',*,*,#17810,.T.);
#17810 = EDGE_CURVE('',#17788,#17733,#17811,.T.);
#17811 = SURFACE_CURVE('',#17812,(#17816,#17823),.PCURVE_S1.);
#17812 = LINE('',#17813,#17814);
#17813 = CARTESIAN_POINT('',(5.5,-43.2,26.9));
#17814 = VECTOR('',#17815,1.);
#17815 = DIRECTION('',(1.,0.,0.));
#17816 = PCURVE('',#16242,#17817);
#17817 = DEFINITIONAL_REPRESENTATION('',(#17818),#17822);
#17818 = LINE('',#17819,#17820);
#17819 = CARTESIAN_POINT('',(0.,0.));
#17820 = VECTOR('',#17821,1.);
#17821 = DIRECTION('',(1.,0.));
#17822 = ( GEOMETRIC_REPRESENTATION_CONTEXT(2) 
PARAMETRIC_REPRESENTATION_CONTEXT() REPRESENTATION_CONTEXT('2D SPACE',''
  ) );
#17823 = PCURVE('',#16048,#17824);
#17824 = DEFINITIONAL_REPRESENTATION('',(#17825),#17829);
#17825 = LINE('',#17826,#17827);
#17826 = CARTESIAN_POINT('',(17.2,0.));
#17827 = VECTOR('',#17828,1.);
#17828 = DIRECTION('',(0.,1.));
#17829 = ( GEOMETRIC_REPRESENTATION_CONTEXT(2) 
PARAMETRIC_REPRESENTATION_CONTEXT() REPRESENTATION_CONTEXT('2D SPACE',''
  ) );
#17830 = ORIENTED_EDGE('',*,*,#17760,.T.);
#17831 = ADVANCED_FACE('',(#17832),#16163,.F.);
#17832 = FACE_BOUND('',#17833,.F.);
#17833 = EDGE_LOOP('',(#17834,#17835,#17858,#17879));
#17834 = ORIENTED_EDGE('',*,*,#16145,.F.);
#17835 = ORIENTED_EDGE('',*,*,#17836,.F.);
#17836 = EDGE_CURVE('',#17837,#16146,#17839,.T.);
#17837 = VERTEX_POINT('',#17838);
#17838 = CARTESIAN_POINT('',(6.3,-43.2,9.7));
#17839 = SURFACE_CURVE('',#17840,(#17844,#17851),.PCURVE_S1.);
#17840 = LINE('',#17841,#17842);
#17841 = CARTESIAN_POINT('',(6.3,-43.2,9.7));
#17842 = VECTOR('',#17843,1.);
#17843 = DIRECTION('',(0.,1.,0.));
#17844 = PCURVE('',#16163,#17845);
#17845 = DEFINITIONAL_REPRESENTATION('',(#17846),#17850);
#17846 = LINE('',#17847,#17848);
#17847 = CARTESIAN_POINT('',(0.8,0.));
#17848 = VECTOR('',#17849,1.);
#17849 = DIRECTION('',(0.,1.));
#17850 = ( GEOMETRIC_REPRESENTATION_CONTEXT(2) 
PARAMETRIC_REPRESENTATION_CONTEXT() REPRESENTATION_CONTEXT('2D SPACE',''
  ) );
#17851 = PCURVE('',#16076,#17852);
#17852 = DEFINITIONAL_REPRESENTATION('',(#17853),#17857);
#17853 = LINE('',#17854,#17855);
#17854 = CARTESIAN_POINT('',(-1.570796326795,0.));
#17855 = VECTOR('',#17856,1.);
#17856 = DIRECTION('',(-0.,1.));
#17857 = ( GEOMETRIC_REPRESENTATION_CONTEXT(2) 
PARAMETRIC_REPRESENTATION_CONTEXT() REPRESENTATION_CONTEXT('2D SPACE',''
  ) );
#17858 = ORIENTED_EDGE('',*,*,#17859,.T.);
#17859 = EDGE_CURVE('',#17837,#17614,#17860,.T.);
#17860 = SURFACE_CURVE('',#17861,(#17865,#17872),.PCURVE_S1.);
#17861 = LINE('',#17862,#17863);
#17862 = CARTESIAN_POINT('',(5.5,-43.2,9.7));
#17863 = VECTOR('',#17864,1.);
#17864 = DIRECTION('',(1.,0.,0.));
#17865 = PCURVE('',#16163,#17866);
#17866 = DEFINITIONAL_REPRESENTATION('',(#17867),#17871);
#17867 = LINE('',#17868,#17869);
#17868 = CARTESIAN_POINT('',(0.,0.));
#17869 = VECTOR('',#17870,1.);
#17870 = DIRECTION('',(1.,0.));
#17871 = ( GEOMETRIC_REPRESENTATION_CONTEXT(2) 
PARAMETRIC_REPRESENTATION_CONTEXT() REPRESENTATION_CONTEXT('2D SPACE',''
  ) );
#17872 = PCURVE('',#16048,#17873);
#17873 = DEFINITIONAL_REPRESENTATION('',(#17874),#17878);
#17874 = LINE('',#17875,#17876);
#17875 = CARTESIAN_POINT('',(0.,0.));
#17876 = VECTOR('',#17877,1.);
#17877 = DIRECTION('',(0.,1.));
#17878 = ( GEOMETRIC_REPRESENTATION_CONTEXT(2) 
PARAMETRIC_REPRESENTATION_CONTEXT() REPRESENTATION_CONTEXT('2D SPACE',''
  ) );
#17879 = ORIENTED_EDGE('',*,*,#17637,.T.);
#17880 = ADVANCED_FACE('',(#17881),#16130,.T.);
#17881 = FACE_BOUND('',#17882,.T.);
#17882 = EDGE_LOOP('',(#17883,#17905,#17906,#17907));
#17883 = ORIENTED_EDGE('',*,*,#17884,.T.);
#17884 = EDGE_CURVE('',#16028,#17788,#17885,.T.);
#17885 = SURFACE_CURVE('',#17886,(#17891,#17898),.PCURVE_S1.);
#17886 = CIRCLE('',#17887,0.8);
#17887 = AXIS2_PLACEMENT_3D('',#17888,#17889,#17890);
#17888 = CARTESIAN_POINT('',(6.3,-43.2,26.1));
#17889 = DIRECTION('',(0.,1.,0.));
#17890 = DIRECTION('',(0.,-0.,1.));
#17891 = PCURVE('',#16130,#17892);
#17892 = DEFINITIONAL_REPRESENTATION('',(#17893),#17897);
#17893 = LINE('',#17894,#17895);
#17894 = CARTESIAN_POINT('',(-4.712388980385,0.));
#17895 = VECTOR('',#17896,1.);
#17896 = DIRECTION('',(1.,0.));
#17897 = ( GEOMETRIC_REPRESENTATION_CONTEXT(2) 
PARAMETRIC_REPRESENTATION_CONTEXT() REPRESENTATION_CONTEXT('2D SPACE',''
  ) );
#17898 = PCURVE('',#16048,#17899);
#17899 = DEFINITIONAL_REPRESENTATION('',(#17900),#17904);
#17900 = CIRCLE('',#17901,0.8);
#17901 = AXIS2_PLACEMENT_2D('',#17902,#17903);
#17902 = CARTESIAN_POINT('',(16.4,0.8));
#17903 = DIRECTION('',(1.,0.));
#17904 = ( GEOMETRIC_REPRESENTATION_CONTEXT(2) 
PARAMETRIC_REPRESENTATION_CONTEXT() REPRESENTATION_CONTEXT('2D SPACE',''
  ) );
#17905 = ORIENTED_EDGE('',*,*,#17787,.T.);
#17906 = ORIENTED_EDGE('',*,*,#16202,.F.);
#17907 = ORIENTED_EDGE('',*,*,#16116,.F.);
#17908 = ADVANCED_FACE('',(#17909),#16076,.T.);
#17909 = FACE_BOUND('',#17910,.F.);
#17910 = EDGE_LOOP('',(#17911,#17937,#17938,#17939));
#17911 = ORIENTED_EDGE('',*,*,#17912,.T.);
#17912 = EDGE_CURVE('',#16026,#17837,#17913,.T.);
#17913 = SURFACE_CURVE('',#17914,(#17919,#17926),.PCURVE_S1.);
#17914 = CIRCLE('',#17915,0.8);
#17915 = AXIS2_PLACEMENT_3D('',#17916,#17917,#17918);
#17916 = CARTESIAN_POINT('',(6.3,-43.2,10.5));
#17917 = DIRECTION('',(-0.,-1.,0.));
#17918 = DIRECTION('',(0.,-0.,1.));
#17919 = PCURVE('',#16076,#17920);
#17920 = DEFINITIONAL_REPRESENTATION('',(#17921),#17925);
#17921 = LINE('',#17922,#17923);
#17922 = CARTESIAN_POINT('',(1.570796326795,-0.));
#17923 = VECTOR('',#17924,1.);
#17924 = DIRECTION('',(-1.,0.));
#17925 = ( GEOMETRIC_REPRESENTATION_CONTEXT(2) 
PARAMETRIC_REPRESENTATION_CONTEXT() REPRESENTATION_CONTEXT('2D SPACE',''
  ) );
#17926 = PCURVE('',#16048,#17927);
#17927 = DEFINITIONAL_REPRESENTATION('',(#17928),#17936);
#17928 = ( BOUNDED_CURVE() B_SPLINE_CURVE(2,(#17929,#17930,#17931,#17932
    ,#17933,#17934,#17935),.UNSPECIFIED.,.T.,.F.) 
B_SPLINE_CURVE_WITH_KNOTS((1,2,2,2,2,1),(-2.094395102393,0.,
    2.094395102393,4.188790204786,6.28318530718,8.377580409573),
.UNSPECIFIED.) CURVE() GEOMETRIC_REPRESENTATION_ITEM() 
RATIONAL_B_SPLINE_CURVE((1.,0.5,1.,0.5,1.,0.5,1.)) REPRESENTATION_ITEM(
  '') );
#17929 = CARTESIAN_POINT('',(1.6,0.8));
#17930 = CARTESIAN_POINT('',(1.6,-0.585640646055));
#17931 = CARTESIAN_POINT('',(0.4,0.107179676972));
#17932 = CARTESIAN_POINT('',(-0.8,0.8));
#17933 = CARTESIAN_POINT('',(0.4,1.492820323028));
#17934 = CARTESIAN_POINT('',(1.6,2.185640646055));
#17935 = CARTESIAN_POINT('',(1.6,0.8));
#17936 = ( GEOMETRIC_REPRESENTATION_CONTEXT(2) 
PARAMETRIC_REPRESENTATION_CONTEXT() REPRESENTATION_CONTEXT('2D SPACE',''
  ) );
#17937 = ORIENTED_EDGE('',*,*,#17836,.T.);
#17938 = ORIENTED_EDGE('',*,*,#16175,.F.);
#17939 = ORIENTED_EDGE('',*,*,#16060,.F.);
#17940 = ADVANCED_FACE('',(#17941),#16048,.F.);
#17941 = FACE_BOUND('',#17942,.F.);
#17942 = EDGE_LOOP('',(#17943,#17944,#17945,#17946,#17947,#17948,#17949,
    #17950));
#17943 = ORIENTED_EDGE('',*,*,#17859,.F.);
#17944 = ORIENTED_EDGE('',*,*,#17912,.F.);
#17945 = ORIENTED_EDGE('',*,*,#16025,.T.);
#17946 = ORIENTED_EDGE('',*,*,#17884,.T.);
#17947 = ORIENTED_EDGE('',*,*,#17810,.T.);
#17948 = ORIENTED_EDGE('',*,*,#17732,.F.);
#17949 = ORIENTED_EDGE('',*,*,#17683,.F.);
#17950 = ORIENTED_EDGE('',*,*,#17611,.T.);
#17951 = ( GEOMETRIC_REPRESENTATION_CONTEXT(3) 
GLOBAL_UNCERTAINTY_ASSIGNED_CONTEXT((#17955)) 
GLOBAL_UNIT_ASSIGNED_CONTEXT((#17952,#17953,#17954)) 
REPRESENTATION_CONTEXT('Context #1',
  '3D Context with UNIT and UNCERTAINTY') );
#17952 = ( LENGTH_UNIT() NAMED_UNIT(*) SI_UNIT(.MILLI.,.METRE.) );
#17953 = ( NAMED_UNIT(*) PLANE_ANGLE_UNIT() SI_UNIT($,.RADIAN.) );
#17954 = ( NAMED_UNIT(*) SI_UNIT($,.STERADIAN.) SOLID_ANGLE_UNIT() );
#17955 = UNCERTAINTY_MEASURE_WITH_UNIT(LENGTH_MEASURE(1.E-07),#17952,
  'distance_accuracy_value','confusion accuracy');
#17956 = CONTEXT_DEPENDENT_SHAPE_REPRESENTATION(#17957,#17959);
#17957 = ( REPRESENTATION_RELATIONSHIP('','',#16018,#10) 
REPRESENTATION_RELATIONSHIP_WITH_TRANSFORMATION(#17958) 
SHAPE_REPRESENTATION_RELATIONSHIP() );
#17958 = ITEM_DEFINED_TRANSFORMATION('','',#11,#27);
#17959 = PRODUCT_DEFINITION_SHAPE('Placement','Placement of an item',
  #17960);
#17960 = NEXT_ASSEMBLY_USAGE_OCCURRENCE('4','usbCap','',#5,#16013,$);
#17961 = PRODUCT_RELATED_PRODUCT_CATEGORY('part',$,(#16015));
#17962 = MECHANICAL_DESIGN_GEOMETRIC_PRESENTATION_REPRESENTATION('',(
    #17963),#16000);
#17963 = STYLED_ITEM('color',(#17964),#12353);
#17964 = PRESENTATION_STYLE_ASSIGNMENT((#17965));
#17965 = SURFACE_STYLE_USAGE(.BOTH.,#17966);
#17966 = SURFACE_SIDE_STYLE('',(#17967));
#17967 = SURFACE_STYLE_FILL_AREA(#17968);
#17968 = FILL_AREA_STYLE('',(#17969));
#17969 = FILL_AREA_STYLE_COLOUR('',#17970);
#17970 = COLOUR_RGB('',0.870588247378,0.83137256512,0.729411770324);
#17971 = MECHANICAL_DESIGN_GEOMETRIC_PRESENTATION_REPRESENTATION('',(
    #17972),#8995);
#17972 = STYLED_ITEM('color',(#17973),#45);
#17973 = PRESENTATION_STYLE_ASSIGNMENT((#17974));
#17974 = SURFACE_STYLE_USAGE(.BOTH.,#17975);
#17975 = SURFACE_SIDE_STYLE('',(#17976));
#17976 = SURFACE_STYLE_FILL_AREA(#17977);
#17977 = FILL_AREA_STYLE('',(#17978));
#17978 = FILL_AREA_STYLE_COLOUR('',#17979);
#17979 = COLOUR_RGB('',0.211764700943,0.486274506065,0.521568625629);
#17980 = MECHANICAL_DESIGN_GEOMETRIC_PRESENTATION_REPRESENTATION('',(
    #17981),#17951);
#17981 = STYLED_ITEM('color',(#17982),#16019);
#17982 = PRESENTATION_STYLE_ASSIGNMENT((#17983));
#17983 = SURFACE_STYLE_USAGE(.BOTH.,#17984);
#17984 = SURFACE_SIDE_STYLE('',(#17985));
#17985 = SURFACE_STYLE_FILL_AREA(#17986);
#17986 = FILL_AREA_STYLE('',(#17987));
#17987 = FILL_AREA_STYLE_COLOUR('',#17988);
#17988 = COLOUR_RGB('',0.894117649055,0.67058823534,0.392156863511);
#17989 = MECHANICAL_DESIGN_GEOMETRIC_PRESENTATION_REPRESENTATION('',(
    #17990),#12334);
#17990 = STYLED_ITEM('color',(#17991),#9014);
#17991 = PRESENTATION_STYLE_ASSIGNMENT((#17992));
#17992 = SURFACE_STYLE_USAGE(.BOTH.,#17993);
#17993 = SURFACE_SIDE_STYLE('',(#17994));
#17994 = SURFACE_STYLE_FILL_AREA(#17995);
#17995 = FILL_AREA_STYLE('',(#17996));
#17996 = FILL_AREA_STYLE_COLOUR('',#17997);
#17997 = COLOUR_RGB('',0.788235302081,0.858823514405,0.654901957162);
ENDSEC;
END-ISO-10303-21;
