ISO-10303-21;
HEADER;
FILE_DESCRIPTION(('Open CASCADE Model'),'2;1');
FILE_NAME('Open CASCADE Shape Model','2026-10-09T12:16:16',('Author'),(
    'Open CASCADE'),'Open CASCADE STEP processor 7.9','Open CASCADE 7.9'
  ,'Unknown');
FILE_SCHEMA(('AUTOMOTIVE_DESIGN { 1 0 10303 214 1 1 1 1 }'));
ENDSEC;
DATA;
#1 = APPLICATION_PROTOCOL_DEFINITION('international standard',
  'automotive_design',2000,#2);
#2 = APPLICATION_CONTEXT(
  'core data for automotive mechanical design processes');
#3 = SHAPE_DEFINITION_REPRESENTATION(#4,#10);
#4 = PRODUCT_DEFINITION_SHAPE('','',#5);
#5 = PRODUCT_DEFINITION('design','',#6,#9);
#6 = PRODUCT_DEFINITION_FORMATION('','',#7);
#7 = PRODUCT('kit-display','kit-display','',(#8));
#8 = PRODUCT_CONTEXT('',#2,'mechanical');
#9 = PRODUCT_DEFINITION_CONTEXT('part definition',#2,'design');
#10 = SHAPE_REPRESENTATION('',(#11,#15,#19),#23);
#11 = AXIS2_PLACEMENT_3D('',#12,#13,#14);
#12 = CARTESIAN_POINT('',(0.,0.,0.));
#13 = DIRECTION('',(0.,0.,1.));
#14 = DIRECTION('',(1.,0.,-0.));
#15 = AXIS2_PLACEMENT_3D('',#16,#17,#18);
#16 = CARTESIAN_POINT('',(0.,0.,0.));
#17 = DIRECTION('',(0.,0.,1.));
#18 = DIRECTION('',(1.,0.,-0.));
#19 = AXIS2_PLACEMENT_3D('',#20,#21,#22);
#20 = CARTESIAN_POINT('',(0.,0.,0.));
#21 = DIRECTION('',(0.,0.,1.));
#22 = DIRECTION('',(1.,0.,-0.));
#23 = ( GEOMETRIC_REPRESENTATION_CONTEXT(3) 
GLOBAL_UNCERTAINTY_ASSIGNED_CONTEXT((#27)) GLOBAL_UNIT_ASSIGNED_CONTEXT(
(#24,#25,#26)) REPRESENTATION_CONTEXT('Context #1',
  '3D Context with UNIT and UNCERTAINTY') );
#24 = ( LENGTH_UNIT() NAMED_UNIT(*) SI_UNIT(.MILLI.,.METRE.) );
#25 = ( NAMED_UNIT(*) PLANE_ANGLE_UNIT() SI_UNIT($,.RADIAN.) );
#26 = ( NAMED_UNIT(*) SI_UNIT($,.STERADIAN.) SOLID_ANGLE_UNIT() );
#27 = UNCERTAINTY_MEASURE_WITH_UNIT(LENGTH_MEASURE(1.E-07),#24,
  'distance_accuracy_value','confusion accuracy');
#28 = PRODUCT_RELATED_PRODUCT_CATEGORY('part',$,(#7));
#29 = SHAPE_DEFINITION_REPRESENTATION(#30,#36);
#30 = PRODUCT_DEFINITION_SHAPE('','',#31);
#31 = PRODUCT_DEFINITION('design','',#32,#35);
#32 = PRODUCT_DEFINITION_FORMATION('','',#33);
#33 = PRODUCT('shell','shell','',(#34));
#34 = PRODUCT_CONTEXT('',#2,'mechanical');
#35 = PRODUCT_DEFINITION_CONTEXT('part definition',#2,'design');
#36 = ADVANCED_BREP_SHAPE_REPRESENTATION('',(#11,#37),#7959);
#37 = MANIFOLD_SOLID_BREP('',#38);
#38 = CLOSED_SHELL('',(#39,#252,#428,#517,#606,#856,#911,#966,#1021,
    #1143,#1316,#1411,#1810,#1951,#2012,#2586,#2625,#2795,#2934,#3355,
    #3475,#3505,#3535,#3565,#3574,#3629,#3684,#3739,#3794,#3849,#3904,
    #3959,#4014,#4069,#4124,#4179,#4234,#4289,#4344,#4399,#4454,#4501,
    #4528,#4555,#4562,#4617,#4672,#4727,#4754,#4809,#4864,#4919,#4974,
    #5029,#5084,#5111,#5166,#5193,#5248,#5303,#5662,#5712,#5762,#5812,
    #5862,#5912,#5962,#6012,#6062,#6112,#6162,#6212,#6262,#6289,#6316,
    #6343,#6373,#6403,#6433,#6463,#6470,#6477,#6484,#6491,#6498,#6505,
    #6512,#6519,#6526,#6533,#6540,#6547,#6551,#6555,#6559,#6563,#6567,
    #6571,#6575,#6579,#6583,#6587,#6591,#6595,#6622,#6649,#6725,#6830,
    #6907,#6934,#6961,#6988,#7120,#7169,#7218,#7273,#7379,#7456,#7483,
    #7532,#7614,#7663,#7742,#7791,#7841,#7868,#7875,#7924,#7952));
#39 = ADVANCED_FACE('',(#40,#159,#190,#221),#54,.F.);
#40 = FACE_BOUND('',#41,.F.);
#41 = EDGE_LOOP('',(#42,#77,#105,#133));
#42 = ORIENTED_EDGE('',*,*,#43,.F.);
#43 = EDGE_CURVE('',#44,#46,#48,.T.);
#44 = VERTEX_POINT('',#45);
#45 = CARTESIAN_POINT('',(-39.9,-28.9,1.));
#46 = VERTEX_POINT('',#47);
#47 = CARTESIAN_POINT('',(-39.9,-28.9,18.8));
#48 = SURFACE_CURVE('',#49,(#53,#65),.PCURVE_S1.);
#49 = LINE('',#50,#51);
#50 = CARTESIAN_POINT('',(-39.9,-28.9,0.));
#51 = VECTOR('',#52,1.);
#52 = DIRECTION('',(0.,0.,1.));
#53 = PCURVE('',#54,#59);
#54 = PLANE('',#55);
#55 = AXIS2_PLACEMENT_3D('',#56,#57,#58);
#56 = CARTESIAN_POINT('',(-39.9,-29.9,0.));
#57 = DIRECTION('',(1.,0.,0.));
#58 = DIRECTION('',(0.,0.,1.));
#59 = DEFINITIONAL_REPRESENTATION('',(#60),#64);
#60 = LINE('',#61,#62);
#61 = CARTESIAN_POINT('',(0.,-1.));
#62 = VECTOR('',#63,1.);
#63 = DIRECTION('',(1.,0.));
#64 = ( GEOMETRIC_REPRESENTATION_CONTEXT(2) 
PARAMETRIC_REPRESENTATION_CONTEXT() REPRESENTATION_CONTEXT('2D SPACE',''
  ) );
#65 = PCURVE('',#66,#71);
#66 = CYLINDRICAL_SURFACE('',#67,1.);
#67 = AXIS2_PLACEMENT_3D('',#68,#69,#70);
#68 = CARTESIAN_POINT('',(-38.9,-28.9,0.));
#69 = DIRECTION('',(0.,0.,1.));
#70 = DIRECTION('',(-1.,-0.,0.));
#71 = DEFINITIONAL_REPRESENTATION('',(#72),#76);
#72 = LINE('',#73,#74);
#73 = CARTESIAN_POINT('',(0.,0.));
#74 = VECTOR('',#75,1.);
#75 = DIRECTION('',(0.,1.));
#76 = ( GEOMETRIC_REPRESENTATION_CONTEXT(2) 
PARAMETRIC_REPRESENTATION_CONTEXT() REPRESENTATION_CONTEXT('2D SPACE',''
  ) );
#77 = ORIENTED_EDGE('',*,*,#78,.T.);
#78 = EDGE_CURVE('',#44,#79,#81,.T.);
#79 = VERTEX_POINT('',#80);
#80 = CARTESIAN_POINT('',(-39.9,27.9,1.));
#81 = SURFACE_CURVE('',#82,(#86,#93),.PCURVE_S1.);
#82 = LINE('',#83,#84);
#83 = CARTESIAN_POINT('',(-39.9,-29.9,1.));
#84 = VECTOR('',#85,1.);
#85 = DIRECTION('',(0.,1.,0.));
#86 = PCURVE('',#54,#87);
#87 = DEFINITIONAL_REPRESENTATION('',(#88),#92);
#88 = LINE('',#89,#90);
#89 = CARTESIAN_POINT('',(1.,0.));
#90 = VECTOR('',#91,1.);
#91 = DIRECTION('',(0.,-1.));
#92 = ( GEOMETRIC_REPRESENTATION_CONTEXT(2) 
PARAMETRIC_REPRESENTATION_CONTEXT() REPRESENTATION_CONTEXT('2D SPACE',''
  ) );
#93 = PCURVE('',#94,#99);
#94 = CYLINDRICAL_SURFACE('',#95,1.);
#95 = AXIS2_PLACEMENT_3D('',#96,#97,#98);
#96 = CARTESIAN_POINT('',(-38.9,-29.9,1.));
#97 = DIRECTION('',(0.,1.,0.));
#98 = DIRECTION('',(-1.,0.,0.));
#99 = DEFINITIONAL_REPRESENTATION('',(#100),#104);
#100 = LINE('',#101,#102);
#101 = CARTESIAN_POINT('',(-0.,0.));
#102 = VECTOR('',#103,1.);
#103 = DIRECTION('',(-0.,1.));
#104 = ( GEOMETRIC_REPRESENTATION_CONTEXT(2) 
PARAMETRIC_REPRESENTATION_CONTEXT() REPRESENTATION_CONTEXT('2D SPACE',''
  ) );
#105 = ORIENTED_EDGE('',*,*,#106,.T.);
#106 = EDGE_CURVE('',#79,#107,#109,.T.);
#107 = VERTEX_POINT('',#108);
#108 = CARTESIAN_POINT('',(-39.9,27.9,18.8));
#109 = SURFACE_CURVE('',#110,(#114,#121),.PCURVE_S1.);
#110 = LINE('',#111,#112);
#111 = CARTESIAN_POINT('',(-39.9,27.9,-0.5));
#112 = VECTOR('',#113,1.);
#113 = DIRECTION('',(0.,-0.,1.));
#114 = PCURVE('',#54,#115);
#115 = DEFINITIONAL_REPRESENTATION('',(#116),#120);
#116 = LINE('',#117,#118);
#117 = CARTESIAN_POINT('',(-0.5,-57.8));
#118 = VECTOR('',#119,1.);
#119 = DIRECTION('',(1.,0.));
#120 = ( GEOMETRIC_REPRESENTATION_CONTEXT(2) 
PARAMETRIC_REPRESENTATION_CONTEXT() REPRESENTATION_CONTEXT('2D SPACE',''
  ) );
#121 = PCURVE('',#122,#127);
#122 = PLANE('',#123);
#123 = AXIS2_PLACEMENT_3D('',#124,#125,#126);
#124 = CARTESIAN_POINT('',(-40.9,27.9,-1.));
#125 = DIRECTION('',(-0.,1.,0.));
#126 = DIRECTION('',(0.,0.,1.));
#127 = DEFINITIONAL_REPRESENTATION('',(#128),#132);
#128 = LINE('',#129,#130);
#129 = CARTESIAN_POINT('',(0.5,1.));
#130 = VECTOR('',#131,1.);
#131 = DIRECTION('',(1.,0.));
#132 = ( GEOMETRIC_REPRESENTATION_CONTEXT(2) 
PARAMETRIC_REPRESENTATION_CONTEXT() REPRESENTATION_CONTEXT('2D SPACE',''
  ) );
#133 = ORIENTED_EDGE('',*,*,#134,.F.);
#134 = EDGE_CURVE('',#46,#107,#135,.T.);
#135 = SURFACE_CURVE('',#136,(#140,#147),.PCURVE_S1.);
#136 = LINE('',#137,#138);
#137 = CARTESIAN_POINT('',(-39.9,-29.9,18.8));
#138 = VECTOR('',#139,1.);
#139 = DIRECTION('',(0.,1.,0.));
#140 = PCURVE('',#54,#141);
#141 = DEFINITIONAL_REPRESENTATION('',(#142),#146);
#142 = LINE('',#143,#144);
#143 = CARTESIAN_POINT('',(18.8,0.));
#144 = VECTOR('',#145,1.);
#145 = DIRECTION('',(0.,-1.));
#146 = ( GEOMETRIC_REPRESENTATION_CONTEXT(2) 
PARAMETRIC_REPRESENTATION_CONTEXT() REPRESENTATION_CONTEXT('2D SPACE',''
  ) );
#147 = PCURVE('',#148,#153);
#148 = CYLINDRICAL_SURFACE('',#149,1.);
#149 = AXIS2_PLACEMENT_3D('',#150,#151,#152);
#150 = CARTESIAN_POINT('',(-38.9,-29.9,18.8));
#151 = DIRECTION('',(0.,1.,0.));
#152 = DIRECTION('',(-1.,0.,0.));
#153 = DEFINITIONAL_REPRESENTATION('',(#154),#158);
#154 = LINE('',#155,#156);
#155 = CARTESIAN_POINT('',(0.,0.));
#156 = VECTOR('',#157,1.);
#157 = DIRECTION('',(0.,1.));
#158 = ( GEOMETRIC_REPRESENTATION_CONTEXT(2) 
PARAMETRIC_REPRESENTATION_CONTEXT() REPRESENTATION_CONTEXT('2D SPACE',''
  ) );
#159 = FACE_BOUND('',#160,.F.);
#160 = EDGE_LOOP('',(#161));
#161 = ORIENTED_EDGE('',*,*,#162,.F.);
#162 = EDGE_CURVE('',#163,#163,#165,.T.);
#163 = VERTEX_POINT('',#164);
#164 = CARTESIAN_POINT('',(-39.9,20.,15.95));
#165 = SURFACE_CURVE('',#166,(#171,#178),.PCURVE_S1.);
#166 = CIRCLE('',#167,6.05);
#167 = AXIS2_PLACEMENT_3D('',#168,#169,#170);
#168 = CARTESIAN_POINT('',(-39.9,20.,9.9));
#169 = DIRECTION('',(1.,0.,-0.));
#170 = DIRECTION('',(0.,0.,1.));
#171 = PCURVE('',#54,#172);
#172 = DEFINITIONAL_REPRESENTATION('',(#173),#177);
#173 = CIRCLE('',#174,6.05);
#174 = AXIS2_PLACEMENT_2D('',#175,#176);
#175 = CARTESIAN_POINT('',(9.9,-49.9));
#176 = DIRECTION('',(1.,0.));
#177 = ( GEOMETRIC_REPRESENTATION_CONTEXT(2) 
PARAMETRIC_REPRESENTATION_CONTEXT() REPRESENTATION_CONTEXT('2D SPACE',''
  ) );
#178 = PCURVE('',#179,#184);
#179 = CYLINDRICAL_SURFACE('',#180,6.05);
#180 = AXIS2_PLACEMENT_3D('',#181,#182,#183);
#181 = CARTESIAN_POINT('',(-39.92,20.,9.9));
#182 = DIRECTION('',(1.,-0.,-0.));
#183 = DIRECTION('',(0.,0.,1.));
#184 = DEFINITIONAL_REPRESENTATION('',(#185),#189);
#185 = LINE('',#186,#187);
#186 = CARTESIAN_POINT('',(0.,2.E-02));
#187 = VECTOR('',#188,1.);
#188 = DIRECTION('',(1.,0.));
#189 = ( GEOMETRIC_REPRESENTATION_CONTEXT(2) 
PARAMETRIC_REPRESENTATION_CONTEXT() REPRESENTATION_CONTEXT('2D SPACE',''
  ) );
#190 = FACE_BOUND('',#191,.F.);
#191 = EDGE_LOOP('',(#192));
#192 = ORIENTED_EDGE('',*,*,#193,.F.);
#193 = EDGE_CURVE('',#194,#194,#196,.T.);
#194 = VERTEX_POINT('',#195);
#195 = CARTESIAN_POINT('',(-39.9,0.,15.95));
#196 = SURFACE_CURVE('',#197,(#202,#209),.PCURVE_S1.);
#197 = CIRCLE('',#198,6.05);
#198 = AXIS2_PLACEMENT_3D('',#199,#200,#201);
#199 = CARTESIAN_POINT('',(-39.9,0.,9.9));
#200 = DIRECTION('',(1.,0.,-0.));
#201 = DIRECTION('',(0.,0.,1.));
#202 = PCURVE('',#54,#203);
#203 = DEFINITIONAL_REPRESENTATION('',(#204),#208);
#204 = CIRCLE('',#205,6.05);
#205 = AXIS2_PLACEMENT_2D('',#206,#207);
#206 = CARTESIAN_POINT('',(9.9,-29.9));
#207 = DIRECTION('',(1.,0.));
#208 = ( GEOMETRIC_REPRESENTATION_CONTEXT(2) 
PARAMETRIC_REPRESENTATION_CONTEXT() REPRESENTATION_CONTEXT('2D SPACE',''
  ) );
#209 = PCURVE('',#210,#215);
#210 = CYLINDRICAL_SURFACE('',#211,6.05);
#211 = AXIS2_PLACEMENT_3D('',#212,#213,#214);
#212 = CARTESIAN_POINT('',(-39.92,0.,9.9));
#213 = DIRECTION('',(1.,-0.,-0.));
#214 = DIRECTION('',(0.,0.,1.));
#215 = DEFINITIONAL_REPRESENTATION('',(#216),#220);
#216 = LINE('',#217,#218);
#217 = CARTESIAN_POINT('',(0.,2.E-02));
#218 = VECTOR('',#219,1.);
#219 = DIRECTION('',(1.,0.));
#220 = ( GEOMETRIC_REPRESENTATION_CONTEXT(2) 
PARAMETRIC_REPRESENTATION_CONTEXT() REPRESENTATION_CONTEXT('2D SPACE',''
  ) );
#221 = FACE_BOUND('',#222,.F.);
#222 = EDGE_LOOP('',(#223));
#223 = ORIENTED_EDGE('',*,*,#224,.F.);
#224 = EDGE_CURVE('',#225,#225,#227,.T.);
#225 = VERTEX_POINT('',#226);
#226 = CARTESIAN_POINT('',(-39.9,-20.,15.95));
#227 = SURFACE_CURVE('',#228,(#233,#240),.PCURVE_S1.);
#228 = CIRCLE('',#229,6.05);
#229 = AXIS2_PLACEMENT_3D('',#230,#231,#232);
#230 = CARTESIAN_POINT('',(-39.9,-20.,9.9));
#231 = DIRECTION('',(1.,0.,-0.));
#232 = DIRECTION('',(0.,0.,1.));
#233 = PCURVE('',#54,#234);
#234 = DEFINITIONAL_REPRESENTATION('',(#235),#239);
#235 = CIRCLE('',#236,6.05);
#236 = AXIS2_PLACEMENT_2D('',#237,#238);
#237 = CARTESIAN_POINT('',(9.9,-9.9));
#238 = DIRECTION('',(1.,0.));
#239 = ( GEOMETRIC_REPRESENTATION_CONTEXT(2) 
PARAMETRIC_REPRESENTATION_CONTEXT() REPRESENTATION_CONTEXT('2D SPACE',''
  ) );
#240 = PCURVE('',#241,#246);
#241 = CYLINDRICAL_SURFACE('',#242,6.05);
#242 = AXIS2_PLACEMENT_3D('',#243,#244,#245);
#243 = CARTESIAN_POINT('',(-39.92,-20.,9.9));
#244 = DIRECTION('',(1.,-0.,-0.));
#245 = DIRECTION('',(0.,0.,1.));
#246 = DEFINITIONAL_REPRESENTATION('',(#247),#251);
#247 = LINE('',#248,#249);
#248 = CARTESIAN_POINT('',(0.,2.E-02));
#249 = VECTOR('',#250,1.);
#250 = DIRECTION('',(1.,0.));
#251 = ( GEOMETRIC_REPRESENTATION_CONTEXT(2) 
PARAMETRIC_REPRESENTATION_CONTEXT() REPRESENTATION_CONTEXT('2D SPACE',''
  ) );
#252 = ADVANCED_FACE('',(#253),#66,.T.);
#253 = FACE_BOUND('',#254,.T.);
#254 = EDGE_LOOP('',(#255,#256,#290,#329,#357,#396));
#255 = ORIENTED_EDGE('',*,*,#43,.F.);
#256 = ORIENTED_EDGE('',*,*,#257,.F.);
#257 = EDGE_CURVE('',#258,#44,#260,.T.);
#258 = VERTEX_POINT('',#259);
#259 = CARTESIAN_POINT('',(-39.60710678118,-29.60710678118,
    0.292893218813));
#260 = SURFACE_CURVE('',#261,(#266,#278),.PCURVE_S1.);
#261 = ELLIPSE('',#262,1.414213562373,1.);
#262 = AXIS2_PLACEMENT_3D('',#263,#264,#265);
#263 = CARTESIAN_POINT('',(-38.9,-28.9,1.));
#264 = DIRECTION('',(0.,0.707106781187,-0.707106781187));
#265 = DIRECTION('',(0.,0.707106781187,0.707106781187));
#266 = PCURVE('',#66,#267);
#267 = DEFINITIONAL_REPRESENTATION('',(#268),#277);
#268 = B_SPLINE_CURVE_WITH_KNOTS('',7,(#269,#270,#271,#272,#273,#274,
    #275,#276),.UNSPECIFIED.,.F.,.F.,(8,8),(3.14159265359,4.712388980385
    ),.PIECEWISE_BEZIER_KNOTS.);
#269 = CARTESIAN_POINT('',(1.570796326795,-2.22044604925E-16));
#270 = CARTESIAN_POINT('',(1.346396851538,-2.495256148353E-16));
#271 = CARTESIAN_POINT('',(1.121997376282,5.874867260998E-02));
#272 = CARTESIAN_POINT('',(0.897597901026,0.176237495375));
#273 = CARTESIAN_POINT('',(0.673198425769,0.345253174226));
#274 = CARTESIAN_POINT('',(0.448798950513,0.551201960681));
#275 = CARTESIAN_POINT('',(0.224399475256,0.775600524744));
#276 = CARTESIAN_POINT('',(2.22044604925E-16,1.));
#277 = ( GEOMETRIC_REPRESENTATION_CONTEXT(2) 
PARAMETRIC_REPRESENTATION_CONTEXT() REPRESENTATION_CONTEXT('2D SPACE',''
  ) );
#278 = PCURVE('',#94,#279);
#279 = DEFINITIONAL_REPRESENTATION('',(#280),#289);
#280 = B_SPLINE_CURVE_WITH_KNOTS('',7,(#281,#282,#283,#284,#285,#286,
    #287,#288),.UNSPECIFIED.,.F.,.F.,(8,8),(3.14159265359,4.712388980385
    ),.PIECEWISE_BEZIER_KNOTS.);
#281 = CARTESIAN_POINT('',(-1.570796326795,-2.22044604925E-16));
#282 = CARTESIAN_POINT('',(-1.346396851538,-2.495256148353E-16));
#283 = CARTESIAN_POINT('',(-1.121997376282,5.874867260998E-02));
#284 = CARTESIAN_POINT('',(-0.897597901026,0.176237495375));
#285 = CARTESIAN_POINT('',(-0.673198425769,0.345253174226));
#286 = CARTESIAN_POINT('',(-0.448798950513,0.551201960681));
#287 = CARTESIAN_POINT('',(-0.224399475256,0.775600524744));
#288 = CARTESIAN_POINT('',(-2.22044604925E-16,1.));
#289 = ( GEOMETRIC_REPRESENTATION_CONTEXT(2) 
PARAMETRIC_REPRESENTATION_CONTEXT() REPRESENTATION_CONTEXT('2D SPACE',''
  ) );
#290 = ORIENTED_EDGE('',*,*,#291,.F.);
#291 = EDGE_CURVE('',#292,#258,#294,.T.);
#292 = VERTEX_POINT('',#293);
#293 = CARTESIAN_POINT('',(-38.9,-29.9,1.));
#294 = SURFACE_CURVE('',#295,(#300,#312),.PCURVE_S1.);
#295 = ELLIPSE('',#296,1.414213562373,1.);
#296 = AXIS2_PLACEMENT_3D('',#297,#298,#299);
#297 = CARTESIAN_POINT('',(-38.9,-28.9,1.));
#298 = DIRECTION('',(0.707106781187,0.,-0.707106781187));
#299 = DIRECTION('',(0.707106781187,0.,0.707106781187));
#300 = PCURVE('',#66,#301);
#301 = DEFINITIONAL_REPRESENTATION('',(#302),#311);
#302 = B_SPLINE_CURVE_WITH_KNOTS('',7,(#303,#304,#305,#306,#307,#308,
    #309,#310),.UNSPECIFIED.,.F.,.F.,(8,8),(1.570796326795,3.14159265359
    ),.PIECEWISE_BEZIER_KNOTS.);
#303 = CARTESIAN_POINT('',(1.570796326795,1.));
#304 = CARTESIAN_POINT('',(1.346396851538,0.775600524744));
#305 = CARTESIAN_POINT('',(1.121997376282,0.551201960681));
#306 = CARTESIAN_POINT('',(0.897597901026,0.345253174226));
#307 = CARTESIAN_POINT('',(0.673198425769,0.176237495375));
#308 = CARTESIAN_POINT('',(0.448798950513,5.874867260997E-02));
#309 = CARTESIAN_POINT('',(0.224399475256,-1.945635950147E-16));
#310 = CARTESIAN_POINT('',(1.110223024625E-16,-2.22044604925E-16));
#311 = ( GEOMETRIC_REPRESENTATION_CONTEXT(2) 
PARAMETRIC_REPRESENTATION_CONTEXT() REPRESENTATION_CONTEXT('2D SPACE',''
  ) );
#312 = PCURVE('',#313,#318);
#313 = CYLINDRICAL_SURFACE('',#314,1.);
#314 = AXIS2_PLACEMENT_3D('',#315,#316,#317);
#315 = CARTESIAN_POINT('',(-39.9,-28.9,1.));
#316 = DIRECTION('',(1.,0.,0.));
#317 = DIRECTION('',(0.,-1.,0.));
#318 = DEFINITIONAL_REPRESENTATION('',(#319),#328);
#319 = B_SPLINE_CURVE_WITH_KNOTS('',7,(#320,#321,#322,#323,#324,#325,
    #326,#327),.UNSPECIFIED.,.F.,.F.,(8,8),(1.570796326795,3.14159265359
    ),.PIECEWISE_BEZIER_KNOTS.);
#320 = CARTESIAN_POINT('',(0.,1.));
#321 = CARTESIAN_POINT('',(0.224399475256,0.775600524744));
#322 = CARTESIAN_POINT('',(0.448798950513,0.551201960681));
#323 = CARTESIAN_POINT('',(0.673198425769,0.345253174226));
#324 = CARTESIAN_POINT('',(0.897597901026,0.176237495375));
#325 = CARTESIAN_POINT('',(1.121997376282,5.874867260997E-02));
#326 = CARTESIAN_POINT('',(1.346396851538,-1.945635950147E-16));
#327 = CARTESIAN_POINT('',(1.570796326795,-2.22044604925E-16));
#328 = ( GEOMETRIC_REPRESENTATION_CONTEXT(2) 
PARAMETRIC_REPRESENTATION_CONTEXT() REPRESENTATION_CONTEXT('2D SPACE',''
  ) );
#329 = ORIENTED_EDGE('',*,*,#330,.T.);
#330 = EDGE_CURVE('',#292,#331,#333,.T.);
#331 = VERTEX_POINT('',#332);
#332 = CARTESIAN_POINT('',(-38.9,-29.9,18.8));
#333 = SURFACE_CURVE('',#334,(#338,#345),.PCURVE_S1.);
#334 = LINE('',#335,#336);
#335 = CARTESIAN_POINT('',(-38.9,-29.9,0.));
#336 = VECTOR('',#337,1.);
#337 = DIRECTION('',(0.,0.,1.));
#338 = PCURVE('',#66,#339);
#339 = DEFINITIONAL_REPRESENTATION('',(#340),#344);
#340 = LINE('',#341,#342);
#341 = CARTESIAN_POINT('',(1.570796326795,0.));
#342 = VECTOR('',#343,1.);
#343 = DIRECTION('',(0.,1.));
#344 = ( GEOMETRIC_REPRESENTATION_CONTEXT(2) 
PARAMETRIC_REPRESENTATION_CONTEXT() REPRESENTATION_CONTEXT('2D SPACE',''
  ) );
#345 = PCURVE('',#346,#351);
#346 = PLANE('',#347);
#347 = AXIS2_PLACEMENT_3D('',#348,#349,#350);
#348 = CARTESIAN_POINT('',(-39.9,-29.9,0.));
#349 = DIRECTION('',(0.,1.,0.));
#350 = DIRECTION('',(0.,0.,1.));
#351 = DEFINITIONAL_REPRESENTATION('',(#352),#356);
#352 = LINE('',#353,#354);
#353 = CARTESIAN_POINT('',(0.,1.));
#354 = VECTOR('',#355,1.);
#355 = DIRECTION('',(1.,0.));
#356 = ( GEOMETRIC_REPRESENTATION_CONTEXT(2) 
PARAMETRIC_REPRESENTATION_CONTEXT() REPRESENTATION_CONTEXT('2D SPACE',''
  ) );
#357 = ORIENTED_EDGE('',*,*,#358,.F.);
#358 = EDGE_CURVE('',#359,#331,#361,.T.);
#359 = VERTEX_POINT('',#360);
#360 = CARTESIAN_POINT('',(-39.60710678118,-29.60710678118,
    19.507106781187));
#361 = SURFACE_CURVE('',#362,(#367,#379),.PCURVE_S1.);
#362 = ELLIPSE('',#363,1.414213562373,1.);
#363 = AXIS2_PLACEMENT_3D('',#364,#365,#366);
#364 = CARTESIAN_POINT('',(-38.9,-28.9,18.8));
#365 = DIRECTION('',(0.707106781187,0.,0.707106781187));
#366 = DIRECTION('',(0.707106781187,0.,-0.707106781187));
#367 = PCURVE('',#66,#368);
#368 = DEFINITIONAL_REPRESENTATION('',(#369),#378);
#369 = B_SPLINE_CURVE_WITH_KNOTS('',7,(#370,#371,#372,#373,#374,#375,
    #376,#377),.UNSPECIFIED.,.F.,.F.,(8,8),(3.14159265359,4.712388980385
    ),.PIECEWISE_BEZIER_KNOTS.);
#370 = CARTESIAN_POINT('',(0.,19.8));
#371 = CARTESIAN_POINT('',(0.224399475256,19.8));
#372 = CARTESIAN_POINT('',(0.448798950513,19.741251327391));
#373 = CARTESIAN_POINT('',(0.67319842577,19.623762504626));
#374 = CARTESIAN_POINT('',(0.897597901025,19.454746825775));
#375 = CARTESIAN_POINT('',(1.121997376282,19.248798039318));
#376 = CARTESIAN_POINT('',(1.346396851538,19.024399475256));
#377 = CARTESIAN_POINT('',(1.570796326795,18.8));
#378 = ( GEOMETRIC_REPRESENTATION_CONTEXT(2) 
PARAMETRIC_REPRESENTATION_CONTEXT() REPRESENTATION_CONTEXT('2D SPACE',''
  ) );
#379 = PCURVE('',#380,#385);
#380 = CYLINDRICAL_SURFACE('',#381,1.);
#381 = AXIS2_PLACEMENT_3D('',#382,#383,#384);
#382 = CARTESIAN_POINT('',(-39.9,-28.9,18.8));
#383 = DIRECTION('',(1.,0.,0.));
#384 = DIRECTION('',(0.,-1.,0.));
#385 = DEFINITIONAL_REPRESENTATION('',(#386),#395);
#386 = B_SPLINE_CURVE_WITH_KNOTS('',7,(#387,#388,#389,#390,#391,#392,
    #393,#394),.UNSPECIFIED.,.F.,.F.,(8,8),(3.14159265359,4.712388980385
    ),.PIECEWISE_BEZIER_KNOTS.);
#387 = CARTESIAN_POINT('',(-1.570796326795,-2.22044604925E-16));
#388 = CARTESIAN_POINT('',(-1.346396851538,-2.495256148353E-16));
#389 = CARTESIAN_POINT('',(-1.121997376282,5.874867260998E-02));
#390 = CARTESIAN_POINT('',(-0.897597901026,0.176237495375));
#391 = CARTESIAN_POINT('',(-0.673198425769,0.345253174226));
#392 = CARTESIAN_POINT('',(-0.448798950513,0.551201960681));
#393 = CARTESIAN_POINT('',(-0.224399475256,0.775600524744));
#394 = CARTESIAN_POINT('',(0.,1.));
#395 = ( GEOMETRIC_REPRESENTATION_CONTEXT(2) 
PARAMETRIC_REPRESENTATION_CONTEXT() REPRESENTATION_CONTEXT('2D SPACE',''
  ) );
#396 = ORIENTED_EDGE('',*,*,#397,.F.);
#397 = EDGE_CURVE('',#46,#359,#398,.T.);
#398 = SURFACE_CURVE('',#399,(#404,#416),.PCURVE_S1.);
#399 = ELLIPSE('',#400,1.414213562373,1.);
#400 = AXIS2_PLACEMENT_3D('',#401,#402,#403);
#401 = CARTESIAN_POINT('',(-38.9,-28.9,18.8));
#402 = DIRECTION('',(0.,0.707106781187,0.707106781187));
#403 = DIRECTION('',(0.,0.707106781187,-0.707106781187));
#404 = PCURVE('',#66,#405);
#405 = DEFINITIONAL_REPRESENTATION('',(#406),#415);
#406 = B_SPLINE_CURVE_WITH_KNOTS('',7,(#407,#408,#409,#410,#411,#412,
    #413,#414),.UNSPECIFIED.,.F.,.F.,(8,8),(1.570796326795,3.14159265359
    ),.PIECEWISE_BEZIER_KNOTS.);
#407 = CARTESIAN_POINT('',(0.,18.8));
#408 = CARTESIAN_POINT('',(0.224399475256,19.024399475256));
#409 = CARTESIAN_POINT('',(0.448798950513,19.248798039317));
#410 = CARTESIAN_POINT('',(0.673198425769,19.45474682578));
#411 = CARTESIAN_POINT('',(0.897597901026,19.623762504624));
#412 = CARTESIAN_POINT('',(1.121997376282,19.741251327391));
#413 = CARTESIAN_POINT('',(1.346396851538,19.8));
#414 = CARTESIAN_POINT('',(1.570796326795,19.8));
#415 = ( GEOMETRIC_REPRESENTATION_CONTEXT(2) 
PARAMETRIC_REPRESENTATION_CONTEXT() REPRESENTATION_CONTEXT('2D SPACE',''
  ) );
#416 = PCURVE('',#148,#417);
#417 = DEFINITIONAL_REPRESENTATION('',(#418),#427);
#418 = B_SPLINE_CURVE_WITH_KNOTS('',7,(#419,#420,#421,#422,#423,#424,
    #425,#426),.UNSPECIFIED.,.F.,.F.,(8,8),(1.570796326795,3.14159265359
    ),.PIECEWISE_BEZIER_KNOTS.);
#419 = CARTESIAN_POINT('',(0.,1.));
#420 = CARTESIAN_POINT('',(0.224399475256,0.775600524744));
#421 = CARTESIAN_POINT('',(0.448798950513,0.551201960681));
#422 = CARTESIAN_POINT('',(0.673198425769,0.345253174226));
#423 = CARTESIAN_POINT('',(0.897597901026,0.176237495375));
#424 = CARTESIAN_POINT('',(1.121997376282,5.874867260997E-02));
#425 = CARTESIAN_POINT('',(1.346396851538,-1.945635950147E-16));
#426 = CARTESIAN_POINT('',(1.570796326795,-2.22044604925E-16));
#427 = ( GEOMETRIC_REPRESENTATION_CONTEXT(2) 
PARAMETRIC_REPRESENTATION_CONTEXT() REPRESENTATION_CONTEXT('2D SPACE',''
  ) );
#428 = ADVANCED_FACE('',(#429),#94,.T.);
#429 = FACE_BOUND('',#430,.F.);
#430 = EDGE_LOOP('',(#431,#432,#433,#467,#495));
#431 = ORIENTED_EDGE('',*,*,#78,.F.);
#432 = ORIENTED_EDGE('',*,*,#257,.F.);
#433 = ORIENTED_EDGE('',*,*,#434,.T.);
#434 = EDGE_CURVE('',#258,#435,#437,.T.);
#435 = VERTEX_POINT('',#436);
#436 = CARTESIAN_POINT('',(-38.9,-28.9,-2.22044604925E-16));
#437 = SURFACE_CURVE('',#438,(#443,#455),.PCURVE_S1.);
#438 = ELLIPSE('',#439,1.414213562373,1.);
#439 = AXIS2_PLACEMENT_3D('',#440,#441,#442);
#440 = CARTESIAN_POINT('',(-38.9,-28.9,1.));
#441 = DIRECTION('',(0.707106781187,-0.707106781187,0.));
#442 = DIRECTION('',(0.707106781187,0.707106781187,0.));
#443 = PCURVE('',#94,#444);
#444 = DEFINITIONAL_REPRESENTATION('',(#445),#454);
#445 = B_SPLINE_CURVE_WITH_KNOTS('',7,(#446,#447,#448,#449,#450,#451,
    #452,#453),.UNSPECIFIED.,.F.,.F.,(8,8),(3.14159265359,4.712388980385
    ),.PIECEWISE_BEZIER_KNOTS.);
#446 = CARTESIAN_POINT('',(0.,-2.22044604925E-16));
#447 = CARTESIAN_POINT('',(-0.224399475256,-2.495256148353E-16));
#448 = CARTESIAN_POINT('',(-0.448798950513,5.874867260998E-02));
#449 = CARTESIAN_POINT('',(-0.67319842577,0.176237495375));
#450 = CARTESIAN_POINT('',(-0.897597901025,0.345253174226));
#451 = CARTESIAN_POINT('',(-1.121997376282,0.551201960681));
#452 = CARTESIAN_POINT('',(-1.346396851538,0.775600524744));
#453 = CARTESIAN_POINT('',(-1.570796326795,1.));
#454 = ( GEOMETRIC_REPRESENTATION_CONTEXT(2) 
PARAMETRIC_REPRESENTATION_CONTEXT() REPRESENTATION_CONTEXT('2D SPACE',''
  ) );
#455 = PCURVE('',#313,#456);
#456 = DEFINITIONAL_REPRESENTATION('',(#457),#466);
#457 = B_SPLINE_CURVE_WITH_KNOTS('',7,(#458,#459,#460,#461,#462,#463,
    #464,#465),.UNSPECIFIED.,.F.,.F.,(8,8),(3.14159265359,4.712388980385
    ),.PIECEWISE_BEZIER_KNOTS.);
#458 = CARTESIAN_POINT('',(0.,-2.22044604925E-16));
#459 = CARTESIAN_POINT('',(0.224399475256,-2.495256148353E-16));
#460 = CARTESIAN_POINT('',(0.448798950513,5.874867260998E-02));
#461 = CARTESIAN_POINT('',(0.67319842577,0.176237495375));
#462 = CARTESIAN_POINT('',(0.897597901025,0.345253174226));
#463 = CARTESIAN_POINT('',(1.121997376282,0.551201960681));
#464 = CARTESIAN_POINT('',(1.346396851538,0.775600524744));
#465 = CARTESIAN_POINT('',(1.570796326795,1.));
#466 = ( GEOMETRIC_REPRESENTATION_CONTEXT(2) 
PARAMETRIC_REPRESENTATION_CONTEXT() REPRESENTATION_CONTEXT('2D SPACE',''
  ) );
#467 = ORIENTED_EDGE('',*,*,#468,.T.);
#468 = EDGE_CURVE('',#435,#469,#471,.T.);
#469 = VERTEX_POINT('',#470);
#470 = CARTESIAN_POINT('',(-38.9,27.9,-2.22044604925E-16));
#471 = SURFACE_CURVE('',#472,(#476,#483),.PCURVE_S1.);
#472 = LINE('',#473,#474);
#473 = CARTESIAN_POINT('',(-38.9,-29.9,-2.22044604925E-16));
#474 = VECTOR('',#475,1.);
#475 = DIRECTION('',(0.,1.,0.));
#476 = PCURVE('',#94,#477);
#477 = DEFINITIONAL_REPRESENTATION('',(#478),#482);
#478 = LINE('',#479,#480);
#479 = CARTESIAN_POINT('',(-1.570796326795,0.));
#480 = VECTOR('',#481,1.);
#481 = DIRECTION('',(-0.,1.));
#482 = ( GEOMETRIC_REPRESENTATION_CONTEXT(2) 
PARAMETRIC_REPRESENTATION_CONTEXT() REPRESENTATION_CONTEXT('2D SPACE',''
  ) );
#483 = PCURVE('',#484,#489);
#484 = PLANE('',#485);
#485 = AXIS2_PLACEMENT_3D('',#486,#487,#488);
#486 = CARTESIAN_POINT('',(-39.9,-29.9,0.));
#487 = DIRECTION('',(0.,0.,1.));
#488 = DIRECTION('',(1.,0.,0.));
#489 = DEFINITIONAL_REPRESENTATION('',(#490),#494);
#490 = LINE('',#491,#492);
#491 = CARTESIAN_POINT('',(1.,0.));
#492 = VECTOR('',#493,1.);
#493 = DIRECTION('',(0.,1.));
#494 = ( GEOMETRIC_REPRESENTATION_CONTEXT(2) 
PARAMETRIC_REPRESENTATION_CONTEXT() REPRESENTATION_CONTEXT('2D SPACE',''
  ) );
#495 = ORIENTED_EDGE('',*,*,#496,.T.);
#496 = EDGE_CURVE('',#469,#79,#497,.T.);
#497 = SURFACE_CURVE('',#498,(#503,#510),.PCURVE_S1.);
#498 = CIRCLE('',#499,1.);
#499 = AXIS2_PLACEMENT_3D('',#500,#501,#502);
#500 = CARTESIAN_POINT('',(-38.9,27.9,1.));
#501 = DIRECTION('',(0.,1.,0.));
#502 = DIRECTION('',(-1.,0.,0.));
#503 = PCURVE('',#94,#504);
#504 = DEFINITIONAL_REPRESENTATION('',(#505),#509);
#505 = LINE('',#506,#507);
#506 = CARTESIAN_POINT('',(-6.28318530718,57.8));
#507 = VECTOR('',#508,1.);
#508 = DIRECTION('',(1.,-0.));
#509 = ( GEOMETRIC_REPRESENTATION_CONTEXT(2) 
PARAMETRIC_REPRESENTATION_CONTEXT() REPRESENTATION_CONTEXT('2D SPACE',''
  ) );
#510 = PCURVE('',#122,#511);
#511 = DEFINITIONAL_REPRESENTATION('',(#512),#516);
#512 = CIRCLE('',#513,1.);
#513 = AXIS2_PLACEMENT_2D('',#514,#515);
#514 = CARTESIAN_POINT('',(2.,2.));
#515 = DIRECTION('',(0.,-1.));
#516 = ( GEOMETRIC_REPRESENTATION_CONTEXT(2) 
PARAMETRIC_REPRESENTATION_CONTEXT() REPRESENTATION_CONTEXT('2D SPACE',''
  ) );
#517 = ADVANCED_FACE('',(#518),#148,.T.);
#518 = FACE_BOUND('',#519,.T.);
#519 = EDGE_LOOP('',(#520,#521,#522,#556,#584));
#520 = ORIENTED_EDGE('',*,*,#134,.F.);
#521 = ORIENTED_EDGE('',*,*,#397,.T.);
#522 = ORIENTED_EDGE('',*,*,#523,.F.);
#523 = EDGE_CURVE('',#524,#359,#526,.T.);
#524 = VERTEX_POINT('',#525);
#525 = CARTESIAN_POINT('',(-38.9,-28.9,19.8));
#526 = SURFACE_CURVE('',#527,(#532,#544),.PCURVE_S1.);
#527 = ELLIPSE('',#528,1.414213562373,1.);
#528 = AXIS2_PLACEMENT_3D('',#529,#530,#531);
#529 = CARTESIAN_POINT('',(-38.9,-28.9,18.8));
#530 = DIRECTION('',(0.707106781187,-0.707106781187,0.));
#531 = DIRECTION('',(0.707106781187,0.707106781187,0.));
#532 = PCURVE('',#148,#533);
#533 = DEFINITIONAL_REPRESENTATION('',(#534),#543);
#534 = B_SPLINE_CURVE_WITH_KNOTS('',7,(#535,#536,#537,#538,#539,#540,
    #541,#542),.UNSPECIFIED.,.F.,.F.,(8,8),(1.570796326795,3.14159265359
    ),.PIECEWISE_BEZIER_KNOTS.);
#535 = CARTESIAN_POINT('',(1.570796326795,1.));
#536 = CARTESIAN_POINT('',(1.346396851538,0.775600524744));
#537 = CARTESIAN_POINT('',(1.121997376282,0.551201960681));
#538 = CARTESIAN_POINT('',(0.897597901026,0.345253174226));
#539 = CARTESIAN_POINT('',(0.673198425769,0.176237495375));
#540 = CARTESIAN_POINT('',(0.448798950513,5.874867260997E-02));
#541 = CARTESIAN_POINT('',(0.224399475256,-1.945635950147E-16));
#542 = CARTESIAN_POINT('',(0.,-2.22044604925E-16));
#543 = ( GEOMETRIC_REPRESENTATION_CONTEXT(2) 
PARAMETRIC_REPRESENTATION_CONTEXT() REPRESENTATION_CONTEXT('2D SPACE',''
  ) );
#544 = PCURVE('',#380,#545);
#545 = DEFINITIONAL_REPRESENTATION('',(#546),#555);
#546 = B_SPLINE_CURVE_WITH_KNOTS('',7,(#547,#548,#549,#550,#551,#552,
    #553,#554),.UNSPECIFIED.,.F.,.F.,(8,8),(1.570796326795,3.14159265359
    ),.PIECEWISE_BEZIER_KNOTS.);
#547 = CARTESIAN_POINT('',(-1.570796326795,1.));
#548 = CARTESIAN_POINT('',(-1.346396851538,0.775600524744));
#549 = CARTESIAN_POINT('',(-1.121997376282,0.551201960681));
#550 = CARTESIAN_POINT('',(-0.897597901026,0.345253174226));
#551 = CARTESIAN_POINT('',(-0.673198425769,0.176237495375));
#552 = CARTESIAN_POINT('',(-0.448798950513,5.874867260997E-02));
#553 = CARTESIAN_POINT('',(-0.224399475256,-1.945635950147E-16));
#554 = CARTESIAN_POINT('',(0.,-2.22044604925E-16));
#555 = ( GEOMETRIC_REPRESENTATION_CONTEXT(2) 
PARAMETRIC_REPRESENTATION_CONTEXT() REPRESENTATION_CONTEXT('2D SPACE',''
  ) );
#556 = ORIENTED_EDGE('',*,*,#557,.T.);
#557 = EDGE_CURVE('',#524,#558,#560,.T.);
#558 = VERTEX_POINT('',#559);
#559 = CARTESIAN_POINT('',(-38.9,27.9,19.8));
#560 = SURFACE_CURVE('',#561,(#565,#572),.PCURVE_S1.);
#561 = LINE('',#562,#563);
#562 = CARTESIAN_POINT('',(-38.9,-29.9,19.8));
#563 = VECTOR('',#564,1.);
#564 = DIRECTION('',(0.,1.,0.));
#565 = PCURVE('',#148,#566);
#566 = DEFINITIONAL_REPRESENTATION('',(#567),#571);
#567 = LINE('',#568,#569);
#568 = CARTESIAN_POINT('',(1.570796326795,0.));
#569 = VECTOR('',#570,1.);
#570 = DIRECTION('',(0.,1.));
#571 = ( GEOMETRIC_REPRESENTATION_CONTEXT(2) 
PARAMETRIC_REPRESENTATION_CONTEXT() REPRESENTATION_CONTEXT('2D SPACE',''
  ) );
#572 = PCURVE('',#573,#578);
#573 = PLANE('',#574);
#574 = AXIS2_PLACEMENT_3D('',#575,#576,#577);
#575 = CARTESIAN_POINT('',(-39.9,-29.9,19.8));
#576 = DIRECTION('',(0.,0.,1.));
#577 = DIRECTION('',(1.,0.,0.));
#578 = DEFINITIONAL_REPRESENTATION('',(#579),#583);
#579 = LINE('',#580,#581);
#580 = CARTESIAN_POINT('',(1.,0.));
#581 = VECTOR('',#582,1.);
#582 = DIRECTION('',(0.,1.));
#583 = ( GEOMETRIC_REPRESENTATION_CONTEXT(2) 
PARAMETRIC_REPRESENTATION_CONTEXT() REPRESENTATION_CONTEXT('2D SPACE',''
  ) );
#584 = ORIENTED_EDGE('',*,*,#585,.F.);
#585 = EDGE_CURVE('',#107,#558,#586,.T.);
#586 = SURFACE_CURVE('',#587,(#592,#599),.PCURVE_S1.);
#587 = CIRCLE('',#588,1.);
#588 = AXIS2_PLACEMENT_3D('',#589,#590,#591);
#589 = CARTESIAN_POINT('',(-38.9,27.9,18.8));
#590 = DIRECTION('',(0.,1.,0.));
#591 = DIRECTION('',(-1.,0.,0.));
#592 = PCURVE('',#148,#593);
#593 = DEFINITIONAL_REPRESENTATION('',(#594),#598);
#594 = LINE('',#595,#596);
#595 = CARTESIAN_POINT('',(0.,57.8));
#596 = VECTOR('',#597,1.);
#597 = DIRECTION('',(1.,0.));
#598 = ( GEOMETRIC_REPRESENTATION_CONTEXT(2) 
PARAMETRIC_REPRESENTATION_CONTEXT() REPRESENTATION_CONTEXT('2D SPACE',''
  ) );
#599 = PCURVE('',#122,#600);
#600 = DEFINITIONAL_REPRESENTATION('',(#601),#605);
#601 = CIRCLE('',#602,1.);
#602 = AXIS2_PLACEMENT_2D('',#603,#604);
#603 = CARTESIAN_POINT('',(19.8,2.));
#604 = DIRECTION('',(0.,-1.));
#605 = ( GEOMETRIC_REPRESENTATION_CONTEXT(2) 
PARAMETRIC_REPRESENTATION_CONTEXT() REPRESENTATION_CONTEXT('2D SPACE',''
  ) );
#606 = ADVANCED_FACE('',(#607,#742),#122,.T.);
#607 = FACE_BOUND('',#608,.T.);
#608 = EDGE_LOOP('',(#609,#610,#611,#612,#635,#664,#692,#721));
#609 = ORIENTED_EDGE('',*,*,#496,.T.);
#610 = ORIENTED_EDGE('',*,*,#106,.T.);
#611 = ORIENTED_EDGE('',*,*,#585,.T.);
#612 = ORIENTED_EDGE('',*,*,#613,.F.);
#613 = EDGE_CURVE('',#614,#558,#616,.T.);
#614 = VERTEX_POINT('',#615);
#615 = CARTESIAN_POINT('',(38.9,27.9,19.8));
#616 = SURFACE_CURVE('',#617,(#621,#628),.PCURVE_S1.);
#617 = LINE('',#618,#619);
#618 = CARTESIAN_POINT('',(-40.4,27.9,19.8));
#619 = VECTOR('',#620,1.);
#620 = DIRECTION('',(-1.,-0.,0.));
#621 = PCURVE('',#122,#622);
#622 = DEFINITIONAL_REPRESENTATION('',(#623),#627);
#623 = LINE('',#624,#625);
#624 = CARTESIAN_POINT('',(20.8,0.5));
#625 = VECTOR('',#626,1.);
#626 = DIRECTION('',(0.,-1.));
#627 = ( GEOMETRIC_REPRESENTATION_CONTEXT(2) 
PARAMETRIC_REPRESENTATION_CONTEXT() REPRESENTATION_CONTEXT('2D SPACE',''
  ) );
#628 = PCURVE('',#573,#629);
#629 = DEFINITIONAL_REPRESENTATION('',(#630),#634);
#630 = LINE('',#631,#632);
#631 = CARTESIAN_POINT('',(-0.5,57.8));
#632 = VECTOR('',#633,1.);
#633 = DIRECTION('',(-1.,0.));
#634 = ( GEOMETRIC_REPRESENTATION_CONTEXT(2) 
PARAMETRIC_REPRESENTATION_CONTEXT() REPRESENTATION_CONTEXT('2D SPACE',''
  ) );
#635 = ORIENTED_EDGE('',*,*,#636,.T.);
#636 = EDGE_CURVE('',#614,#637,#639,.T.);
#637 = VERTEX_POINT('',#638);
#638 = CARTESIAN_POINT('',(39.9,27.9,18.8));
#639 = SURFACE_CURVE('',#640,(#645,#652),.PCURVE_S1.);
#640 = CIRCLE('',#641,1.);
#641 = AXIS2_PLACEMENT_3D('',#642,#643,#644);
#642 = CARTESIAN_POINT('',(38.9,27.9,18.8));
#643 = DIRECTION('',(0.,1.,0.));
#644 = DIRECTION('',(1.,0.,-0.));
#645 = PCURVE('',#122,#646);
#646 = DEFINITIONAL_REPRESENTATION('',(#647),#651);
#647 = CIRCLE('',#648,1.);
#648 = AXIS2_PLACEMENT_2D('',#649,#650);
#649 = CARTESIAN_POINT('',(19.8,79.8));
#650 = DIRECTION('',(0.,1.));
#651 = ( GEOMETRIC_REPRESENTATION_CONTEXT(2) 
PARAMETRIC_REPRESENTATION_CONTEXT() REPRESENTATION_CONTEXT('2D SPACE',''
  ) );
#652 = PCURVE('',#653,#658);
#653 = CYLINDRICAL_SURFACE('',#654,1.);
#654 = AXIS2_PLACEMENT_3D('',#655,#656,#657);
#655 = CARTESIAN_POINT('',(38.9,-29.9,18.8));
#656 = DIRECTION('',(0.,1.,0.));
#657 = DIRECTION('',(1.,0.,-0.));
#658 = DEFINITIONAL_REPRESENTATION('',(#659),#663);
#659 = LINE('',#660,#661);
#660 = CARTESIAN_POINT('',(-6.28318530718,57.8));
#661 = VECTOR('',#662,1.);
#662 = DIRECTION('',(1.,-0.));
#663 = ( GEOMETRIC_REPRESENTATION_CONTEXT(2) 
PARAMETRIC_REPRESENTATION_CONTEXT() REPRESENTATION_CONTEXT('2D SPACE',''
  ) );
#664 = ORIENTED_EDGE('',*,*,#665,.F.);
#665 = EDGE_CURVE('',#666,#637,#668,.T.);
#666 = VERTEX_POINT('',#667);
#667 = CARTESIAN_POINT('',(39.9,27.9,1.));
#668 = SURFACE_CURVE('',#669,(#673,#680),.PCURVE_S1.);
#669 = LINE('',#670,#671);
#670 = CARTESIAN_POINT('',(39.9,27.9,-0.5));
#671 = VECTOR('',#672,1.);
#672 = DIRECTION('',(0.,-0.,1.));
#673 = PCURVE('',#122,#674);
#674 = DEFINITIONAL_REPRESENTATION('',(#675),#679);
#675 = LINE('',#676,#677);
#676 = CARTESIAN_POINT('',(0.5,80.8));
#677 = VECTOR('',#678,1.);
#678 = DIRECTION('',(1.,0.));
#679 = ( GEOMETRIC_REPRESENTATION_CONTEXT(2) 
PARAMETRIC_REPRESENTATION_CONTEXT() REPRESENTATION_CONTEXT('2D SPACE',''
  ) );
#680 = PCURVE('',#681,#686);
#681 = PLANE('',#682);
#682 = AXIS2_PLACEMENT_3D('',#683,#684,#685);
#683 = CARTESIAN_POINT('',(39.9,-29.9,0.));
#684 = DIRECTION('',(1.,0.,0.));
#685 = DIRECTION('',(0.,0.,1.));
#686 = DEFINITIONAL_REPRESENTATION('',(#687),#691);
#687 = LINE('',#688,#689);
#688 = CARTESIAN_POINT('',(-0.5,-57.8));
#689 = VECTOR('',#690,1.);
#690 = DIRECTION('',(1.,0.));
#691 = ( GEOMETRIC_REPRESENTATION_CONTEXT(2) 
PARAMETRIC_REPRESENTATION_CONTEXT() REPRESENTATION_CONTEXT('2D SPACE',''
  ) );
#692 = ORIENTED_EDGE('',*,*,#693,.T.);
#693 = EDGE_CURVE('',#666,#694,#696,.T.);
#694 = VERTEX_POINT('',#695);
#695 = CARTESIAN_POINT('',(38.9,27.9,-2.22044604925E-16));
#696 = SURFACE_CURVE('',#697,(#702,#709),.PCURVE_S1.);
#697 = CIRCLE('',#698,1.);
#698 = AXIS2_PLACEMENT_3D('',#699,#700,#701);
#699 = CARTESIAN_POINT('',(38.9,27.9,1.));
#700 = DIRECTION('',(0.,1.,0.));
#701 = DIRECTION('',(1.,0.,-0.));
#702 = PCURVE('',#122,#703);
#703 = DEFINITIONAL_REPRESENTATION('',(#704),#708);
#704 = CIRCLE('',#705,1.);
#705 = AXIS2_PLACEMENT_2D('',#706,#707);
#706 = CARTESIAN_POINT('',(2.,79.8));
#707 = DIRECTION('',(0.,1.));
#708 = ( GEOMETRIC_REPRESENTATION_CONTEXT(2) 
PARAMETRIC_REPRESENTATION_CONTEXT() REPRESENTATION_CONTEXT('2D SPACE',''
  ) );
#709 = PCURVE('',#710,#715);
#710 = CYLINDRICAL_SURFACE('',#711,1.);
#711 = AXIS2_PLACEMENT_3D('',#712,#713,#714);
#712 = CARTESIAN_POINT('',(38.9,-29.9,1.));
#713 = DIRECTION('',(0.,1.,0.));
#714 = DIRECTION('',(1.,0.,-0.));
#715 = DEFINITIONAL_REPRESENTATION('',(#716),#720);
#716 = LINE('',#717,#718);
#717 = CARTESIAN_POINT('',(0.,57.8));
#718 = VECTOR('',#719,1.);
#719 = DIRECTION('',(1.,0.));
#720 = ( GEOMETRIC_REPRESENTATION_CONTEXT(2) 
PARAMETRIC_REPRESENTATION_CONTEXT() REPRESENTATION_CONTEXT('2D SPACE',''
  ) );
#721 = ORIENTED_EDGE('',*,*,#722,.T.);
#722 = EDGE_CURVE('',#694,#469,#723,.T.);
#723 = SURFACE_CURVE('',#724,(#728,#735),.PCURVE_S1.);
#724 = LINE('',#725,#726);
#725 = CARTESIAN_POINT('',(-40.4,27.9,-1.387778780781E-17));
#726 = VECTOR('',#727,1.);
#727 = DIRECTION('',(-1.,-0.,0.));
#728 = PCURVE('',#122,#729);
#729 = DEFINITIONAL_REPRESENTATION('',(#730),#734);
#730 = LINE('',#731,#732);
#731 = CARTESIAN_POINT('',(1.,0.5));
#732 = VECTOR('',#733,1.);
#733 = DIRECTION('',(0.,-1.));
#734 = ( GEOMETRIC_REPRESENTATION_CONTEXT(2) 
PARAMETRIC_REPRESENTATION_CONTEXT() REPRESENTATION_CONTEXT('2D SPACE',''
  ) );
#735 = PCURVE('',#484,#736);
#736 = DEFINITIONAL_REPRESENTATION('',(#737),#741);
#737 = LINE('',#738,#739);
#738 = CARTESIAN_POINT('',(-0.5,57.8));
#739 = VECTOR('',#740,1.);
#740 = DIRECTION('',(-1.,0.));
#741 = ( GEOMETRIC_REPRESENTATION_CONTEXT(2) 
PARAMETRIC_REPRESENTATION_CONTEXT() REPRESENTATION_CONTEXT('2D SPACE',''
  ) );
#742 = FACE_BOUND('',#743,.T.);
#743 = EDGE_LOOP('',(#744,#774,#802,#830));
#744 = ORIENTED_EDGE('',*,*,#745,.F.);
#745 = EDGE_CURVE('',#746,#748,#750,.T.);
#746 = VERTEX_POINT('',#747);
#747 = CARTESIAN_POINT('',(-37.9,27.9,17.8));
#748 = VERTEX_POINT('',#749);
#749 = CARTESIAN_POINT('',(37.9,27.9,17.8));
#750 = SURFACE_CURVE('',#751,(#755,#762),.PCURVE_S1.);
#751 = LINE('',#752,#753);
#752 = CARTESIAN_POINT('',(-39.4,27.9,17.8));
#753 = VECTOR('',#754,1.);
#754 = DIRECTION('',(1.,0.,-0.));
#755 = PCURVE('',#122,#756);
#756 = DEFINITIONAL_REPRESENTATION('',(#757),#761);
#757 = LINE('',#758,#759);
#758 = CARTESIAN_POINT('',(18.8,1.5));
#759 = VECTOR('',#760,1.);
#760 = DIRECTION('',(0.,1.));
#761 = ( GEOMETRIC_REPRESENTATION_CONTEXT(2) 
PARAMETRIC_REPRESENTATION_CONTEXT() REPRESENTATION_CONTEXT('2D SPACE',''
  ) );
#762 = PCURVE('',#763,#768);
#763 = PLANE('',#764);
#764 = AXIS2_PLACEMENT_3D('',#765,#766,#767);
#765 = CARTESIAN_POINT('',(-37.9,-27.9,17.8));
#766 = DIRECTION('',(0.,0.,1.));
#767 = DIRECTION('',(1.,0.,-0.));
#768 = DEFINITIONAL_REPRESENTATION('',(#769),#773);
#769 = LINE('',#770,#771);
#770 = CARTESIAN_POINT('',(-1.5,55.8));
#771 = VECTOR('',#772,1.);
#772 = DIRECTION('',(1.,0.));
#773 = ( GEOMETRIC_REPRESENTATION_CONTEXT(2) 
PARAMETRIC_REPRESENTATION_CONTEXT() REPRESENTATION_CONTEXT('2D SPACE',''
  ) );
#774 = ORIENTED_EDGE('',*,*,#775,.T.);
#775 = EDGE_CURVE('',#746,#776,#778,.T.);
#776 = VERTEX_POINT('',#777);
#777 = CARTESIAN_POINT('',(-37.9,27.9,2.));
#778 = SURFACE_CURVE('',#779,(#783,#790),.PCURVE_S1.);
#779 = LINE('',#780,#781);
#780 = CARTESIAN_POINT('',(-37.9,27.9,0.5));
#781 = VECTOR('',#782,1.);
#782 = DIRECTION('',(-0.,0.,-1.));
#783 = PCURVE('',#122,#784);
#784 = DEFINITIONAL_REPRESENTATION('',(#785),#789);
#785 = LINE('',#786,#787);
#786 = CARTESIAN_POINT('',(1.5,3.));
#787 = VECTOR('',#788,1.);
#788 = DIRECTION('',(-1.,0.));
#789 = ( GEOMETRIC_REPRESENTATION_CONTEXT(2) 
PARAMETRIC_REPRESENTATION_CONTEXT() REPRESENTATION_CONTEXT('2D SPACE',''
  ) );
#790 = PCURVE('',#791,#796);
#791 = PLANE('',#792);
#792 = AXIS2_PLACEMENT_3D('',#793,#794,#795);
#793 = CARTESIAN_POINT('',(-37.9,-27.9,2.));
#794 = DIRECTION('',(1.,0.,-0.));
#795 = DIRECTION('',(0.,0.,1.));
#796 = DEFINITIONAL_REPRESENTATION('',(#797),#801);
#797 = LINE('',#798,#799);
#798 = CARTESIAN_POINT('',(-1.5,-55.8));
#799 = VECTOR('',#800,1.);
#800 = DIRECTION('',(-1.,-0.));
#801 = ( GEOMETRIC_REPRESENTATION_CONTEXT(2) 
PARAMETRIC_REPRESENTATION_CONTEXT() REPRESENTATION_CONTEXT('2D SPACE',''
  ) );
#802 = ORIENTED_EDGE('',*,*,#803,.T.);
#803 = EDGE_CURVE('',#776,#804,#806,.T.);
#804 = VERTEX_POINT('',#805);
#805 = CARTESIAN_POINT('',(37.9,27.9,2.));
#806 = SURFACE_CURVE('',#807,(#811,#818),.PCURVE_S1.);
#807 = LINE('',#808,#809);
#808 = CARTESIAN_POINT('',(-39.4,27.9,2.));
#809 = VECTOR('',#810,1.);
#810 = DIRECTION('',(1.,0.,-0.));
#811 = PCURVE('',#122,#812);
#812 = DEFINITIONAL_REPRESENTATION('',(#813),#817);
#813 = LINE('',#814,#815);
#814 = CARTESIAN_POINT('',(3.,1.5));
#815 = VECTOR('',#816,1.);
#816 = DIRECTION('',(0.,1.));
#817 = ( GEOMETRIC_REPRESENTATION_CONTEXT(2) 
PARAMETRIC_REPRESENTATION_CONTEXT() REPRESENTATION_CONTEXT('2D SPACE',''
  ) );
#818 = PCURVE('',#819,#824);
#819 = PLANE('',#820);
#820 = AXIS2_PLACEMENT_3D('',#821,#822,#823);
#821 = CARTESIAN_POINT('',(-37.9,-27.9,2.));
#822 = DIRECTION('',(0.,0.,1.));
#823 = DIRECTION('',(1.,0.,-0.));
#824 = DEFINITIONAL_REPRESENTATION('',(#825),#829);
#825 = LINE('',#826,#827);
#826 = CARTESIAN_POINT('',(-1.5,55.8));
#827 = VECTOR('',#828,1.);
#828 = DIRECTION('',(1.,0.));
#829 = ( GEOMETRIC_REPRESENTATION_CONTEXT(2) 
PARAMETRIC_REPRESENTATION_CONTEXT() REPRESENTATION_CONTEXT('2D SPACE',''
  ) );
#830 = ORIENTED_EDGE('',*,*,#831,.F.);
#831 = EDGE_CURVE('',#748,#804,#832,.T.);
#832 = SURFACE_CURVE('',#833,(#837,#844),.PCURVE_S1.);
#833 = LINE('',#834,#835);
#834 = CARTESIAN_POINT('',(37.9,27.9,0.5));
#835 = VECTOR('',#836,1.);
#836 = DIRECTION('',(-0.,0.,-1.));
#837 = PCURVE('',#122,#838);
#838 = DEFINITIONAL_REPRESENTATION('',(#839),#843);
#839 = LINE('',#840,#841);
#840 = CARTESIAN_POINT('',(1.5,78.8));
#841 = VECTOR('',#842,1.);
#842 = DIRECTION('',(-1.,0.));
#843 = ( GEOMETRIC_REPRESENTATION_CONTEXT(2) 
PARAMETRIC_REPRESENTATION_CONTEXT() REPRESENTATION_CONTEXT('2D SPACE',''
  ) );
#844 = PCURVE('',#845,#850);
#845 = PLANE('',#846);
#846 = AXIS2_PLACEMENT_3D('',#847,#848,#849);
#847 = CARTESIAN_POINT('',(37.9,-27.9,2.));
#848 = DIRECTION('',(1.,0.,-0.));
#849 = DIRECTION('',(0.,0.,1.));
#850 = DEFINITIONAL_REPRESENTATION('',(#851),#855);
#851 = LINE('',#852,#853);
#852 = CARTESIAN_POINT('',(-1.5,-55.8));
#853 = VECTOR('',#854,1.);
#854 = DIRECTION('',(-1.,-0.));
#855 = ( GEOMETRIC_REPRESENTATION_CONTEXT(2) 
PARAMETRIC_REPRESENTATION_CONTEXT() REPRESENTATION_CONTEXT('2D SPACE',''
  ) );
#856 = ADVANCED_FACE('',(#857),#179,.F.);
#857 = FACE_BOUND('',#858,.F.);
#858 = EDGE_LOOP('',(#859,#882,#909,#910));
#859 = ORIENTED_EDGE('',*,*,#860,.T.);
#860 = EDGE_CURVE('',#163,#861,#863,.T.);
#861 = VERTEX_POINT('',#862);
#862 = CARTESIAN_POINT('',(-38.3,20.,15.95));
#863 = SEAM_CURVE('',#864,(#868,#875),.PCURVE_S1.);
#864 = LINE('',#865,#866);
#865 = CARTESIAN_POINT('',(-39.92,20.,15.95));
#866 = VECTOR('',#867,1.);
#867 = DIRECTION('',(1.,0.,0.));
#868 = PCURVE('',#179,#869);
#869 = DEFINITIONAL_REPRESENTATION('',(#870),#874);
#870 = LINE('',#871,#872);
#871 = CARTESIAN_POINT('',(6.28318530718,-0.));
#872 = VECTOR('',#873,1.);
#873 = DIRECTION('',(0.,1.));
#874 = ( GEOMETRIC_REPRESENTATION_CONTEXT(2) 
PARAMETRIC_REPRESENTATION_CONTEXT() REPRESENTATION_CONTEXT('2D SPACE',''
  ) );
#875 = PCURVE('',#179,#876);
#876 = DEFINITIONAL_REPRESENTATION('',(#877),#881);
#877 = LINE('',#878,#879);
#878 = CARTESIAN_POINT('',(0.,-0.));
#879 = VECTOR('',#880,1.);
#880 = DIRECTION('',(0.,1.));
#881 = ( GEOMETRIC_REPRESENTATION_CONTEXT(2) 
PARAMETRIC_REPRESENTATION_CONTEXT() REPRESENTATION_CONTEXT('2D SPACE',''
  ) );
#882 = ORIENTED_EDGE('',*,*,#883,.F.);
#883 = EDGE_CURVE('',#861,#861,#884,.T.);
#884 = SURFACE_CURVE('',#885,(#890,#897),.PCURVE_S1.);
#885 = CIRCLE('',#886,6.05);
#886 = AXIS2_PLACEMENT_3D('',#887,#888,#889);
#887 = CARTESIAN_POINT('',(-38.3,20.,9.9));
#888 = DIRECTION('',(1.,0.,-0.));
#889 = DIRECTION('',(0.,0.,1.));
#890 = PCURVE('',#179,#891);
#891 = DEFINITIONAL_REPRESENTATION('',(#892),#896);
#892 = LINE('',#893,#894);
#893 = CARTESIAN_POINT('',(0.,1.62));
#894 = VECTOR('',#895,1.);
#895 = DIRECTION('',(1.,0.));
#896 = ( GEOMETRIC_REPRESENTATION_CONTEXT(2) 
PARAMETRIC_REPRESENTATION_CONTEXT() REPRESENTATION_CONTEXT('2D SPACE',''
  ) );
#897 = PCURVE('',#898,#903);
#898 = PLANE('',#899);
#899 = AXIS2_PLACEMENT_3D('',#900,#901,#902);
#900 = CARTESIAN_POINT('',(-38.3,20.,9.9));
#901 = DIRECTION('',(1.,-0.,-0.));
#902 = DIRECTION('',(0.,0.,1.));
#903 = DEFINITIONAL_REPRESENTATION('',(#904),#908);
#904 = CIRCLE('',#905,6.05);
#905 = AXIS2_PLACEMENT_2D('',#906,#907);
#906 = CARTESIAN_POINT('',(0.,0.));
#907 = DIRECTION('',(1.,0.));
#908 = ( GEOMETRIC_REPRESENTATION_CONTEXT(2) 
PARAMETRIC_REPRESENTATION_CONTEXT() REPRESENTATION_CONTEXT('2D SPACE',''
  ) );
#909 = ORIENTED_EDGE('',*,*,#860,.F.);
#910 = ORIENTED_EDGE('',*,*,#162,.T.);
#911 = ADVANCED_FACE('',(#912),#210,.F.);
#912 = FACE_BOUND('',#913,.F.);
#913 = EDGE_LOOP('',(#914,#937,#964,#965));
#914 = ORIENTED_EDGE('',*,*,#915,.T.);
#915 = EDGE_CURVE('',#194,#916,#918,.T.);
#916 = VERTEX_POINT('',#917);
#917 = CARTESIAN_POINT('',(-38.3,0.,15.95));
#918 = SEAM_CURVE('',#919,(#923,#930),.PCURVE_S1.);
#919 = LINE('',#920,#921);
#920 = CARTESIAN_POINT('',(-39.92,0.,15.95));
#921 = VECTOR('',#922,1.);
#922 = DIRECTION('',(1.,0.,0.));
#923 = PCURVE('',#210,#924);
#924 = DEFINITIONAL_REPRESENTATION('',(#925),#929);
#925 = LINE('',#926,#927);
#926 = CARTESIAN_POINT('',(6.28318530718,-0.));
#927 = VECTOR('',#928,1.);
#928 = DIRECTION('',(0.,1.));
#929 = ( GEOMETRIC_REPRESENTATION_CONTEXT(2) 
PARAMETRIC_REPRESENTATION_CONTEXT() REPRESENTATION_CONTEXT('2D SPACE',''
  ) );
#930 = PCURVE('',#210,#931);
#931 = DEFINITIONAL_REPRESENTATION('',(#932),#936);
#932 = LINE('',#933,#934);
#933 = CARTESIAN_POINT('',(0.,-0.));
#934 = VECTOR('',#935,1.);
#935 = DIRECTION('',(0.,1.));
#936 = ( GEOMETRIC_REPRESENTATION_CONTEXT(2) 
PARAMETRIC_REPRESENTATION_CONTEXT() REPRESENTATION_CONTEXT('2D SPACE',''
  ) );
#937 = ORIENTED_EDGE('',*,*,#938,.F.);
#938 = EDGE_CURVE('',#916,#916,#939,.T.);
#939 = SURFACE_CURVE('',#940,(#945,#952),.PCURVE_S1.);
#940 = CIRCLE('',#941,6.05);
#941 = AXIS2_PLACEMENT_3D('',#942,#943,#944);
#942 = CARTESIAN_POINT('',(-38.3,0.,9.9));
#943 = DIRECTION('',(1.,0.,-0.));
#944 = DIRECTION('',(0.,0.,1.));
#945 = PCURVE('',#210,#946);
#946 = DEFINITIONAL_REPRESENTATION('',(#947),#951);
#947 = LINE('',#948,#949);
#948 = CARTESIAN_POINT('',(0.,1.62));
#949 = VECTOR('',#950,1.);
#950 = DIRECTION('',(1.,0.));
#951 = ( GEOMETRIC_REPRESENTATION_CONTEXT(2) 
PARAMETRIC_REPRESENTATION_CONTEXT() REPRESENTATION_CONTEXT('2D SPACE',''
  ) );
#952 = PCURVE('',#953,#958);
#953 = PLANE('',#954);
#954 = AXIS2_PLACEMENT_3D('',#955,#956,#957);
#955 = CARTESIAN_POINT('',(-38.3,0.,9.9));
#956 = DIRECTION('',(1.,-0.,-0.));
#957 = DIRECTION('',(0.,0.,1.));
#958 = DEFINITIONAL_REPRESENTATION('',(#959),#963);
#959 = CIRCLE('',#960,6.05);
#960 = AXIS2_PLACEMENT_2D('',#961,#962);
#961 = CARTESIAN_POINT('',(0.,0.));
#962 = DIRECTION('',(1.,0.));
#963 = ( GEOMETRIC_REPRESENTATION_CONTEXT(2) 
PARAMETRIC_REPRESENTATION_CONTEXT() REPRESENTATION_CONTEXT('2D SPACE',''
  ) );
#964 = ORIENTED_EDGE('',*,*,#915,.F.);
#965 = ORIENTED_EDGE('',*,*,#193,.T.);
#966 = ADVANCED_FACE('',(#967),#241,.F.);
#967 = FACE_BOUND('',#968,.F.);
#968 = EDGE_LOOP('',(#969,#992,#1019,#1020));
#969 = ORIENTED_EDGE('',*,*,#970,.T.);
#970 = EDGE_CURVE('',#225,#971,#973,.T.);
#971 = VERTEX_POINT('',#972);
#972 = CARTESIAN_POINT('',(-38.3,-20.,15.95));
#973 = SEAM_CURVE('',#974,(#978,#985),.PCURVE_S1.);
#974 = LINE('',#975,#976);
#975 = CARTESIAN_POINT('',(-39.92,-20.,15.95));
#976 = VECTOR('',#977,1.);
#977 = DIRECTION('',(1.,0.,0.));
#978 = PCURVE('',#241,#979);
#979 = DEFINITIONAL_REPRESENTATION('',(#980),#984);
#980 = LINE('',#981,#982);
#981 = CARTESIAN_POINT('',(6.28318530718,-0.));
#982 = VECTOR('',#983,1.);
#983 = DIRECTION('',(0.,1.));
#984 = ( GEOMETRIC_REPRESENTATION_CONTEXT(2) 
PARAMETRIC_REPRESENTATION_CONTEXT() REPRESENTATION_CONTEXT('2D SPACE',''
  ) );
#985 = PCURVE('',#241,#986);
#986 = DEFINITIONAL_REPRESENTATION('',(#987),#991);
#987 = LINE('',#988,#989);
#988 = CARTESIAN_POINT('',(0.,-0.));
#989 = VECTOR('',#990,1.);
#990 = DIRECTION('',(0.,1.));
#991 = ( GEOMETRIC_REPRESENTATION_CONTEXT(2) 
PARAMETRIC_REPRESENTATION_CONTEXT() REPRESENTATION_CONTEXT('2D SPACE',''
  ) );
#992 = ORIENTED_EDGE('',*,*,#993,.F.);
#993 = EDGE_CURVE('',#971,#971,#994,.T.);
#994 = SURFACE_CURVE('',#995,(#1000,#1007),.PCURVE_S1.);
#995 = CIRCLE('',#996,6.05);
#996 = AXIS2_PLACEMENT_3D('',#997,#998,#999);
#997 = CARTESIAN_POINT('',(-38.3,-20.,9.9));
#998 = DIRECTION('',(1.,0.,-0.));
#999 = DIRECTION('',(0.,0.,1.));
#1000 = PCURVE('',#241,#1001);
#1001 = DEFINITIONAL_REPRESENTATION('',(#1002),#1006);
#1002 = LINE('',#1003,#1004);
#1003 = CARTESIAN_POINT('',(0.,1.62));
#1004 = VECTOR('',#1005,1.);
#1005 = DIRECTION('',(1.,0.));
#1006 = ( GEOMETRIC_REPRESENTATION_CONTEXT(2) 
PARAMETRIC_REPRESENTATION_CONTEXT() REPRESENTATION_CONTEXT('2D SPACE',''
  ) );
#1007 = PCURVE('',#1008,#1013);
#1008 = PLANE('',#1009);
#1009 = AXIS2_PLACEMENT_3D('',#1010,#1011,#1012);
#1010 = CARTESIAN_POINT('',(-38.3,-20.,9.9));
#1011 = DIRECTION('',(1.,-0.,-0.));
#1012 = DIRECTION('',(0.,0.,1.));
#1013 = DEFINITIONAL_REPRESENTATION('',(#1014),#1018);
#1014 = CIRCLE('',#1015,6.05);
#1015 = AXIS2_PLACEMENT_2D('',#1016,#1017);
#1016 = CARTESIAN_POINT('',(0.,0.));
#1017 = DIRECTION('',(1.,0.));
#1018 = ( GEOMETRIC_REPRESENTATION_CONTEXT(2) 
PARAMETRIC_REPRESENTATION_CONTEXT() REPRESENTATION_CONTEXT('2D SPACE',''
  ) );
#1019 = ORIENTED_EDGE('',*,*,#970,.F.);
#1020 = ORIENTED_EDGE('',*,*,#224,.T.);
#1021 = ADVANCED_FACE('',(#1022),#380,.T.);
#1022 = FACE_BOUND('',#1023,.F.);
#1023 = EDGE_LOOP('',(#1024,#1047,#1048,#1049,#1072,#1106));
#1024 = ORIENTED_EDGE('',*,*,#1025,.F.);
#1025 = EDGE_CURVE('',#331,#1026,#1028,.T.);
#1026 = VERTEX_POINT('',#1027);
#1027 = CARTESIAN_POINT('',(38.9,-29.9,18.8));
#1028 = SURFACE_CURVE('',#1029,(#1033,#1040),.PCURVE_S1.);
#1029 = LINE('',#1030,#1031);
#1030 = CARTESIAN_POINT('',(-39.9,-29.9,18.8));
#1031 = VECTOR('',#1032,1.);
#1032 = DIRECTION('',(1.,0.,0.));
#1033 = PCURVE('',#380,#1034);
#1034 = DEFINITIONAL_REPRESENTATION('',(#1035),#1039);
#1035 = LINE('',#1036,#1037);
#1036 = CARTESIAN_POINT('',(-0.,0.));
#1037 = VECTOR('',#1038,1.);
#1038 = DIRECTION('',(-0.,1.));
#1039 = ( GEOMETRIC_REPRESENTATION_CONTEXT(2) 
PARAMETRIC_REPRESENTATION_CONTEXT() REPRESENTATION_CONTEXT('2D SPACE',''
  ) );
#1040 = PCURVE('',#346,#1041);
#1041 = DEFINITIONAL_REPRESENTATION('',(#1042),#1046);
#1042 = LINE('',#1043,#1044);
#1043 = CARTESIAN_POINT('',(18.8,0.));
#1044 = VECTOR('',#1045,1.);
#1045 = DIRECTION('',(0.,1.));
#1046 = ( GEOMETRIC_REPRESENTATION_CONTEXT(2) 
PARAMETRIC_REPRESENTATION_CONTEXT() REPRESENTATION_CONTEXT('2D SPACE',''
  ) );
#1047 = ORIENTED_EDGE('',*,*,#358,.F.);
#1048 = ORIENTED_EDGE('',*,*,#523,.F.);
#1049 = ORIENTED_EDGE('',*,*,#1050,.T.);
#1050 = EDGE_CURVE('',#524,#1051,#1053,.T.);
#1051 = VERTEX_POINT('',#1052);
#1052 = CARTESIAN_POINT('',(38.9,-28.9,19.8));
#1053 = SURFACE_CURVE('',#1054,(#1058,#1065),.PCURVE_S1.);
#1054 = LINE('',#1055,#1056);
#1055 = CARTESIAN_POINT('',(-39.9,-28.9,19.8));
#1056 = VECTOR('',#1057,1.);
#1057 = DIRECTION('',(1.,0.,0.));
#1058 = PCURVE('',#380,#1059);
#1059 = DEFINITIONAL_REPRESENTATION('',(#1060),#1064);
#1060 = LINE('',#1061,#1062);
#1061 = CARTESIAN_POINT('',(-1.570796326795,0.));
#1062 = VECTOR('',#1063,1.);
#1063 = DIRECTION('',(-0.,1.));
#1064 = ( GEOMETRIC_REPRESENTATION_CONTEXT(2) 
PARAMETRIC_REPRESENTATION_CONTEXT() REPRESENTATION_CONTEXT('2D SPACE',''
  ) );
#1065 = PCURVE('',#573,#1066);
#1066 = DEFINITIONAL_REPRESENTATION('',(#1067),#1071);
#1067 = LINE('',#1068,#1069);
#1068 = CARTESIAN_POINT('',(0.,1.));
#1069 = VECTOR('',#1070,1.);
#1070 = DIRECTION('',(1.,0.));
#1071 = ( GEOMETRIC_REPRESENTATION_CONTEXT(2) 
PARAMETRIC_REPRESENTATION_CONTEXT() REPRESENTATION_CONTEXT('2D SPACE',''
  ) );
#1072 = ORIENTED_EDGE('',*,*,#1073,.T.);
#1073 = EDGE_CURVE('',#1051,#1074,#1076,.T.);
#1074 = VERTEX_POINT('',#1075);
#1075 = CARTESIAN_POINT('',(39.607106781187,-29.60710678118,
    19.507106781187));
#1076 = SURFACE_CURVE('',#1077,(#1082,#1094),.PCURVE_S1.);
#1077 = ELLIPSE('',#1078,1.414213562373,1.);
#1078 = AXIS2_PLACEMENT_3D('',#1079,#1080,#1081);
#1079 = CARTESIAN_POINT('',(38.9,-28.9,18.8));
#1080 = DIRECTION('',(0.707106781187,0.707106781187,0.));
#1081 = DIRECTION('',(0.707106781187,-0.707106781187,0.));
#1082 = PCURVE('',#380,#1083);
#1083 = DEFINITIONAL_REPRESENTATION('',(#1084),#1093);
#1084 = B_SPLINE_CURVE_WITH_KNOTS('',7,(#1085,#1086,#1087,#1088,#1089,
    #1090,#1091,#1092),.UNSPECIFIED.,.F.,.F.,(8,8),(4.712388980385,
    6.28318530718),.PIECEWISE_BEZIER_KNOTS.);
#1085 = CARTESIAN_POINT('',(-1.570796326795,78.8));
#1086 = CARTESIAN_POINT('',(-1.346396851538,79.024399475256));
#1087 = CARTESIAN_POINT('',(-1.121997376282,79.248798039314));
#1088 = CARTESIAN_POINT('',(-0.897597901026,79.454746825801));
#1089 = CARTESIAN_POINT('',(-0.673198425769,79.623762504612));
#1090 = CARTESIAN_POINT('',(-0.448798950513,79.741251327395));
#1091 = CARTESIAN_POINT('',(-0.224399475256,79.8));
#1092 = CARTESIAN_POINT('',(0.,79.8));
#1093 = ( GEOMETRIC_REPRESENTATION_CONTEXT(2) 
PARAMETRIC_REPRESENTATION_CONTEXT() REPRESENTATION_CONTEXT('2D SPACE',''
  ) );
#1094 = PCURVE('',#653,#1095);
#1095 = DEFINITIONAL_REPRESENTATION('',(#1096),#1105);
#1096 = B_SPLINE_CURVE_WITH_KNOTS('',7,(#1097,#1098,#1099,#1100,#1101,
    #1102,#1103,#1104),.UNSPECIFIED.,.F.,.F.,(8,8),(4.712388980385,
    6.28318530718),.PIECEWISE_BEZIER_KNOTS.);
#1097 = CARTESIAN_POINT('',(-1.570796326795,1.));
#1098 = CARTESIAN_POINT('',(-1.346396851538,0.775600524744));
#1099 = CARTESIAN_POINT('',(-1.121997376282,0.551201960681));
#1100 = CARTESIAN_POINT('',(-0.897597901026,0.345253174226));
#1101 = CARTESIAN_POINT('',(-0.673198425769,0.176237495375));
#1102 = CARTESIAN_POINT('',(-0.448798950513,5.874867260995E-02));
#1103 = CARTESIAN_POINT('',(-0.224399475256,-1.670825851044E-16));
#1104 = CARTESIAN_POINT('',(0.,-2.22044604925E-16));
#1105 = ( GEOMETRIC_REPRESENTATION_CONTEXT(2) 
PARAMETRIC_REPRESENTATION_CONTEXT() REPRESENTATION_CONTEXT('2D SPACE',''
  ) );
#1106 = ORIENTED_EDGE('',*,*,#1107,.T.);
#1107 = EDGE_CURVE('',#1074,#1026,#1108,.T.);
#1108 = SURFACE_CURVE('',#1109,(#1114,#1126),.PCURVE_S1.);
#1109 = ELLIPSE('',#1110,1.414213562373,1.);
#1110 = AXIS2_PLACEMENT_3D('',#1111,#1112,#1113);
#1111 = CARTESIAN_POINT('',(38.9,-28.9,18.8));
#1112 = DIRECTION('',(0.707106781187,0.,-0.707106781187));
#1113 = DIRECTION('',(0.707106781187,0.,0.707106781187));
#1114 = PCURVE('',#380,#1115);
#1115 = DEFINITIONAL_REPRESENTATION('',(#1116),#1125);
#1116 = B_SPLINE_CURVE_WITH_KNOTS('',7,(#1117,#1118,#1119,#1120,#1121,
    #1122,#1123,#1124),.UNSPECIFIED.,.F.,.F.,(8,8),(0.,1.570796326795),
  .PIECEWISE_BEZIER_KNOTS.);
#1117 = CARTESIAN_POINT('',(-1.570796326795,79.8));
#1118 = CARTESIAN_POINT('',(-1.346396851538,79.8));
#1119 = CARTESIAN_POINT('',(-1.121997376282,79.741251327401));
#1120 = CARTESIAN_POINT('',(-0.897597901026,79.623762504618));
#1121 = CARTESIAN_POINT('',(-0.673198425769,79.454746825795));
#1122 = CARTESIAN_POINT('',(-0.448798950513,79.24879803931));
#1123 = CARTESIAN_POINT('',(-0.224399475256,79.024399475256));
#1124 = CARTESIAN_POINT('',(0.,78.8));
#1125 = ( GEOMETRIC_REPRESENTATION_CONTEXT(2) 
PARAMETRIC_REPRESENTATION_CONTEXT() REPRESENTATION_CONTEXT('2D SPACE',''
  ) );
#1126 = PCURVE('',#1127,#1132);
#1127 = CYLINDRICAL_SURFACE('',#1128,1.);
#1128 = AXIS2_PLACEMENT_3D('',#1129,#1130,#1131);
#1129 = CARTESIAN_POINT('',(38.9,-28.9,0.));
#1130 = DIRECTION('',(0.,0.,1.));
#1131 = DIRECTION('',(1.,0.,-0.));
#1132 = DEFINITIONAL_REPRESENTATION('',(#1133),#1142);
#1133 = B_SPLINE_CURVE_WITH_KNOTS('',7,(#1134,#1135,#1136,#1137,#1138,
    #1139,#1140,#1141),.UNSPECIFIED.,.F.,.F.,(8,8),(0.,1.570796326795),
  .PIECEWISE_BEZIER_KNOTS.);
#1134 = CARTESIAN_POINT('',(0.,19.8));
#1135 = CARTESIAN_POINT('',(-0.224399475256,19.8));
#1136 = CARTESIAN_POINT('',(-0.448798950513,19.741251327391));
#1137 = CARTESIAN_POINT('',(-0.673198425769,19.623762504622));
#1138 = CARTESIAN_POINT('',(-0.897597901026,19.45474682578));
#1139 = CARTESIAN_POINT('',(-1.121997376282,19.248798039318));
#1140 = CARTESIAN_POINT('',(-1.346396851538,19.024399475256));
#1141 = CARTESIAN_POINT('',(-1.570796326795,18.8));
#1142 = ( GEOMETRIC_REPRESENTATION_CONTEXT(2) 
PARAMETRIC_REPRESENTATION_CONTEXT() REPRESENTATION_CONTEXT('2D SPACE',''
  ) );
#1143 = ADVANCED_FACE('',(#1144,#1192,#1223,#1254,#1285),#346,.F.);
#1144 = FACE_BOUND('',#1145,.F.);
#1145 = EDGE_LOOP('',(#1146,#1169,#1190,#1191));
#1146 = ORIENTED_EDGE('',*,*,#1147,.F.);
#1147 = EDGE_CURVE('',#1148,#1026,#1150,.T.);
#1148 = VERTEX_POINT('',#1149);
#1149 = CARTESIAN_POINT('',(38.9,-29.9,1.));
#1150 = SURFACE_CURVE('',#1151,(#1155,#1162),.PCURVE_S1.);
#1151 = LINE('',#1152,#1153);
#1152 = CARTESIAN_POINT('',(38.9,-29.9,0.));
#1153 = VECTOR('',#1154,1.);
#1154 = DIRECTION('',(0.,0.,1.));
#1155 = PCURVE('',#346,#1156);
#1156 = DEFINITIONAL_REPRESENTATION('',(#1157),#1161);
#1157 = LINE('',#1158,#1159);
#1158 = CARTESIAN_POINT('',(0.,78.8));
#1159 = VECTOR('',#1160,1.);
#1160 = DIRECTION('',(1.,0.));
#1161 = ( GEOMETRIC_REPRESENTATION_CONTEXT(2) 
PARAMETRIC_REPRESENTATION_CONTEXT() REPRESENTATION_CONTEXT('2D SPACE',''
  ) );
#1162 = PCURVE('',#1127,#1163);
#1163 = DEFINITIONAL_REPRESENTATION('',(#1164),#1168);
#1164 = LINE('',#1165,#1166);
#1165 = CARTESIAN_POINT('',(-1.570796326795,0.));
#1166 = VECTOR('',#1167,1.);
#1167 = DIRECTION('',(-0.,1.));
#1168 = ( GEOMETRIC_REPRESENTATION_CONTEXT(2) 
PARAMETRIC_REPRESENTATION_CONTEXT() REPRESENTATION_CONTEXT('2D SPACE',''
  ) );
#1169 = ORIENTED_EDGE('',*,*,#1170,.F.);
#1170 = EDGE_CURVE('',#292,#1148,#1171,.T.);
#1171 = SURFACE_CURVE('',#1172,(#1176,#1183),.PCURVE_S1.);
#1172 = LINE('',#1173,#1174);
#1173 = CARTESIAN_POINT('',(-39.9,-29.9,1.));
#1174 = VECTOR('',#1175,1.);
#1175 = DIRECTION('',(1.,0.,0.));
#1176 = PCURVE('',#346,#1177);
#1177 = DEFINITIONAL_REPRESENTATION('',(#1178),#1182);
#1178 = LINE('',#1179,#1180);
#1179 = CARTESIAN_POINT('',(1.,0.));
#1180 = VECTOR('',#1181,1.);
#1181 = DIRECTION('',(0.,1.));
#1182 = ( GEOMETRIC_REPRESENTATION_CONTEXT(2) 
PARAMETRIC_REPRESENTATION_CONTEXT() REPRESENTATION_CONTEXT('2D SPACE',''
  ) );
#1183 = PCURVE('',#313,#1184);
#1184 = DEFINITIONAL_REPRESENTATION('',(#1185),#1189);
#1185 = LINE('',#1186,#1187);
#1186 = CARTESIAN_POINT('',(0.,0.));
#1187 = VECTOR('',#1188,1.);
#1188 = DIRECTION('',(0.,1.));
#1189 = ( GEOMETRIC_REPRESENTATION_CONTEXT(2) 
PARAMETRIC_REPRESENTATION_CONTEXT() REPRESENTATION_CONTEXT('2D SPACE',''
  ) );
#1190 = ORIENTED_EDGE('',*,*,#330,.T.);
#1191 = ORIENTED_EDGE('',*,*,#1025,.T.);
#1192 = FACE_BOUND('',#1193,.F.);
#1193 = EDGE_LOOP('',(#1194));
#1194 = ORIENTED_EDGE('',*,*,#1195,.F.);
#1195 = EDGE_CURVE('',#1196,#1196,#1198,.T.);
#1196 = VERTEX_POINT('',#1197);
#1197 = CARTESIAN_POINT('',(-30.,-29.9,15.95));
#1198 = SURFACE_CURVE('',#1199,(#1204,#1211),.PCURVE_S1.);
#1199 = CIRCLE('',#1200,6.05);
#1200 = AXIS2_PLACEMENT_3D('',#1201,#1202,#1203);
#1201 = CARTESIAN_POINT('',(-30.,-29.9,9.9));
#1202 = DIRECTION('',(-0.,1.,0.));
#1203 = DIRECTION('',(0.,0.,1.));
#1204 = PCURVE('',#346,#1205);
#1205 = DEFINITIONAL_REPRESENTATION('',(#1206),#1210);
#1206 = CIRCLE('',#1207,6.05);
#1207 = AXIS2_PLACEMENT_2D('',#1208,#1209);
#1208 = CARTESIAN_POINT('',(9.9,9.9));
#1209 = DIRECTION('',(1.,0.));
#1210 = ( GEOMETRIC_REPRESENTATION_CONTEXT(2) 
PARAMETRIC_REPRESENTATION_CONTEXT() REPRESENTATION_CONTEXT('2D SPACE',''
  ) );
#1211 = PCURVE('',#1212,#1217);
#1212 = CYLINDRICAL_SURFACE('',#1213,6.05);
#1213 = AXIS2_PLACEMENT_3D('',#1214,#1215,#1216);
#1214 = CARTESIAN_POINT('',(-30.,-29.92,9.9));
#1215 = DIRECTION('',(-0.,1.,-0.));
#1216 = DIRECTION('',(0.,0.,1.));
#1217 = DEFINITIONAL_REPRESENTATION('',(#1218),#1222);
#1218 = LINE('',#1219,#1220);
#1219 = CARTESIAN_POINT('',(0.,2.E-02));
#1220 = VECTOR('',#1221,1.);
#1221 = DIRECTION('',(1.,0.));
#1222 = ( GEOMETRIC_REPRESENTATION_CONTEXT(2) 
PARAMETRIC_REPRESENTATION_CONTEXT() REPRESENTATION_CONTEXT('2D SPACE',''
  ) );
#1223 = FACE_BOUND('',#1224,.F.);
#1224 = EDGE_LOOP('',(#1225));
#1225 = ORIENTED_EDGE('',*,*,#1226,.F.);
#1226 = EDGE_CURVE('',#1227,#1227,#1229,.T.);
#1227 = VERTEX_POINT('',#1228);
#1228 = CARTESIAN_POINT('',(-10.,-29.9,15.95));
#1229 = SURFACE_CURVE('',#1230,(#1235,#1242),.PCURVE_S1.);
#1230 = CIRCLE('',#1231,6.05);
#1231 = AXIS2_PLACEMENT_3D('',#1232,#1233,#1234);
#1232 = CARTESIAN_POINT('',(-10.,-29.9,9.9));
#1233 = DIRECTION('',(-0.,1.,0.));
#1234 = DIRECTION('',(0.,0.,1.));
#1235 = PCURVE('',#346,#1236);
#1236 = DEFINITIONAL_REPRESENTATION('',(#1237),#1241);
#1237 = CIRCLE('',#1238,6.05);
#1238 = AXIS2_PLACEMENT_2D('',#1239,#1240);
#1239 = CARTESIAN_POINT('',(9.9,29.9));
#1240 = DIRECTION('',(1.,0.));
#1241 = ( GEOMETRIC_REPRESENTATION_CONTEXT(2) 
PARAMETRIC_REPRESENTATION_CONTEXT() REPRESENTATION_CONTEXT('2D SPACE',''
  ) );
#1242 = PCURVE('',#1243,#1248);
#1243 = CYLINDRICAL_SURFACE('',#1244,6.05);
#1244 = AXIS2_PLACEMENT_3D('',#1245,#1246,#1247);
#1245 = CARTESIAN_POINT('',(-10.,-29.92,9.9));
#1246 = DIRECTION('',(-0.,1.,-0.));
#1247 = DIRECTION('',(0.,0.,1.));
#1248 = DEFINITIONAL_REPRESENTATION('',(#1249),#1253);
#1249 = LINE('',#1250,#1251);
#1250 = CARTESIAN_POINT('',(0.,2.E-02));
#1251 = VECTOR('',#1252,1.);
#1252 = DIRECTION('',(1.,0.));
#1253 = ( GEOMETRIC_REPRESENTATION_CONTEXT(2) 
PARAMETRIC_REPRESENTATION_CONTEXT() REPRESENTATION_CONTEXT('2D SPACE',''
  ) );
#1254 = FACE_BOUND('',#1255,.F.);
#1255 = EDGE_LOOP('',(#1256));
#1256 = ORIENTED_EDGE('',*,*,#1257,.F.);
#1257 = EDGE_CURVE('',#1258,#1258,#1260,.T.);
#1258 = VERTEX_POINT('',#1259);
#1259 = CARTESIAN_POINT('',(10.,-29.9,15.95));
#1260 = SURFACE_CURVE('',#1261,(#1266,#1273),.PCURVE_S1.);
#1261 = CIRCLE('',#1262,6.05);
#1262 = AXIS2_PLACEMENT_3D('',#1263,#1264,#1265);
#1263 = CARTESIAN_POINT('',(10.,-29.9,9.9));
#1264 = DIRECTION('',(-0.,1.,0.));
#1265 = DIRECTION('',(0.,0.,1.));
#1266 = PCURVE('',#346,#1267);
#1267 = DEFINITIONAL_REPRESENTATION('',(#1268),#1272);
#1268 = CIRCLE('',#1269,6.05);
#1269 = AXIS2_PLACEMENT_2D('',#1270,#1271);
#1270 = CARTESIAN_POINT('',(9.9,49.9));
#1271 = DIRECTION('',(1.,0.));
#1272 = ( GEOMETRIC_REPRESENTATION_CONTEXT(2) 
PARAMETRIC_REPRESENTATION_CONTEXT() REPRESENTATION_CONTEXT('2D SPACE',''
  ) );
#1273 = PCURVE('',#1274,#1279);
#1274 = CYLINDRICAL_SURFACE('',#1275,6.05);
#1275 = AXIS2_PLACEMENT_3D('',#1276,#1277,#1278);
#1276 = CARTESIAN_POINT('',(10.,-29.92,9.9));
#1277 = DIRECTION('',(-0.,1.,-0.));
#1278 = DIRECTION('',(0.,0.,1.));
#1279 = DEFINITIONAL_REPRESENTATION('',(#1280),#1284);
#1280 = LINE('',#1281,#1282);
#1281 = CARTESIAN_POINT('',(0.,2.E-02));
#1282 = VECTOR('',#1283,1.);
#1283 = DIRECTION('',(1.,0.));
#1284 = ( GEOMETRIC_REPRESENTATION_CONTEXT(2) 
PARAMETRIC_REPRESENTATION_CONTEXT() REPRESENTATION_CONTEXT('2D SPACE',''
  ) );
#1285 = FACE_BOUND('',#1286,.F.);
#1286 = EDGE_LOOP('',(#1287));
#1287 = ORIENTED_EDGE('',*,*,#1288,.F.);
#1288 = EDGE_CURVE('',#1289,#1289,#1291,.T.);
#1289 = VERTEX_POINT('',#1290);
#1290 = CARTESIAN_POINT('',(30.,-29.9,15.95));
#1291 = SURFACE_CURVE('',#1292,(#1297,#1304),.PCURVE_S1.);
#1292 = CIRCLE('',#1293,6.05);
#1293 = AXIS2_PLACEMENT_3D('',#1294,#1295,#1296);
#1294 = CARTESIAN_POINT('',(30.,-29.9,9.9));
#1295 = DIRECTION('',(-0.,1.,0.));
#1296 = DIRECTION('',(0.,0.,1.));
#1297 = PCURVE('',#346,#1298);
#1298 = DEFINITIONAL_REPRESENTATION('',(#1299),#1303);
#1299 = CIRCLE('',#1300,6.05);
#1300 = AXIS2_PLACEMENT_2D('',#1301,#1302);
#1301 = CARTESIAN_POINT('',(9.9,69.9));
#1302 = DIRECTION('',(1.,0.));
#1303 = ( GEOMETRIC_REPRESENTATION_CONTEXT(2) 
PARAMETRIC_REPRESENTATION_CONTEXT() REPRESENTATION_CONTEXT('2D SPACE',''
  ) );
#1304 = PCURVE('',#1305,#1310);
#1305 = CYLINDRICAL_SURFACE('',#1306,6.05);
#1306 = AXIS2_PLACEMENT_3D('',#1307,#1308,#1309);
#1307 = CARTESIAN_POINT('',(30.,-29.92,9.9));
#1308 = DIRECTION('',(-0.,1.,-0.));
#1309 = DIRECTION('',(0.,0.,1.));
#1310 = DEFINITIONAL_REPRESENTATION('',(#1311),#1315);
#1311 = LINE('',#1312,#1313);
#1312 = CARTESIAN_POINT('',(0.,2.E-02));
#1313 = VECTOR('',#1314,1.);
#1314 = DIRECTION('',(1.,0.));
#1315 = ( GEOMETRIC_REPRESENTATION_CONTEXT(2) 
PARAMETRIC_REPRESENTATION_CONTEXT() REPRESENTATION_CONTEXT('2D SPACE',''
  ) );
#1316 = ADVANCED_FACE('',(#1317),#313,.T.);
#1317 = FACE_BOUND('',#1318,.T.);
#1318 = EDGE_LOOP('',(#1319,#1320,#1321,#1322,#1345,#1379));
#1319 = ORIENTED_EDGE('',*,*,#1170,.F.);
#1320 = ORIENTED_EDGE('',*,*,#291,.T.);
#1321 = ORIENTED_EDGE('',*,*,#434,.T.);
#1322 = ORIENTED_EDGE('',*,*,#1323,.T.);
#1323 = EDGE_CURVE('',#435,#1324,#1326,.T.);
#1324 = VERTEX_POINT('',#1325);
#1325 = CARTESIAN_POINT('',(38.9,-28.9,-2.22044604925E-16));
#1326 = SURFACE_CURVE('',#1327,(#1331,#1338),.PCURVE_S1.);
#1327 = LINE('',#1328,#1329);
#1328 = CARTESIAN_POINT('',(-39.9,-28.9,-2.22044604925E-16));
#1329 = VECTOR('',#1330,1.);
#1330 = DIRECTION('',(1.,0.,0.));
#1331 = PCURVE('',#313,#1332);
#1332 = DEFINITIONAL_REPRESENTATION('',(#1333),#1337);
#1333 = LINE('',#1334,#1335);
#1334 = CARTESIAN_POINT('',(1.570796326795,0.));
#1335 = VECTOR('',#1336,1.);
#1336 = DIRECTION('',(0.,1.));
#1337 = ( GEOMETRIC_REPRESENTATION_CONTEXT(2) 
PARAMETRIC_REPRESENTATION_CONTEXT() REPRESENTATION_CONTEXT('2D SPACE',''
  ) );
#1338 = PCURVE('',#484,#1339);
#1339 = DEFINITIONAL_REPRESENTATION('',(#1340),#1344);
#1340 = LINE('',#1341,#1342);
#1341 = CARTESIAN_POINT('',(0.,1.));
#1342 = VECTOR('',#1343,1.);
#1343 = DIRECTION('',(1.,0.));
#1344 = ( GEOMETRIC_REPRESENTATION_CONTEXT(2) 
PARAMETRIC_REPRESENTATION_CONTEXT() REPRESENTATION_CONTEXT('2D SPACE',''
  ) );
#1345 = ORIENTED_EDGE('',*,*,#1346,.F.);
#1346 = EDGE_CURVE('',#1347,#1324,#1349,.T.);
#1347 = VERTEX_POINT('',#1348);
#1348 = CARTESIAN_POINT('',(39.607106781187,-29.60710678118,
    0.292893218813));
#1349 = SURFACE_CURVE('',#1350,(#1355,#1367),.PCURVE_S1.);
#1350 = ELLIPSE('',#1351,1.414213562373,1.);
#1351 = AXIS2_PLACEMENT_3D('',#1352,#1353,#1354);
#1352 = CARTESIAN_POINT('',(38.9,-28.9,1.));
#1353 = DIRECTION('',(0.707106781187,0.707106781187,0.));
#1354 = DIRECTION('',(0.707106781187,-0.707106781187,0.));
#1355 = PCURVE('',#313,#1356);
#1356 = DEFINITIONAL_REPRESENTATION('',(#1357),#1366);
#1357 = B_SPLINE_CURVE_WITH_KNOTS('',7,(#1358,#1359,#1360,#1361,#1362,
    #1363,#1364,#1365),.UNSPECIFIED.,.F.,.F.,(8,8),(0.,1.570796326795),
  .PIECEWISE_BEZIER_KNOTS.);
#1358 = CARTESIAN_POINT('',(0.,79.8));
#1359 = CARTESIAN_POINT('',(0.224399475256,79.8));
#1360 = CARTESIAN_POINT('',(0.448798950513,79.741251327401));
#1361 = CARTESIAN_POINT('',(0.673198425769,79.623762504618));
#1362 = CARTESIAN_POINT('',(0.897597901026,79.454746825795));
#1363 = CARTESIAN_POINT('',(1.121997376282,79.24879803931));
#1364 = CARTESIAN_POINT('',(1.346396851538,79.024399475256));
#1365 = CARTESIAN_POINT('',(1.570796326795,78.8));
#1366 = ( GEOMETRIC_REPRESENTATION_CONTEXT(2) 
PARAMETRIC_REPRESENTATION_CONTEXT() REPRESENTATION_CONTEXT('2D SPACE',''
  ) );
#1367 = PCURVE('',#710,#1368);
#1368 = DEFINITIONAL_REPRESENTATION('',(#1369),#1378);
#1369 = B_SPLINE_CURVE_WITH_KNOTS('',7,(#1370,#1371,#1372,#1373,#1374,
    #1375,#1376,#1377),.UNSPECIFIED.,.F.,.F.,(8,8),(0.,1.570796326795),
  .PIECEWISE_BEZIER_KNOTS.);
#1370 = CARTESIAN_POINT('',(0.,-2.22044604925E-16));
#1371 = CARTESIAN_POINT('',(0.224399475256,-2.22044604925E-16));
#1372 = CARTESIAN_POINT('',(0.448798950513,5.874867260995E-02));
#1373 = CARTESIAN_POINT('',(0.673198425769,0.176237495375));
#1374 = CARTESIAN_POINT('',(0.897597901026,0.345253174226));
#1375 = CARTESIAN_POINT('',(1.121997376282,0.551201960681));
#1376 = CARTESIAN_POINT('',(1.346396851538,0.775600524744));
#1377 = CARTESIAN_POINT('',(1.570796326795,1.));
#1378 = ( GEOMETRIC_REPRESENTATION_CONTEXT(2) 
PARAMETRIC_REPRESENTATION_CONTEXT() REPRESENTATION_CONTEXT('2D SPACE',''
  ) );
#1379 = ORIENTED_EDGE('',*,*,#1380,.F.);
#1380 = EDGE_CURVE('',#1148,#1347,#1381,.T.);
#1381 = SURFACE_CURVE('',#1382,(#1387,#1399),.PCURVE_S1.);
#1382 = ELLIPSE('',#1383,1.414213562373,1.);
#1383 = AXIS2_PLACEMENT_3D('',#1384,#1385,#1386);
#1384 = CARTESIAN_POINT('',(38.9,-28.9,1.));
#1385 = DIRECTION('',(0.707106781187,0.,0.707106781187));
#1386 = DIRECTION('',(0.707106781187,0.,-0.707106781187));
#1387 = PCURVE('',#313,#1388);
#1388 = DEFINITIONAL_REPRESENTATION('',(#1389),#1398);
#1389 = B_SPLINE_CURVE_WITH_KNOTS('',7,(#1390,#1391,#1392,#1393,#1394,
    #1395,#1396,#1397),.UNSPECIFIED.,.F.,.F.,(8,8),(4.712388980385,
    6.28318530718),.PIECEWISE_BEZIER_KNOTS.);
#1390 = CARTESIAN_POINT('',(0.,78.8));
#1391 = CARTESIAN_POINT('',(0.224399475256,79.024399475256));
#1392 = CARTESIAN_POINT('',(0.448798950513,79.248798039314));
#1393 = CARTESIAN_POINT('',(0.67319842577,79.454746825801));
#1394 = CARTESIAN_POINT('',(0.897597901025,79.623762504612));
#1395 = CARTESIAN_POINT('',(1.121997376282,79.741251327395));
#1396 = CARTESIAN_POINT('',(1.346396851538,79.8));
#1397 = CARTESIAN_POINT('',(1.570796326795,79.8));
#1398 = ( GEOMETRIC_REPRESENTATION_CONTEXT(2) 
PARAMETRIC_REPRESENTATION_CONTEXT() REPRESENTATION_CONTEXT('2D SPACE',''
  ) );
#1399 = PCURVE('',#1127,#1400);
#1400 = DEFINITIONAL_REPRESENTATION('',(#1401),#1410);
#1401 = B_SPLINE_CURVE_WITH_KNOTS('',7,(#1402,#1403,#1404,#1405,#1406,
    #1407,#1408,#1409),.UNSPECIFIED.,.F.,.F.,(8,8),(4.712388980385,
    6.28318530718),.PIECEWISE_BEZIER_KNOTS.);
#1402 = CARTESIAN_POINT('',(-1.570796326795,1.));
#1403 = CARTESIAN_POINT('',(-1.346396851538,0.775600524744));
#1404 = CARTESIAN_POINT('',(-1.121997376282,0.551201960681));
#1405 = CARTESIAN_POINT('',(-0.897597901026,0.345253174226));
#1406 = CARTESIAN_POINT('',(-0.673198425769,0.176237495375));
#1407 = CARTESIAN_POINT('',(-0.448798950513,5.874867260995E-02));
#1408 = CARTESIAN_POINT('',(-0.224399475256,-1.670825851044E-16));
#1409 = CARTESIAN_POINT('',(-2.22044604925E-16,-2.22044604925E-16));
#1410 = ( GEOMETRIC_REPRESENTATION_CONTEXT(2) 
PARAMETRIC_REPRESENTATION_CONTEXT() REPRESENTATION_CONTEXT('2D SPACE',''
  ) );
#1411 = ADVANCED_FACE('',(#1412,#1438,#1469,#1500,#1531,#1562,#1593,
    #1624,#1655,#1686,#1717,#1748,#1779),#484,.F.);
#1412 = FACE_BOUND('',#1413,.F.);
#1413 = EDGE_LOOP('',(#1414,#1415,#1416,#1437));
#1414 = ORIENTED_EDGE('',*,*,#468,.F.);
#1415 = ORIENTED_EDGE('',*,*,#1323,.T.);
#1416 = ORIENTED_EDGE('',*,*,#1417,.T.);
#1417 = EDGE_CURVE('',#1324,#694,#1418,.T.);
#1418 = SURFACE_CURVE('',#1419,(#1423,#1430),.PCURVE_S1.);
#1419 = LINE('',#1420,#1421);
#1420 = CARTESIAN_POINT('',(38.9,-29.9,-2.22044604925E-16));
#1421 = VECTOR('',#1422,1.);
#1422 = DIRECTION('',(0.,1.,0.));
#1423 = PCURVE('',#484,#1424);
#1424 = DEFINITIONAL_REPRESENTATION('',(#1425),#1429);
#1425 = LINE('',#1426,#1427);
#1426 = CARTESIAN_POINT('',(78.8,0.));
#1427 = VECTOR('',#1428,1.);
#1428 = DIRECTION('',(0.,1.));
#1429 = ( GEOMETRIC_REPRESENTATION_CONTEXT(2) 
PARAMETRIC_REPRESENTATION_CONTEXT() REPRESENTATION_CONTEXT('2D SPACE',''
  ) );
#1430 = PCURVE('',#710,#1431);
#1431 = DEFINITIONAL_REPRESENTATION('',(#1432),#1436);
#1432 = LINE('',#1433,#1434);
#1433 = CARTESIAN_POINT('',(1.570796326795,0.));
#1434 = VECTOR('',#1435,1.);
#1435 = DIRECTION('',(0.,1.));
#1436 = ( GEOMETRIC_REPRESENTATION_CONTEXT(2) 
PARAMETRIC_REPRESENTATION_CONTEXT() REPRESENTATION_CONTEXT('2D SPACE',''
  ) );
#1437 = ORIENTED_EDGE('',*,*,#722,.T.);
#1438 = FACE_BOUND('',#1439,.F.);
#1439 = EDGE_LOOP('',(#1440));
#1440 = ORIENTED_EDGE('',*,*,#1441,.F.);
#1441 = EDGE_CURVE('',#1442,#1442,#1444,.T.);
#1442 = VERTEX_POINT('',#1443);
#1443 = CARTESIAN_POINT('',(-23.95,-20.,0.));
#1444 = SURFACE_CURVE('',#1445,(#1450,#1457),.PCURVE_S1.);
#1445 = CIRCLE('',#1446,6.05);
#1446 = AXIS2_PLACEMENT_3D('',#1447,#1448,#1449);
#1447 = CARTESIAN_POINT('',(-30.,-20.,0.));
#1448 = DIRECTION('',(0.,-0.,1.));
#1449 = DIRECTION('',(1.,0.,0.));
#1450 = PCURVE('',#484,#1451);
#1451 = DEFINITIONAL_REPRESENTATION('',(#1452),#1456);
#1452 = CIRCLE('',#1453,6.05);
#1453 = AXIS2_PLACEMENT_2D('',#1454,#1455);
#1454 = CARTESIAN_POINT('',(9.9,9.9));
#1455 = DIRECTION('',(1.,0.));
#1456 = ( GEOMETRIC_REPRESENTATION_CONTEXT(2) 
PARAMETRIC_REPRESENTATION_CONTEXT() REPRESENTATION_CONTEXT('2D SPACE',''
  ) );
#1457 = PCURVE('',#1458,#1463);
#1458 = CYLINDRICAL_SURFACE('',#1459,6.05);
#1459 = AXIS2_PLACEMENT_3D('',#1460,#1461,#1462);
#1460 = CARTESIAN_POINT('',(-30.,-20.,-2.E-02));
#1461 = DIRECTION('',(-0.,-0.,1.));
#1462 = DIRECTION('',(1.,0.,0.));
#1463 = DEFINITIONAL_REPRESENTATION('',(#1464),#1468);
#1464 = LINE('',#1465,#1466);
#1465 = CARTESIAN_POINT('',(0.,2.E-02));
#1466 = VECTOR('',#1467,1.);
#1467 = DIRECTION('',(1.,0.));
#1468 = ( GEOMETRIC_REPRESENTATION_CONTEXT(2) 
PARAMETRIC_REPRESENTATION_CONTEXT() REPRESENTATION_CONTEXT('2D SPACE',''
  ) );
#1469 = FACE_BOUND('',#1470,.F.);
#1470 = EDGE_LOOP('',(#1471));
#1471 = ORIENTED_EDGE('',*,*,#1472,.F.);
#1472 = EDGE_CURVE('',#1473,#1473,#1475,.T.);
#1473 = VERTEX_POINT('',#1474);
#1474 = CARTESIAN_POINT('',(-3.95,-20.,0.));
#1475 = SURFACE_CURVE('',#1476,(#1481,#1488),.PCURVE_S1.);
#1476 = CIRCLE('',#1477,6.05);
#1477 = AXIS2_PLACEMENT_3D('',#1478,#1479,#1480);
#1478 = CARTESIAN_POINT('',(-10.,-20.,0.));
#1479 = DIRECTION('',(0.,-0.,1.));
#1480 = DIRECTION('',(1.,0.,0.));
#1481 = PCURVE('',#484,#1482);
#1482 = DEFINITIONAL_REPRESENTATION('',(#1483),#1487);
#1483 = CIRCLE('',#1484,6.05);
#1484 = AXIS2_PLACEMENT_2D('',#1485,#1486);
#1485 = CARTESIAN_POINT('',(29.9,9.9));
#1486 = DIRECTION('',(1.,0.));
#1487 = ( GEOMETRIC_REPRESENTATION_CONTEXT(2) 
PARAMETRIC_REPRESENTATION_CONTEXT() REPRESENTATION_CONTEXT('2D SPACE',''
  ) );
#1488 = PCURVE('',#1489,#1494);
#1489 = CYLINDRICAL_SURFACE('',#1490,6.05);
#1490 = AXIS2_PLACEMENT_3D('',#1491,#1492,#1493);
#1491 = CARTESIAN_POINT('',(-10.,-20.,-2.E-02));
#1492 = DIRECTION('',(-0.,-0.,1.));
#1493 = DIRECTION('',(1.,0.,0.));
#1494 = DEFINITIONAL_REPRESENTATION('',(#1495),#1499);
#1495 = LINE('',#1496,#1497);
#1496 = CARTESIAN_POINT('',(0.,2.E-02));
#1497 = VECTOR('',#1498,1.);
#1498 = DIRECTION('',(1.,0.));
#1499 = ( GEOMETRIC_REPRESENTATION_CONTEXT(2) 
PARAMETRIC_REPRESENTATION_CONTEXT() REPRESENTATION_CONTEXT('2D SPACE',''
  ) );
#1500 = FACE_BOUND('',#1501,.F.);
#1501 = EDGE_LOOP('',(#1502));
#1502 = ORIENTED_EDGE('',*,*,#1503,.F.);
#1503 = EDGE_CURVE('',#1504,#1504,#1506,.T.);
#1504 = VERTEX_POINT('',#1505);
#1505 = CARTESIAN_POINT('',(16.05,-20.,0.));
#1506 = SURFACE_CURVE('',#1507,(#1512,#1519),.PCURVE_S1.);
#1507 = CIRCLE('',#1508,6.05);
#1508 = AXIS2_PLACEMENT_3D('',#1509,#1510,#1511);
#1509 = CARTESIAN_POINT('',(10.,-20.,0.));
#1510 = DIRECTION('',(0.,-0.,1.));
#1511 = DIRECTION('',(1.,0.,0.));
#1512 = PCURVE('',#484,#1513);
#1513 = DEFINITIONAL_REPRESENTATION('',(#1514),#1518);
#1514 = CIRCLE('',#1515,6.05);
#1515 = AXIS2_PLACEMENT_2D('',#1516,#1517);
#1516 = CARTESIAN_POINT('',(49.9,9.9));
#1517 = DIRECTION('',(1.,0.));
#1518 = ( GEOMETRIC_REPRESENTATION_CONTEXT(2) 
PARAMETRIC_REPRESENTATION_CONTEXT() REPRESENTATION_CONTEXT('2D SPACE',''
  ) );
#1519 = PCURVE('',#1520,#1525);
#1520 = CYLINDRICAL_SURFACE('',#1521,6.05);
#1521 = AXIS2_PLACEMENT_3D('',#1522,#1523,#1524);
#1522 = CARTESIAN_POINT('',(10.,-20.,-2.E-02));
#1523 = DIRECTION('',(-0.,-0.,1.));
#1524 = DIRECTION('',(1.,0.,0.));
#1525 = DEFINITIONAL_REPRESENTATION('',(#1526),#1530);
#1526 = LINE('',#1527,#1528);
#1527 = CARTESIAN_POINT('',(0.,2.E-02));
#1528 = VECTOR('',#1529,1.);
#1529 = DIRECTION('',(1.,0.));
#1530 = ( GEOMETRIC_REPRESENTATION_CONTEXT(2) 
PARAMETRIC_REPRESENTATION_CONTEXT() REPRESENTATION_CONTEXT('2D SPACE',''
  ) );
#1531 = FACE_BOUND('',#1532,.F.);
#1532 = EDGE_LOOP('',(#1533));
#1533 = ORIENTED_EDGE('',*,*,#1534,.F.);
#1534 = EDGE_CURVE('',#1535,#1535,#1537,.T.);
#1535 = VERTEX_POINT('',#1536);
#1536 = CARTESIAN_POINT('',(36.05,-20.,0.));
#1537 = SURFACE_CURVE('',#1538,(#1543,#1550),.PCURVE_S1.);
#1538 = CIRCLE('',#1539,6.05);
#1539 = AXIS2_PLACEMENT_3D('',#1540,#1541,#1542);
#1540 = CARTESIAN_POINT('',(30.,-20.,0.));
#1541 = DIRECTION('',(0.,-0.,1.));
#1542 = DIRECTION('',(1.,0.,0.));
#1543 = PCURVE('',#484,#1544);
#1544 = DEFINITIONAL_REPRESENTATION('',(#1545),#1549);
#1545 = CIRCLE('',#1546,6.05);
#1546 = AXIS2_PLACEMENT_2D('',#1547,#1548);
#1547 = CARTESIAN_POINT('',(69.9,9.9));
#1548 = DIRECTION('',(1.,0.));
#1549 = ( GEOMETRIC_REPRESENTATION_CONTEXT(2) 
PARAMETRIC_REPRESENTATION_CONTEXT() REPRESENTATION_CONTEXT('2D SPACE',''
  ) );
#1550 = PCURVE('',#1551,#1556);
#1551 = CYLINDRICAL_SURFACE('',#1552,6.05);
#1552 = AXIS2_PLACEMENT_3D('',#1553,#1554,#1555);
#1553 = CARTESIAN_POINT('',(30.,-20.,-2.E-02));
#1554 = DIRECTION('',(-0.,-0.,1.));
#1555 = DIRECTION('',(1.,0.,0.));
#1556 = DEFINITIONAL_REPRESENTATION('',(#1557),#1561);
#1557 = LINE('',#1558,#1559);
#1558 = CARTESIAN_POINT('',(0.,2.E-02));
#1559 = VECTOR('',#1560,1.);
#1560 = DIRECTION('',(1.,0.));
#1561 = ( GEOMETRIC_REPRESENTATION_CONTEXT(2) 
PARAMETRIC_REPRESENTATION_CONTEXT() REPRESENTATION_CONTEXT('2D SPACE',''
  ) );
#1562 = FACE_BOUND('',#1563,.F.);
#1563 = EDGE_LOOP('',(#1564));
#1564 = ORIENTED_EDGE('',*,*,#1565,.F.);
#1565 = EDGE_CURVE('',#1566,#1566,#1568,.T.);
#1566 = VERTEX_POINT('',#1567);
#1567 = CARTESIAN_POINT('',(-23.95,0.,0.));
#1568 = SURFACE_CURVE('',#1569,(#1574,#1581),.PCURVE_S1.);
#1569 = CIRCLE('',#1570,6.05);
#1570 = AXIS2_PLACEMENT_3D('',#1571,#1572,#1573);
#1571 = CARTESIAN_POINT('',(-30.,0.,0.));
#1572 = DIRECTION('',(0.,-0.,1.));
#1573 = DIRECTION('',(1.,0.,0.));
#1574 = PCURVE('',#484,#1575);
#1575 = DEFINITIONAL_REPRESENTATION('',(#1576),#1580);
#1576 = CIRCLE('',#1577,6.05);
#1577 = AXIS2_PLACEMENT_2D('',#1578,#1579);
#1578 = CARTESIAN_POINT('',(9.9,29.9));
#1579 = DIRECTION('',(1.,0.));
#1580 = ( GEOMETRIC_REPRESENTATION_CONTEXT(2) 
PARAMETRIC_REPRESENTATION_CONTEXT() REPRESENTATION_CONTEXT('2D SPACE',''
  ) );
#1581 = PCURVE('',#1582,#1587);
#1582 = CYLINDRICAL_SURFACE('',#1583,6.05);
#1583 = AXIS2_PLACEMENT_3D('',#1584,#1585,#1586);
#1584 = CARTESIAN_POINT('',(-30.,0.,-2.E-02));
#1585 = DIRECTION('',(-0.,-0.,1.));
#1586 = DIRECTION('',(1.,0.,0.));
#1587 = DEFINITIONAL_REPRESENTATION('',(#1588),#1592);
#1588 = LINE('',#1589,#1590);
#1589 = CARTESIAN_POINT('',(0.,2.E-02));
#1590 = VECTOR('',#1591,1.);
#1591 = DIRECTION('',(1.,0.));
#1592 = ( GEOMETRIC_REPRESENTATION_CONTEXT(2) 
PARAMETRIC_REPRESENTATION_CONTEXT() REPRESENTATION_CONTEXT('2D SPACE',''
  ) );
#1593 = FACE_BOUND('',#1594,.F.);
#1594 = EDGE_LOOP('',(#1595));
#1595 = ORIENTED_EDGE('',*,*,#1596,.F.);
#1596 = EDGE_CURVE('',#1597,#1597,#1599,.T.);
#1597 = VERTEX_POINT('',#1598);
#1598 = CARTESIAN_POINT('',(-3.95,0.,0.));
#1599 = SURFACE_CURVE('',#1600,(#1605,#1612),.PCURVE_S1.);
#1600 = CIRCLE('',#1601,6.05);
#1601 = AXIS2_PLACEMENT_3D('',#1602,#1603,#1604);
#1602 = CARTESIAN_POINT('',(-10.,0.,0.));
#1603 = DIRECTION('',(0.,-0.,1.));
#1604 = DIRECTION('',(1.,0.,0.));
#1605 = PCURVE('',#484,#1606);
#1606 = DEFINITIONAL_REPRESENTATION('',(#1607),#1611);
#1607 = CIRCLE('',#1608,6.05);
#1608 = AXIS2_PLACEMENT_2D('',#1609,#1610);
#1609 = CARTESIAN_POINT('',(29.9,29.9));
#1610 = DIRECTION('',(1.,0.));
#1611 = ( GEOMETRIC_REPRESENTATION_CONTEXT(2) 
PARAMETRIC_REPRESENTATION_CONTEXT() REPRESENTATION_CONTEXT('2D SPACE',''
  ) );
#1612 = PCURVE('',#1613,#1618);
#1613 = CYLINDRICAL_SURFACE('',#1614,6.05);
#1614 = AXIS2_PLACEMENT_3D('',#1615,#1616,#1617);
#1615 = CARTESIAN_POINT('',(-10.,0.,-2.E-02));
#1616 = DIRECTION('',(-0.,-0.,1.));
#1617 = DIRECTION('',(1.,0.,0.));
#1618 = DEFINITIONAL_REPRESENTATION('',(#1619),#1623);
#1619 = LINE('',#1620,#1621);
#1620 = CARTESIAN_POINT('',(0.,2.E-02));
#1621 = VECTOR('',#1622,1.);
#1622 = DIRECTION('',(1.,0.));
#1623 = ( GEOMETRIC_REPRESENTATION_CONTEXT(2) 
PARAMETRIC_REPRESENTATION_CONTEXT() REPRESENTATION_CONTEXT('2D SPACE',''
  ) );
#1624 = FACE_BOUND('',#1625,.F.);
#1625 = EDGE_LOOP('',(#1626));
#1626 = ORIENTED_EDGE('',*,*,#1627,.F.);
#1627 = EDGE_CURVE('',#1628,#1628,#1630,.T.);
#1628 = VERTEX_POINT('',#1629);
#1629 = CARTESIAN_POINT('',(-23.95,20.,0.));
#1630 = SURFACE_CURVE('',#1631,(#1636,#1643),.PCURVE_S1.);
#1631 = CIRCLE('',#1632,6.05);
#1632 = AXIS2_PLACEMENT_3D('',#1633,#1634,#1635);
#1633 = CARTESIAN_POINT('',(-30.,20.,0.));
#1634 = DIRECTION('',(0.,-0.,1.));
#1635 = DIRECTION('',(1.,0.,0.));
#1636 = PCURVE('',#484,#1637);
#1637 = DEFINITIONAL_REPRESENTATION('',(#1638),#1642);
#1638 = CIRCLE('',#1639,6.05);
#1639 = AXIS2_PLACEMENT_2D('',#1640,#1641);
#1640 = CARTESIAN_POINT('',(9.9,49.9));
#1641 = DIRECTION('',(1.,0.));
#1642 = ( GEOMETRIC_REPRESENTATION_CONTEXT(2) 
PARAMETRIC_REPRESENTATION_CONTEXT() REPRESENTATION_CONTEXT('2D SPACE',''
  ) );
#1643 = PCURVE('',#1644,#1649);
#1644 = CYLINDRICAL_SURFACE('',#1645,6.05);
#1645 = AXIS2_PLACEMENT_3D('',#1646,#1647,#1648);
#1646 = CARTESIAN_POINT('',(-30.,20.,-2.E-02));
#1647 = DIRECTION('',(-0.,-0.,1.));
#1648 = DIRECTION('',(1.,0.,0.));
#1649 = DEFINITIONAL_REPRESENTATION('',(#1650),#1654);
#1650 = LINE('',#1651,#1652);
#1651 = CARTESIAN_POINT('',(0.,2.E-02));
#1652 = VECTOR('',#1653,1.);
#1653 = DIRECTION('',(1.,0.));
#1654 = ( GEOMETRIC_REPRESENTATION_CONTEXT(2) 
PARAMETRIC_REPRESENTATION_CONTEXT() REPRESENTATION_CONTEXT('2D SPACE',''
  ) );
#1655 = FACE_BOUND('',#1656,.F.);
#1656 = EDGE_LOOP('',(#1657));
#1657 = ORIENTED_EDGE('',*,*,#1658,.F.);
#1658 = EDGE_CURVE('',#1659,#1659,#1661,.T.);
#1659 = VERTEX_POINT('',#1660);
#1660 = CARTESIAN_POINT('',(-3.95,20.,0.));
#1661 = SURFACE_CURVE('',#1662,(#1667,#1674),.PCURVE_S1.);
#1662 = CIRCLE('',#1663,6.05);
#1663 = AXIS2_PLACEMENT_3D('',#1664,#1665,#1666);
#1664 = CARTESIAN_POINT('',(-10.,20.,0.));
#1665 = DIRECTION('',(0.,-0.,1.));
#1666 = DIRECTION('',(1.,0.,0.));
#1667 = PCURVE('',#484,#1668);
#1668 = DEFINITIONAL_REPRESENTATION('',(#1669),#1673);
#1669 = CIRCLE('',#1670,6.05);
#1670 = AXIS2_PLACEMENT_2D('',#1671,#1672);
#1671 = CARTESIAN_POINT('',(29.9,49.9));
#1672 = DIRECTION('',(1.,0.));
#1673 = ( GEOMETRIC_REPRESENTATION_CONTEXT(2) 
PARAMETRIC_REPRESENTATION_CONTEXT() REPRESENTATION_CONTEXT('2D SPACE',''
  ) );
#1674 = PCURVE('',#1675,#1680);
#1675 = CYLINDRICAL_SURFACE('',#1676,6.05);
#1676 = AXIS2_PLACEMENT_3D('',#1677,#1678,#1679);
#1677 = CARTESIAN_POINT('',(-10.,20.,-2.E-02));
#1678 = DIRECTION('',(-0.,-0.,1.));
#1679 = DIRECTION('',(1.,0.,0.));
#1680 = DEFINITIONAL_REPRESENTATION('',(#1681),#1685);
#1681 = LINE('',#1682,#1683);
#1682 = CARTESIAN_POINT('',(0.,2.E-02));
#1683 = VECTOR('',#1684,1.);
#1684 = DIRECTION('',(1.,0.));
#1685 = ( GEOMETRIC_REPRESENTATION_CONTEXT(2) 
PARAMETRIC_REPRESENTATION_CONTEXT() REPRESENTATION_CONTEXT('2D SPACE',''
  ) );
#1686 = FACE_BOUND('',#1687,.F.);
#1687 = EDGE_LOOP('',(#1688));
#1688 = ORIENTED_EDGE('',*,*,#1689,.F.);
#1689 = EDGE_CURVE('',#1690,#1690,#1692,.T.);
#1690 = VERTEX_POINT('',#1691);
#1691 = CARTESIAN_POINT('',(16.05,-3.552713678801E-15,0.));
#1692 = SURFACE_CURVE('',#1693,(#1698,#1705),.PCURVE_S1.);
#1693 = CIRCLE('',#1694,6.05);
#1694 = AXIS2_PLACEMENT_3D('',#1695,#1696,#1697);
#1695 = CARTESIAN_POINT('',(10.,0.,0.));
#1696 = DIRECTION('',(0.,-0.,1.));
#1697 = DIRECTION('',(1.,0.,0.));
#1698 = PCURVE('',#484,#1699);
#1699 = DEFINITIONAL_REPRESENTATION('',(#1700),#1704);
#1700 = CIRCLE('',#1701,6.05);
#1701 = AXIS2_PLACEMENT_2D('',#1702,#1703);
#1702 = CARTESIAN_POINT('',(49.9,29.9));
#1703 = DIRECTION('',(1.,0.));
#1704 = ( GEOMETRIC_REPRESENTATION_CONTEXT(2) 
PARAMETRIC_REPRESENTATION_CONTEXT() REPRESENTATION_CONTEXT('2D SPACE',''
  ) );
#1705 = PCURVE('',#1706,#1711);
#1706 = CYLINDRICAL_SURFACE('',#1707,6.05);
#1707 = AXIS2_PLACEMENT_3D('',#1708,#1709,#1710);
#1708 = CARTESIAN_POINT('',(10.,0.,-2.E-02));
#1709 = DIRECTION('',(-0.,-0.,1.));
#1710 = DIRECTION('',(1.,0.,0.));
#1711 = DEFINITIONAL_REPRESENTATION('',(#1712),#1716);
#1712 = LINE('',#1713,#1714);
#1713 = CARTESIAN_POINT('',(0.,2.E-02));
#1714 = VECTOR('',#1715,1.);
#1715 = DIRECTION('',(1.,0.));
#1716 = ( GEOMETRIC_REPRESENTATION_CONTEXT(2) 
PARAMETRIC_REPRESENTATION_CONTEXT() REPRESENTATION_CONTEXT('2D SPACE',''
  ) );
#1717 = FACE_BOUND('',#1718,.F.);
#1718 = EDGE_LOOP('',(#1719));
#1719 = ORIENTED_EDGE('',*,*,#1720,.F.);
#1720 = EDGE_CURVE('',#1721,#1721,#1723,.T.);
#1721 = VERTEX_POINT('',#1722);
#1722 = CARTESIAN_POINT('',(36.05,0.,0.));
#1723 = SURFACE_CURVE('',#1724,(#1729,#1736),.PCURVE_S1.);
#1724 = CIRCLE('',#1725,6.05);
#1725 = AXIS2_PLACEMENT_3D('',#1726,#1727,#1728);
#1726 = CARTESIAN_POINT('',(30.,0.,0.));
#1727 = DIRECTION('',(0.,-0.,1.));
#1728 = DIRECTION('',(1.,0.,0.));
#1729 = PCURVE('',#484,#1730);
#1730 = DEFINITIONAL_REPRESENTATION('',(#1731),#1735);
#1731 = CIRCLE('',#1732,6.05);
#1732 = AXIS2_PLACEMENT_2D('',#1733,#1734);
#1733 = CARTESIAN_POINT('',(69.9,29.9));
#1734 = DIRECTION('',(1.,0.));
#1735 = ( GEOMETRIC_REPRESENTATION_CONTEXT(2) 
PARAMETRIC_REPRESENTATION_CONTEXT() REPRESENTATION_CONTEXT('2D SPACE',''
  ) );
#1736 = PCURVE('',#1737,#1742);
#1737 = CYLINDRICAL_SURFACE('',#1738,6.05);
#1738 = AXIS2_PLACEMENT_3D('',#1739,#1740,#1741);
#1739 = CARTESIAN_POINT('',(30.,0.,-2.E-02));
#1740 = DIRECTION('',(-0.,-0.,1.));
#1741 = DIRECTION('',(1.,0.,0.));
#1742 = DEFINITIONAL_REPRESENTATION('',(#1743),#1747);
#1743 = LINE('',#1744,#1745);
#1744 = CARTESIAN_POINT('',(0.,2.E-02));
#1745 = VECTOR('',#1746,1.);
#1746 = DIRECTION('',(1.,0.));
#1747 = ( GEOMETRIC_REPRESENTATION_CONTEXT(2) 
PARAMETRIC_REPRESENTATION_CONTEXT() REPRESENTATION_CONTEXT('2D SPACE',''
  ) );
#1748 = FACE_BOUND('',#1749,.F.);
#1749 = EDGE_LOOP('',(#1750));
#1750 = ORIENTED_EDGE('',*,*,#1751,.F.);
#1751 = EDGE_CURVE('',#1752,#1752,#1754,.T.);
#1752 = VERTEX_POINT('',#1753);
#1753 = CARTESIAN_POINT('',(16.05,20.,0.));
#1754 = SURFACE_CURVE('',#1755,(#1760,#1767),.PCURVE_S1.);
#1755 = CIRCLE('',#1756,6.05);
#1756 = AXIS2_PLACEMENT_3D('',#1757,#1758,#1759);
#1757 = CARTESIAN_POINT('',(10.,20.,0.));
#1758 = DIRECTION('',(0.,-0.,1.));
#1759 = DIRECTION('',(1.,0.,0.));
#1760 = PCURVE('',#484,#1761);
#1761 = DEFINITIONAL_REPRESENTATION('',(#1762),#1766);
#1762 = CIRCLE('',#1763,6.05);
#1763 = AXIS2_PLACEMENT_2D('',#1764,#1765);
#1764 = CARTESIAN_POINT('',(49.9,49.9));
#1765 = DIRECTION('',(1.,0.));
#1766 = ( GEOMETRIC_REPRESENTATION_CONTEXT(2) 
PARAMETRIC_REPRESENTATION_CONTEXT() REPRESENTATION_CONTEXT('2D SPACE',''
  ) );
#1767 = PCURVE('',#1768,#1773);
#1768 = CYLINDRICAL_SURFACE('',#1769,6.05);
#1769 = AXIS2_PLACEMENT_3D('',#1770,#1771,#1772);
#1770 = CARTESIAN_POINT('',(10.,20.,-2.E-02));
#1771 = DIRECTION('',(-0.,-0.,1.));
#1772 = DIRECTION('',(1.,0.,0.));
#1773 = DEFINITIONAL_REPRESENTATION('',(#1774),#1778);
#1774 = LINE('',#1775,#1776);
#1775 = CARTESIAN_POINT('',(0.,2.E-02));
#1776 = VECTOR('',#1777,1.);
#1777 = DIRECTION('',(1.,0.));
#1778 = ( GEOMETRIC_REPRESENTATION_CONTEXT(2) 
PARAMETRIC_REPRESENTATION_CONTEXT() REPRESENTATION_CONTEXT('2D SPACE',''
  ) );
#1779 = FACE_BOUND('',#1780,.F.);
#1780 = EDGE_LOOP('',(#1781));
#1781 = ORIENTED_EDGE('',*,*,#1782,.F.);
#1782 = EDGE_CURVE('',#1783,#1783,#1785,.T.);
#1783 = VERTEX_POINT('',#1784);
#1784 = CARTESIAN_POINT('',(36.05,20.,0.));
#1785 = SURFACE_CURVE('',#1786,(#1791,#1798),.PCURVE_S1.);
#1786 = CIRCLE('',#1787,6.05);
#1787 = AXIS2_PLACEMENT_3D('',#1788,#1789,#1790);
#1788 = CARTESIAN_POINT('',(30.,20.,0.));
#1789 = DIRECTION('',(0.,-0.,1.));
#1790 = DIRECTION('',(1.,0.,0.));
#1791 = PCURVE('',#484,#1792);
#1792 = DEFINITIONAL_REPRESENTATION('',(#1793),#1797);
#1793 = CIRCLE('',#1794,6.05);
#1794 = AXIS2_PLACEMENT_2D('',#1795,#1796);
#1795 = CARTESIAN_POINT('',(69.9,49.9));
#1796 = DIRECTION('',(1.,0.));
#1797 = ( GEOMETRIC_REPRESENTATION_CONTEXT(2) 
PARAMETRIC_REPRESENTATION_CONTEXT() REPRESENTATION_CONTEXT('2D SPACE',''
  ) );
#1798 = PCURVE('',#1799,#1804);
#1799 = CYLINDRICAL_SURFACE('',#1800,6.05);
#1800 = AXIS2_PLACEMENT_3D('',#1801,#1802,#1803);
#1801 = CARTESIAN_POINT('',(30.,20.,-2.E-02));
#1802 = DIRECTION('',(-0.,-0.,1.));
#1803 = DIRECTION('',(1.,0.,0.));
#1804 = DEFINITIONAL_REPRESENTATION('',(#1805),#1809);
#1805 = LINE('',#1806,#1807);
#1806 = CARTESIAN_POINT('',(0.,2.E-02));
#1807 = VECTOR('',#1808,1.);
#1808 = DIRECTION('',(1.,0.));
#1809 = ( GEOMETRIC_REPRESENTATION_CONTEXT(2) 
PARAMETRIC_REPRESENTATION_CONTEXT() REPRESENTATION_CONTEXT('2D SPACE',''
  ) );
#1810 = ADVANCED_FACE('',(#1811,#1837),#573,.T.);
#1811 = FACE_BOUND('',#1812,.T.);
#1812 = EDGE_LOOP('',(#1813,#1814,#1815,#1836));
#1813 = ORIENTED_EDGE('',*,*,#557,.F.);
#1814 = ORIENTED_EDGE('',*,*,#1050,.T.);
#1815 = ORIENTED_EDGE('',*,*,#1816,.T.);
#1816 = EDGE_CURVE('',#1051,#614,#1817,.T.);
#1817 = SURFACE_CURVE('',#1818,(#1822,#1829),.PCURVE_S1.);
#1818 = LINE('',#1819,#1820);
#1819 = CARTESIAN_POINT('',(38.9,-29.9,19.8));
#1820 = VECTOR('',#1821,1.);
#1821 = DIRECTION('',(0.,1.,0.));
#1822 = PCURVE('',#573,#1823);
#1823 = DEFINITIONAL_REPRESENTATION('',(#1824),#1828);
#1824 = LINE('',#1825,#1826);
#1825 = CARTESIAN_POINT('',(78.8,0.));
#1826 = VECTOR('',#1827,1.);
#1827 = DIRECTION('',(0.,1.));
#1828 = ( GEOMETRIC_REPRESENTATION_CONTEXT(2) 
PARAMETRIC_REPRESENTATION_CONTEXT() REPRESENTATION_CONTEXT('2D SPACE',''
  ) );
#1829 = PCURVE('',#653,#1830);
#1830 = DEFINITIONAL_REPRESENTATION('',(#1831),#1835);
#1831 = LINE('',#1832,#1833);
#1832 = CARTESIAN_POINT('',(-1.570796326795,0.));
#1833 = VECTOR('',#1834,1.);
#1834 = DIRECTION('',(-0.,1.));
#1835 = ( GEOMETRIC_REPRESENTATION_CONTEXT(2) 
PARAMETRIC_REPRESENTATION_CONTEXT() REPRESENTATION_CONTEXT('2D SPACE',''
  ) );
#1836 = ORIENTED_EDGE('',*,*,#613,.T.);
#1837 = FACE_BOUND('',#1838,.T.);
#1838 = EDGE_LOOP('',(#1839,#1869,#1897,#1925));
#1839 = ORIENTED_EDGE('',*,*,#1840,.T.);
#1840 = EDGE_CURVE('',#1841,#1843,#1845,.T.);
#1841 = VERTEX_POINT('',#1842);
#1842 = CARTESIAN_POINT('',(24.48,-23.81,19.8));
#1843 = VERTEX_POINT('',#1844);
#1844 = CARTESIAN_POINT('',(-24.48,-23.81,19.8));
#1845 = SURFACE_CURVE('',#1846,(#1850,#1857),.PCURVE_S1.);
#1846 = LINE('',#1847,#1848);
#1847 = CARTESIAN_POINT('',(-32.19,-23.81,19.8));
#1848 = VECTOR('',#1849,1.);
#1849 = DIRECTION('',(-1.,-0.,0.));
#1850 = PCURVE('',#573,#1851);
#1851 = DEFINITIONAL_REPRESENTATION('',(#1852),#1856);
#1852 = LINE('',#1853,#1854);
#1853 = CARTESIAN_POINT('',(7.71,6.09));
#1854 = VECTOR('',#1855,1.);
#1855 = DIRECTION('',(-1.,0.));
#1856 = ( GEOMETRIC_REPRESENTATION_CONTEXT(2) 
PARAMETRIC_REPRESENTATION_CONTEXT() REPRESENTATION_CONTEXT('2D SPACE',''
  ) );
#1857 = PCURVE('',#1858,#1863);
#1858 = PLANE('',#1859);
#1859 = AXIS2_PLACEMENT_3D('',#1860,#1861,#1862);
#1860 = CARTESIAN_POINT('',(-24.48,-23.81,16.8));
#1861 = DIRECTION('',(-0.,1.,0.));
#1862 = DIRECTION('',(0.,0.,1.));
#1863 = DEFINITIONAL_REPRESENTATION('',(#1864),#1868);
#1864 = LINE('',#1865,#1866);
#1865 = CARTESIAN_POINT('',(3.,-7.71));
#1866 = VECTOR('',#1867,1.);
#1867 = DIRECTION('',(0.,-1.));
#1868 = ( GEOMETRIC_REPRESENTATION_CONTEXT(2) 
PARAMETRIC_REPRESENTATION_CONTEXT() REPRESENTATION_CONTEXT('2D SPACE',''
  ) );
#1869 = ORIENTED_EDGE('',*,*,#1870,.T.);
#1870 = EDGE_CURVE('',#1843,#1871,#1873,.T.);
#1871 = VERTEX_POINT('',#1872);
#1872 = CARTESIAN_POINT('',(-24.48,12.91,19.8));
#1873 = SURFACE_CURVE('',#1874,(#1878,#1885),.PCURVE_S1.);
#1874 = LINE('',#1875,#1876);
#1875 = CARTESIAN_POINT('',(-24.48,-26.855,19.8));
#1876 = VECTOR('',#1877,1.);
#1877 = DIRECTION('',(-0.,1.,0.));
#1878 = PCURVE('',#573,#1879);
#1879 = DEFINITIONAL_REPRESENTATION('',(#1880),#1884);
#1880 = LINE('',#1881,#1882);
#1881 = CARTESIAN_POINT('',(15.42,3.045));
#1882 = VECTOR('',#1883,1.);
#1883 = DIRECTION('',(0.,1.));
#1884 = ( GEOMETRIC_REPRESENTATION_CONTEXT(2) 
PARAMETRIC_REPRESENTATION_CONTEXT() REPRESENTATION_CONTEXT('2D SPACE',''
  ) );
#1885 = PCURVE('',#1886,#1891);
#1886 = PLANE('',#1887);
#1887 = AXIS2_PLACEMENT_3D('',#1888,#1889,#1890);
#1888 = CARTESIAN_POINT('',(-24.48,-23.81,16.8));
#1889 = DIRECTION('',(1.,0.,-0.));
#1890 = DIRECTION('',(0.,0.,1.));
#1891 = DEFINITIONAL_REPRESENTATION('',(#1892),#1896);
#1892 = LINE('',#1893,#1894);
#1893 = CARTESIAN_POINT('',(3.,3.045));
#1894 = VECTOR('',#1895,1.);
#1895 = DIRECTION('',(0.,-1.));
#1896 = ( GEOMETRIC_REPRESENTATION_CONTEXT(2) 
PARAMETRIC_REPRESENTATION_CONTEXT() REPRESENTATION_CONTEXT('2D SPACE',''
  ) );
#1897 = ORIENTED_EDGE('',*,*,#1898,.F.);
#1898 = EDGE_CURVE('',#1899,#1871,#1901,.T.);
#1899 = VERTEX_POINT('',#1900);
#1900 = CARTESIAN_POINT('',(24.48,12.91,19.8));
#1901 = SURFACE_CURVE('',#1902,(#1906,#1913),.PCURVE_S1.);
#1902 = LINE('',#1903,#1904);
#1903 = CARTESIAN_POINT('',(-32.19,12.91,19.8));
#1904 = VECTOR('',#1905,1.);
#1905 = DIRECTION('',(-1.,-0.,0.));
#1906 = PCURVE('',#573,#1907);
#1907 = DEFINITIONAL_REPRESENTATION('',(#1908),#1912);
#1908 = LINE('',#1909,#1910);
#1909 = CARTESIAN_POINT('',(7.71,42.81));
#1910 = VECTOR('',#1911,1.);
#1911 = DIRECTION('',(-1.,0.));
#1912 = ( GEOMETRIC_REPRESENTATION_CONTEXT(2) 
PARAMETRIC_REPRESENTATION_CONTEXT() REPRESENTATION_CONTEXT('2D SPACE',''
  ) );
#1913 = PCURVE('',#1914,#1919);
#1914 = PLANE('',#1915);
#1915 = AXIS2_PLACEMENT_3D('',#1916,#1917,#1918);
#1916 = CARTESIAN_POINT('',(-24.48,12.91,16.8));
#1917 = DIRECTION('',(-0.,1.,0.));
#1918 = DIRECTION('',(0.,0.,1.));
#1919 = DEFINITIONAL_REPRESENTATION('',(#1920),#1924);
#1920 = LINE('',#1921,#1922);
#1921 = CARTESIAN_POINT('',(3.,-7.71));
#1922 = VECTOR('',#1923,1.);
#1923 = DIRECTION('',(0.,-1.));
#1924 = ( GEOMETRIC_REPRESENTATION_CONTEXT(2) 
PARAMETRIC_REPRESENTATION_CONTEXT() REPRESENTATION_CONTEXT('2D SPACE',''
  ) );
#1925 = ORIENTED_EDGE('',*,*,#1926,.F.);
#1926 = EDGE_CURVE('',#1841,#1899,#1927,.T.);
#1927 = SURFACE_CURVE('',#1928,(#1932,#1939),.PCURVE_S1.);
#1928 = LINE('',#1929,#1930);
#1929 = CARTESIAN_POINT('',(24.48,-26.855,19.8));
#1930 = VECTOR('',#1931,1.);
#1931 = DIRECTION('',(-0.,1.,0.));
#1932 = PCURVE('',#573,#1933);
#1933 = DEFINITIONAL_REPRESENTATION('',(#1934),#1938);
#1934 = LINE('',#1935,#1936);
#1935 = CARTESIAN_POINT('',(64.38,3.045));
#1936 = VECTOR('',#1937,1.);
#1937 = DIRECTION('',(0.,1.));
#1938 = ( GEOMETRIC_REPRESENTATION_CONTEXT(2) 
PARAMETRIC_REPRESENTATION_CONTEXT() REPRESENTATION_CONTEXT('2D SPACE',''
  ) );
#1939 = PCURVE('',#1940,#1945);
#1940 = PLANE('',#1941);
#1941 = AXIS2_PLACEMENT_3D('',#1942,#1943,#1944);
#1942 = CARTESIAN_POINT('',(24.48,-23.81,16.8));
#1943 = DIRECTION('',(1.,0.,-0.));
#1944 = DIRECTION('',(0.,0.,1.));
#1945 = DEFINITIONAL_REPRESENTATION('',(#1946),#1950);
#1946 = LINE('',#1947,#1948);
#1947 = CARTESIAN_POINT('',(3.,3.045));
#1948 = VECTOR('',#1949,1.);
#1949 = DIRECTION('',(0.,-1.));
#1950 = ( GEOMETRIC_REPRESENTATION_CONTEXT(2) 
PARAMETRIC_REPRESENTATION_CONTEXT() REPRESENTATION_CONTEXT('2D SPACE',''
  ) );
#1951 = ADVANCED_FACE('',(#1952),#710,.T.);
#1952 = FACE_BOUND('',#1953,.T.);
#1953 = EDGE_LOOP('',(#1954,#1977,#2009,#2010,#2011));
#1954 = ORIENTED_EDGE('',*,*,#1955,.F.);
#1955 = EDGE_CURVE('',#1956,#666,#1958,.T.);
#1956 = VERTEX_POINT('',#1957);
#1957 = CARTESIAN_POINT('',(39.9,-28.9,1.));
#1958 = SURFACE_CURVE('',#1959,(#1963,#1970),.PCURVE_S1.);
#1959 = LINE('',#1960,#1961);
#1960 = CARTESIAN_POINT('',(39.9,-29.9,1.));
#1961 = VECTOR('',#1962,1.);
#1962 = DIRECTION('',(0.,1.,0.));
#1963 = PCURVE('',#710,#1964);
#1964 = DEFINITIONAL_REPRESENTATION('',(#1965),#1969);
#1965 = LINE('',#1966,#1967);
#1966 = CARTESIAN_POINT('',(0.,0.));
#1967 = VECTOR('',#1968,1.);
#1968 = DIRECTION('',(0.,1.));
#1969 = ( GEOMETRIC_REPRESENTATION_CONTEXT(2) 
PARAMETRIC_REPRESENTATION_CONTEXT() REPRESENTATION_CONTEXT('2D SPACE',''
  ) );
#1970 = PCURVE('',#681,#1971);
#1971 = DEFINITIONAL_REPRESENTATION('',(#1972),#1976);
#1972 = LINE('',#1973,#1974);
#1973 = CARTESIAN_POINT('',(1.,0.));
#1974 = VECTOR('',#1975,1.);
#1975 = DIRECTION('',(0.,-1.));
#1976 = ( GEOMETRIC_REPRESENTATION_CONTEXT(2) 
PARAMETRIC_REPRESENTATION_CONTEXT() REPRESENTATION_CONTEXT('2D SPACE',''
  ) );
#1977 = ORIENTED_EDGE('',*,*,#1978,.T.);
#1978 = EDGE_CURVE('',#1956,#1347,#1979,.T.);
#1979 = SURFACE_CURVE('',#1980,(#1985,#1997),.PCURVE_S1.);
#1980 = ELLIPSE('',#1981,1.414213562373,1.);
#1981 = AXIS2_PLACEMENT_3D('',#1982,#1983,#1984);
#1982 = CARTESIAN_POINT('',(38.9,-28.9,1.));
#1983 = DIRECTION('',(0.,0.707106781187,-0.707106781187));
#1984 = DIRECTION('',(0.,0.707106781187,0.707106781187));
#1985 = PCURVE('',#710,#1986);
#1986 = DEFINITIONAL_REPRESENTATION('',(#1987),#1996);
#1987 = B_SPLINE_CURVE_WITH_KNOTS('',7,(#1988,#1989,#1990,#1991,#1992,
    #1993,#1994,#1995),.UNSPECIFIED.,.F.,.F.,(8,8),(1.570796326795,
    3.14159265359),.PIECEWISE_BEZIER_KNOTS.);
#1988 = CARTESIAN_POINT('',(0.,1.));
#1989 = CARTESIAN_POINT('',(0.224399475256,0.775600524744));
#1990 = CARTESIAN_POINT('',(0.448798950513,0.551201960681));
#1991 = CARTESIAN_POINT('',(0.673198425769,0.345253174226));
#1992 = CARTESIAN_POINT('',(0.897597901026,0.176237495375));
#1993 = CARTESIAN_POINT('',(1.121997376282,5.874867260997E-02));
#1994 = CARTESIAN_POINT('',(1.346396851538,-1.945635950147E-16));
#1995 = CARTESIAN_POINT('',(1.570796326795,-2.22044604925E-16));
#1996 = ( GEOMETRIC_REPRESENTATION_CONTEXT(2) 
PARAMETRIC_REPRESENTATION_CONTEXT() REPRESENTATION_CONTEXT('2D SPACE',''
  ) );
#1997 = PCURVE('',#1127,#1998);
#1998 = DEFINITIONAL_REPRESENTATION('',(#1999),#2008);
#1999 = B_SPLINE_CURVE_WITH_KNOTS('',7,(#2000,#2001,#2002,#2003,#2004,
    #2005,#2006,#2007),.UNSPECIFIED.,.F.,.F.,(8,8),(1.570796326795,
    3.14159265359),.PIECEWISE_BEZIER_KNOTS.);
#2000 = CARTESIAN_POINT('',(0.,1.));
#2001 = CARTESIAN_POINT('',(-0.224399475256,0.775600524744));
#2002 = CARTESIAN_POINT('',(-0.448798950513,0.551201960681));
#2003 = CARTESIAN_POINT('',(-0.673198425769,0.345253174226));
#2004 = CARTESIAN_POINT('',(-0.897597901026,0.176237495375));
#2005 = CARTESIAN_POINT('',(-1.121997376282,5.874867260997E-02));
#2006 = CARTESIAN_POINT('',(-1.346396851538,-1.945635950147E-16));
#2007 = CARTESIAN_POINT('',(-1.570796326795,-2.22044604925E-16));
#2008 = ( GEOMETRIC_REPRESENTATION_CONTEXT(2) 
PARAMETRIC_REPRESENTATION_CONTEXT() REPRESENTATION_CONTEXT('2D SPACE',''
  ) );
#2009 = ORIENTED_EDGE('',*,*,#1346,.T.);
#2010 = ORIENTED_EDGE('',*,*,#1417,.T.);
#2011 = ORIENTED_EDGE('',*,*,#693,.F.);
#2012 = ADVANCED_FACE('',(#2013,#2061,#2096,#2131,#2166,#2201,#2236,
    #2271,#2306,#2341,#2376,#2411,#2446,#2481,#2516,#2551),#681,.T.);
#2013 = FACE_BOUND('',#2014,.T.);
#2014 = EDGE_LOOP('',(#2015,#2038,#2039,#2040));
#2015 = ORIENTED_EDGE('',*,*,#2016,.F.);
#2016 = EDGE_CURVE('',#1956,#2017,#2019,.T.);
#2017 = VERTEX_POINT('',#2018);
#2018 = CARTESIAN_POINT('',(39.9,-28.9,18.8));
#2019 = SURFACE_CURVE('',#2020,(#2024,#2031),.PCURVE_S1.);
#2020 = LINE('',#2021,#2022);
#2021 = CARTESIAN_POINT('',(39.9,-28.9,0.));
#2022 = VECTOR('',#2023,1.);
#2023 = DIRECTION('',(0.,0.,1.));
#2024 = PCURVE('',#681,#2025);
#2025 = DEFINITIONAL_REPRESENTATION('',(#2026),#2030);
#2026 = LINE('',#2027,#2028);
#2027 = CARTESIAN_POINT('',(0.,-1.));
#2028 = VECTOR('',#2029,1.);
#2029 = DIRECTION('',(1.,0.));
#2030 = ( GEOMETRIC_REPRESENTATION_CONTEXT(2) 
PARAMETRIC_REPRESENTATION_CONTEXT() REPRESENTATION_CONTEXT('2D SPACE',''
  ) );
#2031 = PCURVE('',#1127,#2032);
#2032 = DEFINITIONAL_REPRESENTATION('',(#2033),#2037);
#2033 = LINE('',#2034,#2035);
#2034 = CARTESIAN_POINT('',(-0.,0.));
#2035 = VECTOR('',#2036,1.);
#2036 = DIRECTION('',(-0.,1.));
#2037 = ( GEOMETRIC_REPRESENTATION_CONTEXT(2) 
PARAMETRIC_REPRESENTATION_CONTEXT() REPRESENTATION_CONTEXT('2D SPACE',''
  ) );
#2038 = ORIENTED_EDGE('',*,*,#1955,.T.);
#2039 = ORIENTED_EDGE('',*,*,#665,.T.);
#2040 = ORIENTED_EDGE('',*,*,#2041,.F.);
#2041 = EDGE_CURVE('',#2017,#637,#2042,.T.);
#2042 = SURFACE_CURVE('',#2043,(#2047,#2054),.PCURVE_S1.);
#2043 = LINE('',#2044,#2045);
#2044 = CARTESIAN_POINT('',(39.9,-29.9,18.8));
#2045 = VECTOR('',#2046,1.);
#2046 = DIRECTION('',(0.,1.,0.));
#2047 = PCURVE('',#681,#2048);
#2048 = DEFINITIONAL_REPRESENTATION('',(#2049),#2053);
#2049 = LINE('',#2050,#2051);
#2050 = CARTESIAN_POINT('',(18.8,0.));
#2051 = VECTOR('',#2052,1.);
#2052 = DIRECTION('',(0.,-1.));
#2053 = ( GEOMETRIC_REPRESENTATION_CONTEXT(2) 
PARAMETRIC_REPRESENTATION_CONTEXT() REPRESENTATION_CONTEXT('2D SPACE',''
  ) );
#2054 = PCURVE('',#653,#2055);
#2055 = DEFINITIONAL_REPRESENTATION('',(#2056),#2060);
#2056 = LINE('',#2057,#2058);
#2057 = CARTESIAN_POINT('',(-0.,0.));
#2058 = VECTOR('',#2059,1.);
#2059 = DIRECTION('',(-0.,1.));
#2060 = ( GEOMETRIC_REPRESENTATION_CONTEXT(2) 
PARAMETRIC_REPRESENTATION_CONTEXT() REPRESENTATION_CONTEXT('2D SPACE',''
  ) );
#2061 = FACE_BOUND('',#2062,.T.);
#2062 = EDGE_LOOP('',(#2063));
#2063 = ORIENTED_EDGE('',*,*,#2064,.T.);
#2064 = EDGE_CURVE('',#2065,#2065,#2067,.T.);
#2065 = VERTEX_POINT('',#2066);
#2066 = CARTESIAN_POINT('',(39.9,24.171930009001,3.178069990999));
#2067 = SURFACE_CURVE('',#2068,(#2073,#2084),.PCURVE_S1.);
#2068 = CIRCLE('',#2069,2.55);
#2069 = AXIS2_PLACEMENT_3D('',#2070,#2071,#2072);
#2070 = CARTESIAN_POINT('',(39.9,24.171930009001,5.728069990999));
#2071 = DIRECTION('',(-1.,-0.,-0.));
#2072 = DIRECTION('',(0.,0.,-1.));
#2073 = PCURVE('',#681,#2074);
#2074 = DEFINITIONAL_REPRESENTATION('',(#2075),#2083);
#2075 = ( BOUNDED_CURVE() B_SPLINE_CURVE(2,(#2076,#2077,#2078,#2079,
#2080,#2081,#2082),.UNSPECIFIED.,.T.,.F.) B_SPLINE_CURVE_WITH_KNOTS((1,2
    ,2,2,2,1),(-2.094395102393,0.,2.094395102393,4.188790204786,
6.28318530718,8.377580409573),.UNSPECIFIED.) CURVE() 
GEOMETRIC_REPRESENTATION_ITEM() RATIONAL_B_SPLINE_CURVE((1.,0.5,1.,0.5,
1.,0.5,1.)) REPRESENTATION_ITEM('') );
#2076 = CARTESIAN_POINT('',(3.178069990999,-54.071930009));
#2077 = CARTESIAN_POINT('',(3.178069990999,-49.6552004497));
#2078 = CARTESIAN_POINT('',(7.003069990999,-51.86356522935));
#2079 = CARTESIAN_POINT('',(10.828069990999,-54.071930009));
#2080 = CARTESIAN_POINT('',(7.003069990999,-56.28029478865));
#2081 = CARTESIAN_POINT('',(3.178069990999,-58.4886595683));
#2082 = CARTESIAN_POINT('',(3.178069990999,-54.071930009));
#2083 = ( GEOMETRIC_REPRESENTATION_CONTEXT(2) 
PARAMETRIC_REPRESENTATION_CONTEXT() REPRESENTATION_CONTEXT('2D SPACE',''
  ) );
#2084 = PCURVE('',#2085,#2090);
#2085 = CYLINDRICAL_SURFACE('',#2086,2.55);
#2086 = AXIS2_PLACEMENT_3D('',#2087,#2088,#2089);
#2087 = CARTESIAN_POINT('',(39.92,24.171930009001,5.728069990999));
#2088 = DIRECTION('',(-1.,-0.,-0.));
#2089 = DIRECTION('',(0.,0.,-1.));
#2090 = DEFINITIONAL_REPRESENTATION('',(#2091),#2095);
#2091 = LINE('',#2092,#2093);
#2092 = CARTESIAN_POINT('',(0.,2.E-02));
#2093 = VECTOR('',#2094,1.);
#2094 = DIRECTION('',(1.,0.));
#2095 = ( GEOMETRIC_REPRESENTATION_CONTEXT(2) 
PARAMETRIC_REPRESENTATION_CONTEXT() REPRESENTATION_CONTEXT('2D SPACE',''
  ) );
#2096 = FACE_BOUND('',#2097,.T.);
#2097 = EDGE_LOOP('',(#2098));
#2098 = ORIENTED_EDGE('',*,*,#2099,.T.);
#2099 = EDGE_CURVE('',#2100,#2100,#2102,.T.);
#2100 = VERTEX_POINT('',#2101);
#2101 = CARTESIAN_POINT('',(39.9,15.828069990999,3.178069990999));
#2102 = SURFACE_CURVE('',#2103,(#2108,#2119),.PCURVE_S1.);
#2103 = CIRCLE('',#2104,2.55);
#2104 = AXIS2_PLACEMENT_3D('',#2105,#2106,#2107);
#2105 = CARTESIAN_POINT('',(39.9,15.828069990999,5.728069990999));
#2106 = DIRECTION('',(-1.,-0.,-0.));
#2107 = DIRECTION('',(0.,0.,-1.));
#2108 = PCURVE('',#681,#2109);
#2109 = DEFINITIONAL_REPRESENTATION('',(#2110),#2118);
#2110 = ( BOUNDED_CURVE() B_SPLINE_CURVE(2,(#2111,#2112,#2113,#2114,
#2115,#2116,#2117),.UNSPECIFIED.,.T.,.F.) B_SPLINE_CURVE_WITH_KNOTS((1,2
    ,2,2,2,1),(-2.094395102393,0.,2.094395102393,4.188790204786,
6.28318530718,8.377580409573),.UNSPECIFIED.) CURVE() 
GEOMETRIC_REPRESENTATION_ITEM() RATIONAL_B_SPLINE_CURVE((1.,0.5,1.,0.5,
1.,0.5,1.)) REPRESENTATION_ITEM('') );
#2111 = CARTESIAN_POINT('',(3.178069990999,-45.72806999099));
#2112 = CARTESIAN_POINT('',(3.178069990999,-41.31134043169));
#2113 = CARTESIAN_POINT('',(7.003069990999,-43.51970521134));
#2114 = CARTESIAN_POINT('',(10.828069990999,-45.72806999099));
#2115 = CARTESIAN_POINT('',(7.003069990999,-47.93643477065));
#2116 = CARTESIAN_POINT('',(3.178069990999,-50.1447995503));
#2117 = CARTESIAN_POINT('',(3.178069990999,-45.72806999099));
#2118 = ( GEOMETRIC_REPRESENTATION_CONTEXT(2) 
PARAMETRIC_REPRESENTATION_CONTEXT() REPRESENTATION_CONTEXT('2D SPACE',''
  ) );
#2119 = PCURVE('',#2120,#2125);
#2120 = CYLINDRICAL_SURFACE('',#2121,2.55);
#2121 = AXIS2_PLACEMENT_3D('',#2122,#2123,#2124);
#2122 = CARTESIAN_POINT('',(39.92,15.828069990999,5.728069990999));
#2123 = DIRECTION('',(-1.,-0.,-0.));
#2124 = DIRECTION('',(0.,0.,-1.));
#2125 = DEFINITIONAL_REPRESENTATION('',(#2126),#2130);
#2126 = LINE('',#2127,#2128);
#2127 = CARTESIAN_POINT('',(0.,2.E-02));
#2128 = VECTOR('',#2129,1.);
#2129 = DIRECTION('',(1.,0.));
#2130 = ( GEOMETRIC_REPRESENTATION_CONTEXT(2) 
PARAMETRIC_REPRESENTATION_CONTEXT() REPRESENTATION_CONTEXT('2D SPACE',''
  ) );
#2131 = FACE_BOUND('',#2132,.T.);
#2132 = EDGE_LOOP('',(#2133));
#2133 = ORIENTED_EDGE('',*,*,#2134,.T.);
#2134 = EDGE_CURVE('',#2135,#2135,#2137,.T.);
#2135 = VERTEX_POINT('',#2136);
#2136 = CARTESIAN_POINT('',(39.9,4.171930009001,3.178069990999));
#2137 = SURFACE_CURVE('',#2138,(#2143,#2154),.PCURVE_S1.);
#2138 = CIRCLE('',#2139,2.55);
#2139 = AXIS2_PLACEMENT_3D('',#2140,#2141,#2142);
#2140 = CARTESIAN_POINT('',(39.9,4.171930009001,5.728069990999));
#2141 = DIRECTION('',(-1.,-0.,-0.));
#2142 = DIRECTION('',(0.,0.,-1.));
#2143 = PCURVE('',#681,#2144);
#2144 = DEFINITIONAL_REPRESENTATION('',(#2145),#2153);
#2145 = ( BOUNDED_CURVE() B_SPLINE_CURVE(2,(#2146,#2147,#2148,#2149,
#2150,#2151,#2152),.UNSPECIFIED.,.T.,.F.) B_SPLINE_CURVE_WITH_KNOTS((1,2
    ,2,2,2,1),(-2.094395102393,0.,2.094395102393,4.188790204786,
6.28318530718,8.377580409573),.UNSPECIFIED.) CURVE() 
GEOMETRIC_REPRESENTATION_ITEM() RATIONAL_B_SPLINE_CURVE((1.,0.5,1.,0.5,
1.,0.5,1.)) REPRESENTATION_ITEM('') );
#2146 = CARTESIAN_POINT('',(3.178069990999,-34.071930009));
#2147 = CARTESIAN_POINT('',(3.178069990999,-29.6552004497));
#2148 = CARTESIAN_POINT('',(7.003069990999,-31.86356522935));
#2149 = CARTESIAN_POINT('',(10.828069990999,-34.071930009));
#2150 = CARTESIAN_POINT('',(7.003069990999,-36.28029478865));
#2151 = CARTESIAN_POINT('',(3.178069990999,-38.4886595683));
#2152 = CARTESIAN_POINT('',(3.178069990999,-34.071930009));
#2153 = ( GEOMETRIC_REPRESENTATION_CONTEXT(2) 
PARAMETRIC_REPRESENTATION_CONTEXT() REPRESENTATION_CONTEXT('2D SPACE',''
  ) );
#2154 = PCURVE('',#2155,#2160);
#2155 = CYLINDRICAL_SURFACE('',#2156,2.55);
#2156 = AXIS2_PLACEMENT_3D('',#2157,#2158,#2159);
#2157 = CARTESIAN_POINT('',(39.92,4.171930009001,5.728069990999));
#2158 = DIRECTION('',(-1.,-0.,-0.));
#2159 = DIRECTION('',(0.,0.,-1.));
#2160 = DEFINITIONAL_REPRESENTATION('',(#2161),#2165);
#2161 = LINE('',#2162,#2163);
#2162 = CARTESIAN_POINT('',(0.,2.E-02));
#2163 = VECTOR('',#2164,1.);
#2164 = DIRECTION('',(1.,0.));
#2165 = ( GEOMETRIC_REPRESENTATION_CONTEXT(2) 
PARAMETRIC_REPRESENTATION_CONTEXT() REPRESENTATION_CONTEXT('2D SPACE',''
  ) );
#2166 = FACE_BOUND('',#2167,.T.);
#2167 = EDGE_LOOP('',(#2168));
#2168 = ORIENTED_EDGE('',*,*,#2169,.T.);
#2169 = EDGE_CURVE('',#2170,#2170,#2172,.T.);
#2170 = VERTEX_POINT('',#2171);
#2171 = CARTESIAN_POINT('',(39.9,20.,7.4));
#2172 = SURFACE_CURVE('',#2173,(#2178,#2189),.PCURVE_S1.);
#2173 = CIRCLE('',#2174,2.5);
#2174 = AXIS2_PLACEMENT_3D('',#2175,#2176,#2177);
#2175 = CARTESIAN_POINT('',(39.9,20.,9.9));
#2176 = DIRECTION('',(-1.,-0.,-0.));
#2177 = DIRECTION('',(0.,0.,-1.));
#2178 = PCURVE('',#681,#2179);
#2179 = DEFINITIONAL_REPRESENTATION('',(#2180),#2188);
#2180 = ( BOUNDED_CURVE() B_SPLINE_CURVE(2,(#2181,#2182,#2183,#2184,
#2185,#2186,#2187),.UNSPECIFIED.,.T.,.F.) B_SPLINE_CURVE_WITH_KNOTS((1,2
    ,2,2,2,1),(-2.094395102393,0.,2.094395102393,4.188790204786,
6.28318530718,8.377580409573),.UNSPECIFIED.) CURVE() 
GEOMETRIC_REPRESENTATION_ITEM() RATIONAL_B_SPLINE_CURVE((1.,0.5,1.,0.5,
1.,0.5,1.)) REPRESENTATION_ITEM('') );
#2181 = CARTESIAN_POINT('',(7.4,-49.9));
#2182 = CARTESIAN_POINT('',(7.4,-45.56987298107));
#2183 = CARTESIAN_POINT('',(11.15,-47.73493649053));
#2184 = CARTESIAN_POINT('',(14.9,-49.9));
#2185 = CARTESIAN_POINT('',(11.15,-52.06506350946));
#2186 = CARTESIAN_POINT('',(7.4,-54.23012701892));
#2187 = CARTESIAN_POINT('',(7.4,-49.9));
#2188 = ( GEOMETRIC_REPRESENTATION_CONTEXT(2) 
PARAMETRIC_REPRESENTATION_CONTEXT() REPRESENTATION_CONTEXT('2D SPACE',''
  ) );
#2189 = PCURVE('',#2190,#2195);
#2190 = CYLINDRICAL_SURFACE('',#2191,2.5);
#2191 = AXIS2_PLACEMENT_3D('',#2192,#2193,#2194);
#2192 = CARTESIAN_POINT('',(39.92,20.,9.9));
#2193 = DIRECTION('',(-1.,-0.,-0.));
#2194 = DIRECTION('',(0.,0.,-1.));
#2195 = DEFINITIONAL_REPRESENTATION('',(#2196),#2200);
#2196 = LINE('',#2197,#2198);
#2197 = CARTESIAN_POINT('',(0.,2.E-02));
#2198 = VECTOR('',#2199,1.);
#2199 = DIRECTION('',(1.,0.));
#2200 = ( GEOMETRIC_REPRESENTATION_CONTEXT(2) 
PARAMETRIC_REPRESENTATION_CONTEXT() REPRESENTATION_CONTEXT('2D SPACE',''
  ) );
#2201 = FACE_BOUND('',#2202,.T.);
#2202 = EDGE_LOOP('',(#2203));
#2203 = ORIENTED_EDGE('',*,*,#2204,.T.);
#2204 = EDGE_CURVE('',#2205,#2205,#2207,.T.);
#2205 = VERTEX_POINT('',#2206);
#2206 = CARTESIAN_POINT('',(39.9,24.171930009001,11.521930009001));
#2207 = SURFACE_CURVE('',#2208,(#2213,#2224),.PCURVE_S1.);
#2208 = CIRCLE('',#2209,2.55);
#2209 = AXIS2_PLACEMENT_3D('',#2210,#2211,#2212);
#2210 = CARTESIAN_POINT('',(39.9,24.171930009001,14.071930009001));
#2211 = DIRECTION('',(-1.,-0.,-0.));
#2212 = DIRECTION('',(0.,0.,-1.));
#2213 = PCURVE('',#681,#2214);
#2214 = DEFINITIONAL_REPRESENTATION('',(#2215),#2223);
#2215 = ( BOUNDED_CURVE() B_SPLINE_CURVE(2,(#2216,#2217,#2218,#2219,
#2220,#2221,#2222),.UNSPECIFIED.,.T.,.F.) B_SPLINE_CURVE_WITH_KNOTS((1,2
    ,2,2,2,1),(-2.094395102393,0.,2.094395102393,4.188790204786,
6.28318530718,8.377580409573),.UNSPECIFIED.) CURVE() 
GEOMETRIC_REPRESENTATION_ITEM() RATIONAL_B_SPLINE_CURVE((1.,0.5,1.,0.5,
1.,0.5,1.)) REPRESENTATION_ITEM('') );
#2216 = CARTESIAN_POINT('',(11.521930009001,-54.071930009));
#2217 = CARTESIAN_POINT('',(11.521930009001,-49.6552004497));
#2218 = CARTESIAN_POINT('',(15.346930009001,-51.86356522935));
#2219 = CARTESIAN_POINT('',(19.171930009001,-54.071930009));
#2220 = CARTESIAN_POINT('',(15.346930009001,-56.28029478865));
#2221 = CARTESIAN_POINT('',(11.521930009001,-58.4886595683));
#2222 = CARTESIAN_POINT('',(11.521930009001,-54.071930009));
#2223 = ( GEOMETRIC_REPRESENTATION_CONTEXT(2) 
PARAMETRIC_REPRESENTATION_CONTEXT() REPRESENTATION_CONTEXT('2D SPACE',''
  ) );
#2224 = PCURVE('',#2225,#2230);
#2225 = CYLINDRICAL_SURFACE('',#2226,2.55);
#2226 = AXIS2_PLACEMENT_3D('',#2227,#2228,#2229);
#2227 = CARTESIAN_POINT('',(39.92,24.171930009001,14.071930009001));
#2228 = DIRECTION('',(-1.,-0.,-0.));
#2229 = DIRECTION('',(0.,0.,-1.));
#2230 = DEFINITIONAL_REPRESENTATION('',(#2231),#2235);
#2231 = LINE('',#2232,#2233);
#2232 = CARTESIAN_POINT('',(0.,2.E-02));
#2233 = VECTOR('',#2234,1.);
#2234 = DIRECTION('',(1.,0.));
#2235 = ( GEOMETRIC_REPRESENTATION_CONTEXT(2) 
PARAMETRIC_REPRESENTATION_CONTEXT() REPRESENTATION_CONTEXT('2D SPACE',''
  ) );
#2236 = FACE_BOUND('',#2237,.T.);
#2237 = EDGE_LOOP('',(#2238));
#2238 = ORIENTED_EDGE('',*,*,#2239,.T.);
#2239 = EDGE_CURVE('',#2240,#2240,#2242,.T.);
#2240 = VERTEX_POINT('',#2241);
#2241 = CARTESIAN_POINT('',(39.9,15.828069990999,11.521930009001));
#2242 = SURFACE_CURVE('',#2243,(#2248,#2259),.PCURVE_S1.);
#2243 = CIRCLE('',#2244,2.55);
#2244 = AXIS2_PLACEMENT_3D('',#2245,#2246,#2247);
#2245 = CARTESIAN_POINT('',(39.9,15.828069990999,14.071930009001));
#2246 = DIRECTION('',(-1.,-0.,-0.));
#2247 = DIRECTION('',(0.,0.,-1.));
#2248 = PCURVE('',#681,#2249);
#2249 = DEFINITIONAL_REPRESENTATION('',(#2250),#2258);
#2250 = ( BOUNDED_CURVE() B_SPLINE_CURVE(2,(#2251,#2252,#2253,#2254,
#2255,#2256,#2257),.UNSPECIFIED.,.T.,.F.) B_SPLINE_CURVE_WITH_KNOTS((1,2
    ,2,2,2,1),(-2.094395102393,0.,2.094395102393,4.188790204786,
6.28318530718,8.377580409573),.UNSPECIFIED.) CURVE() 
GEOMETRIC_REPRESENTATION_ITEM() RATIONAL_B_SPLINE_CURVE((1.,0.5,1.,0.5,
1.,0.5,1.)) REPRESENTATION_ITEM('') );
#2251 = CARTESIAN_POINT('',(11.521930009001,-45.72806999099));
#2252 = CARTESIAN_POINT('',(11.521930009001,-41.31134043169));
#2253 = CARTESIAN_POINT('',(15.346930009001,-43.51970521134));
#2254 = CARTESIAN_POINT('',(19.171930009001,-45.72806999099));
#2255 = CARTESIAN_POINT('',(15.346930009001,-47.93643477065));
#2256 = CARTESIAN_POINT('',(11.521930009001,-50.1447995503));
#2257 = CARTESIAN_POINT('',(11.521930009001,-45.72806999099));
#2258 = ( GEOMETRIC_REPRESENTATION_CONTEXT(2) 
PARAMETRIC_REPRESENTATION_CONTEXT() REPRESENTATION_CONTEXT('2D SPACE',''
  ) );
#2259 = PCURVE('',#2260,#2265);
#2260 = CYLINDRICAL_SURFACE('',#2261,2.55);
#2261 = AXIS2_PLACEMENT_3D('',#2262,#2263,#2264);
#2262 = CARTESIAN_POINT('',(39.92,15.828069990999,14.071930009001));
#2263 = DIRECTION('',(-1.,-0.,-0.));
#2264 = DIRECTION('',(0.,0.,-1.));
#2265 = DEFINITIONAL_REPRESENTATION('',(#2266),#2270);
#2266 = LINE('',#2267,#2268);
#2267 = CARTESIAN_POINT('',(0.,2.E-02));
#2268 = VECTOR('',#2269,1.);
#2269 = DIRECTION('',(1.,0.));
#2270 = ( GEOMETRIC_REPRESENTATION_CONTEXT(2) 
PARAMETRIC_REPRESENTATION_CONTEXT() REPRESENTATION_CONTEXT('2D SPACE',''
  ) );
#2271 = FACE_BOUND('',#2272,.T.);
#2272 = EDGE_LOOP('',(#2273));
#2273 = ORIENTED_EDGE('',*,*,#2274,.T.);
#2274 = EDGE_CURVE('',#2275,#2275,#2277,.T.);
#2275 = VERTEX_POINT('',#2276);
#2276 = CARTESIAN_POINT('',(39.9,4.171930009001,11.521930009001));
#2277 = SURFACE_CURVE('',#2278,(#2283,#2294),.PCURVE_S1.);
#2278 = CIRCLE('',#2279,2.55);
#2279 = AXIS2_PLACEMENT_3D('',#2280,#2281,#2282);
#2280 = CARTESIAN_POINT('',(39.9,4.171930009001,14.071930009001));
#2281 = DIRECTION('',(-1.,-0.,-0.));
#2282 = DIRECTION('',(0.,0.,-1.));
#2283 = PCURVE('',#681,#2284);
#2284 = DEFINITIONAL_REPRESENTATION('',(#2285),#2293);
#2285 = ( BOUNDED_CURVE() B_SPLINE_CURVE(2,(#2286,#2287,#2288,#2289,
#2290,#2291,#2292),.UNSPECIFIED.,.T.,.F.) B_SPLINE_CURVE_WITH_KNOTS((1,2
    ,2,2,2,1),(-2.094395102393,0.,2.094395102393,4.188790204786,
6.28318530718,8.377580409573),.UNSPECIFIED.) CURVE() 
GEOMETRIC_REPRESENTATION_ITEM() RATIONAL_B_SPLINE_CURVE((1.,0.5,1.,0.5,
1.,0.5,1.)) REPRESENTATION_ITEM('') );
#2286 = CARTESIAN_POINT('',(11.521930009001,-34.071930009));
#2287 = CARTESIAN_POINT('',(11.521930009001,-29.6552004497));
#2288 = CARTESIAN_POINT('',(15.346930009001,-31.86356522935));
#2289 = CARTESIAN_POINT('',(19.171930009001,-34.071930009));
#2290 = CARTESIAN_POINT('',(15.346930009001,-36.28029478865));
#2291 = CARTESIAN_POINT('',(11.521930009001,-38.4886595683));
#2292 = CARTESIAN_POINT('',(11.521930009001,-34.071930009));
#2293 = ( GEOMETRIC_REPRESENTATION_CONTEXT(2) 
PARAMETRIC_REPRESENTATION_CONTEXT() REPRESENTATION_CONTEXT('2D SPACE',''
  ) );
#2294 = PCURVE('',#2295,#2300);
#2295 = CYLINDRICAL_SURFACE('',#2296,2.55);
#2296 = AXIS2_PLACEMENT_3D('',#2297,#2298,#2299);
#2297 = CARTESIAN_POINT('',(39.92,4.171930009001,14.071930009001));
#2298 = DIRECTION('',(-1.,-0.,-0.));
#2299 = DIRECTION('',(0.,0.,-1.));
#2300 = DEFINITIONAL_REPRESENTATION('',(#2301),#2305);
#2301 = LINE('',#2302,#2303);
#2302 = CARTESIAN_POINT('',(0.,2.E-02));
#2303 = VECTOR('',#2304,1.);
#2304 = DIRECTION('',(1.,0.));
#2305 = ( GEOMETRIC_REPRESENTATION_CONTEXT(2) 
PARAMETRIC_REPRESENTATION_CONTEXT() REPRESENTATION_CONTEXT('2D SPACE',''
  ) );
#2306 = FACE_BOUND('',#2307,.T.);
#2307 = EDGE_LOOP('',(#2308));
#2308 = ORIENTED_EDGE('',*,*,#2309,.T.);
#2309 = EDGE_CURVE('',#2310,#2310,#2312,.T.);
#2310 = VERTEX_POINT('',#2311);
#2311 = CARTESIAN_POINT('',(39.9,-4.171930009001,3.178069990999));
#2312 = SURFACE_CURVE('',#2313,(#2318,#2329),.PCURVE_S1.);
#2313 = CIRCLE('',#2314,2.55);
#2314 = AXIS2_PLACEMENT_3D('',#2315,#2316,#2317);
#2315 = CARTESIAN_POINT('',(39.9,-4.171930009001,5.728069990999));
#2316 = DIRECTION('',(-1.,-0.,-0.));
#2317 = DIRECTION('',(0.,0.,-1.));
#2318 = PCURVE('',#681,#2319);
#2319 = DEFINITIONAL_REPRESENTATION('',(#2320),#2328);
#2320 = ( BOUNDED_CURVE() B_SPLINE_CURVE(2,(#2321,#2322,#2323,#2324,
#2325,#2326,#2327),.UNSPECIFIED.,.T.,.F.) B_SPLINE_CURVE_WITH_KNOTS((1,2
    ,2,2,2,1),(-2.094395102393,0.,2.094395102393,4.188790204786,
6.28318530718,8.377580409573),.UNSPECIFIED.) CURVE() 
GEOMETRIC_REPRESENTATION_ITEM() RATIONAL_B_SPLINE_CURVE((1.,0.5,1.,0.5,
1.,0.5,1.)) REPRESENTATION_ITEM('') );
#2321 = CARTESIAN_POINT('',(3.178069990999,-25.72806999099));
#2322 = CARTESIAN_POINT('',(3.178069990999,-21.31134043169));
#2323 = CARTESIAN_POINT('',(7.003069990999,-23.51970521134));
#2324 = CARTESIAN_POINT('',(10.828069990999,-25.72806999099));
#2325 = CARTESIAN_POINT('',(7.003069990999,-27.93643477065));
#2326 = CARTESIAN_POINT('',(3.178069990999,-30.1447995503));
#2327 = CARTESIAN_POINT('',(3.178069990999,-25.72806999099));
#2328 = ( GEOMETRIC_REPRESENTATION_CONTEXT(2) 
PARAMETRIC_REPRESENTATION_CONTEXT() REPRESENTATION_CONTEXT('2D SPACE',''
  ) );
#2329 = PCURVE('',#2330,#2335);
#2330 = CYLINDRICAL_SURFACE('',#2331,2.55);
#2331 = AXIS2_PLACEMENT_3D('',#2332,#2333,#2334);
#2332 = CARTESIAN_POINT('',(39.92,-4.171930009001,5.728069990999));
#2333 = DIRECTION('',(-1.,-0.,-0.));
#2334 = DIRECTION('',(0.,0.,-1.));
#2335 = DEFINITIONAL_REPRESENTATION('',(#2336),#2340);
#2336 = LINE('',#2337,#2338);
#2337 = CARTESIAN_POINT('',(0.,2.E-02));
#2338 = VECTOR('',#2339,1.);
#2339 = DIRECTION('',(1.,0.));
#2340 = ( GEOMETRIC_REPRESENTATION_CONTEXT(2) 
PARAMETRIC_REPRESENTATION_CONTEXT() REPRESENTATION_CONTEXT('2D SPACE',''
  ) );
#2341 = FACE_BOUND('',#2342,.T.);
#2342 = EDGE_LOOP('',(#2343));
#2343 = ORIENTED_EDGE('',*,*,#2344,.T.);
#2344 = EDGE_CURVE('',#2345,#2345,#2347,.T.);
#2345 = VERTEX_POINT('',#2346);
#2346 = CARTESIAN_POINT('',(39.9,-15.82806999099,3.178069990999));
#2347 = SURFACE_CURVE('',#2348,(#2353,#2364),.PCURVE_S1.);
#2348 = CIRCLE('',#2349,2.55);
#2349 = AXIS2_PLACEMENT_3D('',#2350,#2351,#2352);
#2350 = CARTESIAN_POINT('',(39.9,-15.82806999099,5.728069990999));
#2351 = DIRECTION('',(-1.,-0.,-0.));
#2352 = DIRECTION('',(0.,0.,-1.));
#2353 = PCURVE('',#681,#2354);
#2354 = DEFINITIONAL_REPRESENTATION('',(#2355),#2363);
#2355 = ( BOUNDED_CURVE() B_SPLINE_CURVE(2,(#2356,#2357,#2358,#2359,
#2360,#2361,#2362),.UNSPECIFIED.,.T.,.F.) B_SPLINE_CURVE_WITH_KNOTS((1,2
    ,2,2,2,1),(-2.094395102393,0.,2.094395102393,4.188790204786,
6.28318530718,8.377580409573),.UNSPECIFIED.) CURVE() 
GEOMETRIC_REPRESENTATION_ITEM() RATIONAL_B_SPLINE_CURVE((1.,0.5,1.,0.5,
1.,0.5,1.)) REPRESENTATION_ITEM('') );
#2356 = CARTESIAN_POINT('',(3.178069990999,-14.071930009));
#2357 = CARTESIAN_POINT('',(3.178069990999,-9.6552004497));
#2358 = CARTESIAN_POINT('',(7.003069990999,-11.86356522935));
#2359 = CARTESIAN_POINT('',(10.828069990999,-14.071930009));
#2360 = CARTESIAN_POINT('',(7.003069990999,-16.28029478865));
#2361 = CARTESIAN_POINT('',(3.178069990999,-18.4886595683));
#2362 = CARTESIAN_POINT('',(3.178069990999,-14.071930009));
#2363 = ( GEOMETRIC_REPRESENTATION_CONTEXT(2) 
PARAMETRIC_REPRESENTATION_CONTEXT() REPRESENTATION_CONTEXT('2D SPACE',''
  ) );
#2364 = PCURVE('',#2365,#2370);
#2365 = CYLINDRICAL_SURFACE('',#2366,2.55);
#2366 = AXIS2_PLACEMENT_3D('',#2367,#2368,#2369);
#2367 = CARTESIAN_POINT('',(39.92,-15.82806999099,5.728069990999));
#2368 = DIRECTION('',(-1.,-0.,-0.));
#2369 = DIRECTION('',(0.,0.,-1.));
#2370 = DEFINITIONAL_REPRESENTATION('',(#2371),#2375);
#2371 = LINE('',#2372,#2373);
#2372 = CARTESIAN_POINT('',(0.,2.E-02));
#2373 = VECTOR('',#2374,1.);
#2374 = DIRECTION('',(1.,0.));
#2375 = ( GEOMETRIC_REPRESENTATION_CONTEXT(2) 
PARAMETRIC_REPRESENTATION_CONTEXT() REPRESENTATION_CONTEXT('2D SPACE',''
  ) );
#2376 = FACE_BOUND('',#2377,.T.);
#2377 = EDGE_LOOP('',(#2378));
#2378 = ORIENTED_EDGE('',*,*,#2379,.T.);
#2379 = EDGE_CURVE('',#2380,#2380,#2382,.T.);
#2380 = VERTEX_POINT('',#2381);
#2381 = CARTESIAN_POINT('',(39.9,-24.171930009,3.178069990999));
#2382 = SURFACE_CURVE('',#2383,(#2388,#2399),.PCURVE_S1.);
#2383 = CIRCLE('',#2384,2.55);
#2384 = AXIS2_PLACEMENT_3D('',#2385,#2386,#2387);
#2385 = CARTESIAN_POINT('',(39.9,-24.171930009,5.728069990999));
#2386 = DIRECTION('',(-1.,-0.,-0.));
#2387 = DIRECTION('',(0.,0.,-1.));
#2388 = PCURVE('',#681,#2389);
#2389 = DEFINITIONAL_REPRESENTATION('',(#2390),#2398);
#2390 = ( BOUNDED_CURVE() B_SPLINE_CURVE(2,(#2391,#2392,#2393,#2394,
#2395,#2396,#2397),.UNSPECIFIED.,.T.,.F.) B_SPLINE_CURVE_WITH_KNOTS((1,2
    ,2,2,2,1),(-2.094395102393,0.,2.094395102393,4.188790204786,
6.28318530718,8.377580409573),.UNSPECIFIED.) CURVE() 
GEOMETRIC_REPRESENTATION_ITEM() RATIONAL_B_SPLINE_CURVE((1.,0.5,1.,0.5,
1.,0.5,1.)) REPRESENTATION_ITEM('') );
#2391 = CARTESIAN_POINT('',(3.178069990999,-5.728069990999));
#2392 = CARTESIAN_POINT('',(3.178069990999,-1.311340431699));
#2393 = CARTESIAN_POINT('',(7.003069990999,-3.519705211349));
#2394 = CARTESIAN_POINT('',(10.828069990999,-5.728069990999));
#2395 = CARTESIAN_POINT('',(7.003069990999,-7.93643477065));
#2396 = CARTESIAN_POINT('',(3.178069990999,-10.1447995503));
#2397 = CARTESIAN_POINT('',(3.178069990999,-5.728069990999));
#2398 = ( GEOMETRIC_REPRESENTATION_CONTEXT(2) 
PARAMETRIC_REPRESENTATION_CONTEXT() REPRESENTATION_CONTEXT('2D SPACE',''
  ) );
#2399 = PCURVE('',#2400,#2405);
#2400 = CYLINDRICAL_SURFACE('',#2401,2.55);
#2401 = AXIS2_PLACEMENT_3D('',#2402,#2403,#2404);
#2402 = CARTESIAN_POINT('',(39.92,-24.171930009,5.728069990999));
#2403 = DIRECTION('',(-1.,-0.,-0.));
#2404 = DIRECTION('',(0.,0.,-1.));
#2405 = DEFINITIONAL_REPRESENTATION('',(#2406),#2410);
#2406 = LINE('',#2407,#2408);
#2407 = CARTESIAN_POINT('',(0.,2.E-02));
#2408 = VECTOR('',#2409,1.);
#2409 = DIRECTION('',(1.,0.));
#2410 = ( GEOMETRIC_REPRESENTATION_CONTEXT(2) 
PARAMETRIC_REPRESENTATION_CONTEXT() REPRESENTATION_CONTEXT('2D SPACE',''
  ) );
#2411 = FACE_BOUND('',#2412,.T.);
#2412 = EDGE_LOOP('',(#2413));
#2413 = ORIENTED_EDGE('',*,*,#2414,.T.);
#2414 = EDGE_CURVE('',#2415,#2415,#2417,.T.);
#2415 = VERTEX_POINT('',#2416);
#2416 = CARTESIAN_POINT('',(39.9,0.,7.4));
#2417 = SURFACE_CURVE('',#2418,(#2423,#2434),.PCURVE_S1.);
#2418 = CIRCLE('',#2419,2.5);
#2419 = AXIS2_PLACEMENT_3D('',#2420,#2421,#2422);
#2420 = CARTESIAN_POINT('',(39.9,0.,9.9));
#2421 = DIRECTION('',(-1.,-0.,-0.));
#2422 = DIRECTION('',(0.,0.,-1.));
#2423 = PCURVE('',#681,#2424);
#2424 = DEFINITIONAL_REPRESENTATION('',(#2425),#2433);
#2425 = ( BOUNDED_CURVE() B_SPLINE_CURVE(2,(#2426,#2427,#2428,#2429,
#2430,#2431,#2432),.UNSPECIFIED.,.T.,.F.) B_SPLINE_CURVE_WITH_KNOTS((1,2
    ,2,2,2,1),(-2.094395102393,0.,2.094395102393,4.188790204786,
6.28318530718,8.377580409573),.UNSPECIFIED.) CURVE() 
GEOMETRIC_REPRESENTATION_ITEM() RATIONAL_B_SPLINE_CURVE((1.,0.5,1.,0.5,
1.,0.5,1.)) REPRESENTATION_ITEM('') );
#2426 = CARTESIAN_POINT('',(7.4,-29.9));
#2427 = CARTESIAN_POINT('',(7.4,-25.56987298107));
#2428 = CARTESIAN_POINT('',(11.15,-27.73493649053));
#2429 = CARTESIAN_POINT('',(14.9,-29.9));
#2430 = CARTESIAN_POINT('',(11.15,-32.06506350946));
#2431 = CARTESIAN_POINT('',(7.4,-34.23012701892));
#2432 = CARTESIAN_POINT('',(7.4,-29.9));
#2433 = ( GEOMETRIC_REPRESENTATION_CONTEXT(2) 
PARAMETRIC_REPRESENTATION_CONTEXT() REPRESENTATION_CONTEXT('2D SPACE',''
  ) );
#2434 = PCURVE('',#2435,#2440);
#2435 = CYLINDRICAL_SURFACE('',#2436,2.5);
#2436 = AXIS2_PLACEMENT_3D('',#2437,#2438,#2439);
#2437 = CARTESIAN_POINT('',(39.92,0.,9.9));
#2438 = DIRECTION('',(-1.,-0.,-0.));
#2439 = DIRECTION('',(0.,0.,-1.));
#2440 = DEFINITIONAL_REPRESENTATION('',(#2441),#2445);
#2441 = LINE('',#2442,#2443);
#2442 = CARTESIAN_POINT('',(0.,2.E-02));
#2443 = VECTOR('',#2444,1.);
#2444 = DIRECTION('',(1.,0.));
#2445 = ( GEOMETRIC_REPRESENTATION_CONTEXT(2) 
PARAMETRIC_REPRESENTATION_CONTEXT() REPRESENTATION_CONTEXT('2D SPACE',''
  ) );
#2446 = FACE_BOUND('',#2447,.T.);
#2447 = EDGE_LOOP('',(#2448));
#2448 = ORIENTED_EDGE('',*,*,#2449,.T.);
#2449 = EDGE_CURVE('',#2450,#2450,#2452,.T.);
#2450 = VERTEX_POINT('',#2451);
#2451 = CARTESIAN_POINT('',(39.9,-4.171930009001,11.521930009001));
#2452 = SURFACE_CURVE('',#2453,(#2458,#2469),.PCURVE_S1.);
#2453 = CIRCLE('',#2454,2.55);
#2454 = AXIS2_PLACEMENT_3D('',#2455,#2456,#2457);
#2455 = CARTESIAN_POINT('',(39.9,-4.171930009001,14.071930009001));
#2456 = DIRECTION('',(-1.,-0.,-0.));
#2457 = DIRECTION('',(0.,0.,-1.));
#2458 = PCURVE('',#681,#2459);
#2459 = DEFINITIONAL_REPRESENTATION('',(#2460),#2468);
#2460 = ( BOUNDED_CURVE() B_SPLINE_CURVE(2,(#2461,#2462,#2463,#2464,
#2465,#2466,#2467),.UNSPECIFIED.,.T.,.F.) B_SPLINE_CURVE_WITH_KNOTS((1,2
    ,2,2,2,1),(-2.094395102393,0.,2.094395102393,4.188790204786,
6.28318530718,8.377580409573),.UNSPECIFIED.) CURVE() 
GEOMETRIC_REPRESENTATION_ITEM() RATIONAL_B_SPLINE_CURVE((1.,0.5,1.,0.5,
1.,0.5,1.)) REPRESENTATION_ITEM('') );
#2461 = CARTESIAN_POINT('',(11.521930009001,-25.72806999099));
#2462 = CARTESIAN_POINT('',(11.521930009001,-21.31134043169));
#2463 = CARTESIAN_POINT('',(15.346930009001,-23.51970521134));
#2464 = CARTESIAN_POINT('',(19.171930009001,-25.72806999099));
#2465 = CARTESIAN_POINT('',(15.346930009001,-27.93643477065));
#2466 = CARTESIAN_POINT('',(11.521930009001,-30.1447995503));
#2467 = CARTESIAN_POINT('',(11.521930009001,-25.72806999099));
#2468 = ( GEOMETRIC_REPRESENTATION_CONTEXT(2) 
PARAMETRIC_REPRESENTATION_CONTEXT() REPRESENTATION_CONTEXT('2D SPACE',''
  ) );
#2469 = PCURVE('',#2470,#2475);
#2470 = CYLINDRICAL_SURFACE('',#2471,2.55);
#2471 = AXIS2_PLACEMENT_3D('',#2472,#2473,#2474);
#2472 = CARTESIAN_POINT('',(39.92,-4.171930009001,14.071930009001));
#2473 = DIRECTION('',(-1.,-0.,-0.));
#2474 = DIRECTION('',(0.,0.,-1.));
#2475 = DEFINITIONAL_REPRESENTATION('',(#2476),#2480);
#2476 = LINE('',#2477,#2478);
#2477 = CARTESIAN_POINT('',(0.,2.E-02));
#2478 = VECTOR('',#2479,1.);
#2479 = DIRECTION('',(1.,0.));
#2480 = ( GEOMETRIC_REPRESENTATION_CONTEXT(2) 
PARAMETRIC_REPRESENTATION_CONTEXT() REPRESENTATION_CONTEXT('2D SPACE',''
  ) );
#2481 = FACE_BOUND('',#2482,.T.);
#2482 = EDGE_LOOP('',(#2483));
#2483 = ORIENTED_EDGE('',*,*,#2484,.T.);
#2484 = EDGE_CURVE('',#2485,#2485,#2487,.T.);
#2485 = VERTEX_POINT('',#2486);
#2486 = CARTESIAN_POINT('',(39.9,-20.,7.4));
#2487 = SURFACE_CURVE('',#2488,(#2493,#2504),.PCURVE_S1.);
#2488 = CIRCLE('',#2489,2.5);
#2489 = AXIS2_PLACEMENT_3D('',#2490,#2491,#2492);
#2490 = CARTESIAN_POINT('',(39.9,-20.,9.9));
#2491 = DIRECTION('',(-1.,-0.,-0.));
#2492 = DIRECTION('',(0.,0.,-1.));
#2493 = PCURVE('',#681,#2494);
#2494 = DEFINITIONAL_REPRESENTATION('',(#2495),#2503);
#2495 = ( BOUNDED_CURVE() B_SPLINE_CURVE(2,(#2496,#2497,#2498,#2499,
#2500,#2501,#2502),.UNSPECIFIED.,.T.,.F.) B_SPLINE_CURVE_WITH_KNOTS((1,2
    ,2,2,2,1),(-2.094395102393,0.,2.094395102393,4.188790204786,
6.28318530718,8.377580409573),.UNSPECIFIED.) CURVE() 
GEOMETRIC_REPRESENTATION_ITEM() RATIONAL_B_SPLINE_CURVE((1.,0.5,1.,0.5,
1.,0.5,1.)) REPRESENTATION_ITEM('') );
#2496 = CARTESIAN_POINT('',(7.4,-9.9));
#2497 = CARTESIAN_POINT('',(7.4,-5.569872981078));
#2498 = CARTESIAN_POINT('',(11.15,-7.734936490539));
#2499 = CARTESIAN_POINT('',(14.9,-9.9));
#2500 = CARTESIAN_POINT('',(11.15,-12.06506350946));
#2501 = CARTESIAN_POINT('',(7.4,-14.23012701892));
#2502 = CARTESIAN_POINT('',(7.4,-9.9));
#2503 = ( GEOMETRIC_REPRESENTATION_CONTEXT(2) 
PARAMETRIC_REPRESENTATION_CONTEXT() REPRESENTATION_CONTEXT('2D SPACE',''
  ) );
#2504 = PCURVE('',#2505,#2510);
#2505 = CYLINDRICAL_SURFACE('',#2506,2.5);
#2506 = AXIS2_PLACEMENT_3D('',#2507,#2508,#2509);
#2507 = CARTESIAN_POINT('',(39.92,-20.,9.9));
#2508 = DIRECTION('',(-1.,-0.,-0.));
#2509 = DIRECTION('',(0.,0.,-1.));
#2510 = DEFINITIONAL_REPRESENTATION('',(#2511),#2515);
#2511 = LINE('',#2512,#2513);
#2512 = CARTESIAN_POINT('',(0.,2.E-02));
#2513 = VECTOR('',#2514,1.);
#2514 = DIRECTION('',(1.,0.));
#2515 = ( GEOMETRIC_REPRESENTATION_CONTEXT(2) 
PARAMETRIC_REPRESENTATION_CONTEXT() REPRESENTATION_CONTEXT('2D SPACE',''
  ) );
#2516 = FACE_BOUND('',#2517,.T.);
#2517 = EDGE_LOOP('',(#2518));
#2518 = ORIENTED_EDGE('',*,*,#2519,.T.);
#2519 = EDGE_CURVE('',#2520,#2520,#2522,.T.);
#2520 = VERTEX_POINT('',#2521);
#2521 = CARTESIAN_POINT('',(39.9,-15.82806999099,11.521930009001));
#2522 = SURFACE_CURVE('',#2523,(#2528,#2539),.PCURVE_S1.);
#2523 = CIRCLE('',#2524,2.55);
#2524 = AXIS2_PLACEMENT_3D('',#2525,#2526,#2527);
#2525 = CARTESIAN_POINT('',(39.9,-15.82806999099,14.071930009001));
#2526 = DIRECTION('',(-1.,-0.,-0.));
#2527 = DIRECTION('',(0.,0.,-1.));
#2528 = PCURVE('',#681,#2529);
#2529 = DEFINITIONAL_REPRESENTATION('',(#2530),#2538);
#2530 = ( BOUNDED_CURVE() B_SPLINE_CURVE(2,(#2531,#2532,#2533,#2534,
#2535,#2536,#2537),.UNSPECIFIED.,.T.,.F.) B_SPLINE_CURVE_WITH_KNOTS((1,2
    ,2,2,2,1),(-2.094395102393,0.,2.094395102393,4.188790204786,
6.28318530718,8.377580409573),.UNSPECIFIED.) CURVE() 
GEOMETRIC_REPRESENTATION_ITEM() RATIONAL_B_SPLINE_CURVE((1.,0.5,1.,0.5,
1.,0.5,1.)) REPRESENTATION_ITEM('') );
#2531 = CARTESIAN_POINT('',(11.521930009001,-14.071930009));
#2532 = CARTESIAN_POINT('',(11.521930009001,-9.6552004497));
#2533 = CARTESIAN_POINT('',(15.346930009001,-11.86356522935));
#2534 = CARTESIAN_POINT('',(19.171930009001,-14.071930009));
#2535 = CARTESIAN_POINT('',(15.346930009001,-16.28029478865));
#2536 = CARTESIAN_POINT('',(11.521930009001,-18.4886595683));
#2537 = CARTESIAN_POINT('',(11.521930009001,-14.071930009));
#2538 = ( GEOMETRIC_REPRESENTATION_CONTEXT(2) 
PARAMETRIC_REPRESENTATION_CONTEXT() REPRESENTATION_CONTEXT('2D SPACE',''
  ) );
#2539 = PCURVE('',#2540,#2545);
#2540 = CYLINDRICAL_SURFACE('',#2541,2.55);
#2541 = AXIS2_PLACEMENT_3D('',#2542,#2543,#2544);
#2542 = CARTESIAN_POINT('',(39.92,-15.82806999099,14.071930009001));
#2543 = DIRECTION('',(-1.,-0.,-0.));
#2544 = DIRECTION('',(0.,0.,-1.));
#2545 = DEFINITIONAL_REPRESENTATION('',(#2546),#2550);
#2546 = LINE('',#2547,#2548);
#2547 = CARTESIAN_POINT('',(0.,2.E-02));
#2548 = VECTOR('',#2549,1.);
#2549 = DIRECTION('',(1.,0.));
#2550 = ( GEOMETRIC_REPRESENTATION_CONTEXT(2) 
PARAMETRIC_REPRESENTATION_CONTEXT() REPRESENTATION_CONTEXT('2D SPACE',''
  ) );
#2551 = FACE_BOUND('',#2552,.T.);
#2552 = EDGE_LOOP('',(#2553));
#2553 = ORIENTED_EDGE('',*,*,#2554,.T.);
#2554 = EDGE_CURVE('',#2555,#2555,#2557,.T.);
#2555 = VERTEX_POINT('',#2556);
#2556 = CARTESIAN_POINT('',(39.9,-24.171930009,11.521930009001));
#2557 = SURFACE_CURVE('',#2558,(#2563,#2574),.PCURVE_S1.);
#2558 = CIRCLE('',#2559,2.55);
#2559 = AXIS2_PLACEMENT_3D('',#2560,#2561,#2562);
#2560 = CARTESIAN_POINT('',(39.9,-24.171930009,14.071930009001));
#2561 = DIRECTION('',(-1.,-0.,-0.));
#2562 = DIRECTION('',(0.,0.,-1.));
#2563 = PCURVE('',#681,#2564);
#2564 = DEFINITIONAL_REPRESENTATION('',(#2565),#2573);
#2565 = ( BOUNDED_CURVE() B_SPLINE_CURVE(2,(#2566,#2567,#2568,#2569,
#2570,#2571,#2572),.UNSPECIFIED.,.T.,.F.) B_SPLINE_CURVE_WITH_KNOTS((1,2
    ,2,2,2,1),(-2.094395102393,0.,2.094395102393,4.188790204786,
6.28318530718,8.377580409573),.UNSPECIFIED.) CURVE() 
GEOMETRIC_REPRESENTATION_ITEM() RATIONAL_B_SPLINE_CURVE((1.,0.5,1.,0.5,
1.,0.5,1.)) REPRESENTATION_ITEM('') );
#2566 = CARTESIAN_POINT('',(11.521930009001,-5.728069990999));
#2567 = CARTESIAN_POINT('',(11.521930009001,-1.311340431699));
#2568 = CARTESIAN_POINT('',(15.346930009001,-3.519705211349));
#2569 = CARTESIAN_POINT('',(19.171930009001,-5.728069990999));
#2570 = CARTESIAN_POINT('',(15.346930009001,-7.93643477065));
#2571 = CARTESIAN_POINT('',(11.521930009001,-10.1447995503));
#2572 = CARTESIAN_POINT('',(11.521930009001,-5.728069990999));
#2573 = ( GEOMETRIC_REPRESENTATION_CONTEXT(2) 
PARAMETRIC_REPRESENTATION_CONTEXT() REPRESENTATION_CONTEXT('2D SPACE',''
  ) );
#2574 = PCURVE('',#2575,#2580);
#2575 = CYLINDRICAL_SURFACE('',#2576,2.55);
#2576 = AXIS2_PLACEMENT_3D('',#2577,#2578,#2579);
#2577 = CARTESIAN_POINT('',(39.92,-24.171930009,14.071930009001));
#2578 = DIRECTION('',(-1.,-0.,-0.));
#2579 = DIRECTION('',(0.,0.,-1.));
#2580 = DEFINITIONAL_REPRESENTATION('',(#2581),#2585);
#2581 = LINE('',#2582,#2583);
#2582 = CARTESIAN_POINT('',(0.,2.E-02));
#2583 = VECTOR('',#2584,1.);
#2584 = DIRECTION('',(1.,0.));
#2585 = ( GEOMETRIC_REPRESENTATION_CONTEXT(2) 
PARAMETRIC_REPRESENTATION_CONTEXT() REPRESENTATION_CONTEXT('2D SPACE',''
  ) );
#2586 = ADVANCED_FACE('',(#2587),#653,.T.);
#2587 = FACE_BOUND('',#2588,.F.);
#2588 = EDGE_LOOP('',(#2589,#2590,#2622,#2623,#2624));
#2589 = ORIENTED_EDGE('',*,*,#2041,.F.);
#2590 = ORIENTED_EDGE('',*,*,#2591,.F.);
#2591 = EDGE_CURVE('',#1074,#2017,#2592,.T.);
#2592 = SURFACE_CURVE('',#2593,(#2598,#2610),.PCURVE_S1.);
#2593 = ELLIPSE('',#2594,1.414213562373,1.);
#2594 = AXIS2_PLACEMENT_3D('',#2595,#2596,#2597);
#2595 = CARTESIAN_POINT('',(38.9,-28.9,18.8));
#2596 = DIRECTION('',(0.,0.707106781187,0.707106781187));
#2597 = DIRECTION('',(0.,0.707106781187,-0.707106781187));
#2598 = PCURVE('',#653,#2599);
#2599 = DEFINITIONAL_REPRESENTATION('',(#2600),#2609);
#2600 = B_SPLINE_CURVE_WITH_KNOTS('',7,(#2601,#2602,#2603,#2604,#2605,
    #2606,#2607,#2608),.UNSPECIFIED.,.F.,.F.,(8,8),(3.14159265359,
    4.712388980385),.PIECEWISE_BEZIER_KNOTS.);
#2601 = CARTESIAN_POINT('',(-1.570796326795,-2.22044604925E-16));
#2602 = CARTESIAN_POINT('',(-1.346396851538,-2.495256148353E-16));
#2603 = CARTESIAN_POINT('',(-1.121997376282,5.874867260998E-02));
#2604 = CARTESIAN_POINT('',(-0.897597901026,0.176237495375));
#2605 = CARTESIAN_POINT('',(-0.673198425769,0.345253174226));
#2606 = CARTESIAN_POINT('',(-0.448798950513,0.551201960681));
#2607 = CARTESIAN_POINT('',(-0.224399475256,0.775600524744));
#2608 = CARTESIAN_POINT('',(0.,1.));
#2609 = ( GEOMETRIC_REPRESENTATION_CONTEXT(2) 
PARAMETRIC_REPRESENTATION_CONTEXT() REPRESENTATION_CONTEXT('2D SPACE',''
  ) );
#2610 = PCURVE('',#1127,#2611);
#2611 = DEFINITIONAL_REPRESENTATION('',(#2612),#2621);
#2612 = B_SPLINE_CURVE_WITH_KNOTS('',7,(#2613,#2614,#2615,#2616,#2617,
    #2618,#2619,#2620),.UNSPECIFIED.,.F.,.F.,(8,8),(3.14159265359,
    4.712388980385),.PIECEWISE_BEZIER_KNOTS.);
#2613 = CARTESIAN_POINT('',(-1.570796326795,19.8));
#2614 = CARTESIAN_POINT('',(-1.346396851538,19.8));
#2615 = CARTESIAN_POINT('',(-1.121997376282,19.741251327391));
#2616 = CARTESIAN_POINT('',(-0.897597901026,19.623762504626));
#2617 = CARTESIAN_POINT('',(-0.673198425769,19.454746825775));
#2618 = CARTESIAN_POINT('',(-0.448798950513,19.248798039318));
#2619 = CARTESIAN_POINT('',(-0.224399475256,19.024399475256));
#2620 = CARTESIAN_POINT('',(-2.22044604925E-16,18.8));
#2621 = ( GEOMETRIC_REPRESENTATION_CONTEXT(2) 
PARAMETRIC_REPRESENTATION_CONTEXT() REPRESENTATION_CONTEXT('2D SPACE',''
  ) );
#2622 = ORIENTED_EDGE('',*,*,#1073,.F.);
#2623 = ORIENTED_EDGE('',*,*,#1816,.T.);
#2624 = ORIENTED_EDGE('',*,*,#636,.T.);
#2625 = ADVANCED_FACE('',(#2626,#2701),#763,.F.);
#2626 = FACE_BOUND('',#2627,.F.);
#2627 = EDGE_LOOP('',(#2628,#2651,#2679,#2700));
#2628 = ORIENTED_EDGE('',*,*,#2629,.F.);
#2629 = EDGE_CURVE('',#2630,#746,#2632,.T.);
#2630 = VERTEX_POINT('',#2631);
#2631 = CARTESIAN_POINT('',(-37.9,-27.9,17.8));
#2632 = SURFACE_CURVE('',#2633,(#2637,#2644),.PCURVE_S1.);
#2633 = LINE('',#2634,#2635);
#2634 = CARTESIAN_POINT('',(-37.9,-27.9,17.8));
#2635 = VECTOR('',#2636,1.);
#2636 = DIRECTION('',(-0.,1.,0.));
#2637 = PCURVE('',#763,#2638);
#2638 = DEFINITIONAL_REPRESENTATION('',(#2639),#2643);
#2639 = LINE('',#2640,#2641);
#2640 = CARTESIAN_POINT('',(0.,0.));
#2641 = VECTOR('',#2642,1.);
#2642 = DIRECTION('',(0.,1.));
#2643 = ( GEOMETRIC_REPRESENTATION_CONTEXT(2) 
PARAMETRIC_REPRESENTATION_CONTEXT() REPRESENTATION_CONTEXT('2D SPACE',''
  ) );
#2644 = PCURVE('',#791,#2645);
#2645 = DEFINITIONAL_REPRESENTATION('',(#2646),#2650);
#2646 = LINE('',#2647,#2648);
#2647 = CARTESIAN_POINT('',(15.8,0.));
#2648 = VECTOR('',#2649,1.);
#2649 = DIRECTION('',(0.,-1.));
#2650 = ( GEOMETRIC_REPRESENTATION_CONTEXT(2) 
PARAMETRIC_REPRESENTATION_CONTEXT() REPRESENTATION_CONTEXT('2D SPACE',''
  ) );
#2651 = ORIENTED_EDGE('',*,*,#2652,.T.);
#2652 = EDGE_CURVE('',#2630,#2653,#2655,.T.);
#2653 = VERTEX_POINT('',#2654);
#2654 = CARTESIAN_POINT('',(37.9,-27.9,17.8));
#2655 = SURFACE_CURVE('',#2656,(#2660,#2667),.PCURVE_S1.);
#2656 = LINE('',#2657,#2658);
#2657 = CARTESIAN_POINT('',(-37.9,-27.9,17.8));
#2658 = VECTOR('',#2659,1.);
#2659 = DIRECTION('',(1.,0.,-0.));
#2660 = PCURVE('',#763,#2661);
#2661 = DEFINITIONAL_REPRESENTATION('',(#2662),#2666);
#2662 = LINE('',#2663,#2664);
#2663 = CARTESIAN_POINT('',(0.,0.));
#2664 = VECTOR('',#2665,1.);
#2665 = DIRECTION('',(1.,0.));
#2666 = ( GEOMETRIC_REPRESENTATION_CONTEXT(2) 
PARAMETRIC_REPRESENTATION_CONTEXT() REPRESENTATION_CONTEXT('2D SPACE',''
  ) );
#2667 = PCURVE('',#2668,#2673);
#2668 = PLANE('',#2669);
#2669 = AXIS2_PLACEMENT_3D('',#2670,#2671,#2672);
#2670 = CARTESIAN_POINT('',(-37.9,-27.9,2.));
#2671 = DIRECTION('',(-0.,1.,0.));
#2672 = DIRECTION('',(0.,0.,1.));
#2673 = DEFINITIONAL_REPRESENTATION('',(#2674),#2678);
#2674 = LINE('',#2675,#2676);
#2675 = CARTESIAN_POINT('',(15.8,0.));
#2676 = VECTOR('',#2677,1.);
#2677 = DIRECTION('',(0.,1.));
#2678 = ( GEOMETRIC_REPRESENTATION_CONTEXT(2) 
PARAMETRIC_REPRESENTATION_CONTEXT() REPRESENTATION_CONTEXT('2D SPACE',''
  ) );
#2679 = ORIENTED_EDGE('',*,*,#2680,.T.);
#2680 = EDGE_CURVE('',#2653,#748,#2681,.T.);
#2681 = SURFACE_CURVE('',#2682,(#2686,#2693),.PCURVE_S1.);
#2682 = LINE('',#2683,#2684);
#2683 = CARTESIAN_POINT('',(37.9,-27.9,17.8));
#2684 = VECTOR('',#2685,1.);
#2685 = DIRECTION('',(-0.,1.,0.));
#2686 = PCURVE('',#763,#2687);
#2687 = DEFINITIONAL_REPRESENTATION('',(#2688),#2692);
#2688 = LINE('',#2689,#2690);
#2689 = CARTESIAN_POINT('',(75.8,0.));
#2690 = VECTOR('',#2691,1.);
#2691 = DIRECTION('',(0.,1.));
#2692 = ( GEOMETRIC_REPRESENTATION_CONTEXT(2) 
PARAMETRIC_REPRESENTATION_CONTEXT() REPRESENTATION_CONTEXT('2D SPACE',''
  ) );
#2693 = PCURVE('',#845,#2694);
#2694 = DEFINITIONAL_REPRESENTATION('',(#2695),#2699);
#2695 = LINE('',#2696,#2697);
#2696 = CARTESIAN_POINT('',(15.8,0.));
#2697 = VECTOR('',#2698,1.);
#2698 = DIRECTION('',(0.,-1.));
#2699 = ( GEOMETRIC_REPRESENTATION_CONTEXT(2) 
PARAMETRIC_REPRESENTATION_CONTEXT() REPRESENTATION_CONTEXT('2D SPACE',''
  ) );
#2700 = ORIENTED_EDGE('',*,*,#745,.F.);
#2701 = FACE_BOUND('',#2702,.F.);
#2702 = EDGE_LOOP('',(#2703,#2728,#2751,#2774));
#2703 = ORIENTED_EDGE('',*,*,#2704,.T.);
#2704 = EDGE_CURVE('',#2705,#2707,#2709,.T.);
#2705 = VERTEX_POINT('',#2706);
#2706 = CARTESIAN_POINT('',(24.48,-23.81,17.8));
#2707 = VERTEX_POINT('',#2708);
#2708 = CARTESIAN_POINT('',(-24.48,-23.81,17.8));
#2709 = SURFACE_CURVE('',#2710,(#2714,#2721),.PCURVE_S1.);
#2710 = LINE('',#2711,#2712);
#2711 = CARTESIAN_POINT('',(-31.19,-23.81,17.8));
#2712 = VECTOR('',#2713,1.);
#2713 = DIRECTION('',(-1.,-0.,0.));
#2714 = PCURVE('',#763,#2715);
#2715 = DEFINITIONAL_REPRESENTATION('',(#2716),#2720);
#2716 = LINE('',#2717,#2718);
#2717 = CARTESIAN_POINT('',(6.71,4.09));
#2718 = VECTOR('',#2719,1.);
#2719 = DIRECTION('',(-1.,0.));
#2720 = ( GEOMETRIC_REPRESENTATION_CONTEXT(2) 
PARAMETRIC_REPRESENTATION_CONTEXT() REPRESENTATION_CONTEXT('2D SPACE',''
  ) );
#2721 = PCURVE('',#1858,#2722);
#2722 = DEFINITIONAL_REPRESENTATION('',(#2723),#2727);
#2723 = LINE('',#2724,#2725);
#2724 = CARTESIAN_POINT('',(1.,-6.71));
#2725 = VECTOR('',#2726,1.);
#2726 = DIRECTION('',(0.,-1.));
#2727 = ( GEOMETRIC_REPRESENTATION_CONTEXT(2) 
PARAMETRIC_REPRESENTATION_CONTEXT() REPRESENTATION_CONTEXT('2D SPACE',''
  ) );
#2728 = ORIENTED_EDGE('',*,*,#2729,.T.);
#2729 = EDGE_CURVE('',#2707,#2730,#2732,.T.);
#2730 = VERTEX_POINT('',#2731);
#2731 = CARTESIAN_POINT('',(-24.48,12.91,17.8));
#2732 = SURFACE_CURVE('',#2733,(#2737,#2744),.PCURVE_S1.);
#2733 = LINE('',#2734,#2735);
#2734 = CARTESIAN_POINT('',(-24.48,-25.855,17.8));
#2735 = VECTOR('',#2736,1.);
#2736 = DIRECTION('',(-0.,1.,0.));
#2737 = PCURVE('',#763,#2738);
#2738 = DEFINITIONAL_REPRESENTATION('',(#2739),#2743);
#2739 = LINE('',#2740,#2741);
#2740 = CARTESIAN_POINT('',(13.42,2.045));
#2741 = VECTOR('',#2742,1.);
#2742 = DIRECTION('',(0.,1.));
#2743 = ( GEOMETRIC_REPRESENTATION_CONTEXT(2) 
PARAMETRIC_REPRESENTATION_CONTEXT() REPRESENTATION_CONTEXT('2D SPACE',''
  ) );
#2744 = PCURVE('',#1886,#2745);
#2745 = DEFINITIONAL_REPRESENTATION('',(#2746),#2750);
#2746 = LINE('',#2747,#2748);
#2747 = CARTESIAN_POINT('',(1.,2.045));
#2748 = VECTOR('',#2749,1.);
#2749 = DIRECTION('',(0.,-1.));
#2750 = ( GEOMETRIC_REPRESENTATION_CONTEXT(2) 
PARAMETRIC_REPRESENTATION_CONTEXT() REPRESENTATION_CONTEXT('2D SPACE',''
  ) );
#2751 = ORIENTED_EDGE('',*,*,#2752,.F.);
#2752 = EDGE_CURVE('',#2753,#2730,#2755,.T.);
#2753 = VERTEX_POINT('',#2754);
#2754 = CARTESIAN_POINT('',(24.48,12.91,17.8));
#2755 = SURFACE_CURVE('',#2756,(#2760,#2767),.PCURVE_S1.);
#2756 = LINE('',#2757,#2758);
#2757 = CARTESIAN_POINT('',(-31.19,12.91,17.8));
#2758 = VECTOR('',#2759,1.);
#2759 = DIRECTION('',(-1.,-0.,0.));
#2760 = PCURVE('',#763,#2761);
#2761 = DEFINITIONAL_REPRESENTATION('',(#2762),#2766);
#2762 = LINE('',#2763,#2764);
#2763 = CARTESIAN_POINT('',(6.71,40.81));
#2764 = VECTOR('',#2765,1.);
#2765 = DIRECTION('',(-1.,0.));
#2766 = ( GEOMETRIC_REPRESENTATION_CONTEXT(2) 
PARAMETRIC_REPRESENTATION_CONTEXT() REPRESENTATION_CONTEXT('2D SPACE',''
  ) );
#2767 = PCURVE('',#1914,#2768);
#2768 = DEFINITIONAL_REPRESENTATION('',(#2769),#2773);
#2769 = LINE('',#2770,#2771);
#2770 = CARTESIAN_POINT('',(1.,-6.71));
#2771 = VECTOR('',#2772,1.);
#2772 = DIRECTION('',(0.,-1.));
#2773 = ( GEOMETRIC_REPRESENTATION_CONTEXT(2) 
PARAMETRIC_REPRESENTATION_CONTEXT() REPRESENTATION_CONTEXT('2D SPACE',''
  ) );
#2774 = ORIENTED_EDGE('',*,*,#2775,.F.);
#2775 = EDGE_CURVE('',#2705,#2753,#2776,.T.);
#2776 = SURFACE_CURVE('',#2777,(#2781,#2788),.PCURVE_S1.);
#2777 = LINE('',#2778,#2779);
#2778 = CARTESIAN_POINT('',(24.48,-25.855,17.8));
#2779 = VECTOR('',#2780,1.);
#2780 = DIRECTION('',(-0.,1.,0.));
#2781 = PCURVE('',#763,#2782);
#2782 = DEFINITIONAL_REPRESENTATION('',(#2783),#2787);
#2783 = LINE('',#2784,#2785);
#2784 = CARTESIAN_POINT('',(62.38,2.045));
#2785 = VECTOR('',#2786,1.);
#2786 = DIRECTION('',(0.,1.));
#2787 = ( GEOMETRIC_REPRESENTATION_CONTEXT(2) 
PARAMETRIC_REPRESENTATION_CONTEXT() REPRESENTATION_CONTEXT('2D SPACE',''
  ) );
#2788 = PCURVE('',#1940,#2789);
#2789 = DEFINITIONAL_REPRESENTATION('',(#2790),#2794);
#2790 = LINE('',#2791,#2792);
#2791 = CARTESIAN_POINT('',(1.,2.045));
#2792 = VECTOR('',#2793,1.);
#2793 = DIRECTION('',(0.,-1.));
#2794 = ( GEOMETRIC_REPRESENTATION_CONTEXT(2) 
PARAMETRIC_REPRESENTATION_CONTEXT() REPRESENTATION_CONTEXT('2D SPACE',''
  ) );
#2795 = ADVANCED_FACE('',(#2796,#2844,#2874,#2904),#845,.F.);
#2796 = FACE_BOUND('',#2797,.F.);
#2797 = EDGE_LOOP('',(#2798,#2799,#2822,#2843));
#2798 = ORIENTED_EDGE('',*,*,#2680,.F.);
#2799 = ORIENTED_EDGE('',*,*,#2800,.F.);
#2800 = EDGE_CURVE('',#2801,#2653,#2803,.T.);
#2801 = VERTEX_POINT('',#2802);
#2802 = CARTESIAN_POINT('',(37.9,-27.9,2.));
#2803 = SURFACE_CURVE('',#2804,(#2808,#2815),.PCURVE_S1.);
#2804 = LINE('',#2805,#2806);
#2805 = CARTESIAN_POINT('',(37.9,-27.9,2.));
#2806 = VECTOR('',#2807,1.);
#2807 = DIRECTION('',(0.,0.,1.));
#2808 = PCURVE('',#845,#2809);
#2809 = DEFINITIONAL_REPRESENTATION('',(#2810),#2814);
#2810 = LINE('',#2811,#2812);
#2811 = CARTESIAN_POINT('',(0.,0.));
#2812 = VECTOR('',#2813,1.);
#2813 = DIRECTION('',(1.,0.));
#2814 = ( GEOMETRIC_REPRESENTATION_CONTEXT(2) 
PARAMETRIC_REPRESENTATION_CONTEXT() REPRESENTATION_CONTEXT('2D SPACE',''
  ) );
#2815 = PCURVE('',#2668,#2816);
#2816 = DEFINITIONAL_REPRESENTATION('',(#2817),#2821);
#2817 = LINE('',#2818,#2819);
#2818 = CARTESIAN_POINT('',(0.,75.8));
#2819 = VECTOR('',#2820,1.);
#2820 = DIRECTION('',(1.,0.));
#2821 = ( GEOMETRIC_REPRESENTATION_CONTEXT(2) 
PARAMETRIC_REPRESENTATION_CONTEXT() REPRESENTATION_CONTEXT('2D SPACE',''
  ) );
#2822 = ORIENTED_EDGE('',*,*,#2823,.T.);
#2823 = EDGE_CURVE('',#2801,#804,#2824,.T.);
#2824 = SURFACE_CURVE('',#2825,(#2829,#2836),.PCURVE_S1.);
#2825 = LINE('',#2826,#2827);
#2826 = CARTESIAN_POINT('',(37.9,-27.9,2.));
#2827 = VECTOR('',#2828,1.);
#2828 = DIRECTION('',(-0.,1.,0.));
#2829 = PCURVE('',#845,#2830);
#2830 = DEFINITIONAL_REPRESENTATION('',(#2831),#2835);
#2831 = LINE('',#2832,#2833);
#2832 = CARTESIAN_POINT('',(0.,0.));
#2833 = VECTOR('',#2834,1.);
#2834 = DIRECTION('',(0.,-1.));
#2835 = ( GEOMETRIC_REPRESENTATION_CONTEXT(2) 
PARAMETRIC_REPRESENTATION_CONTEXT() REPRESENTATION_CONTEXT('2D SPACE',''
  ) );
#2836 = PCURVE('',#819,#2837);
#2837 = DEFINITIONAL_REPRESENTATION('',(#2838),#2842);
#2838 = LINE('',#2839,#2840);
#2839 = CARTESIAN_POINT('',(75.8,0.));
#2840 = VECTOR('',#2841,1.);
#2841 = DIRECTION('',(0.,1.));
#2842 = ( GEOMETRIC_REPRESENTATION_CONTEXT(2) 
PARAMETRIC_REPRESENTATION_CONTEXT() REPRESENTATION_CONTEXT('2D SPACE',''
  ) );
#2843 = ORIENTED_EDGE('',*,*,#831,.F.);
#2844 = FACE_BOUND('',#2845,.F.);
#2845 = EDGE_LOOP('',(#2846));
#2846 = ORIENTED_EDGE('',*,*,#2847,.T.);
#2847 = EDGE_CURVE('',#2848,#2848,#2850,.T.);
#2848 = VERTEX_POINT('',#2849);
#2849 = CARTESIAN_POINT('',(37.9,20.,7.4));
#2850 = SURFACE_CURVE('',#2851,(#2856,#2867),.PCURVE_S1.);
#2851 = CIRCLE('',#2852,2.5);
#2852 = AXIS2_PLACEMENT_3D('',#2853,#2854,#2855);
#2853 = CARTESIAN_POINT('',(37.9,20.,9.9));
#2854 = DIRECTION('',(-1.,-0.,-0.));
#2855 = DIRECTION('',(0.,0.,-1.));
#2856 = PCURVE('',#845,#2857);
#2857 = DEFINITIONAL_REPRESENTATION('',(#2858),#2866);
#2858 = ( BOUNDED_CURVE() B_SPLINE_CURVE(2,(#2859,#2860,#2861,#2862,
#2863,#2864,#2865),.UNSPECIFIED.,.T.,.F.) B_SPLINE_CURVE_WITH_KNOTS((1,2
    ,2,2,2,1),(-2.094395102393,0.,2.094395102393,4.188790204786,
6.28318530718,8.377580409573),.UNSPECIFIED.) CURVE() 
GEOMETRIC_REPRESENTATION_ITEM() RATIONAL_B_SPLINE_CURVE((1.,0.5,1.,0.5,
1.,0.5,1.)) REPRESENTATION_ITEM('') );
#2859 = CARTESIAN_POINT('',(5.4,-47.9));
#2860 = CARTESIAN_POINT('',(5.4,-43.56987298107));
#2861 = CARTESIAN_POINT('',(9.15,-45.73493649053));
#2862 = CARTESIAN_POINT('',(12.9,-47.9));
#2863 = CARTESIAN_POINT('',(9.15,-50.06506350946));
#2864 = CARTESIAN_POINT('',(5.4,-52.23012701892));
#2865 = CARTESIAN_POINT('',(5.4,-47.9));
#2866 = ( GEOMETRIC_REPRESENTATION_CONTEXT(2) 
PARAMETRIC_REPRESENTATION_CONTEXT() REPRESENTATION_CONTEXT('2D SPACE',''
  ) );
#2867 = PCURVE('',#2190,#2868);
#2868 = DEFINITIONAL_REPRESENTATION('',(#2869),#2873);
#2869 = LINE('',#2870,#2871);
#2870 = CARTESIAN_POINT('',(0.,2.02));
#2871 = VECTOR('',#2872,1.);
#2872 = DIRECTION('',(1.,0.));
#2873 = ( GEOMETRIC_REPRESENTATION_CONTEXT(2) 
PARAMETRIC_REPRESENTATION_CONTEXT() REPRESENTATION_CONTEXT('2D SPACE',''
  ) );
#2874 = FACE_BOUND('',#2875,.F.);
#2875 = EDGE_LOOP('',(#2876));
#2876 = ORIENTED_EDGE('',*,*,#2877,.T.);
#2877 = EDGE_CURVE('',#2878,#2878,#2880,.T.);
#2878 = VERTEX_POINT('',#2879);
#2879 = CARTESIAN_POINT('',(37.9,0.,7.4));
#2880 = SURFACE_CURVE('',#2881,(#2886,#2897),.PCURVE_S1.);
#2881 = CIRCLE('',#2882,2.5);
#2882 = AXIS2_PLACEMENT_3D('',#2883,#2884,#2885);
#2883 = CARTESIAN_POINT('',(37.9,0.,9.9));
#2884 = DIRECTION('',(-1.,-0.,-0.));
#2885 = DIRECTION('',(0.,0.,-1.));
#2886 = PCURVE('',#845,#2887);
#2887 = DEFINITIONAL_REPRESENTATION('',(#2888),#2896);
#2888 = ( BOUNDED_CURVE() B_SPLINE_CURVE(2,(#2889,#2890,#2891,#2892,
#2893,#2894,#2895),.UNSPECIFIED.,.T.,.F.) B_SPLINE_CURVE_WITH_KNOTS((1,2
    ,2,2,2,1),(-2.094395102393,0.,2.094395102393,4.188790204786,
6.28318530718,8.377580409573),.UNSPECIFIED.) CURVE() 
GEOMETRIC_REPRESENTATION_ITEM() RATIONAL_B_SPLINE_CURVE((1.,0.5,1.,0.5,
1.,0.5,1.)) REPRESENTATION_ITEM('') );
#2889 = CARTESIAN_POINT('',(5.4,-27.9));
#2890 = CARTESIAN_POINT('',(5.4,-23.56987298107));
#2891 = CARTESIAN_POINT('',(9.15,-25.73493649053));
#2892 = CARTESIAN_POINT('',(12.9,-27.9));
#2893 = CARTESIAN_POINT('',(9.15,-30.06506350946));
#2894 = CARTESIAN_POINT('',(5.4,-32.23012701892));
#2895 = CARTESIAN_POINT('',(5.4,-27.9));
#2896 = ( GEOMETRIC_REPRESENTATION_CONTEXT(2) 
PARAMETRIC_REPRESENTATION_CONTEXT() REPRESENTATION_CONTEXT('2D SPACE',''
  ) );
#2897 = PCURVE('',#2435,#2898);
#2898 = DEFINITIONAL_REPRESENTATION('',(#2899),#2903);
#2899 = LINE('',#2900,#2901);
#2900 = CARTESIAN_POINT('',(0.,2.02));
#2901 = VECTOR('',#2902,1.);
#2902 = DIRECTION('',(1.,0.));
#2903 = ( GEOMETRIC_REPRESENTATION_CONTEXT(2) 
PARAMETRIC_REPRESENTATION_CONTEXT() REPRESENTATION_CONTEXT('2D SPACE',''
  ) );
#2904 = FACE_BOUND('',#2905,.F.);
#2905 = EDGE_LOOP('',(#2906));
#2906 = ORIENTED_EDGE('',*,*,#2907,.T.);
#2907 = EDGE_CURVE('',#2908,#2908,#2910,.T.);
#2908 = VERTEX_POINT('',#2909);
#2909 = CARTESIAN_POINT('',(37.9,-20.,7.4));
#2910 = SURFACE_CURVE('',#2911,(#2916,#2927),.PCURVE_S1.);
#2911 = CIRCLE('',#2912,2.5);
#2912 = AXIS2_PLACEMENT_3D('',#2913,#2914,#2915);
#2913 = CARTESIAN_POINT('',(37.9,-20.,9.9));
#2914 = DIRECTION('',(-1.,-0.,-0.));
#2915 = DIRECTION('',(0.,0.,-1.));
#2916 = PCURVE('',#845,#2917);
#2917 = DEFINITIONAL_REPRESENTATION('',(#2918),#2926);
#2918 = ( BOUNDED_CURVE() B_SPLINE_CURVE(2,(#2919,#2920,#2921,#2922,
#2923,#2924,#2925),.UNSPECIFIED.,.T.,.F.) B_SPLINE_CURVE_WITH_KNOTS((1,2
    ,2,2,2,1),(-2.094395102393,0.,2.094395102393,4.188790204786,
6.28318530718,8.377580409573),.UNSPECIFIED.) CURVE() 
GEOMETRIC_REPRESENTATION_ITEM() RATIONAL_B_SPLINE_CURVE((1.,0.5,1.,0.5,
1.,0.5,1.)) REPRESENTATION_ITEM('') );
#2919 = CARTESIAN_POINT('',(5.4,-7.9));
#2920 = CARTESIAN_POINT('',(5.4,-3.569872981078));
#2921 = CARTESIAN_POINT('',(9.15,-5.734936490539));
#2922 = CARTESIAN_POINT('',(12.9,-7.9));
#2923 = CARTESIAN_POINT('',(9.15,-10.06506350946));
#2924 = CARTESIAN_POINT('',(5.4,-12.23012701892));
#2925 = CARTESIAN_POINT('',(5.4,-7.9));
#2926 = ( GEOMETRIC_REPRESENTATION_CONTEXT(2) 
PARAMETRIC_REPRESENTATION_CONTEXT() REPRESENTATION_CONTEXT('2D SPACE',''
  ) );
#2927 = PCURVE('',#2505,#2928);
#2928 = DEFINITIONAL_REPRESENTATION('',(#2929),#2933);
#2929 = LINE('',#2930,#2931);
#2930 = CARTESIAN_POINT('',(0.,2.02));
#2931 = VECTOR('',#2932,1.);
#2932 = DIRECTION('',(1.,0.));
#2933 = ( GEOMETRIC_REPRESENTATION_CONTEXT(2) 
PARAMETRIC_REPRESENTATION_CONTEXT() REPRESENTATION_CONTEXT('2D SPACE',''
  ) );
#2934 = ADVANCED_FACE('',(#2935,#2983,#3014,#3045,#3076,#3107,#3138,
    #3169,#3200,#3231,#3262,#3293,#3324),#819,.T.);
#2935 = FACE_BOUND('',#2936,.T.);
#2936 = EDGE_LOOP('',(#2937,#2960,#2981,#2982));
#2937 = ORIENTED_EDGE('',*,*,#2938,.F.);
#2938 = EDGE_CURVE('',#2939,#776,#2941,.T.);
#2939 = VERTEX_POINT('',#2940);
#2940 = CARTESIAN_POINT('',(-37.9,-27.9,2.));
#2941 = SURFACE_CURVE('',#2942,(#2946,#2953),.PCURVE_S1.);
#2942 = LINE('',#2943,#2944);
#2943 = CARTESIAN_POINT('',(-37.9,-27.9,2.));
#2944 = VECTOR('',#2945,1.);
#2945 = DIRECTION('',(-0.,1.,0.));
#2946 = PCURVE('',#819,#2947);
#2947 = DEFINITIONAL_REPRESENTATION('',(#2948),#2952);
#2948 = LINE('',#2949,#2950);
#2949 = CARTESIAN_POINT('',(0.,0.));
#2950 = VECTOR('',#2951,1.);
#2951 = DIRECTION('',(0.,1.));
#2952 = ( GEOMETRIC_REPRESENTATION_CONTEXT(2) 
PARAMETRIC_REPRESENTATION_CONTEXT() REPRESENTATION_CONTEXT('2D SPACE',''
  ) );
#2953 = PCURVE('',#791,#2954);
#2954 = DEFINITIONAL_REPRESENTATION('',(#2955),#2959);
#2955 = LINE('',#2956,#2957);
#2956 = CARTESIAN_POINT('',(0.,0.));
#2957 = VECTOR('',#2958,1.);
#2958 = DIRECTION('',(0.,-1.));
#2959 = ( GEOMETRIC_REPRESENTATION_CONTEXT(2) 
PARAMETRIC_REPRESENTATION_CONTEXT() REPRESENTATION_CONTEXT('2D SPACE',''
  ) );
#2960 = ORIENTED_EDGE('',*,*,#2961,.T.);
#2961 = EDGE_CURVE('',#2939,#2801,#2962,.T.);
#2962 = SURFACE_CURVE('',#2963,(#2967,#2974),.PCURVE_S1.);
#2963 = LINE('',#2964,#2965);
#2964 = CARTESIAN_POINT('',(-37.9,-27.9,2.));
#2965 = VECTOR('',#2966,1.);
#2966 = DIRECTION('',(1.,0.,-0.));
#2967 = PCURVE('',#819,#2968);
#2968 = DEFINITIONAL_REPRESENTATION('',(#2969),#2973);
#2969 = LINE('',#2970,#2971);
#2970 = CARTESIAN_POINT('',(0.,0.));
#2971 = VECTOR('',#2972,1.);
#2972 = DIRECTION('',(1.,0.));
#2973 = ( GEOMETRIC_REPRESENTATION_CONTEXT(2) 
PARAMETRIC_REPRESENTATION_CONTEXT() REPRESENTATION_CONTEXT('2D SPACE',''
  ) );
#2974 = PCURVE('',#2668,#2975);
#2975 = DEFINITIONAL_REPRESENTATION('',(#2976),#2980);
#2976 = LINE('',#2977,#2978);
#2977 = CARTESIAN_POINT('',(0.,0.));
#2978 = VECTOR('',#2979,1.);
#2979 = DIRECTION('',(0.,1.));
#2980 = ( GEOMETRIC_REPRESENTATION_CONTEXT(2) 
PARAMETRIC_REPRESENTATION_CONTEXT() REPRESENTATION_CONTEXT('2D SPACE',''
  ) );
#2981 = ORIENTED_EDGE('',*,*,#2823,.T.);
#2982 = ORIENTED_EDGE('',*,*,#803,.F.);
#2983 = FACE_BOUND('',#2984,.T.);
#2984 = EDGE_LOOP('',(#2985));
#2985 = ORIENTED_EDGE('',*,*,#2986,.F.);
#2986 = EDGE_CURVE('',#2987,#2987,#2989,.T.);
#2987 = VERTEX_POINT('',#2988);
#2988 = CARTESIAN_POINT('',(-27.5,-20.,2.));
#2989 = SURFACE_CURVE('',#2990,(#2995,#3002),.PCURVE_S1.);
#2990 = CIRCLE('',#2991,2.5);
#2991 = AXIS2_PLACEMENT_3D('',#2992,#2993,#2994);
#2992 = CARTESIAN_POINT('',(-30.,-20.,2.));
#2993 = DIRECTION('',(0.,-0.,1.));
#2994 = DIRECTION('',(1.,0.,0.));
#2995 = PCURVE('',#819,#2996);
#2996 = DEFINITIONAL_REPRESENTATION('',(#2997),#3001);
#2997 = CIRCLE('',#2998,2.5);
#2998 = AXIS2_PLACEMENT_2D('',#2999,#3000);
#2999 = CARTESIAN_POINT('',(7.9,7.9));
#3000 = DIRECTION('',(1.,0.));
#3001 = ( GEOMETRIC_REPRESENTATION_CONTEXT(2) 
PARAMETRIC_REPRESENTATION_CONTEXT() REPRESENTATION_CONTEXT('2D SPACE',''
  ) );
#3002 = PCURVE('',#3003,#3008);
#3003 = CYLINDRICAL_SURFACE('',#3004,2.5);
#3004 = AXIS2_PLACEMENT_3D('',#3005,#3006,#3007);
#3005 = CARTESIAN_POINT('',(-30.,-20.,-2.E-02));
#3006 = DIRECTION('',(-0.,-0.,1.));
#3007 = DIRECTION('',(1.,0.,0.));
#3008 = DEFINITIONAL_REPRESENTATION('',(#3009),#3013);
#3009 = LINE('',#3010,#3011);
#3010 = CARTESIAN_POINT('',(0.,2.02));
#3011 = VECTOR('',#3012,1.);
#3012 = DIRECTION('',(1.,0.));
#3013 = ( GEOMETRIC_REPRESENTATION_CONTEXT(2) 
PARAMETRIC_REPRESENTATION_CONTEXT() REPRESENTATION_CONTEXT('2D SPACE',''
  ) );
#3014 = FACE_BOUND('',#3015,.T.);
#3015 = EDGE_LOOP('',(#3016));
#3016 = ORIENTED_EDGE('',*,*,#3017,.F.);
#3017 = EDGE_CURVE('',#3018,#3018,#3020,.T.);
#3018 = VERTEX_POINT('',#3019);
#3019 = CARTESIAN_POINT('',(-7.5,-20.,2.));
#3020 = SURFACE_CURVE('',#3021,(#3026,#3033),.PCURVE_S1.);
#3021 = CIRCLE('',#3022,2.5);
#3022 = AXIS2_PLACEMENT_3D('',#3023,#3024,#3025);
#3023 = CARTESIAN_POINT('',(-10.,-20.,2.));
#3024 = DIRECTION('',(0.,-0.,1.));
#3025 = DIRECTION('',(1.,0.,0.));
#3026 = PCURVE('',#819,#3027);
#3027 = DEFINITIONAL_REPRESENTATION('',(#3028),#3032);
#3028 = CIRCLE('',#3029,2.5);
#3029 = AXIS2_PLACEMENT_2D('',#3030,#3031);
#3030 = CARTESIAN_POINT('',(27.9,7.9));
#3031 = DIRECTION('',(1.,0.));
#3032 = ( GEOMETRIC_REPRESENTATION_CONTEXT(2) 
PARAMETRIC_REPRESENTATION_CONTEXT() REPRESENTATION_CONTEXT('2D SPACE',''
  ) );
#3033 = PCURVE('',#3034,#3039);
#3034 = CYLINDRICAL_SURFACE('',#3035,2.5);
#3035 = AXIS2_PLACEMENT_3D('',#3036,#3037,#3038);
#3036 = CARTESIAN_POINT('',(-10.,-20.,-2.E-02));
#3037 = DIRECTION('',(-0.,-0.,1.));
#3038 = DIRECTION('',(1.,0.,0.));
#3039 = DEFINITIONAL_REPRESENTATION('',(#3040),#3044);
#3040 = LINE('',#3041,#3042);
#3041 = CARTESIAN_POINT('',(0.,2.02));
#3042 = VECTOR('',#3043,1.);
#3043 = DIRECTION('',(1.,0.));
#3044 = ( GEOMETRIC_REPRESENTATION_CONTEXT(2) 
PARAMETRIC_REPRESENTATION_CONTEXT() REPRESENTATION_CONTEXT('2D SPACE',''
  ) );
#3045 = FACE_BOUND('',#3046,.T.);
#3046 = EDGE_LOOP('',(#3047));
#3047 = ORIENTED_EDGE('',*,*,#3048,.F.);
#3048 = EDGE_CURVE('',#3049,#3049,#3051,.T.);
#3049 = VERTEX_POINT('',#3050);
#3050 = CARTESIAN_POINT('',(12.5,-20.,2.));
#3051 = SURFACE_CURVE('',#3052,(#3057,#3064),.PCURVE_S1.);
#3052 = CIRCLE('',#3053,2.5);
#3053 = AXIS2_PLACEMENT_3D('',#3054,#3055,#3056);
#3054 = CARTESIAN_POINT('',(10.,-20.,2.));
#3055 = DIRECTION('',(0.,-0.,1.));
#3056 = DIRECTION('',(1.,0.,0.));
#3057 = PCURVE('',#819,#3058);
#3058 = DEFINITIONAL_REPRESENTATION('',(#3059),#3063);
#3059 = CIRCLE('',#3060,2.5);
#3060 = AXIS2_PLACEMENT_2D('',#3061,#3062);
#3061 = CARTESIAN_POINT('',(47.9,7.9));
#3062 = DIRECTION('',(1.,0.));
#3063 = ( GEOMETRIC_REPRESENTATION_CONTEXT(2) 
PARAMETRIC_REPRESENTATION_CONTEXT() REPRESENTATION_CONTEXT('2D SPACE',''
  ) );
#3064 = PCURVE('',#3065,#3070);
#3065 = CYLINDRICAL_SURFACE('',#3066,2.5);
#3066 = AXIS2_PLACEMENT_3D('',#3067,#3068,#3069);
#3067 = CARTESIAN_POINT('',(10.,-20.,-2.E-02));
#3068 = DIRECTION('',(-0.,-0.,1.));
#3069 = DIRECTION('',(1.,0.,0.));
#3070 = DEFINITIONAL_REPRESENTATION('',(#3071),#3075);
#3071 = LINE('',#3072,#3073);
#3072 = CARTESIAN_POINT('',(0.,2.02));
#3073 = VECTOR('',#3074,1.);
#3074 = DIRECTION('',(1.,0.));
#3075 = ( GEOMETRIC_REPRESENTATION_CONTEXT(2) 
PARAMETRIC_REPRESENTATION_CONTEXT() REPRESENTATION_CONTEXT('2D SPACE',''
  ) );
#3076 = FACE_BOUND('',#3077,.T.);
#3077 = EDGE_LOOP('',(#3078));
#3078 = ORIENTED_EDGE('',*,*,#3079,.F.);
#3079 = EDGE_CURVE('',#3080,#3080,#3082,.T.);
#3080 = VERTEX_POINT('',#3081);
#3081 = CARTESIAN_POINT('',(32.5,-20.,2.));
#3082 = SURFACE_CURVE('',#3083,(#3088,#3095),.PCURVE_S1.);
#3083 = CIRCLE('',#3084,2.5);
#3084 = AXIS2_PLACEMENT_3D('',#3085,#3086,#3087);
#3085 = CARTESIAN_POINT('',(30.,-20.,2.));
#3086 = DIRECTION('',(0.,-0.,1.));
#3087 = DIRECTION('',(1.,0.,0.));
#3088 = PCURVE('',#819,#3089);
#3089 = DEFINITIONAL_REPRESENTATION('',(#3090),#3094);
#3090 = CIRCLE('',#3091,2.5);
#3091 = AXIS2_PLACEMENT_2D('',#3092,#3093);
#3092 = CARTESIAN_POINT('',(67.9,7.9));
#3093 = DIRECTION('',(1.,0.));
#3094 = ( GEOMETRIC_REPRESENTATION_CONTEXT(2) 
PARAMETRIC_REPRESENTATION_CONTEXT() REPRESENTATION_CONTEXT('2D SPACE',''
  ) );
#3095 = PCURVE('',#3096,#3101);
#3096 = CYLINDRICAL_SURFACE('',#3097,2.5);
#3097 = AXIS2_PLACEMENT_3D('',#3098,#3099,#3100);
#3098 = CARTESIAN_POINT('',(30.,-20.,-2.E-02));
#3099 = DIRECTION('',(-0.,-0.,1.));
#3100 = DIRECTION('',(1.,0.,0.));
#3101 = DEFINITIONAL_REPRESENTATION('',(#3102),#3106);
#3102 = LINE('',#3103,#3104);
#3103 = CARTESIAN_POINT('',(0.,2.02));
#3104 = VECTOR('',#3105,1.);
#3105 = DIRECTION('',(1.,0.));
#3106 = ( GEOMETRIC_REPRESENTATION_CONTEXT(2) 
PARAMETRIC_REPRESENTATION_CONTEXT() REPRESENTATION_CONTEXT('2D SPACE',''
  ) );
#3107 = FACE_BOUND('',#3108,.T.);
#3108 = EDGE_LOOP('',(#3109));
#3109 = ORIENTED_EDGE('',*,*,#3110,.F.);
#3110 = EDGE_CURVE('',#3111,#3111,#3113,.T.);
#3111 = VERTEX_POINT('',#3112);
#3112 = CARTESIAN_POINT('',(-27.5,0.,2.));
#3113 = SURFACE_CURVE('',#3114,(#3119,#3126),.PCURVE_S1.);
#3114 = CIRCLE('',#3115,2.5);
#3115 = AXIS2_PLACEMENT_3D('',#3116,#3117,#3118);
#3116 = CARTESIAN_POINT('',(-30.,0.,2.));
#3117 = DIRECTION('',(0.,-0.,1.));
#3118 = DIRECTION('',(1.,0.,0.));
#3119 = PCURVE('',#819,#3120);
#3120 = DEFINITIONAL_REPRESENTATION('',(#3121),#3125);
#3121 = CIRCLE('',#3122,2.5);
#3122 = AXIS2_PLACEMENT_2D('',#3123,#3124);
#3123 = CARTESIAN_POINT('',(7.9,27.9));
#3124 = DIRECTION('',(1.,0.));
#3125 = ( GEOMETRIC_REPRESENTATION_CONTEXT(2) 
PARAMETRIC_REPRESENTATION_CONTEXT() REPRESENTATION_CONTEXT('2D SPACE',''
  ) );
#3126 = PCURVE('',#3127,#3132);
#3127 = CYLINDRICAL_SURFACE('',#3128,2.5);
#3128 = AXIS2_PLACEMENT_3D('',#3129,#3130,#3131);
#3129 = CARTESIAN_POINT('',(-30.,0.,-2.E-02));
#3130 = DIRECTION('',(-0.,-0.,1.));
#3131 = DIRECTION('',(1.,0.,0.));
#3132 = DEFINITIONAL_REPRESENTATION('',(#3133),#3137);
#3133 = LINE('',#3134,#3135);
#3134 = CARTESIAN_POINT('',(0.,2.02));
#3135 = VECTOR('',#3136,1.);
#3136 = DIRECTION('',(1.,0.));
#3137 = ( GEOMETRIC_REPRESENTATION_CONTEXT(2) 
PARAMETRIC_REPRESENTATION_CONTEXT() REPRESENTATION_CONTEXT('2D SPACE',''
  ) );
#3138 = FACE_BOUND('',#3139,.T.);
#3139 = EDGE_LOOP('',(#3140));
#3140 = ORIENTED_EDGE('',*,*,#3141,.F.);
#3141 = EDGE_CURVE('',#3142,#3142,#3144,.T.);
#3142 = VERTEX_POINT('',#3143);
#3143 = CARTESIAN_POINT('',(-7.5,0.,2.));
#3144 = SURFACE_CURVE('',#3145,(#3150,#3157),.PCURVE_S1.);
#3145 = CIRCLE('',#3146,2.5);
#3146 = AXIS2_PLACEMENT_3D('',#3147,#3148,#3149);
#3147 = CARTESIAN_POINT('',(-10.,0.,2.));
#3148 = DIRECTION('',(0.,-0.,1.));
#3149 = DIRECTION('',(1.,0.,0.));
#3150 = PCURVE('',#819,#3151);
#3151 = DEFINITIONAL_REPRESENTATION('',(#3152),#3156);
#3152 = CIRCLE('',#3153,2.5);
#3153 = AXIS2_PLACEMENT_2D('',#3154,#3155);
#3154 = CARTESIAN_POINT('',(27.9,27.9));
#3155 = DIRECTION('',(1.,0.));
#3156 = ( GEOMETRIC_REPRESENTATION_CONTEXT(2) 
PARAMETRIC_REPRESENTATION_CONTEXT() REPRESENTATION_CONTEXT('2D SPACE',''
  ) );
#3157 = PCURVE('',#3158,#3163);
#3158 = CYLINDRICAL_SURFACE('',#3159,2.5);
#3159 = AXIS2_PLACEMENT_3D('',#3160,#3161,#3162);
#3160 = CARTESIAN_POINT('',(-10.,0.,-2.E-02));
#3161 = DIRECTION('',(-0.,-0.,1.));
#3162 = DIRECTION('',(1.,0.,0.));
#3163 = DEFINITIONAL_REPRESENTATION('',(#3164),#3168);
#3164 = LINE('',#3165,#3166);
#3165 = CARTESIAN_POINT('',(0.,2.02));
#3166 = VECTOR('',#3167,1.);
#3167 = DIRECTION('',(1.,0.));
#3168 = ( GEOMETRIC_REPRESENTATION_CONTEXT(2) 
PARAMETRIC_REPRESENTATION_CONTEXT() REPRESENTATION_CONTEXT('2D SPACE',''
  ) );
#3169 = FACE_BOUND('',#3170,.T.);
#3170 = EDGE_LOOP('',(#3171));
#3171 = ORIENTED_EDGE('',*,*,#3172,.F.);
#3172 = EDGE_CURVE('',#3173,#3173,#3175,.T.);
#3173 = VERTEX_POINT('',#3174);
#3174 = CARTESIAN_POINT('',(-27.5,20.,2.));
#3175 = SURFACE_CURVE('',#3176,(#3181,#3188),.PCURVE_S1.);
#3176 = CIRCLE('',#3177,2.5);
#3177 = AXIS2_PLACEMENT_3D('',#3178,#3179,#3180);
#3178 = CARTESIAN_POINT('',(-30.,20.,2.));
#3179 = DIRECTION('',(0.,-0.,1.));
#3180 = DIRECTION('',(1.,0.,0.));
#3181 = PCURVE('',#819,#3182);
#3182 = DEFINITIONAL_REPRESENTATION('',(#3183),#3187);
#3183 = CIRCLE('',#3184,2.5);
#3184 = AXIS2_PLACEMENT_2D('',#3185,#3186);
#3185 = CARTESIAN_POINT('',(7.9,47.9));
#3186 = DIRECTION('',(1.,0.));
#3187 = ( GEOMETRIC_REPRESENTATION_CONTEXT(2) 
PARAMETRIC_REPRESENTATION_CONTEXT() REPRESENTATION_CONTEXT('2D SPACE',''
  ) );
#3188 = PCURVE('',#3189,#3194);
#3189 = CYLINDRICAL_SURFACE('',#3190,2.5);
#3190 = AXIS2_PLACEMENT_3D('',#3191,#3192,#3193);
#3191 = CARTESIAN_POINT('',(-30.,20.,-2.E-02));
#3192 = DIRECTION('',(-0.,-0.,1.));
#3193 = DIRECTION('',(1.,0.,0.));
#3194 = DEFINITIONAL_REPRESENTATION('',(#3195),#3199);
#3195 = LINE('',#3196,#3197);
#3196 = CARTESIAN_POINT('',(0.,2.02));
#3197 = VECTOR('',#3198,1.);
#3198 = DIRECTION('',(1.,0.));
#3199 = ( GEOMETRIC_REPRESENTATION_CONTEXT(2) 
PARAMETRIC_REPRESENTATION_CONTEXT() REPRESENTATION_CONTEXT('2D SPACE',''
  ) );
#3200 = FACE_BOUND('',#3201,.T.);
#3201 = EDGE_LOOP('',(#3202));
#3202 = ORIENTED_EDGE('',*,*,#3203,.F.);
#3203 = EDGE_CURVE('',#3204,#3204,#3206,.T.);
#3204 = VERTEX_POINT('',#3205);
#3205 = CARTESIAN_POINT('',(-7.5,20.,2.));
#3206 = SURFACE_CURVE('',#3207,(#3212,#3219),.PCURVE_S1.);
#3207 = CIRCLE('',#3208,2.5);
#3208 = AXIS2_PLACEMENT_3D('',#3209,#3210,#3211);
#3209 = CARTESIAN_POINT('',(-10.,20.,2.));
#3210 = DIRECTION('',(0.,-0.,1.));
#3211 = DIRECTION('',(1.,0.,0.));
#3212 = PCURVE('',#819,#3213);
#3213 = DEFINITIONAL_REPRESENTATION('',(#3214),#3218);
#3214 = CIRCLE('',#3215,2.5);
#3215 = AXIS2_PLACEMENT_2D('',#3216,#3217);
#3216 = CARTESIAN_POINT('',(27.9,47.9));
#3217 = DIRECTION('',(1.,0.));
#3218 = ( GEOMETRIC_REPRESENTATION_CONTEXT(2) 
PARAMETRIC_REPRESENTATION_CONTEXT() REPRESENTATION_CONTEXT('2D SPACE',''
  ) );
#3219 = PCURVE('',#3220,#3225);
#3220 = CYLINDRICAL_SURFACE('',#3221,2.5);
#3221 = AXIS2_PLACEMENT_3D('',#3222,#3223,#3224);
#3222 = CARTESIAN_POINT('',(-10.,20.,-2.E-02));
#3223 = DIRECTION('',(-0.,-0.,1.));
#3224 = DIRECTION('',(1.,0.,0.));
#3225 = DEFINITIONAL_REPRESENTATION('',(#3226),#3230);
#3226 = LINE('',#3227,#3228);
#3227 = CARTESIAN_POINT('',(0.,2.02));
#3228 = VECTOR('',#3229,1.);
#3229 = DIRECTION('',(1.,0.));
#3230 = ( GEOMETRIC_REPRESENTATION_CONTEXT(2) 
PARAMETRIC_REPRESENTATION_CONTEXT() REPRESENTATION_CONTEXT('2D SPACE',''
  ) );
#3231 = FACE_BOUND('',#3232,.T.);
#3232 = EDGE_LOOP('',(#3233));
#3233 = ORIENTED_EDGE('',*,*,#3234,.F.);
#3234 = EDGE_CURVE('',#3235,#3235,#3237,.T.);
#3235 = VERTEX_POINT('',#3236);
#3236 = CARTESIAN_POINT('',(12.5,-3.552713678801E-15,2.));
#3237 = SURFACE_CURVE('',#3238,(#3243,#3250),.PCURVE_S1.);
#3238 = CIRCLE('',#3239,2.5);
#3239 = AXIS2_PLACEMENT_3D('',#3240,#3241,#3242);
#3240 = CARTESIAN_POINT('',(10.,0.,2.));
#3241 = DIRECTION('',(0.,-0.,1.));
#3242 = DIRECTION('',(1.,0.,0.));
#3243 = PCURVE('',#819,#3244);
#3244 = DEFINITIONAL_REPRESENTATION('',(#3245),#3249);
#3245 = CIRCLE('',#3246,2.5);
#3246 = AXIS2_PLACEMENT_2D('',#3247,#3248);
#3247 = CARTESIAN_POINT('',(47.9,27.9));
#3248 = DIRECTION('',(1.,0.));
#3249 = ( GEOMETRIC_REPRESENTATION_CONTEXT(2) 
PARAMETRIC_REPRESENTATION_CONTEXT() REPRESENTATION_CONTEXT('2D SPACE',''
  ) );
#3250 = PCURVE('',#3251,#3256);
#3251 = CYLINDRICAL_SURFACE('',#3252,2.5);
#3252 = AXIS2_PLACEMENT_3D('',#3253,#3254,#3255);
#3253 = CARTESIAN_POINT('',(10.,0.,-2.E-02));
#3254 = DIRECTION('',(-0.,-0.,1.));
#3255 = DIRECTION('',(1.,0.,0.));
#3256 = DEFINITIONAL_REPRESENTATION('',(#3257),#3261);
#3257 = LINE('',#3258,#3259);
#3258 = CARTESIAN_POINT('',(0.,2.02));
#3259 = VECTOR('',#3260,1.);
#3260 = DIRECTION('',(1.,0.));
#3261 = ( GEOMETRIC_REPRESENTATION_CONTEXT(2) 
PARAMETRIC_REPRESENTATION_CONTEXT() REPRESENTATION_CONTEXT('2D SPACE',''
  ) );
#3262 = FACE_BOUND('',#3263,.T.);
#3263 = EDGE_LOOP('',(#3264));
#3264 = ORIENTED_EDGE('',*,*,#3265,.F.);
#3265 = EDGE_CURVE('',#3266,#3266,#3268,.T.);
#3266 = VERTEX_POINT('',#3267);
#3267 = CARTESIAN_POINT('',(32.5,0.,2.));
#3268 = SURFACE_CURVE('',#3269,(#3274,#3281),.PCURVE_S1.);
#3269 = CIRCLE('',#3270,2.5);
#3270 = AXIS2_PLACEMENT_3D('',#3271,#3272,#3273);
#3271 = CARTESIAN_POINT('',(30.,0.,2.));
#3272 = DIRECTION('',(0.,-0.,1.));
#3273 = DIRECTION('',(1.,0.,0.));
#3274 = PCURVE('',#819,#3275);
#3275 = DEFINITIONAL_REPRESENTATION('',(#3276),#3280);
#3276 = CIRCLE('',#3277,2.5);
#3277 = AXIS2_PLACEMENT_2D('',#3278,#3279);
#3278 = CARTESIAN_POINT('',(67.9,27.9));
#3279 = DIRECTION('',(1.,0.));
#3280 = ( GEOMETRIC_REPRESENTATION_CONTEXT(2) 
PARAMETRIC_REPRESENTATION_CONTEXT() REPRESENTATION_CONTEXT('2D SPACE',''
  ) );
#3281 = PCURVE('',#3282,#3287);
#3282 = CYLINDRICAL_SURFACE('',#3283,2.5);
#3283 = AXIS2_PLACEMENT_3D('',#3284,#3285,#3286);
#3284 = CARTESIAN_POINT('',(30.,0.,-2.E-02));
#3285 = DIRECTION('',(-0.,-0.,1.));
#3286 = DIRECTION('',(1.,0.,0.));
#3287 = DEFINITIONAL_REPRESENTATION('',(#3288),#3292);
#3288 = LINE('',#3289,#3290);
#3289 = CARTESIAN_POINT('',(0.,2.02));
#3290 = VECTOR('',#3291,1.);
#3291 = DIRECTION('',(1.,0.));
#3292 = ( GEOMETRIC_REPRESENTATION_CONTEXT(2) 
PARAMETRIC_REPRESENTATION_CONTEXT() REPRESENTATION_CONTEXT('2D SPACE',''
  ) );
#3293 = FACE_BOUND('',#3294,.T.);
#3294 = EDGE_LOOP('',(#3295));
#3295 = ORIENTED_EDGE('',*,*,#3296,.F.);
#3296 = EDGE_CURVE('',#3297,#3297,#3299,.T.);
#3297 = VERTEX_POINT('',#3298);
#3298 = CARTESIAN_POINT('',(12.5,20.,2.));
#3299 = SURFACE_CURVE('',#3300,(#3305,#3312),.PCURVE_S1.);
#3300 = CIRCLE('',#3301,2.5);
#3301 = AXIS2_PLACEMENT_3D('',#3302,#3303,#3304);
#3302 = CARTESIAN_POINT('',(10.,20.,2.));
#3303 = DIRECTION('',(0.,-0.,1.));
#3304 = DIRECTION('',(1.,0.,0.));
#3305 = PCURVE('',#819,#3306);
#3306 = DEFINITIONAL_REPRESENTATION('',(#3307),#3311);
#3307 = CIRCLE('',#3308,2.5);
#3308 = AXIS2_PLACEMENT_2D('',#3309,#3310);
#3309 = CARTESIAN_POINT('',(47.9,47.9));
#3310 = DIRECTION('',(1.,0.));
#3311 = ( GEOMETRIC_REPRESENTATION_CONTEXT(2) 
PARAMETRIC_REPRESENTATION_CONTEXT() REPRESENTATION_CONTEXT('2D SPACE',''
  ) );
#3312 = PCURVE('',#3313,#3318);
#3313 = CYLINDRICAL_SURFACE('',#3314,2.5);
#3314 = AXIS2_PLACEMENT_3D('',#3315,#3316,#3317);
#3315 = CARTESIAN_POINT('',(10.,20.,-2.E-02));
#3316 = DIRECTION('',(-0.,-0.,1.));
#3317 = DIRECTION('',(1.,0.,0.));
#3318 = DEFINITIONAL_REPRESENTATION('',(#3319),#3323);
#3319 = LINE('',#3320,#3321);
#3320 = CARTESIAN_POINT('',(0.,2.02));
#3321 = VECTOR('',#3322,1.);
#3322 = DIRECTION('',(1.,0.));
#3323 = ( GEOMETRIC_REPRESENTATION_CONTEXT(2) 
PARAMETRIC_REPRESENTATION_CONTEXT() REPRESENTATION_CONTEXT('2D SPACE',''
  ) );
#3324 = FACE_BOUND('',#3325,.T.);
#3325 = EDGE_LOOP('',(#3326));
#3326 = ORIENTED_EDGE('',*,*,#3327,.F.);
#3327 = EDGE_CURVE('',#3328,#3328,#3330,.T.);
#3328 = VERTEX_POINT('',#3329);
#3329 = CARTESIAN_POINT('',(32.5,20.,2.));
#3330 = SURFACE_CURVE('',#3331,(#3336,#3343),.PCURVE_S1.);
#3331 = CIRCLE('',#3332,2.5);
#3332 = AXIS2_PLACEMENT_3D('',#3333,#3334,#3335);
#3333 = CARTESIAN_POINT('',(30.,20.,2.));
#3334 = DIRECTION('',(0.,-0.,1.));
#3335 = DIRECTION('',(1.,0.,0.));
#3336 = PCURVE('',#819,#3337);
#3337 = DEFINITIONAL_REPRESENTATION('',(#3338),#3342);
#3338 = CIRCLE('',#3339,2.5);
#3339 = AXIS2_PLACEMENT_2D('',#3340,#3341);
#3340 = CARTESIAN_POINT('',(67.9,47.9));
#3341 = DIRECTION('',(1.,0.));
#3342 = ( GEOMETRIC_REPRESENTATION_CONTEXT(2) 
PARAMETRIC_REPRESENTATION_CONTEXT() REPRESENTATION_CONTEXT('2D SPACE',''
  ) );
#3343 = PCURVE('',#3344,#3349);
#3344 = CYLINDRICAL_SURFACE('',#3345,2.5);
#3345 = AXIS2_PLACEMENT_3D('',#3346,#3347,#3348);
#3346 = CARTESIAN_POINT('',(30.,20.,-2.E-02));
#3347 = DIRECTION('',(-0.,-0.,1.));
#3348 = DIRECTION('',(1.,0.,0.));
#3349 = DEFINITIONAL_REPRESENTATION('',(#3350),#3354);
#3350 = LINE('',#3351,#3352);
#3351 = CARTESIAN_POINT('',(0.,2.02));
#3352 = VECTOR('',#3353,1.);
#3353 = DIRECTION('',(1.,0.));
#3354 = ( GEOMETRIC_REPRESENTATION_CONTEXT(2) 
PARAMETRIC_REPRESENTATION_CONTEXT() REPRESENTATION_CONTEXT('2D SPACE',''
  ) );
#3355 = ADVANCED_FACE('',(#3356,#3382,#3413,#3444),#791,.T.);
#3356 = FACE_BOUND('',#3357,.T.);
#3357 = EDGE_LOOP('',(#3358,#3359,#3380,#3381));
#3358 = ORIENTED_EDGE('',*,*,#2629,.F.);
#3359 = ORIENTED_EDGE('',*,*,#3360,.F.);
#3360 = EDGE_CURVE('',#2939,#2630,#3361,.T.);
#3361 = SURFACE_CURVE('',#3362,(#3366,#3373),.PCURVE_S1.);
#3362 = LINE('',#3363,#3364);
#3363 = CARTESIAN_POINT('',(-37.9,-27.9,2.));
#3364 = VECTOR('',#3365,1.);
#3365 = DIRECTION('',(0.,0.,1.));
#3366 = PCURVE('',#791,#3367);
#3367 = DEFINITIONAL_REPRESENTATION('',(#3368),#3372);
#3368 = LINE('',#3369,#3370);
#3369 = CARTESIAN_POINT('',(0.,0.));
#3370 = VECTOR('',#3371,1.);
#3371 = DIRECTION('',(1.,0.));
#3372 = ( GEOMETRIC_REPRESENTATION_CONTEXT(2) 
PARAMETRIC_REPRESENTATION_CONTEXT() REPRESENTATION_CONTEXT('2D SPACE',''
  ) );
#3373 = PCURVE('',#2668,#3374);
#3374 = DEFINITIONAL_REPRESENTATION('',(#3375),#3379);
#3375 = LINE('',#3376,#3377);
#3376 = CARTESIAN_POINT('',(0.,0.));
#3377 = VECTOR('',#3378,1.);
#3378 = DIRECTION('',(1.,0.));
#3379 = ( GEOMETRIC_REPRESENTATION_CONTEXT(2) 
PARAMETRIC_REPRESENTATION_CONTEXT() REPRESENTATION_CONTEXT('2D SPACE',''
  ) );
#3380 = ORIENTED_EDGE('',*,*,#2938,.T.);
#3381 = ORIENTED_EDGE('',*,*,#775,.F.);
#3382 = FACE_BOUND('',#3383,.T.);
#3383 = EDGE_LOOP('',(#3384));
#3384 = ORIENTED_EDGE('',*,*,#3385,.F.);
#3385 = EDGE_CURVE('',#3386,#3386,#3388,.T.);
#3386 = VERTEX_POINT('',#3387);
#3387 = CARTESIAN_POINT('',(-37.9,20.,12.4));
#3388 = SURFACE_CURVE('',#3389,(#3394,#3401),.PCURVE_S1.);
#3389 = CIRCLE('',#3390,2.5);
#3390 = AXIS2_PLACEMENT_3D('',#3391,#3392,#3393);
#3391 = CARTESIAN_POINT('',(-37.9,20.,9.9));
#3392 = DIRECTION('',(1.,0.,-0.));
#3393 = DIRECTION('',(0.,0.,1.));
#3394 = PCURVE('',#791,#3395);
#3395 = DEFINITIONAL_REPRESENTATION('',(#3396),#3400);
#3396 = CIRCLE('',#3397,2.5);
#3397 = AXIS2_PLACEMENT_2D('',#3398,#3399);
#3398 = CARTESIAN_POINT('',(7.9,-47.9));
#3399 = DIRECTION('',(1.,0.));
#3400 = ( GEOMETRIC_REPRESENTATION_CONTEXT(2) 
PARAMETRIC_REPRESENTATION_CONTEXT() REPRESENTATION_CONTEXT('2D SPACE',''
  ) );
#3401 = PCURVE('',#3402,#3407);
#3402 = CYLINDRICAL_SURFACE('',#3403,2.5);
#3403 = AXIS2_PLACEMENT_3D('',#3404,#3405,#3406);
#3404 = CARTESIAN_POINT('',(-39.92,20.,9.9));
#3405 = DIRECTION('',(1.,-0.,-0.));
#3406 = DIRECTION('',(0.,0.,1.));
#3407 = DEFINITIONAL_REPRESENTATION('',(#3408),#3412);
#3408 = LINE('',#3409,#3410);
#3409 = CARTESIAN_POINT('',(0.,2.02));
#3410 = VECTOR('',#3411,1.);
#3411 = DIRECTION('',(1.,0.));
#3412 = ( GEOMETRIC_REPRESENTATION_CONTEXT(2) 
PARAMETRIC_REPRESENTATION_CONTEXT() REPRESENTATION_CONTEXT('2D SPACE',''
  ) );
#3413 = FACE_BOUND('',#3414,.T.);
#3414 = EDGE_LOOP('',(#3415));
#3415 = ORIENTED_EDGE('',*,*,#3416,.F.);
#3416 = EDGE_CURVE('',#3417,#3417,#3419,.T.);
#3417 = VERTEX_POINT('',#3418);
#3418 = CARTESIAN_POINT('',(-37.9,0.,12.4));
#3419 = SURFACE_CURVE('',#3420,(#3425,#3432),.PCURVE_S1.);
#3420 = CIRCLE('',#3421,2.5);
#3421 = AXIS2_PLACEMENT_3D('',#3422,#3423,#3424);
#3422 = CARTESIAN_POINT('',(-37.9,0.,9.9));
#3423 = DIRECTION('',(1.,0.,-0.));
#3424 = DIRECTION('',(0.,0.,1.));
#3425 = PCURVE('',#791,#3426);
#3426 = DEFINITIONAL_REPRESENTATION('',(#3427),#3431);
#3427 = CIRCLE('',#3428,2.5);
#3428 = AXIS2_PLACEMENT_2D('',#3429,#3430);
#3429 = CARTESIAN_POINT('',(7.9,-27.9));
#3430 = DIRECTION('',(1.,0.));
#3431 = ( GEOMETRIC_REPRESENTATION_CONTEXT(2) 
PARAMETRIC_REPRESENTATION_CONTEXT() REPRESENTATION_CONTEXT('2D SPACE',''
  ) );
#3432 = PCURVE('',#3433,#3438);
#3433 = CYLINDRICAL_SURFACE('',#3434,2.5);
#3434 = AXIS2_PLACEMENT_3D('',#3435,#3436,#3437);
#3435 = CARTESIAN_POINT('',(-39.92,0.,9.9));
#3436 = DIRECTION('',(1.,-0.,-0.));
#3437 = DIRECTION('',(0.,0.,1.));
#3438 = DEFINITIONAL_REPRESENTATION('',(#3439),#3443);
#3439 = LINE('',#3440,#3441);
#3440 = CARTESIAN_POINT('',(0.,2.02));
#3441 = VECTOR('',#3442,1.);
#3442 = DIRECTION('',(1.,0.));
#3443 = ( GEOMETRIC_REPRESENTATION_CONTEXT(2) 
PARAMETRIC_REPRESENTATION_CONTEXT() REPRESENTATION_CONTEXT('2D SPACE',''
  ) );
#3444 = FACE_BOUND('',#3445,.T.);
#3445 = EDGE_LOOP('',(#3446));
#3446 = ORIENTED_EDGE('',*,*,#3447,.F.);
#3447 = EDGE_CURVE('',#3448,#3448,#3450,.T.);
#3448 = VERTEX_POINT('',#3449);
#3449 = CARTESIAN_POINT('',(-37.9,-20.,12.4));
#3450 = SURFACE_CURVE('',#3451,(#3456,#3463),.PCURVE_S1.);
#3451 = CIRCLE('',#3452,2.5);
#3452 = AXIS2_PLACEMENT_3D('',#3453,#3454,#3455);
#3453 = CARTESIAN_POINT('',(-37.9,-20.,9.9));
#3454 = DIRECTION('',(1.,0.,-0.));
#3455 = DIRECTION('',(0.,0.,1.));
#3456 = PCURVE('',#791,#3457);
#3457 = DEFINITIONAL_REPRESENTATION('',(#3458),#3462);
#3458 = CIRCLE('',#3459,2.5);
#3459 = AXIS2_PLACEMENT_2D('',#3460,#3461);
#3460 = CARTESIAN_POINT('',(7.9,-7.9));
#3461 = DIRECTION('',(1.,0.));
#3462 = ( GEOMETRIC_REPRESENTATION_CONTEXT(2) 
PARAMETRIC_REPRESENTATION_CONTEXT() REPRESENTATION_CONTEXT('2D SPACE',''
  ) );
#3463 = PCURVE('',#3464,#3469);
#3464 = CYLINDRICAL_SURFACE('',#3465,2.5);
#3465 = AXIS2_PLACEMENT_3D('',#3466,#3467,#3468);
#3466 = CARTESIAN_POINT('',(-39.92,-20.,9.9));
#3467 = DIRECTION('',(1.,-0.,-0.));
#3468 = DIRECTION('',(0.,0.,1.));
#3469 = DEFINITIONAL_REPRESENTATION('',(#3470),#3474);
#3470 = LINE('',#3471,#3472);
#3471 = CARTESIAN_POINT('',(0.,2.02));
#3472 = VECTOR('',#3473,1.);
#3473 = DIRECTION('',(1.,0.));
#3474 = ( GEOMETRIC_REPRESENTATION_CONTEXT(2) 
PARAMETRIC_REPRESENTATION_CONTEXT() REPRESENTATION_CONTEXT('2D SPACE',''
  ) );
#3475 = ADVANCED_FACE('',(#3476,#3479),#898,.F.);
#3476 = FACE_BOUND('',#3477,.F.);
#3477 = EDGE_LOOP('',(#3478));
#3478 = ORIENTED_EDGE('',*,*,#883,.T.);
#3479 = FACE_BOUND('',#3480,.F.);
#3480 = EDGE_LOOP('',(#3481));
#3481 = ORIENTED_EDGE('',*,*,#3482,.F.);
#3482 = EDGE_CURVE('',#3483,#3483,#3485,.T.);
#3483 = VERTEX_POINT('',#3484);
#3484 = CARTESIAN_POINT('',(-38.3,20.,12.4));
#3485 = SURFACE_CURVE('',#3486,(#3491,#3498),.PCURVE_S1.);
#3486 = CIRCLE('',#3487,2.5);
#3487 = AXIS2_PLACEMENT_3D('',#3488,#3489,#3490);
#3488 = CARTESIAN_POINT('',(-38.3,20.,9.9));
#3489 = DIRECTION('',(1.,0.,-0.));
#3490 = DIRECTION('',(0.,0.,1.));
#3491 = PCURVE('',#898,#3492);
#3492 = DEFINITIONAL_REPRESENTATION('',(#3493),#3497);
#3493 = CIRCLE('',#3494,2.5);
#3494 = AXIS2_PLACEMENT_2D('',#3495,#3496);
#3495 = CARTESIAN_POINT('',(0.,0.));
#3496 = DIRECTION('',(1.,0.));
#3497 = ( GEOMETRIC_REPRESENTATION_CONTEXT(2) 
PARAMETRIC_REPRESENTATION_CONTEXT() REPRESENTATION_CONTEXT('2D SPACE',''
  ) );
#3498 = PCURVE('',#3402,#3499);
#3499 = DEFINITIONAL_REPRESENTATION('',(#3500),#3504);
#3500 = LINE('',#3501,#3502);
#3501 = CARTESIAN_POINT('',(0.,1.62));
#3502 = VECTOR('',#3503,1.);
#3503 = DIRECTION('',(1.,0.));
#3504 = ( GEOMETRIC_REPRESENTATION_CONTEXT(2) 
PARAMETRIC_REPRESENTATION_CONTEXT() REPRESENTATION_CONTEXT('2D SPACE',''
  ) );
#3505 = ADVANCED_FACE('',(#3506,#3509),#953,.F.);
#3506 = FACE_BOUND('',#3507,.F.);
#3507 = EDGE_LOOP('',(#3508));
#3508 = ORIENTED_EDGE('',*,*,#938,.T.);
#3509 = FACE_BOUND('',#3510,.F.);
#3510 = EDGE_LOOP('',(#3511));
#3511 = ORIENTED_EDGE('',*,*,#3512,.F.);
#3512 = EDGE_CURVE('',#3513,#3513,#3515,.T.);
#3513 = VERTEX_POINT('',#3514);
#3514 = CARTESIAN_POINT('',(-38.3,0.,12.4));
#3515 = SURFACE_CURVE('',#3516,(#3521,#3528),.PCURVE_S1.);
#3516 = CIRCLE('',#3517,2.5);
#3517 = AXIS2_PLACEMENT_3D('',#3518,#3519,#3520);
#3518 = CARTESIAN_POINT('',(-38.3,0.,9.9));
#3519 = DIRECTION('',(1.,0.,-0.));
#3520 = DIRECTION('',(0.,0.,1.));
#3521 = PCURVE('',#953,#3522);
#3522 = DEFINITIONAL_REPRESENTATION('',(#3523),#3527);
#3523 = CIRCLE('',#3524,2.5);
#3524 = AXIS2_PLACEMENT_2D('',#3525,#3526);
#3525 = CARTESIAN_POINT('',(0.,0.));
#3526 = DIRECTION('',(1.,0.));
#3527 = ( GEOMETRIC_REPRESENTATION_CONTEXT(2) 
PARAMETRIC_REPRESENTATION_CONTEXT() REPRESENTATION_CONTEXT('2D SPACE',''
  ) );
#3528 = PCURVE('',#3433,#3529);
#3529 = DEFINITIONAL_REPRESENTATION('',(#3530),#3534);
#3530 = LINE('',#3531,#3532);
#3531 = CARTESIAN_POINT('',(0.,1.62));
#3532 = VECTOR('',#3533,1.);
#3533 = DIRECTION('',(1.,0.));
#3534 = ( GEOMETRIC_REPRESENTATION_CONTEXT(2) 
PARAMETRIC_REPRESENTATION_CONTEXT() REPRESENTATION_CONTEXT('2D SPACE',''
  ) );
#3535 = ADVANCED_FACE('',(#3536,#3539),#1008,.F.);
#3536 = FACE_BOUND('',#3537,.F.);
#3537 = EDGE_LOOP('',(#3538));
#3538 = ORIENTED_EDGE('',*,*,#993,.T.);
#3539 = FACE_BOUND('',#3540,.F.);
#3540 = EDGE_LOOP('',(#3541));
#3541 = ORIENTED_EDGE('',*,*,#3542,.F.);
#3542 = EDGE_CURVE('',#3543,#3543,#3545,.T.);
#3543 = VERTEX_POINT('',#3544);
#3544 = CARTESIAN_POINT('',(-38.3,-20.,12.4));
#3545 = SURFACE_CURVE('',#3546,(#3551,#3558),.PCURVE_S1.);
#3546 = CIRCLE('',#3547,2.5);
#3547 = AXIS2_PLACEMENT_3D('',#3548,#3549,#3550);
#3548 = CARTESIAN_POINT('',(-38.3,-20.,9.9));
#3549 = DIRECTION('',(1.,0.,-0.));
#3550 = DIRECTION('',(0.,0.,1.));
#3551 = PCURVE('',#1008,#3552);
#3552 = DEFINITIONAL_REPRESENTATION('',(#3553),#3557);
#3553 = CIRCLE('',#3554,2.5);
#3554 = AXIS2_PLACEMENT_2D('',#3555,#3556);
#3555 = CARTESIAN_POINT('',(0.,0.));
#3556 = DIRECTION('',(1.,0.));
#3557 = ( GEOMETRIC_REPRESENTATION_CONTEXT(2) 
PARAMETRIC_REPRESENTATION_CONTEXT() REPRESENTATION_CONTEXT('2D SPACE',''
  ) );
#3558 = PCURVE('',#3464,#3559);
#3559 = DEFINITIONAL_REPRESENTATION('',(#3560),#3564);
#3560 = LINE('',#3561,#3562);
#3561 = CARTESIAN_POINT('',(0.,1.62));
#3562 = VECTOR('',#3563,1.);
#3563 = DIRECTION('',(1.,0.));
#3564 = ( GEOMETRIC_REPRESENTATION_CONTEXT(2) 
PARAMETRIC_REPRESENTATION_CONTEXT() REPRESENTATION_CONTEXT('2D SPACE',''
  ) );
#3565 = ADVANCED_FACE('',(#3566),#1127,.T.);
#3566 = FACE_BOUND('',#3567,.F.);
#3567 = EDGE_LOOP('',(#3568,#3569,#3570,#3571,#3572,#3573));
#3568 = ORIENTED_EDGE('',*,*,#2016,.F.);
#3569 = ORIENTED_EDGE('',*,*,#1978,.T.);
#3570 = ORIENTED_EDGE('',*,*,#1380,.F.);
#3571 = ORIENTED_EDGE('',*,*,#1147,.T.);
#3572 = ORIENTED_EDGE('',*,*,#1107,.F.);
#3573 = ORIENTED_EDGE('',*,*,#2591,.T.);
#3574 = ADVANCED_FACE('',(#3575),#1212,.F.);
#3575 = FACE_BOUND('',#3576,.F.);
#3576 = EDGE_LOOP('',(#3577,#3600,#3627,#3628));
#3577 = ORIENTED_EDGE('',*,*,#3578,.T.);
#3578 = EDGE_CURVE('',#1196,#3579,#3581,.T.);
#3579 = VERTEX_POINT('',#3580);
#3580 = CARTESIAN_POINT('',(-30.,-28.3,15.95));
#3581 = SEAM_CURVE('',#3582,(#3586,#3593),.PCURVE_S1.);
#3582 = LINE('',#3583,#3584);
#3583 = CARTESIAN_POINT('',(-30.,-29.92,15.95));
#3584 = VECTOR('',#3585,1.);
#3585 = DIRECTION('',(0.,1.,0.));
#3586 = PCURVE('',#1212,#3587);
#3587 = DEFINITIONAL_REPRESENTATION('',(#3588),#3592);
#3588 = LINE('',#3589,#3590);
#3589 = CARTESIAN_POINT('',(6.28318530718,-0.));
#3590 = VECTOR('',#3591,1.);
#3591 = DIRECTION('',(0.,1.));
#3592 = ( GEOMETRIC_REPRESENTATION_CONTEXT(2) 
PARAMETRIC_REPRESENTATION_CONTEXT() REPRESENTATION_CONTEXT('2D SPACE',''
  ) );
#3593 = PCURVE('',#1212,#3594);
#3594 = DEFINITIONAL_REPRESENTATION('',(#3595),#3599);
#3595 = LINE('',#3596,#3597);
#3596 = CARTESIAN_POINT('',(0.,-0.));
#3597 = VECTOR('',#3598,1.);
#3598 = DIRECTION('',(0.,1.));
#3599 = ( GEOMETRIC_REPRESENTATION_CONTEXT(2) 
PARAMETRIC_REPRESENTATION_CONTEXT() REPRESENTATION_CONTEXT('2D SPACE',''
  ) );
#3600 = ORIENTED_EDGE('',*,*,#3601,.F.);
#3601 = EDGE_CURVE('',#3579,#3579,#3602,.T.);
#3602 = SURFACE_CURVE('',#3603,(#3608,#3615),.PCURVE_S1.);
#3603 = CIRCLE('',#3604,6.05);
#3604 = AXIS2_PLACEMENT_3D('',#3605,#3606,#3607);
#3605 = CARTESIAN_POINT('',(-30.,-28.3,9.9));
#3606 = DIRECTION('',(-0.,1.,0.));
#3607 = DIRECTION('',(0.,0.,1.));
#3608 = PCURVE('',#1212,#3609);
#3609 = DEFINITIONAL_REPRESENTATION('',(#3610),#3614);
#3610 = LINE('',#3611,#3612);
#3611 = CARTESIAN_POINT('',(0.,1.62));
#3612 = VECTOR('',#3613,1.);
#3613 = DIRECTION('',(1.,0.));
#3614 = ( GEOMETRIC_REPRESENTATION_CONTEXT(2) 
PARAMETRIC_REPRESENTATION_CONTEXT() REPRESENTATION_CONTEXT('2D SPACE',''
  ) );
#3615 = PCURVE('',#3616,#3621);
#3616 = PLANE('',#3617);
#3617 = AXIS2_PLACEMENT_3D('',#3618,#3619,#3620);
#3618 = CARTESIAN_POINT('',(-30.,-28.3,9.9));
#3619 = DIRECTION('',(-0.,1.,-0.));
#3620 = DIRECTION('',(0.,0.,1.));
#3621 = DEFINITIONAL_REPRESENTATION('',(#3622),#3626);
#3622 = CIRCLE('',#3623,6.05);
#3623 = AXIS2_PLACEMENT_2D('',#3624,#3625);
#3624 = CARTESIAN_POINT('',(0.,0.));
#3625 = DIRECTION('',(1.,0.));
#3626 = ( GEOMETRIC_REPRESENTATION_CONTEXT(2) 
PARAMETRIC_REPRESENTATION_CONTEXT() REPRESENTATION_CONTEXT('2D SPACE',''
  ) );
#3627 = ORIENTED_EDGE('',*,*,#3578,.F.);
#3628 = ORIENTED_EDGE('',*,*,#1195,.T.);
#3629 = ADVANCED_FACE('',(#3630),#1243,.F.);
#3630 = FACE_BOUND('',#3631,.F.);
#3631 = EDGE_LOOP('',(#3632,#3655,#3682,#3683));
#3632 = ORIENTED_EDGE('',*,*,#3633,.T.);
#3633 = EDGE_CURVE('',#1227,#3634,#3636,.T.);
#3634 = VERTEX_POINT('',#3635);
#3635 = CARTESIAN_POINT('',(-10.,-28.3,15.95));
#3636 = SEAM_CURVE('',#3637,(#3641,#3648),.PCURVE_S1.);
#3637 = LINE('',#3638,#3639);
#3638 = CARTESIAN_POINT('',(-10.,-29.92,15.95));
#3639 = VECTOR('',#3640,1.);
#3640 = DIRECTION('',(0.,1.,0.));
#3641 = PCURVE('',#1243,#3642);
#3642 = DEFINITIONAL_REPRESENTATION('',(#3643),#3647);
#3643 = LINE('',#3644,#3645);
#3644 = CARTESIAN_POINT('',(6.28318530718,-0.));
#3645 = VECTOR('',#3646,1.);
#3646 = DIRECTION('',(0.,1.));
#3647 = ( GEOMETRIC_REPRESENTATION_CONTEXT(2) 
PARAMETRIC_REPRESENTATION_CONTEXT() REPRESENTATION_CONTEXT('2D SPACE',''
  ) );
#3648 = PCURVE('',#1243,#3649);
#3649 = DEFINITIONAL_REPRESENTATION('',(#3650),#3654);
#3650 = LINE('',#3651,#3652);
#3651 = CARTESIAN_POINT('',(0.,-0.));
#3652 = VECTOR('',#3653,1.);
#3653 = DIRECTION('',(0.,1.));
#3654 = ( GEOMETRIC_REPRESENTATION_CONTEXT(2) 
PARAMETRIC_REPRESENTATION_CONTEXT() REPRESENTATION_CONTEXT('2D SPACE',''
  ) );
#3655 = ORIENTED_EDGE('',*,*,#3656,.F.);
#3656 = EDGE_CURVE('',#3634,#3634,#3657,.T.);
#3657 = SURFACE_CURVE('',#3658,(#3663,#3670),.PCURVE_S1.);
#3658 = CIRCLE('',#3659,6.05);
#3659 = AXIS2_PLACEMENT_3D('',#3660,#3661,#3662);
#3660 = CARTESIAN_POINT('',(-10.,-28.3,9.9));
#3661 = DIRECTION('',(-0.,1.,0.));
#3662 = DIRECTION('',(0.,0.,1.));
#3663 = PCURVE('',#1243,#3664);
#3664 = DEFINITIONAL_REPRESENTATION('',(#3665),#3669);
#3665 = LINE('',#3666,#3667);
#3666 = CARTESIAN_POINT('',(0.,1.62));
#3667 = VECTOR('',#3668,1.);
#3668 = DIRECTION('',(1.,0.));
#3669 = ( GEOMETRIC_REPRESENTATION_CONTEXT(2) 
PARAMETRIC_REPRESENTATION_CONTEXT() REPRESENTATION_CONTEXT('2D SPACE',''
  ) );
#3670 = PCURVE('',#3671,#3676);
#3671 = PLANE('',#3672);
#3672 = AXIS2_PLACEMENT_3D('',#3673,#3674,#3675);
#3673 = CARTESIAN_POINT('',(-10.,-28.3,9.9));
#3674 = DIRECTION('',(-0.,1.,-0.));
#3675 = DIRECTION('',(0.,0.,1.));
#3676 = DEFINITIONAL_REPRESENTATION('',(#3677),#3681);
#3677 = CIRCLE('',#3678,6.05);
#3678 = AXIS2_PLACEMENT_2D('',#3679,#3680);
#3679 = CARTESIAN_POINT('',(0.,0.));
#3680 = DIRECTION('',(1.,0.));
#3681 = ( GEOMETRIC_REPRESENTATION_CONTEXT(2) 
PARAMETRIC_REPRESENTATION_CONTEXT() REPRESENTATION_CONTEXT('2D SPACE',''
  ) );
#3682 = ORIENTED_EDGE('',*,*,#3633,.F.);
#3683 = ORIENTED_EDGE('',*,*,#1226,.T.);
#3684 = ADVANCED_FACE('',(#3685),#1274,.F.);
#3685 = FACE_BOUND('',#3686,.F.);
#3686 = EDGE_LOOP('',(#3687,#3710,#3737,#3738));
#3687 = ORIENTED_EDGE('',*,*,#3688,.T.);
#3688 = EDGE_CURVE('',#1258,#3689,#3691,.T.);
#3689 = VERTEX_POINT('',#3690);
#3690 = CARTESIAN_POINT('',(10.,-28.3,15.95));
#3691 = SEAM_CURVE('',#3692,(#3696,#3703),.PCURVE_S1.);
#3692 = LINE('',#3693,#3694);
#3693 = CARTESIAN_POINT('',(10.,-29.92,15.95));
#3694 = VECTOR('',#3695,1.);
#3695 = DIRECTION('',(0.,1.,0.));
#3696 = PCURVE('',#1274,#3697);
#3697 = DEFINITIONAL_REPRESENTATION('',(#3698),#3702);
#3698 = LINE('',#3699,#3700);
#3699 = CARTESIAN_POINT('',(6.28318530718,-0.));
#3700 = VECTOR('',#3701,1.);
#3701 = DIRECTION('',(0.,1.));
#3702 = ( GEOMETRIC_REPRESENTATION_CONTEXT(2) 
PARAMETRIC_REPRESENTATION_CONTEXT() REPRESENTATION_CONTEXT('2D SPACE',''
  ) );
#3703 = PCURVE('',#1274,#3704);
#3704 = DEFINITIONAL_REPRESENTATION('',(#3705),#3709);
#3705 = LINE('',#3706,#3707);
#3706 = CARTESIAN_POINT('',(0.,-0.));
#3707 = VECTOR('',#3708,1.);
#3708 = DIRECTION('',(0.,1.));
#3709 = ( GEOMETRIC_REPRESENTATION_CONTEXT(2) 
PARAMETRIC_REPRESENTATION_CONTEXT() REPRESENTATION_CONTEXT('2D SPACE',''
  ) );
#3710 = ORIENTED_EDGE('',*,*,#3711,.F.);
#3711 = EDGE_CURVE('',#3689,#3689,#3712,.T.);
#3712 = SURFACE_CURVE('',#3713,(#3718,#3725),.PCURVE_S1.);
#3713 = CIRCLE('',#3714,6.05);
#3714 = AXIS2_PLACEMENT_3D('',#3715,#3716,#3717);
#3715 = CARTESIAN_POINT('',(10.,-28.3,9.9));
#3716 = DIRECTION('',(-0.,1.,0.));
#3717 = DIRECTION('',(0.,0.,1.));
#3718 = PCURVE('',#1274,#3719);
#3719 = DEFINITIONAL_REPRESENTATION('',(#3720),#3724);
#3720 = LINE('',#3721,#3722);
#3721 = CARTESIAN_POINT('',(0.,1.62));
#3722 = VECTOR('',#3723,1.);
#3723 = DIRECTION('',(1.,0.));
#3724 = ( GEOMETRIC_REPRESENTATION_CONTEXT(2) 
PARAMETRIC_REPRESENTATION_CONTEXT() REPRESENTATION_CONTEXT('2D SPACE',''
  ) );
#3725 = PCURVE('',#3726,#3731);
#3726 = PLANE('',#3727);
#3727 = AXIS2_PLACEMENT_3D('',#3728,#3729,#3730);
#3728 = CARTESIAN_POINT('',(10.,-28.3,9.9));
#3729 = DIRECTION('',(-0.,1.,-0.));
#3730 = DIRECTION('',(0.,0.,1.));
#3731 = DEFINITIONAL_REPRESENTATION('',(#3732),#3736);
#3732 = CIRCLE('',#3733,6.05);
#3733 = AXIS2_PLACEMENT_2D('',#3734,#3735);
#3734 = CARTESIAN_POINT('',(0.,0.));
#3735 = DIRECTION('',(1.,0.));
#3736 = ( GEOMETRIC_REPRESENTATION_CONTEXT(2) 
PARAMETRIC_REPRESENTATION_CONTEXT() REPRESENTATION_CONTEXT('2D SPACE',''
  ) );
#3737 = ORIENTED_EDGE('',*,*,#3688,.F.);
#3738 = ORIENTED_EDGE('',*,*,#1257,.T.);
#3739 = ADVANCED_FACE('',(#3740),#1305,.F.);
#3740 = FACE_BOUND('',#3741,.F.);
#3741 = EDGE_LOOP('',(#3742,#3765,#3792,#3793));
#3742 = ORIENTED_EDGE('',*,*,#3743,.T.);
#3743 = EDGE_CURVE('',#1289,#3744,#3746,.T.);
#3744 = VERTEX_POINT('',#3745);
#3745 = CARTESIAN_POINT('',(30.,-28.3,15.95));
#3746 = SEAM_CURVE('',#3747,(#3751,#3758),.PCURVE_S1.);
#3747 = LINE('',#3748,#3749);
#3748 = CARTESIAN_POINT('',(30.,-29.92,15.95));
#3749 = VECTOR('',#3750,1.);
#3750 = DIRECTION('',(0.,1.,0.));
#3751 = PCURVE('',#1305,#3752);
#3752 = DEFINITIONAL_REPRESENTATION('',(#3753),#3757);
#3753 = LINE('',#3754,#3755);
#3754 = CARTESIAN_POINT('',(6.28318530718,-0.));
#3755 = VECTOR('',#3756,1.);
#3756 = DIRECTION('',(0.,1.));
#3757 = ( GEOMETRIC_REPRESENTATION_CONTEXT(2) 
PARAMETRIC_REPRESENTATION_CONTEXT() REPRESENTATION_CONTEXT('2D SPACE',''
  ) );
#3758 = PCURVE('',#1305,#3759);
#3759 = DEFINITIONAL_REPRESENTATION('',(#3760),#3764);
#3760 = LINE('',#3761,#3762);
#3761 = CARTESIAN_POINT('',(0.,-0.));
#3762 = VECTOR('',#3763,1.);
#3763 = DIRECTION('',(0.,1.));
#3764 = ( GEOMETRIC_REPRESENTATION_CONTEXT(2) 
PARAMETRIC_REPRESENTATION_CONTEXT() REPRESENTATION_CONTEXT('2D SPACE',''
  ) );
#3765 = ORIENTED_EDGE('',*,*,#3766,.F.);
#3766 = EDGE_CURVE('',#3744,#3744,#3767,.T.);
#3767 = SURFACE_CURVE('',#3768,(#3773,#3780),.PCURVE_S1.);
#3768 = CIRCLE('',#3769,6.05);
#3769 = AXIS2_PLACEMENT_3D('',#3770,#3771,#3772);
#3770 = CARTESIAN_POINT('',(30.,-28.3,9.9));
#3771 = DIRECTION('',(-0.,1.,0.));
#3772 = DIRECTION('',(0.,0.,1.));
#3773 = PCURVE('',#1305,#3774);
#3774 = DEFINITIONAL_REPRESENTATION('',(#3775),#3779);
#3775 = LINE('',#3776,#3777);
#3776 = CARTESIAN_POINT('',(0.,1.62));
#3777 = VECTOR('',#3778,1.);
#3778 = DIRECTION('',(1.,0.));
#3779 = ( GEOMETRIC_REPRESENTATION_CONTEXT(2) 
PARAMETRIC_REPRESENTATION_CONTEXT() REPRESENTATION_CONTEXT('2D SPACE',''
  ) );
#3780 = PCURVE('',#3781,#3786);
#3781 = PLANE('',#3782);
#3782 = AXIS2_PLACEMENT_3D('',#3783,#3784,#3785);
#3783 = CARTESIAN_POINT('',(30.,-28.3,9.9));
#3784 = DIRECTION('',(-0.,1.,-0.));
#3785 = DIRECTION('',(0.,0.,1.));
#3786 = DEFINITIONAL_REPRESENTATION('',(#3787),#3791);
#3787 = CIRCLE('',#3788,6.05);
#3788 = AXIS2_PLACEMENT_2D('',#3789,#3790);
#3789 = CARTESIAN_POINT('',(0.,0.));
#3790 = DIRECTION('',(1.,0.));
#3791 = ( GEOMETRIC_REPRESENTATION_CONTEXT(2) 
PARAMETRIC_REPRESENTATION_CONTEXT() REPRESENTATION_CONTEXT('2D SPACE',''
  ) );
#3792 = ORIENTED_EDGE('',*,*,#3743,.F.);
#3793 = ORIENTED_EDGE('',*,*,#1288,.T.);
#3794 = ADVANCED_FACE('',(#3795),#1458,.F.);
#3795 = FACE_BOUND('',#3796,.F.);
#3796 = EDGE_LOOP('',(#3797,#3820,#3847,#3848));
#3797 = ORIENTED_EDGE('',*,*,#3798,.T.);
#3798 = EDGE_CURVE('',#1442,#3799,#3801,.T.);
#3799 = VERTEX_POINT('',#3800);
#3800 = CARTESIAN_POINT('',(-23.95,-20.,1.6));
#3801 = SEAM_CURVE('',#3802,(#3806,#3813),.PCURVE_S1.);
#3802 = LINE('',#3803,#3804);
#3803 = CARTESIAN_POINT('',(-23.95,-20.,-2.E-02));
#3804 = VECTOR('',#3805,1.);
#3805 = DIRECTION('',(0.,0.,1.));
#3806 = PCURVE('',#1458,#3807);
#3807 = DEFINITIONAL_REPRESENTATION('',(#3808),#3812);
#3808 = LINE('',#3809,#3810);
#3809 = CARTESIAN_POINT('',(6.28318530718,-0.));
#3810 = VECTOR('',#3811,1.);
#3811 = DIRECTION('',(0.,1.));
#3812 = ( GEOMETRIC_REPRESENTATION_CONTEXT(2) 
PARAMETRIC_REPRESENTATION_CONTEXT() REPRESENTATION_CONTEXT('2D SPACE',''
  ) );
#3813 = PCURVE('',#1458,#3814);
#3814 = DEFINITIONAL_REPRESENTATION('',(#3815),#3819);
#3815 = LINE('',#3816,#3817);
#3816 = CARTESIAN_POINT('',(0.,-0.));
#3817 = VECTOR('',#3818,1.);
#3818 = DIRECTION('',(0.,1.));
#3819 = ( GEOMETRIC_REPRESENTATION_CONTEXT(2) 
PARAMETRIC_REPRESENTATION_CONTEXT() REPRESENTATION_CONTEXT('2D SPACE',''
  ) );
#3820 = ORIENTED_EDGE('',*,*,#3821,.F.);
#3821 = EDGE_CURVE('',#3799,#3799,#3822,.T.);
#3822 = SURFACE_CURVE('',#3823,(#3828,#3835),.PCURVE_S1.);
#3823 = CIRCLE('',#3824,6.05);
#3824 = AXIS2_PLACEMENT_3D('',#3825,#3826,#3827);
#3825 = CARTESIAN_POINT('',(-30.,-20.,1.6));
#3826 = DIRECTION('',(0.,-0.,1.));
#3827 = DIRECTION('',(1.,0.,0.));
#3828 = PCURVE('',#1458,#3829);
#3829 = DEFINITIONAL_REPRESENTATION('',(#3830),#3834);
#3830 = LINE('',#3831,#3832);
#3831 = CARTESIAN_POINT('',(0.,1.62));
#3832 = VECTOR('',#3833,1.);
#3833 = DIRECTION('',(1.,0.));
#3834 = ( GEOMETRIC_REPRESENTATION_CONTEXT(2) 
PARAMETRIC_REPRESENTATION_CONTEXT() REPRESENTATION_CONTEXT('2D SPACE',''
  ) );
#3835 = PCURVE('',#3836,#3841);
#3836 = PLANE('',#3837);
#3837 = AXIS2_PLACEMENT_3D('',#3838,#3839,#3840);
#3838 = CARTESIAN_POINT('',(-30.,-20.,1.6));
#3839 = DIRECTION('',(-0.,-0.,1.));
#3840 = DIRECTION('',(1.,0.,0.));
#3841 = DEFINITIONAL_REPRESENTATION('',(#3842),#3846);
#3842 = CIRCLE('',#3843,6.05);
#3843 = AXIS2_PLACEMENT_2D('',#3844,#3845);
#3844 = CARTESIAN_POINT('',(0.,0.));
#3845 = DIRECTION('',(1.,0.));
#3846 = ( GEOMETRIC_REPRESENTATION_CONTEXT(2) 
PARAMETRIC_REPRESENTATION_CONTEXT() REPRESENTATION_CONTEXT('2D SPACE',''
  ) );
#3847 = ORIENTED_EDGE('',*,*,#3798,.F.);
#3848 = ORIENTED_EDGE('',*,*,#1441,.T.);
#3849 = ADVANCED_FACE('',(#3850),#1489,.F.);
#3850 = FACE_BOUND('',#3851,.F.);
#3851 = EDGE_LOOP('',(#3852,#3875,#3902,#3903));
#3852 = ORIENTED_EDGE('',*,*,#3853,.T.);
#3853 = EDGE_CURVE('',#1473,#3854,#3856,.T.);
#3854 = VERTEX_POINT('',#3855);
#3855 = CARTESIAN_POINT('',(-3.95,-20.,1.6));
#3856 = SEAM_CURVE('',#3857,(#3861,#3868),.PCURVE_S1.);
#3857 = LINE('',#3858,#3859);
#3858 = CARTESIAN_POINT('',(-3.95,-20.,-2.E-02));
#3859 = VECTOR('',#3860,1.);
#3860 = DIRECTION('',(0.,0.,1.));
#3861 = PCURVE('',#1489,#3862);
#3862 = DEFINITIONAL_REPRESENTATION('',(#3863),#3867);
#3863 = LINE('',#3864,#3865);
#3864 = CARTESIAN_POINT('',(6.28318530718,-0.));
#3865 = VECTOR('',#3866,1.);
#3866 = DIRECTION('',(0.,1.));
#3867 = ( GEOMETRIC_REPRESENTATION_CONTEXT(2) 
PARAMETRIC_REPRESENTATION_CONTEXT() REPRESENTATION_CONTEXT('2D SPACE',''
  ) );
#3868 = PCURVE('',#1489,#3869);
#3869 = DEFINITIONAL_REPRESENTATION('',(#3870),#3874);
#3870 = LINE('',#3871,#3872);
#3871 = CARTESIAN_POINT('',(0.,-0.));
#3872 = VECTOR('',#3873,1.);
#3873 = DIRECTION('',(0.,1.));
#3874 = ( GEOMETRIC_REPRESENTATION_CONTEXT(2) 
PARAMETRIC_REPRESENTATION_CONTEXT() REPRESENTATION_CONTEXT('2D SPACE',''
  ) );
#3875 = ORIENTED_EDGE('',*,*,#3876,.F.);
#3876 = EDGE_CURVE('',#3854,#3854,#3877,.T.);
#3877 = SURFACE_CURVE('',#3878,(#3883,#3890),.PCURVE_S1.);
#3878 = CIRCLE('',#3879,6.05);
#3879 = AXIS2_PLACEMENT_3D('',#3880,#3881,#3882);
#3880 = CARTESIAN_POINT('',(-10.,-20.,1.6));
#3881 = DIRECTION('',(0.,-0.,1.));
#3882 = DIRECTION('',(1.,0.,0.));
#3883 = PCURVE('',#1489,#3884);
#3884 = DEFINITIONAL_REPRESENTATION('',(#3885),#3889);
#3885 = LINE('',#3886,#3887);
#3886 = CARTESIAN_POINT('',(0.,1.62));
#3887 = VECTOR('',#3888,1.);
#3888 = DIRECTION('',(1.,0.));
#3889 = ( GEOMETRIC_REPRESENTATION_CONTEXT(2) 
PARAMETRIC_REPRESENTATION_CONTEXT() REPRESENTATION_CONTEXT('2D SPACE',''
  ) );
#3890 = PCURVE('',#3891,#3896);
#3891 = PLANE('',#3892);
#3892 = AXIS2_PLACEMENT_3D('',#3893,#3894,#3895);
#3893 = CARTESIAN_POINT('',(-10.,-20.,1.6));
#3894 = DIRECTION('',(-0.,-0.,1.));
#3895 = DIRECTION('',(1.,0.,0.));
#3896 = DEFINITIONAL_REPRESENTATION('',(#3897),#3901);
#3897 = CIRCLE('',#3898,6.05);
#3898 = AXIS2_PLACEMENT_2D('',#3899,#3900);
#3899 = CARTESIAN_POINT('',(0.,0.));
#3900 = DIRECTION('',(1.,0.));
#3901 = ( GEOMETRIC_REPRESENTATION_CONTEXT(2) 
PARAMETRIC_REPRESENTATION_CONTEXT() REPRESENTATION_CONTEXT('2D SPACE',''
  ) );
#3902 = ORIENTED_EDGE('',*,*,#3853,.F.);
#3903 = ORIENTED_EDGE('',*,*,#1472,.T.);
#3904 = ADVANCED_FACE('',(#3905),#1520,.F.);
#3905 = FACE_BOUND('',#3906,.F.);
#3906 = EDGE_LOOP('',(#3907,#3930,#3957,#3958));
#3907 = ORIENTED_EDGE('',*,*,#3908,.T.);
#3908 = EDGE_CURVE('',#1504,#3909,#3911,.T.);
#3909 = VERTEX_POINT('',#3910);
#3910 = CARTESIAN_POINT('',(16.05,-20.,1.6));
#3911 = SEAM_CURVE('',#3912,(#3916,#3923),.PCURVE_S1.);
#3912 = LINE('',#3913,#3914);
#3913 = CARTESIAN_POINT('',(16.05,-20.,-2.E-02));
#3914 = VECTOR('',#3915,1.);
#3915 = DIRECTION('',(0.,0.,1.));
#3916 = PCURVE('',#1520,#3917);
#3917 = DEFINITIONAL_REPRESENTATION('',(#3918),#3922);
#3918 = LINE('',#3919,#3920);
#3919 = CARTESIAN_POINT('',(6.28318530718,-0.));
#3920 = VECTOR('',#3921,1.);
#3921 = DIRECTION('',(0.,1.));
#3922 = ( GEOMETRIC_REPRESENTATION_CONTEXT(2) 
PARAMETRIC_REPRESENTATION_CONTEXT() REPRESENTATION_CONTEXT('2D SPACE',''
  ) );
#3923 = PCURVE('',#1520,#3924);
#3924 = DEFINITIONAL_REPRESENTATION('',(#3925),#3929);
#3925 = LINE('',#3926,#3927);
#3926 = CARTESIAN_POINT('',(0.,-0.));
#3927 = VECTOR('',#3928,1.);
#3928 = DIRECTION('',(0.,1.));
#3929 = ( GEOMETRIC_REPRESENTATION_CONTEXT(2) 
PARAMETRIC_REPRESENTATION_CONTEXT() REPRESENTATION_CONTEXT('2D SPACE',''
  ) );
#3930 = ORIENTED_EDGE('',*,*,#3931,.F.);
#3931 = EDGE_CURVE('',#3909,#3909,#3932,.T.);
#3932 = SURFACE_CURVE('',#3933,(#3938,#3945),.PCURVE_S1.);
#3933 = CIRCLE('',#3934,6.05);
#3934 = AXIS2_PLACEMENT_3D('',#3935,#3936,#3937);
#3935 = CARTESIAN_POINT('',(10.,-20.,1.6));
#3936 = DIRECTION('',(0.,-0.,1.));
#3937 = DIRECTION('',(1.,0.,0.));
#3938 = PCURVE('',#1520,#3939);
#3939 = DEFINITIONAL_REPRESENTATION('',(#3940),#3944);
#3940 = LINE('',#3941,#3942);
#3941 = CARTESIAN_POINT('',(0.,1.62));
#3942 = VECTOR('',#3943,1.);
#3943 = DIRECTION('',(1.,0.));
#3944 = ( GEOMETRIC_REPRESENTATION_CONTEXT(2) 
PARAMETRIC_REPRESENTATION_CONTEXT() REPRESENTATION_CONTEXT('2D SPACE',''
  ) );
#3945 = PCURVE('',#3946,#3951);
#3946 = PLANE('',#3947);
#3947 = AXIS2_PLACEMENT_3D('',#3948,#3949,#3950);
#3948 = CARTESIAN_POINT('',(10.,-20.,1.6));
#3949 = DIRECTION('',(-0.,-0.,1.));
#3950 = DIRECTION('',(1.,0.,0.));
#3951 = DEFINITIONAL_REPRESENTATION('',(#3952),#3956);
#3952 = CIRCLE('',#3953,6.05);
#3953 = AXIS2_PLACEMENT_2D('',#3954,#3955);
#3954 = CARTESIAN_POINT('',(0.,0.));
#3955 = DIRECTION('',(1.,0.));
#3956 = ( GEOMETRIC_REPRESENTATION_CONTEXT(2) 
PARAMETRIC_REPRESENTATION_CONTEXT() REPRESENTATION_CONTEXT('2D SPACE',''
  ) );
#3957 = ORIENTED_EDGE('',*,*,#3908,.F.);
#3958 = ORIENTED_EDGE('',*,*,#1503,.T.);
#3959 = ADVANCED_FACE('',(#3960),#1551,.F.);
#3960 = FACE_BOUND('',#3961,.F.);
#3961 = EDGE_LOOP('',(#3962,#3985,#4012,#4013));
#3962 = ORIENTED_EDGE('',*,*,#3963,.T.);
#3963 = EDGE_CURVE('',#1535,#3964,#3966,.T.);
#3964 = VERTEX_POINT('',#3965);
#3965 = CARTESIAN_POINT('',(36.05,-20.,1.6));
#3966 = SEAM_CURVE('',#3967,(#3971,#3978),.PCURVE_S1.);
#3967 = LINE('',#3968,#3969);
#3968 = CARTESIAN_POINT('',(36.05,-20.,-2.E-02));
#3969 = VECTOR('',#3970,1.);
#3970 = DIRECTION('',(0.,0.,1.));
#3971 = PCURVE('',#1551,#3972);
#3972 = DEFINITIONAL_REPRESENTATION('',(#3973),#3977);
#3973 = LINE('',#3974,#3975);
#3974 = CARTESIAN_POINT('',(6.28318530718,-0.));
#3975 = VECTOR('',#3976,1.);
#3976 = DIRECTION('',(0.,1.));
#3977 = ( GEOMETRIC_REPRESENTATION_CONTEXT(2) 
PARAMETRIC_REPRESENTATION_CONTEXT() REPRESENTATION_CONTEXT('2D SPACE',''
  ) );
#3978 = PCURVE('',#1551,#3979);
#3979 = DEFINITIONAL_REPRESENTATION('',(#3980),#3984);
#3980 = LINE('',#3981,#3982);
#3981 = CARTESIAN_POINT('',(0.,-0.));
#3982 = VECTOR('',#3983,1.);
#3983 = DIRECTION('',(0.,1.));
#3984 = ( GEOMETRIC_REPRESENTATION_CONTEXT(2) 
PARAMETRIC_REPRESENTATION_CONTEXT() REPRESENTATION_CONTEXT('2D SPACE',''
  ) );
#3985 = ORIENTED_EDGE('',*,*,#3986,.F.);
#3986 = EDGE_CURVE('',#3964,#3964,#3987,.T.);
#3987 = SURFACE_CURVE('',#3988,(#3993,#4000),.PCURVE_S1.);
#3988 = CIRCLE('',#3989,6.05);
#3989 = AXIS2_PLACEMENT_3D('',#3990,#3991,#3992);
#3990 = CARTESIAN_POINT('',(30.,-20.,1.6));
#3991 = DIRECTION('',(0.,-0.,1.));
#3992 = DIRECTION('',(1.,0.,0.));
#3993 = PCURVE('',#1551,#3994);
#3994 = DEFINITIONAL_REPRESENTATION('',(#3995),#3999);
#3995 = LINE('',#3996,#3997);
#3996 = CARTESIAN_POINT('',(0.,1.62));
#3997 = VECTOR('',#3998,1.);
#3998 = DIRECTION('',(1.,0.));
#3999 = ( GEOMETRIC_REPRESENTATION_CONTEXT(2) 
PARAMETRIC_REPRESENTATION_CONTEXT() REPRESENTATION_CONTEXT('2D SPACE',''
  ) );
#4000 = PCURVE('',#4001,#4006);
#4001 = PLANE('',#4002);
#4002 = AXIS2_PLACEMENT_3D('',#4003,#4004,#4005);
#4003 = CARTESIAN_POINT('',(30.,-20.,1.6));
#4004 = DIRECTION('',(-0.,-0.,1.));
#4005 = DIRECTION('',(1.,0.,0.));
#4006 = DEFINITIONAL_REPRESENTATION('',(#4007),#4011);
#4007 = CIRCLE('',#4008,6.05);
#4008 = AXIS2_PLACEMENT_2D('',#4009,#4010);
#4009 = CARTESIAN_POINT('',(0.,0.));
#4010 = DIRECTION('',(1.,0.));
#4011 = ( GEOMETRIC_REPRESENTATION_CONTEXT(2) 
PARAMETRIC_REPRESENTATION_CONTEXT() REPRESENTATION_CONTEXT('2D SPACE',''
  ) );
#4012 = ORIENTED_EDGE('',*,*,#3963,.F.);
#4013 = ORIENTED_EDGE('',*,*,#1534,.T.);
#4014 = ADVANCED_FACE('',(#4015),#1582,.F.);
#4015 = FACE_BOUND('',#4016,.F.);
#4016 = EDGE_LOOP('',(#4017,#4040,#4067,#4068));
#4017 = ORIENTED_EDGE('',*,*,#4018,.T.);
#4018 = EDGE_CURVE('',#1566,#4019,#4021,.T.);
#4019 = VERTEX_POINT('',#4020);
#4020 = CARTESIAN_POINT('',(-23.95,0.,1.6));
#4021 = SEAM_CURVE('',#4022,(#4026,#4033),.PCURVE_S1.);
#4022 = LINE('',#4023,#4024);
#4023 = CARTESIAN_POINT('',(-23.95,0.,-2.E-02));
#4024 = VECTOR('',#4025,1.);
#4025 = DIRECTION('',(0.,0.,1.));
#4026 = PCURVE('',#1582,#4027);
#4027 = DEFINITIONAL_REPRESENTATION('',(#4028),#4032);
#4028 = LINE('',#4029,#4030);
#4029 = CARTESIAN_POINT('',(6.28318530718,-0.));
#4030 = VECTOR('',#4031,1.);
#4031 = DIRECTION('',(0.,1.));
#4032 = ( GEOMETRIC_REPRESENTATION_CONTEXT(2) 
PARAMETRIC_REPRESENTATION_CONTEXT() REPRESENTATION_CONTEXT('2D SPACE',''
  ) );
#4033 = PCURVE('',#1582,#4034);
#4034 = DEFINITIONAL_REPRESENTATION('',(#4035),#4039);
#4035 = LINE('',#4036,#4037);
#4036 = CARTESIAN_POINT('',(0.,-0.));
#4037 = VECTOR('',#4038,1.);
#4038 = DIRECTION('',(0.,1.));
#4039 = ( GEOMETRIC_REPRESENTATION_CONTEXT(2) 
PARAMETRIC_REPRESENTATION_CONTEXT() REPRESENTATION_CONTEXT('2D SPACE',''
  ) );
#4040 = ORIENTED_EDGE('',*,*,#4041,.F.);
#4041 = EDGE_CURVE('',#4019,#4019,#4042,.T.);
#4042 = SURFACE_CURVE('',#4043,(#4048,#4055),.PCURVE_S1.);
#4043 = CIRCLE('',#4044,6.05);
#4044 = AXIS2_PLACEMENT_3D('',#4045,#4046,#4047);
#4045 = CARTESIAN_POINT('',(-30.,0.,1.6));
#4046 = DIRECTION('',(0.,-0.,1.));
#4047 = DIRECTION('',(1.,0.,0.));
#4048 = PCURVE('',#1582,#4049);
#4049 = DEFINITIONAL_REPRESENTATION('',(#4050),#4054);
#4050 = LINE('',#4051,#4052);
#4051 = CARTESIAN_POINT('',(0.,1.62));
#4052 = VECTOR('',#4053,1.);
#4053 = DIRECTION('',(1.,0.));
#4054 = ( GEOMETRIC_REPRESENTATION_CONTEXT(2) 
PARAMETRIC_REPRESENTATION_CONTEXT() REPRESENTATION_CONTEXT('2D SPACE',''
  ) );
#4055 = PCURVE('',#4056,#4061);
#4056 = PLANE('',#4057);
#4057 = AXIS2_PLACEMENT_3D('',#4058,#4059,#4060);
#4058 = CARTESIAN_POINT('',(-30.,0.,1.6));
#4059 = DIRECTION('',(-0.,-0.,1.));
#4060 = DIRECTION('',(1.,0.,0.));
#4061 = DEFINITIONAL_REPRESENTATION('',(#4062),#4066);
#4062 = CIRCLE('',#4063,6.05);
#4063 = AXIS2_PLACEMENT_2D('',#4064,#4065);
#4064 = CARTESIAN_POINT('',(0.,0.));
#4065 = DIRECTION('',(1.,0.));
#4066 = ( GEOMETRIC_REPRESENTATION_CONTEXT(2) 
PARAMETRIC_REPRESENTATION_CONTEXT() REPRESENTATION_CONTEXT('2D SPACE',''
  ) );
#4067 = ORIENTED_EDGE('',*,*,#4018,.F.);
#4068 = ORIENTED_EDGE('',*,*,#1565,.T.);
#4069 = ADVANCED_FACE('',(#4070),#1613,.F.);
#4070 = FACE_BOUND('',#4071,.F.);
#4071 = EDGE_LOOP('',(#4072,#4095,#4122,#4123));
#4072 = ORIENTED_EDGE('',*,*,#4073,.T.);
#4073 = EDGE_CURVE('',#1597,#4074,#4076,.T.);
#4074 = VERTEX_POINT('',#4075);
#4075 = CARTESIAN_POINT('',(-3.95,0.,1.6));
#4076 = SEAM_CURVE('',#4077,(#4081,#4088),.PCURVE_S1.);
#4077 = LINE('',#4078,#4079);
#4078 = CARTESIAN_POINT('',(-3.95,0.,-2.E-02));
#4079 = VECTOR('',#4080,1.);
#4080 = DIRECTION('',(0.,0.,1.));
#4081 = PCURVE('',#1613,#4082);
#4082 = DEFINITIONAL_REPRESENTATION('',(#4083),#4087);
#4083 = LINE('',#4084,#4085);
#4084 = CARTESIAN_POINT('',(6.28318530718,-0.));
#4085 = VECTOR('',#4086,1.);
#4086 = DIRECTION('',(0.,1.));
#4087 = ( GEOMETRIC_REPRESENTATION_CONTEXT(2) 
PARAMETRIC_REPRESENTATION_CONTEXT() REPRESENTATION_CONTEXT('2D SPACE',''
  ) );
#4088 = PCURVE('',#1613,#4089);
#4089 = DEFINITIONAL_REPRESENTATION('',(#4090),#4094);
#4090 = LINE('',#4091,#4092);
#4091 = CARTESIAN_POINT('',(0.,-0.));
#4092 = VECTOR('',#4093,1.);
#4093 = DIRECTION('',(0.,1.));
#4094 = ( GEOMETRIC_REPRESENTATION_CONTEXT(2) 
PARAMETRIC_REPRESENTATION_CONTEXT() REPRESENTATION_CONTEXT('2D SPACE',''
  ) );
#4095 = ORIENTED_EDGE('',*,*,#4096,.F.);
#4096 = EDGE_CURVE('',#4074,#4074,#4097,.T.);
#4097 = SURFACE_CURVE('',#4098,(#4103,#4110),.PCURVE_S1.);
#4098 = CIRCLE('',#4099,6.05);
#4099 = AXIS2_PLACEMENT_3D('',#4100,#4101,#4102);
#4100 = CARTESIAN_POINT('',(-10.,0.,1.6));
#4101 = DIRECTION('',(0.,-0.,1.));
#4102 = DIRECTION('',(1.,0.,0.));
#4103 = PCURVE('',#1613,#4104);
#4104 = DEFINITIONAL_REPRESENTATION('',(#4105),#4109);
#4105 = LINE('',#4106,#4107);
#4106 = CARTESIAN_POINT('',(0.,1.62));
#4107 = VECTOR('',#4108,1.);
#4108 = DIRECTION('',(1.,0.));
#4109 = ( GEOMETRIC_REPRESENTATION_CONTEXT(2) 
PARAMETRIC_REPRESENTATION_CONTEXT() REPRESENTATION_CONTEXT('2D SPACE',''
  ) );
#4110 = PCURVE('',#4111,#4116);
#4111 = PLANE('',#4112);
#4112 = AXIS2_PLACEMENT_3D('',#4113,#4114,#4115);
#4113 = CARTESIAN_POINT('',(-10.,0.,1.6));
#4114 = DIRECTION('',(-0.,-0.,1.));
#4115 = DIRECTION('',(1.,0.,0.));
#4116 = DEFINITIONAL_REPRESENTATION('',(#4117),#4121);
#4117 = CIRCLE('',#4118,6.05);
#4118 = AXIS2_PLACEMENT_2D('',#4119,#4120);
#4119 = CARTESIAN_POINT('',(0.,0.));
#4120 = DIRECTION('',(1.,0.));
#4121 = ( GEOMETRIC_REPRESENTATION_CONTEXT(2) 
PARAMETRIC_REPRESENTATION_CONTEXT() REPRESENTATION_CONTEXT('2D SPACE',''
  ) );
#4122 = ORIENTED_EDGE('',*,*,#4073,.F.);
#4123 = ORIENTED_EDGE('',*,*,#1596,.T.);
#4124 = ADVANCED_FACE('',(#4125),#1644,.F.);
#4125 = FACE_BOUND('',#4126,.F.);
#4126 = EDGE_LOOP('',(#4127,#4150,#4177,#4178));
#4127 = ORIENTED_EDGE('',*,*,#4128,.T.);
#4128 = EDGE_CURVE('',#1628,#4129,#4131,.T.);
#4129 = VERTEX_POINT('',#4130);
#4130 = CARTESIAN_POINT('',(-23.95,20.,1.6));
#4131 = SEAM_CURVE('',#4132,(#4136,#4143),.PCURVE_S1.);
#4132 = LINE('',#4133,#4134);
#4133 = CARTESIAN_POINT('',(-23.95,20.,-2.E-02));
#4134 = VECTOR('',#4135,1.);
#4135 = DIRECTION('',(0.,0.,1.));
#4136 = PCURVE('',#1644,#4137);
#4137 = DEFINITIONAL_REPRESENTATION('',(#4138),#4142);
#4138 = LINE('',#4139,#4140);
#4139 = CARTESIAN_POINT('',(6.28318530718,-0.));
#4140 = VECTOR('',#4141,1.);
#4141 = DIRECTION('',(0.,1.));
#4142 = ( GEOMETRIC_REPRESENTATION_CONTEXT(2) 
PARAMETRIC_REPRESENTATION_CONTEXT() REPRESENTATION_CONTEXT('2D SPACE',''
  ) );
#4143 = PCURVE('',#1644,#4144);
#4144 = DEFINITIONAL_REPRESENTATION('',(#4145),#4149);
#4145 = LINE('',#4146,#4147);
#4146 = CARTESIAN_POINT('',(0.,-0.));
#4147 = VECTOR('',#4148,1.);
#4148 = DIRECTION('',(0.,1.));
#4149 = ( GEOMETRIC_REPRESENTATION_CONTEXT(2) 
PARAMETRIC_REPRESENTATION_CONTEXT() REPRESENTATION_CONTEXT('2D SPACE',''
  ) );
#4150 = ORIENTED_EDGE('',*,*,#4151,.F.);
#4151 = EDGE_CURVE('',#4129,#4129,#4152,.T.);
#4152 = SURFACE_CURVE('',#4153,(#4158,#4165),.PCURVE_S1.);
#4153 = CIRCLE('',#4154,6.05);
#4154 = AXIS2_PLACEMENT_3D('',#4155,#4156,#4157);
#4155 = CARTESIAN_POINT('',(-30.,20.,1.6));
#4156 = DIRECTION('',(0.,-0.,1.));
#4157 = DIRECTION('',(1.,0.,0.));
#4158 = PCURVE('',#1644,#4159);
#4159 = DEFINITIONAL_REPRESENTATION('',(#4160),#4164);
#4160 = LINE('',#4161,#4162);
#4161 = CARTESIAN_POINT('',(0.,1.62));
#4162 = VECTOR('',#4163,1.);
#4163 = DIRECTION('',(1.,0.));
#4164 = ( GEOMETRIC_REPRESENTATION_CONTEXT(2) 
PARAMETRIC_REPRESENTATION_CONTEXT() REPRESENTATION_CONTEXT('2D SPACE',''
  ) );
#4165 = PCURVE('',#4166,#4171);
#4166 = PLANE('',#4167);
#4167 = AXIS2_PLACEMENT_3D('',#4168,#4169,#4170);
#4168 = CARTESIAN_POINT('',(-30.,20.,1.6));
#4169 = DIRECTION('',(-0.,-0.,1.));
#4170 = DIRECTION('',(1.,0.,0.));
#4171 = DEFINITIONAL_REPRESENTATION('',(#4172),#4176);
#4172 = CIRCLE('',#4173,6.05);
#4173 = AXIS2_PLACEMENT_2D('',#4174,#4175);
#4174 = CARTESIAN_POINT('',(0.,0.));
#4175 = DIRECTION('',(1.,0.));
#4176 = ( GEOMETRIC_REPRESENTATION_CONTEXT(2) 
PARAMETRIC_REPRESENTATION_CONTEXT() REPRESENTATION_CONTEXT('2D SPACE',''
  ) );
#4177 = ORIENTED_EDGE('',*,*,#4128,.F.);
#4178 = ORIENTED_EDGE('',*,*,#1627,.T.);
#4179 = ADVANCED_FACE('',(#4180),#1675,.F.);
#4180 = FACE_BOUND('',#4181,.F.);
#4181 = EDGE_LOOP('',(#4182,#4205,#4232,#4233));
#4182 = ORIENTED_EDGE('',*,*,#4183,.T.);
#4183 = EDGE_CURVE('',#1659,#4184,#4186,.T.);
#4184 = VERTEX_POINT('',#4185);
#4185 = CARTESIAN_POINT('',(-3.95,20.,1.6));
#4186 = SEAM_CURVE('',#4187,(#4191,#4198),.PCURVE_S1.);
#4187 = LINE('',#4188,#4189);
#4188 = CARTESIAN_POINT('',(-3.95,20.,-2.E-02));
#4189 = VECTOR('',#4190,1.);
#4190 = DIRECTION('',(0.,0.,1.));
#4191 = PCURVE('',#1675,#4192);
#4192 = DEFINITIONAL_REPRESENTATION('',(#4193),#4197);
#4193 = LINE('',#4194,#4195);
#4194 = CARTESIAN_POINT('',(6.28318530718,-0.));
#4195 = VECTOR('',#4196,1.);
#4196 = DIRECTION('',(0.,1.));
#4197 = ( GEOMETRIC_REPRESENTATION_CONTEXT(2) 
PARAMETRIC_REPRESENTATION_CONTEXT() REPRESENTATION_CONTEXT('2D SPACE',''
  ) );
#4198 = PCURVE('',#1675,#4199);
#4199 = DEFINITIONAL_REPRESENTATION('',(#4200),#4204);
#4200 = LINE('',#4201,#4202);
#4201 = CARTESIAN_POINT('',(0.,-0.));
#4202 = VECTOR('',#4203,1.);
#4203 = DIRECTION('',(0.,1.));
#4204 = ( GEOMETRIC_REPRESENTATION_CONTEXT(2) 
PARAMETRIC_REPRESENTATION_CONTEXT() REPRESENTATION_CONTEXT('2D SPACE',''
  ) );
#4205 = ORIENTED_EDGE('',*,*,#4206,.F.);
#4206 = EDGE_CURVE('',#4184,#4184,#4207,.T.);
#4207 = SURFACE_CURVE('',#4208,(#4213,#4220),.PCURVE_S1.);
#4208 = CIRCLE('',#4209,6.05);
#4209 = AXIS2_PLACEMENT_3D('',#4210,#4211,#4212);
#4210 = CARTESIAN_POINT('',(-10.,20.,1.6));
#4211 = DIRECTION('',(0.,-0.,1.));
#4212 = DIRECTION('',(1.,0.,0.));
#4213 = PCURVE('',#1675,#4214);
#4214 = DEFINITIONAL_REPRESENTATION('',(#4215),#4219);
#4215 = LINE('',#4216,#4217);
#4216 = CARTESIAN_POINT('',(0.,1.62));
#4217 = VECTOR('',#4218,1.);
#4218 = DIRECTION('',(1.,0.));
#4219 = ( GEOMETRIC_REPRESENTATION_CONTEXT(2) 
PARAMETRIC_REPRESENTATION_CONTEXT() REPRESENTATION_CONTEXT('2D SPACE',''
  ) );
#4220 = PCURVE('',#4221,#4226);
#4221 = PLANE('',#4222);
#4222 = AXIS2_PLACEMENT_3D('',#4223,#4224,#4225);
#4223 = CARTESIAN_POINT('',(-10.,20.,1.6));
#4224 = DIRECTION('',(-0.,-0.,1.));
#4225 = DIRECTION('',(1.,0.,0.));
#4226 = DEFINITIONAL_REPRESENTATION('',(#4227),#4231);
#4227 = CIRCLE('',#4228,6.05);
#4228 = AXIS2_PLACEMENT_2D('',#4229,#4230);
#4229 = CARTESIAN_POINT('',(0.,0.));
#4230 = DIRECTION('',(1.,0.));
#4231 = ( GEOMETRIC_REPRESENTATION_CONTEXT(2) 
PARAMETRIC_REPRESENTATION_CONTEXT() REPRESENTATION_CONTEXT('2D SPACE',''
  ) );
#4232 = ORIENTED_EDGE('',*,*,#4183,.F.);
#4233 = ORIENTED_EDGE('',*,*,#1658,.T.);
#4234 = ADVANCED_FACE('',(#4235),#1706,.F.);
#4235 = FACE_BOUND('',#4236,.F.);
#4236 = EDGE_LOOP('',(#4237,#4260,#4287,#4288));
#4237 = ORIENTED_EDGE('',*,*,#4238,.T.);
#4238 = EDGE_CURVE('',#1690,#4239,#4241,.T.);
#4239 = VERTEX_POINT('',#4240);
#4240 = CARTESIAN_POINT('',(16.05,-3.552713678801E-15,1.6));
#4241 = SEAM_CURVE('',#4242,(#4246,#4253),.PCURVE_S1.);
#4242 = LINE('',#4243,#4244);
#4243 = CARTESIAN_POINT('',(16.05,-3.552713678801E-15,-2.E-02));
#4244 = VECTOR('',#4245,1.);
#4245 = DIRECTION('',(0.,0.,1.));
#4246 = PCURVE('',#1706,#4247);
#4247 = DEFINITIONAL_REPRESENTATION('',(#4248),#4252);
#4248 = LINE('',#4249,#4250);
#4249 = CARTESIAN_POINT('',(6.28318530718,-0.));
#4250 = VECTOR('',#4251,1.);
#4251 = DIRECTION('',(0.,1.));
#4252 = ( GEOMETRIC_REPRESENTATION_CONTEXT(2) 
PARAMETRIC_REPRESENTATION_CONTEXT() REPRESENTATION_CONTEXT('2D SPACE',''
  ) );
#4253 = PCURVE('',#1706,#4254);
#4254 = DEFINITIONAL_REPRESENTATION('',(#4255),#4259);
#4255 = LINE('',#4256,#4257);
#4256 = CARTESIAN_POINT('',(0.,-0.));
#4257 = VECTOR('',#4258,1.);
#4258 = DIRECTION('',(0.,1.));
#4259 = ( GEOMETRIC_REPRESENTATION_CONTEXT(2) 
PARAMETRIC_REPRESENTATION_CONTEXT() REPRESENTATION_CONTEXT('2D SPACE',''
  ) );
#4260 = ORIENTED_EDGE('',*,*,#4261,.F.);
#4261 = EDGE_CURVE('',#4239,#4239,#4262,.T.);
#4262 = SURFACE_CURVE('',#4263,(#4268,#4275),.PCURVE_S1.);
#4263 = CIRCLE('',#4264,6.05);
#4264 = AXIS2_PLACEMENT_3D('',#4265,#4266,#4267);
#4265 = CARTESIAN_POINT('',(10.,0.,1.6));
#4266 = DIRECTION('',(0.,-0.,1.));
#4267 = DIRECTION('',(1.,0.,0.));
#4268 = PCURVE('',#1706,#4269);
#4269 = DEFINITIONAL_REPRESENTATION('',(#4270),#4274);
#4270 = LINE('',#4271,#4272);
#4271 = CARTESIAN_POINT('',(0.,1.62));
#4272 = VECTOR('',#4273,1.);
#4273 = DIRECTION('',(1.,0.));
#4274 = ( GEOMETRIC_REPRESENTATION_CONTEXT(2) 
PARAMETRIC_REPRESENTATION_CONTEXT() REPRESENTATION_CONTEXT('2D SPACE',''
  ) );
#4275 = PCURVE('',#4276,#4281);
#4276 = PLANE('',#4277);
#4277 = AXIS2_PLACEMENT_3D('',#4278,#4279,#4280);
#4278 = CARTESIAN_POINT('',(10.,0.,1.6));
#4279 = DIRECTION('',(-0.,-0.,1.));
#4280 = DIRECTION('',(1.,0.,0.));
#4281 = DEFINITIONAL_REPRESENTATION('',(#4282),#4286);
#4282 = CIRCLE('',#4283,6.05);
#4283 = AXIS2_PLACEMENT_2D('',#4284,#4285);
#4284 = CARTESIAN_POINT('',(0.,0.));
#4285 = DIRECTION('',(1.,0.));
#4286 = ( GEOMETRIC_REPRESENTATION_CONTEXT(2) 
PARAMETRIC_REPRESENTATION_CONTEXT() REPRESENTATION_CONTEXT('2D SPACE',''
  ) );
#4287 = ORIENTED_EDGE('',*,*,#4238,.F.);
#4288 = ORIENTED_EDGE('',*,*,#1689,.T.);
#4289 = ADVANCED_FACE('',(#4290),#1737,.F.);
#4290 = FACE_BOUND('',#4291,.F.);
#4291 = EDGE_LOOP('',(#4292,#4315,#4342,#4343));
#4292 = ORIENTED_EDGE('',*,*,#4293,.T.);
#4293 = EDGE_CURVE('',#1721,#4294,#4296,.T.);
#4294 = VERTEX_POINT('',#4295);
#4295 = CARTESIAN_POINT('',(36.05,0.,1.6));
#4296 = SEAM_CURVE('',#4297,(#4301,#4308),.PCURVE_S1.);
#4297 = LINE('',#4298,#4299);
#4298 = CARTESIAN_POINT('',(36.05,0.,-2.E-02));
#4299 = VECTOR('',#4300,1.);
#4300 = DIRECTION('',(0.,0.,1.));
#4301 = PCURVE('',#1737,#4302);
#4302 = DEFINITIONAL_REPRESENTATION('',(#4303),#4307);
#4303 = LINE('',#4304,#4305);
#4304 = CARTESIAN_POINT('',(6.28318530718,-0.));
#4305 = VECTOR('',#4306,1.);
#4306 = DIRECTION('',(0.,1.));
#4307 = ( GEOMETRIC_REPRESENTATION_CONTEXT(2) 
PARAMETRIC_REPRESENTATION_CONTEXT() REPRESENTATION_CONTEXT('2D SPACE',''
  ) );
#4308 = PCURVE('',#1737,#4309);
#4309 = DEFINITIONAL_REPRESENTATION('',(#4310),#4314);
#4310 = LINE('',#4311,#4312);
#4311 = CARTESIAN_POINT('',(0.,-0.));
#4312 = VECTOR('',#4313,1.);
#4313 = DIRECTION('',(0.,1.));
#4314 = ( GEOMETRIC_REPRESENTATION_CONTEXT(2) 
PARAMETRIC_REPRESENTATION_CONTEXT() REPRESENTATION_CONTEXT('2D SPACE',''
  ) );
#4315 = ORIENTED_EDGE('',*,*,#4316,.F.);
#4316 = EDGE_CURVE('',#4294,#4294,#4317,.T.);
#4317 = SURFACE_CURVE('',#4318,(#4323,#4330),.PCURVE_S1.);
#4318 = CIRCLE('',#4319,6.05);
#4319 = AXIS2_PLACEMENT_3D('',#4320,#4321,#4322);
#4320 = CARTESIAN_POINT('',(30.,0.,1.6));
#4321 = DIRECTION('',(0.,-0.,1.));
#4322 = DIRECTION('',(1.,0.,0.));
#4323 = PCURVE('',#1737,#4324);
#4324 = DEFINITIONAL_REPRESENTATION('',(#4325),#4329);
#4325 = LINE('',#4326,#4327);
#4326 = CARTESIAN_POINT('',(0.,1.62));
#4327 = VECTOR('',#4328,1.);
#4328 = DIRECTION('',(1.,0.));
#4329 = ( GEOMETRIC_REPRESENTATION_CONTEXT(2) 
PARAMETRIC_REPRESENTATION_CONTEXT() REPRESENTATION_CONTEXT('2D SPACE',''
  ) );
#4330 = PCURVE('',#4331,#4336);
#4331 = PLANE('',#4332);
#4332 = AXIS2_PLACEMENT_3D('',#4333,#4334,#4335);
#4333 = CARTESIAN_POINT('',(30.,0.,1.6));
#4334 = DIRECTION('',(-0.,-0.,1.));
#4335 = DIRECTION('',(1.,0.,0.));
#4336 = DEFINITIONAL_REPRESENTATION('',(#4337),#4341);
#4337 = CIRCLE('',#4338,6.05);
#4338 = AXIS2_PLACEMENT_2D('',#4339,#4340);
#4339 = CARTESIAN_POINT('',(0.,0.));
#4340 = DIRECTION('',(1.,0.));
#4341 = ( GEOMETRIC_REPRESENTATION_CONTEXT(2) 
PARAMETRIC_REPRESENTATION_CONTEXT() REPRESENTATION_CONTEXT('2D SPACE',''
  ) );
#4342 = ORIENTED_EDGE('',*,*,#4293,.F.);
#4343 = ORIENTED_EDGE('',*,*,#1720,.T.);
#4344 = ADVANCED_FACE('',(#4345),#1768,.F.);
#4345 = FACE_BOUND('',#4346,.F.);
#4346 = EDGE_LOOP('',(#4347,#4370,#4397,#4398));
#4347 = ORIENTED_EDGE('',*,*,#4348,.T.);
#4348 = EDGE_CURVE('',#1752,#4349,#4351,.T.);
#4349 = VERTEX_POINT('',#4350);
#4350 = CARTESIAN_POINT('',(16.05,20.,1.6));
#4351 = SEAM_CURVE('',#4352,(#4356,#4363),.PCURVE_S1.);
#4352 = LINE('',#4353,#4354);
#4353 = CARTESIAN_POINT('',(16.05,20.,-2.E-02));
#4354 = VECTOR('',#4355,1.);
#4355 = DIRECTION('',(0.,0.,1.));
#4356 = PCURVE('',#1768,#4357);
#4357 = DEFINITIONAL_REPRESENTATION('',(#4358),#4362);
#4358 = LINE('',#4359,#4360);
#4359 = CARTESIAN_POINT('',(6.28318530718,-0.));
#4360 = VECTOR('',#4361,1.);
#4361 = DIRECTION('',(0.,1.));
#4362 = ( GEOMETRIC_REPRESENTATION_CONTEXT(2) 
PARAMETRIC_REPRESENTATION_CONTEXT() REPRESENTATION_CONTEXT('2D SPACE',''
  ) );
#4363 = PCURVE('',#1768,#4364);
#4364 = DEFINITIONAL_REPRESENTATION('',(#4365),#4369);
#4365 = LINE('',#4366,#4367);
#4366 = CARTESIAN_POINT('',(0.,-0.));
#4367 = VECTOR('',#4368,1.);
#4368 = DIRECTION('',(0.,1.));
#4369 = ( GEOMETRIC_REPRESENTATION_CONTEXT(2) 
PARAMETRIC_REPRESENTATION_CONTEXT() REPRESENTATION_CONTEXT('2D SPACE',''
  ) );
#4370 = ORIENTED_EDGE('',*,*,#4371,.F.);
#4371 = EDGE_CURVE('',#4349,#4349,#4372,.T.);
#4372 = SURFACE_CURVE('',#4373,(#4378,#4385),.PCURVE_S1.);
#4373 = CIRCLE('',#4374,6.05);
#4374 = AXIS2_PLACEMENT_3D('',#4375,#4376,#4377);
#4375 = CARTESIAN_POINT('',(10.,20.,1.6));
#4376 = DIRECTION('',(0.,-0.,1.));
#4377 = DIRECTION('',(1.,0.,0.));
#4378 = PCURVE('',#1768,#4379);
#4379 = DEFINITIONAL_REPRESENTATION('',(#4380),#4384);
#4380 = LINE('',#4381,#4382);
#4381 = CARTESIAN_POINT('',(0.,1.62));
#4382 = VECTOR('',#4383,1.);
#4383 = DIRECTION('',(1.,0.));
#4384 = ( GEOMETRIC_REPRESENTATION_CONTEXT(2) 
PARAMETRIC_REPRESENTATION_CONTEXT() REPRESENTATION_CONTEXT('2D SPACE',''
  ) );
#4385 = PCURVE('',#4386,#4391);
#4386 = PLANE('',#4387);
#4387 = AXIS2_PLACEMENT_3D('',#4388,#4389,#4390);
#4388 = CARTESIAN_POINT('',(10.,20.,1.6));
#4389 = DIRECTION('',(-0.,-0.,1.));
#4390 = DIRECTION('',(1.,0.,0.));
#4391 = DEFINITIONAL_REPRESENTATION('',(#4392),#4396);
#4392 = CIRCLE('',#4393,6.05);
#4393 = AXIS2_PLACEMENT_2D('',#4394,#4395);
#4394 = CARTESIAN_POINT('',(0.,0.));
#4395 = DIRECTION('',(1.,0.));
#4396 = ( GEOMETRIC_REPRESENTATION_CONTEXT(2) 
PARAMETRIC_REPRESENTATION_CONTEXT() REPRESENTATION_CONTEXT('2D SPACE',''
  ) );
#4397 = ORIENTED_EDGE('',*,*,#4348,.F.);
#4398 = ORIENTED_EDGE('',*,*,#1751,.T.);
#4399 = ADVANCED_FACE('',(#4400),#1799,.F.);
#4400 = FACE_BOUND('',#4401,.F.);
#4401 = EDGE_LOOP('',(#4402,#4425,#4452,#4453));
#4402 = ORIENTED_EDGE('',*,*,#4403,.T.);
#4403 = EDGE_CURVE('',#1783,#4404,#4406,.T.);
#4404 = VERTEX_POINT('',#4405);
#4405 = CARTESIAN_POINT('',(36.05,20.,1.6));
#4406 = SEAM_CURVE('',#4407,(#4411,#4418),.PCURVE_S1.);
#4407 = LINE('',#4408,#4409);
#4408 = CARTESIAN_POINT('',(36.05,20.,-2.E-02));
#4409 = VECTOR('',#4410,1.);
#4410 = DIRECTION('',(0.,0.,1.));
#4411 = PCURVE('',#1799,#4412);
#4412 = DEFINITIONAL_REPRESENTATION('',(#4413),#4417);
#4413 = LINE('',#4414,#4415);
#4414 = CARTESIAN_POINT('',(6.28318530718,-0.));
#4415 = VECTOR('',#4416,1.);
#4416 = DIRECTION('',(0.,1.));
#4417 = ( GEOMETRIC_REPRESENTATION_CONTEXT(2) 
PARAMETRIC_REPRESENTATION_CONTEXT() REPRESENTATION_CONTEXT('2D SPACE',''
  ) );
#4418 = PCURVE('',#1799,#4419);
#4419 = DEFINITIONAL_REPRESENTATION('',(#4420),#4424);
#4420 = LINE('',#4421,#4422);
#4421 = CARTESIAN_POINT('',(0.,-0.));
#4422 = VECTOR('',#4423,1.);
#4423 = DIRECTION('',(0.,1.));
#4424 = ( GEOMETRIC_REPRESENTATION_CONTEXT(2) 
PARAMETRIC_REPRESENTATION_CONTEXT() REPRESENTATION_CONTEXT('2D SPACE',''
  ) );
#4425 = ORIENTED_EDGE('',*,*,#4426,.F.);
#4426 = EDGE_CURVE('',#4404,#4404,#4427,.T.);
#4427 = SURFACE_CURVE('',#4428,(#4433,#4440),.PCURVE_S1.);
#4428 = CIRCLE('',#4429,6.05);
#4429 = AXIS2_PLACEMENT_3D('',#4430,#4431,#4432);
#4430 = CARTESIAN_POINT('',(30.,20.,1.6));
#4431 = DIRECTION('',(0.,-0.,1.));
#4432 = DIRECTION('',(1.,0.,0.));
#4433 = PCURVE('',#1799,#4434);
#4434 = DEFINITIONAL_REPRESENTATION('',(#4435),#4439);
#4435 = LINE('',#4436,#4437);
#4436 = CARTESIAN_POINT('',(0.,1.62));
#4437 = VECTOR('',#4438,1.);
#4438 = DIRECTION('',(1.,0.));
#4439 = ( GEOMETRIC_REPRESENTATION_CONTEXT(2) 
PARAMETRIC_REPRESENTATION_CONTEXT() REPRESENTATION_CONTEXT('2D SPACE',''
  ) );
#4440 = PCURVE('',#4441,#4446);
#4441 = PLANE('',#4442);
#4442 = AXIS2_PLACEMENT_3D('',#4443,#4444,#4445);
#4443 = CARTESIAN_POINT('',(30.,20.,1.6));
#4444 = DIRECTION('',(-0.,-0.,1.));
#4445 = DIRECTION('',(1.,0.,0.));
#4446 = DEFINITIONAL_REPRESENTATION('',(#4447),#4451);
#4447 = CIRCLE('',#4448,6.05);
#4448 = AXIS2_PLACEMENT_2D('',#4449,#4450);
#4449 = CARTESIAN_POINT('',(0.,0.));
#4450 = DIRECTION('',(1.,0.));
#4451 = ( GEOMETRIC_REPRESENTATION_CONTEXT(2) 
PARAMETRIC_REPRESENTATION_CONTEXT() REPRESENTATION_CONTEXT('2D SPACE',''
  ) );
#4452 = ORIENTED_EDGE('',*,*,#4403,.F.);
#4453 = ORIENTED_EDGE('',*,*,#1782,.T.);
#4454 = ADVANCED_FACE('',(#4455),#1858,.T.);
#4455 = FACE_BOUND('',#4456,.T.);
#4456 = EDGE_LOOP('',(#4457,#4478,#4479,#4500));
#4457 = ORIENTED_EDGE('',*,*,#4458,.F.);
#4458 = EDGE_CURVE('',#2705,#1841,#4459,.T.);
#4459 = SURFACE_CURVE('',#4460,(#4464,#4471),.PCURVE_S1.);
#4460 = LINE('',#4461,#4462);
#4461 = CARTESIAN_POINT('',(24.48,-23.81,16.8));
#4462 = VECTOR('',#4463,1.);
#4463 = DIRECTION('',(0.,0.,1.));
#4464 = PCURVE('',#1858,#4465);
#4465 = DEFINITIONAL_REPRESENTATION('',(#4466),#4470);
#4466 = LINE('',#4467,#4468);
#4467 = CARTESIAN_POINT('',(0.,48.96));
#4468 = VECTOR('',#4469,1.);
#4469 = DIRECTION('',(1.,0.));
#4470 = ( GEOMETRIC_REPRESENTATION_CONTEXT(2) 
PARAMETRIC_REPRESENTATION_CONTEXT() REPRESENTATION_CONTEXT('2D SPACE',''
  ) );
#4471 = PCURVE('',#1940,#4472);
#4472 = DEFINITIONAL_REPRESENTATION('',(#4473),#4477);
#4473 = LINE('',#4474,#4475);
#4474 = CARTESIAN_POINT('',(0.,0.));
#4475 = VECTOR('',#4476,1.);
#4476 = DIRECTION('',(1.,0.));
#4477 = ( GEOMETRIC_REPRESENTATION_CONTEXT(2) 
PARAMETRIC_REPRESENTATION_CONTEXT() REPRESENTATION_CONTEXT('2D SPACE',''
  ) );
#4478 = ORIENTED_EDGE('',*,*,#2704,.T.);
#4479 = ORIENTED_EDGE('',*,*,#4480,.T.);
#4480 = EDGE_CURVE('',#2707,#1843,#4481,.T.);
#4481 = SURFACE_CURVE('',#4482,(#4486,#4493),.PCURVE_S1.);
#4482 = LINE('',#4483,#4484);
#4483 = CARTESIAN_POINT('',(-24.48,-23.81,16.8));
#4484 = VECTOR('',#4485,1.);
#4485 = DIRECTION('',(0.,0.,1.));
#4486 = PCURVE('',#1858,#4487);
#4487 = DEFINITIONAL_REPRESENTATION('',(#4488),#4492);
#4488 = LINE('',#4489,#4490);
#4489 = CARTESIAN_POINT('',(0.,0.));
#4490 = VECTOR('',#4491,1.);
#4491 = DIRECTION('',(1.,0.));
#4492 = ( GEOMETRIC_REPRESENTATION_CONTEXT(2) 
PARAMETRIC_REPRESENTATION_CONTEXT() REPRESENTATION_CONTEXT('2D SPACE',''
  ) );
#4493 = PCURVE('',#1886,#4494);
#4494 = DEFINITIONAL_REPRESENTATION('',(#4495),#4499);
#4495 = LINE('',#4496,#4497);
#4496 = CARTESIAN_POINT('',(0.,0.));
#4497 = VECTOR('',#4498,1.);
#4498 = DIRECTION('',(1.,0.));
#4499 = ( GEOMETRIC_REPRESENTATION_CONTEXT(2) 
PARAMETRIC_REPRESENTATION_CONTEXT() REPRESENTATION_CONTEXT('2D SPACE',''
  ) );
#4500 = ORIENTED_EDGE('',*,*,#1840,.F.);
#4501 = ADVANCED_FACE('',(#4502),#1940,.F.);
#4502 = FACE_BOUND('',#4503,.F.);
#4503 = EDGE_LOOP('',(#4504,#4505,#4506,#4527));
#4504 = ORIENTED_EDGE('',*,*,#4458,.F.);
#4505 = ORIENTED_EDGE('',*,*,#2775,.T.);
#4506 = ORIENTED_EDGE('',*,*,#4507,.T.);
#4507 = EDGE_CURVE('',#2753,#1899,#4508,.T.);
#4508 = SURFACE_CURVE('',#4509,(#4513,#4520),.PCURVE_S1.);
#4509 = LINE('',#4510,#4511);
#4510 = CARTESIAN_POINT('',(24.48,12.91,16.8));
#4511 = VECTOR('',#4512,1.);
#4512 = DIRECTION('',(0.,0.,1.));
#4513 = PCURVE('',#1940,#4514);
#4514 = DEFINITIONAL_REPRESENTATION('',(#4515),#4519);
#4515 = LINE('',#4516,#4517);
#4516 = CARTESIAN_POINT('',(0.,-36.72));
#4517 = VECTOR('',#4518,1.);
#4518 = DIRECTION('',(1.,0.));
#4519 = ( GEOMETRIC_REPRESENTATION_CONTEXT(2) 
PARAMETRIC_REPRESENTATION_CONTEXT() REPRESENTATION_CONTEXT('2D SPACE',''
  ) );
#4520 = PCURVE('',#1914,#4521);
#4521 = DEFINITIONAL_REPRESENTATION('',(#4522),#4526);
#4522 = LINE('',#4523,#4524);
#4523 = CARTESIAN_POINT('',(0.,48.96));
#4524 = VECTOR('',#4525,1.);
#4525 = DIRECTION('',(1.,0.));
#4526 = ( GEOMETRIC_REPRESENTATION_CONTEXT(2) 
PARAMETRIC_REPRESENTATION_CONTEXT() REPRESENTATION_CONTEXT('2D SPACE',''
  ) );
#4527 = ORIENTED_EDGE('',*,*,#1926,.F.);
#4528 = ADVANCED_FACE('',(#4529),#1914,.F.);
#4529 = FACE_BOUND('',#4530,.F.);
#4530 = EDGE_LOOP('',(#4531,#4532,#4533,#4554));
#4531 = ORIENTED_EDGE('',*,*,#4507,.F.);
#4532 = ORIENTED_EDGE('',*,*,#2752,.T.);
#4533 = ORIENTED_EDGE('',*,*,#4534,.T.);
#4534 = EDGE_CURVE('',#2730,#1871,#4535,.T.);
#4535 = SURFACE_CURVE('',#4536,(#4540,#4547),.PCURVE_S1.);
#4536 = LINE('',#4537,#4538);
#4537 = CARTESIAN_POINT('',(-24.48,12.91,16.8));
#4538 = VECTOR('',#4539,1.);
#4539 = DIRECTION('',(0.,0.,1.));
#4540 = PCURVE('',#1914,#4541);
#4541 = DEFINITIONAL_REPRESENTATION('',(#4542),#4546);
#4542 = LINE('',#4543,#4544);
#4543 = CARTESIAN_POINT('',(0.,0.));
#4544 = VECTOR('',#4545,1.);
#4545 = DIRECTION('',(1.,0.));
#4546 = ( GEOMETRIC_REPRESENTATION_CONTEXT(2) 
PARAMETRIC_REPRESENTATION_CONTEXT() REPRESENTATION_CONTEXT('2D SPACE',''
  ) );
#4547 = PCURVE('',#1886,#4548);
#4548 = DEFINITIONAL_REPRESENTATION('',(#4549),#4553);
#4549 = LINE('',#4550,#4551);
#4550 = CARTESIAN_POINT('',(0.,-36.72));
#4551 = VECTOR('',#4552,1.);
#4552 = DIRECTION('',(1.,0.));
#4553 = ( GEOMETRIC_REPRESENTATION_CONTEXT(2) 
PARAMETRIC_REPRESENTATION_CONTEXT() REPRESENTATION_CONTEXT('2D SPACE',''
  ) );
#4554 = ORIENTED_EDGE('',*,*,#1898,.F.);
#4555 = ADVANCED_FACE('',(#4556),#1886,.T.);
#4556 = FACE_BOUND('',#4557,.T.);
#4557 = EDGE_LOOP('',(#4558,#4559,#4560,#4561));
#4558 = ORIENTED_EDGE('',*,*,#4480,.F.);
#4559 = ORIENTED_EDGE('',*,*,#2729,.T.);
#4560 = ORIENTED_EDGE('',*,*,#4534,.T.);
#4561 = ORIENTED_EDGE('',*,*,#1870,.F.);
#4562 = ADVANCED_FACE('',(#4563),#2085,.F.);
#4563 = FACE_BOUND('',#4564,.F.);
#4564 = EDGE_LOOP('',(#4565,#4588,#4615,#4616));
#4565 = ORIENTED_EDGE('',*,*,#4566,.T.);
#4566 = EDGE_CURVE('',#2065,#4567,#4569,.T.);
#4567 = VERTEX_POINT('',#4568);
#4568 = CARTESIAN_POINT('',(38.4,24.171930009001,3.178069990999));
#4569 = SEAM_CURVE('',#4570,(#4574,#4581),.PCURVE_S1.);
#4570 = LINE('',#4571,#4572);
#4571 = CARTESIAN_POINT('',(39.92,24.171930009001,3.178069990999));
#4572 = VECTOR('',#4573,1.);
#4573 = DIRECTION('',(-1.,0.,-0.));
#4574 = PCURVE('',#2085,#4575);
#4575 = DEFINITIONAL_REPRESENTATION('',(#4576),#4580);
#4576 = LINE('',#4577,#4578);
#4577 = CARTESIAN_POINT('',(6.28318530718,-0.));
#4578 = VECTOR('',#4579,1.);
#4579 = DIRECTION('',(0.,1.));
#4580 = ( GEOMETRIC_REPRESENTATION_CONTEXT(2) 
PARAMETRIC_REPRESENTATION_CONTEXT() REPRESENTATION_CONTEXT('2D SPACE',''
  ) );
#4581 = PCURVE('',#2085,#4582);
#4582 = DEFINITIONAL_REPRESENTATION('',(#4583),#4587);
#4583 = LINE('',#4584,#4585);
#4584 = CARTESIAN_POINT('',(0.,-0.));
#4585 = VECTOR('',#4586,1.);
#4586 = DIRECTION('',(0.,1.));
#4587 = ( GEOMETRIC_REPRESENTATION_CONTEXT(2) 
PARAMETRIC_REPRESENTATION_CONTEXT() REPRESENTATION_CONTEXT('2D SPACE',''
  ) );
#4588 = ORIENTED_EDGE('',*,*,#4589,.F.);
#4589 = EDGE_CURVE('',#4567,#4567,#4590,.T.);
#4590 = SURFACE_CURVE('',#4591,(#4596,#4603),.PCURVE_S1.);
#4591 = CIRCLE('',#4592,2.55);
#4592 = AXIS2_PLACEMENT_3D('',#4593,#4594,#4595);
#4593 = CARTESIAN_POINT('',(38.4,24.171930009001,5.728069990999));
#4594 = DIRECTION('',(-1.,-0.,-0.));
#4595 = DIRECTION('',(0.,0.,-1.));
#4596 = PCURVE('',#2085,#4597);
#4597 = DEFINITIONAL_REPRESENTATION('',(#4598),#4602);
#4598 = LINE('',#4599,#4600);
#4599 = CARTESIAN_POINT('',(0.,1.52));
#4600 = VECTOR('',#4601,1.);
#4601 = DIRECTION('',(1.,0.));
#4602 = ( GEOMETRIC_REPRESENTATION_CONTEXT(2) 
PARAMETRIC_REPRESENTATION_CONTEXT() REPRESENTATION_CONTEXT('2D SPACE',''
  ) );
#4603 = PCURVE('',#4604,#4609);
#4604 = PLANE('',#4605);
#4605 = AXIS2_PLACEMENT_3D('',#4606,#4607,#4608);
#4606 = CARTESIAN_POINT('',(38.4,24.171930009001,5.728069990999));
#4607 = DIRECTION('',(-1.,-0.,-0.));
#4608 = DIRECTION('',(0.,0.,-1.));
#4609 = DEFINITIONAL_REPRESENTATION('',(#4610),#4614);
#4610 = CIRCLE('',#4611,2.55);
#4611 = AXIS2_PLACEMENT_2D('',#4612,#4613);
#4612 = CARTESIAN_POINT('',(0.,0.));
#4613 = DIRECTION('',(1.,0.));
#4614 = ( GEOMETRIC_REPRESENTATION_CONTEXT(2) 
PARAMETRIC_REPRESENTATION_CONTEXT() REPRESENTATION_CONTEXT('2D SPACE',''
  ) );
#4615 = ORIENTED_EDGE('',*,*,#4566,.F.);
#4616 = ORIENTED_EDGE('',*,*,#2064,.T.);
#4617 = ADVANCED_FACE('',(#4618),#2120,.F.);
#4618 = FACE_BOUND('',#4619,.F.);
#4619 = EDGE_LOOP('',(#4620,#4643,#4670,#4671));
#4620 = ORIENTED_EDGE('',*,*,#4621,.T.);
#4621 = EDGE_CURVE('',#2100,#4622,#4624,.T.);
#4622 = VERTEX_POINT('',#4623);
#4623 = CARTESIAN_POINT('',(38.4,15.828069990999,3.178069990999));
#4624 = SEAM_CURVE('',#4625,(#4629,#4636),.PCURVE_S1.);
#4625 = LINE('',#4626,#4627);
#4626 = CARTESIAN_POINT('',(39.92,15.828069990999,3.178069990999));
#4627 = VECTOR('',#4628,1.);
#4628 = DIRECTION('',(-1.,0.,-0.));
#4629 = PCURVE('',#2120,#4630);
#4630 = DEFINITIONAL_REPRESENTATION('',(#4631),#4635);
#4631 = LINE('',#4632,#4633);
#4632 = CARTESIAN_POINT('',(6.28318530718,-0.));
#4633 = VECTOR('',#4634,1.);
#4634 = DIRECTION('',(0.,1.));
#4635 = ( GEOMETRIC_REPRESENTATION_CONTEXT(2) 
PARAMETRIC_REPRESENTATION_CONTEXT() REPRESENTATION_CONTEXT('2D SPACE',''
  ) );
#4636 = PCURVE('',#2120,#4637);
#4637 = DEFINITIONAL_REPRESENTATION('',(#4638),#4642);
#4638 = LINE('',#4639,#4640);
#4639 = CARTESIAN_POINT('',(0.,-0.));
#4640 = VECTOR('',#4641,1.);
#4641 = DIRECTION('',(0.,1.));
#4642 = ( GEOMETRIC_REPRESENTATION_CONTEXT(2) 
PARAMETRIC_REPRESENTATION_CONTEXT() REPRESENTATION_CONTEXT('2D SPACE',''
  ) );
#4643 = ORIENTED_EDGE('',*,*,#4644,.F.);
#4644 = EDGE_CURVE('',#4622,#4622,#4645,.T.);
#4645 = SURFACE_CURVE('',#4646,(#4651,#4658),.PCURVE_S1.);
#4646 = CIRCLE('',#4647,2.55);
#4647 = AXIS2_PLACEMENT_3D('',#4648,#4649,#4650);
#4648 = CARTESIAN_POINT('',(38.4,15.828069990999,5.728069990999));
#4649 = DIRECTION('',(-1.,-0.,-0.));
#4650 = DIRECTION('',(0.,0.,-1.));
#4651 = PCURVE('',#2120,#4652);
#4652 = DEFINITIONAL_REPRESENTATION('',(#4653),#4657);
#4653 = LINE('',#4654,#4655);
#4654 = CARTESIAN_POINT('',(0.,1.52));
#4655 = VECTOR('',#4656,1.);
#4656 = DIRECTION('',(1.,0.));
#4657 = ( GEOMETRIC_REPRESENTATION_CONTEXT(2) 
PARAMETRIC_REPRESENTATION_CONTEXT() REPRESENTATION_CONTEXT('2D SPACE',''
  ) );
#4658 = PCURVE('',#4659,#4664);
#4659 = PLANE('',#4660);
#4660 = AXIS2_PLACEMENT_3D('',#4661,#4662,#4663);
#4661 = CARTESIAN_POINT('',(38.4,15.828069990999,5.728069990999));
#4662 = DIRECTION('',(-1.,-0.,-0.));
#4663 = DIRECTION('',(0.,0.,-1.));
#4664 = DEFINITIONAL_REPRESENTATION('',(#4665),#4669);
#4665 = CIRCLE('',#4666,2.55);
#4666 = AXIS2_PLACEMENT_2D('',#4667,#4668);
#4667 = CARTESIAN_POINT('',(0.,0.));
#4668 = DIRECTION('',(1.,0.));
#4669 = ( GEOMETRIC_REPRESENTATION_CONTEXT(2) 
PARAMETRIC_REPRESENTATION_CONTEXT() REPRESENTATION_CONTEXT('2D SPACE',''
  ) );
#4670 = ORIENTED_EDGE('',*,*,#4621,.F.);
#4671 = ORIENTED_EDGE('',*,*,#2099,.T.);
#4672 = ADVANCED_FACE('',(#4673),#2155,.F.);
#4673 = FACE_BOUND('',#4674,.F.);
#4674 = EDGE_LOOP('',(#4675,#4698,#4725,#4726));
#4675 = ORIENTED_EDGE('',*,*,#4676,.T.);
#4676 = EDGE_CURVE('',#2135,#4677,#4679,.T.);
#4677 = VERTEX_POINT('',#4678);
#4678 = CARTESIAN_POINT('',(38.4,4.171930009001,3.178069990999));
#4679 = SEAM_CURVE('',#4680,(#4684,#4691),.PCURVE_S1.);
#4680 = LINE('',#4681,#4682);
#4681 = CARTESIAN_POINT('',(39.92,4.171930009001,3.178069990999));
#4682 = VECTOR('',#4683,1.);
#4683 = DIRECTION('',(-1.,0.,-0.));
#4684 = PCURVE('',#2155,#4685);
#4685 = DEFINITIONAL_REPRESENTATION('',(#4686),#4690);
#4686 = LINE('',#4687,#4688);
#4687 = CARTESIAN_POINT('',(6.28318530718,-0.));
#4688 = VECTOR('',#4689,1.);
#4689 = DIRECTION('',(0.,1.));
#4690 = ( GEOMETRIC_REPRESENTATION_CONTEXT(2) 
PARAMETRIC_REPRESENTATION_CONTEXT() REPRESENTATION_CONTEXT('2D SPACE',''
  ) );
#4691 = PCURVE('',#2155,#4692);
#4692 = DEFINITIONAL_REPRESENTATION('',(#4693),#4697);
#4693 = LINE('',#4694,#4695);
#4694 = CARTESIAN_POINT('',(0.,-0.));
#4695 = VECTOR('',#4696,1.);
#4696 = DIRECTION('',(0.,1.));
#4697 = ( GEOMETRIC_REPRESENTATION_CONTEXT(2) 
PARAMETRIC_REPRESENTATION_CONTEXT() REPRESENTATION_CONTEXT('2D SPACE',''
  ) );
#4698 = ORIENTED_EDGE('',*,*,#4699,.F.);
#4699 = EDGE_CURVE('',#4677,#4677,#4700,.T.);
#4700 = SURFACE_CURVE('',#4701,(#4706,#4713),.PCURVE_S1.);
#4701 = CIRCLE('',#4702,2.55);
#4702 = AXIS2_PLACEMENT_3D('',#4703,#4704,#4705);
#4703 = CARTESIAN_POINT('',(38.4,4.171930009001,5.728069990999));
#4704 = DIRECTION('',(-1.,-0.,-0.));
#4705 = DIRECTION('',(0.,0.,-1.));
#4706 = PCURVE('',#2155,#4707);
#4707 = DEFINITIONAL_REPRESENTATION('',(#4708),#4712);
#4708 = LINE('',#4709,#4710);
#4709 = CARTESIAN_POINT('',(0.,1.52));
#4710 = VECTOR('',#4711,1.);
#4711 = DIRECTION('',(1.,0.));
#4712 = ( GEOMETRIC_REPRESENTATION_CONTEXT(2) 
PARAMETRIC_REPRESENTATION_CONTEXT() REPRESENTATION_CONTEXT('2D SPACE',''
  ) );
#4713 = PCURVE('',#4714,#4719);
#4714 = PLANE('',#4715);
#4715 = AXIS2_PLACEMENT_3D('',#4716,#4717,#4718);
#4716 = CARTESIAN_POINT('',(38.4,4.171930009001,5.728069990999));
#4717 = DIRECTION('',(-1.,-0.,-0.));
#4718 = DIRECTION('',(0.,0.,-1.));
#4719 = DEFINITIONAL_REPRESENTATION('',(#4720),#4724);
#4720 = CIRCLE('',#4721,2.55);
#4721 = AXIS2_PLACEMENT_2D('',#4722,#4723);
#4722 = CARTESIAN_POINT('',(0.,0.));
#4723 = DIRECTION('',(1.,0.));
#4724 = ( GEOMETRIC_REPRESENTATION_CONTEXT(2) 
PARAMETRIC_REPRESENTATION_CONTEXT() REPRESENTATION_CONTEXT('2D SPACE',''
  ) );
#4725 = ORIENTED_EDGE('',*,*,#4676,.F.);
#4726 = ORIENTED_EDGE('',*,*,#2134,.T.);
#4727 = ADVANCED_FACE('',(#4728),#2190,.F.);
#4728 = FACE_BOUND('',#4729,.F.);
#4729 = EDGE_LOOP('',(#4730,#4731,#4752,#4753));
#4730 = ORIENTED_EDGE('',*,*,#2847,.F.);
#4731 = ORIENTED_EDGE('',*,*,#4732,.F.);
#4732 = EDGE_CURVE('',#2170,#2848,#4733,.T.);
#4733 = SEAM_CURVE('',#4734,(#4738,#4745),.PCURVE_S1.);
#4734 = LINE('',#4735,#4736);
#4735 = CARTESIAN_POINT('',(39.92,20.,7.4));
#4736 = VECTOR('',#4737,1.);
#4737 = DIRECTION('',(-1.,0.,-0.));
#4738 = PCURVE('',#2190,#4739);
#4739 = DEFINITIONAL_REPRESENTATION('',(#4740),#4744);
#4740 = LINE('',#4741,#4742);
#4741 = CARTESIAN_POINT('',(6.28318530718,-0.));
#4742 = VECTOR('',#4743,1.);
#4743 = DIRECTION('',(0.,1.));
#4744 = ( GEOMETRIC_REPRESENTATION_CONTEXT(2) 
PARAMETRIC_REPRESENTATION_CONTEXT() REPRESENTATION_CONTEXT('2D SPACE',''
  ) );
#4745 = PCURVE('',#2190,#4746);
#4746 = DEFINITIONAL_REPRESENTATION('',(#4747),#4751);
#4747 = LINE('',#4748,#4749);
#4748 = CARTESIAN_POINT('',(0.,-0.));
#4749 = VECTOR('',#4750,1.);
#4750 = DIRECTION('',(0.,1.));
#4751 = ( GEOMETRIC_REPRESENTATION_CONTEXT(2) 
PARAMETRIC_REPRESENTATION_CONTEXT() REPRESENTATION_CONTEXT('2D SPACE',''
  ) );
#4752 = ORIENTED_EDGE('',*,*,#2169,.T.);
#4753 = ORIENTED_EDGE('',*,*,#4732,.T.);
#4754 = ADVANCED_FACE('',(#4755),#2225,.F.);
#4755 = FACE_BOUND('',#4756,.F.);
#4756 = EDGE_LOOP('',(#4757,#4780,#4807,#4808));
#4757 = ORIENTED_EDGE('',*,*,#4758,.T.);
#4758 = EDGE_CURVE('',#2205,#4759,#4761,.T.);
#4759 = VERTEX_POINT('',#4760);
#4760 = CARTESIAN_POINT('',(38.4,24.171930009001,11.521930009001));
#4761 = SEAM_CURVE('',#4762,(#4766,#4773),.PCURVE_S1.);
#4762 = LINE('',#4763,#4764);
#4763 = CARTESIAN_POINT('',(39.92,24.171930009001,11.521930009001));
#4764 = VECTOR('',#4765,1.);
#4765 = DIRECTION('',(-1.,0.,-0.));
#4766 = PCURVE('',#2225,#4767);
#4767 = DEFINITIONAL_REPRESENTATION('',(#4768),#4772);
#4768 = LINE('',#4769,#4770);
#4769 = CARTESIAN_POINT('',(6.28318530718,-0.));
#4770 = VECTOR('',#4771,1.);
#4771 = DIRECTION('',(0.,1.));
#4772 = ( GEOMETRIC_REPRESENTATION_CONTEXT(2) 
PARAMETRIC_REPRESENTATION_CONTEXT() REPRESENTATION_CONTEXT('2D SPACE',''
  ) );
#4773 = PCURVE('',#2225,#4774);
#4774 = DEFINITIONAL_REPRESENTATION('',(#4775),#4779);
#4775 = LINE('',#4776,#4777);
#4776 = CARTESIAN_POINT('',(0.,-0.));
#4777 = VECTOR('',#4778,1.);
#4778 = DIRECTION('',(0.,1.));
#4779 = ( GEOMETRIC_REPRESENTATION_CONTEXT(2) 
PARAMETRIC_REPRESENTATION_CONTEXT() REPRESENTATION_CONTEXT('2D SPACE',''
  ) );
#4780 = ORIENTED_EDGE('',*,*,#4781,.F.);
#4781 = EDGE_CURVE('',#4759,#4759,#4782,.T.);
#4782 = SURFACE_CURVE('',#4783,(#4788,#4795),.PCURVE_S1.);
#4783 = CIRCLE('',#4784,2.55);
#4784 = AXIS2_PLACEMENT_3D('',#4785,#4786,#4787);
#4785 = CARTESIAN_POINT('',(38.4,24.171930009001,14.071930009001));
#4786 = DIRECTION('',(-1.,-0.,-0.));
#4787 = DIRECTION('',(0.,0.,-1.));
#4788 = PCURVE('',#2225,#4789);
#4789 = DEFINITIONAL_REPRESENTATION('',(#4790),#4794);
#4790 = LINE('',#4791,#4792);
#4791 = CARTESIAN_POINT('',(0.,1.52));
#4792 = VECTOR('',#4793,1.);
#4793 = DIRECTION('',(1.,0.));
#4794 = ( GEOMETRIC_REPRESENTATION_CONTEXT(2) 
PARAMETRIC_REPRESENTATION_CONTEXT() REPRESENTATION_CONTEXT('2D SPACE',''
  ) );
#4795 = PCURVE('',#4796,#4801);
#4796 = PLANE('',#4797);
#4797 = AXIS2_PLACEMENT_3D('',#4798,#4799,#4800);
#4798 = CARTESIAN_POINT('',(38.4,24.171930009001,14.071930009001));
#4799 = DIRECTION('',(-1.,-0.,-0.));
#4800 = DIRECTION('',(0.,0.,-1.));
#4801 = DEFINITIONAL_REPRESENTATION('',(#4802),#4806);
#4802 = CIRCLE('',#4803,2.55);
#4803 = AXIS2_PLACEMENT_2D('',#4804,#4805);
#4804 = CARTESIAN_POINT('',(0.,0.));
#4805 = DIRECTION('',(1.,0.));
#4806 = ( GEOMETRIC_REPRESENTATION_CONTEXT(2) 
PARAMETRIC_REPRESENTATION_CONTEXT() REPRESENTATION_CONTEXT('2D SPACE',''
  ) );
#4807 = ORIENTED_EDGE('',*,*,#4758,.F.);
#4808 = ORIENTED_EDGE('',*,*,#2204,.T.);
#4809 = ADVANCED_FACE('',(#4810),#2260,.F.);
#4810 = FACE_BOUND('',#4811,.F.);
#4811 = EDGE_LOOP('',(#4812,#4835,#4862,#4863));
#4812 = ORIENTED_EDGE('',*,*,#4813,.T.);
#4813 = EDGE_CURVE('',#2240,#4814,#4816,.T.);
#4814 = VERTEX_POINT('',#4815);
#4815 = CARTESIAN_POINT('',(38.4,15.828069990999,11.521930009001));
#4816 = SEAM_CURVE('',#4817,(#4821,#4828),.PCURVE_S1.);
#4817 = LINE('',#4818,#4819);
#4818 = CARTESIAN_POINT('',(39.92,15.828069990999,11.521930009001));
#4819 = VECTOR('',#4820,1.);
#4820 = DIRECTION('',(-1.,0.,-0.));
#4821 = PCURVE('',#2260,#4822);
#4822 = DEFINITIONAL_REPRESENTATION('',(#4823),#4827);
#4823 = LINE('',#4824,#4825);
#4824 = CARTESIAN_POINT('',(6.28318530718,-0.));
#4825 = VECTOR('',#4826,1.);
#4826 = DIRECTION('',(0.,1.));
#4827 = ( GEOMETRIC_REPRESENTATION_CONTEXT(2) 
PARAMETRIC_REPRESENTATION_CONTEXT() REPRESENTATION_CONTEXT('2D SPACE',''
  ) );
#4828 = PCURVE('',#2260,#4829);
#4829 = DEFINITIONAL_REPRESENTATION('',(#4830),#4834);
#4830 = LINE('',#4831,#4832);
#4831 = CARTESIAN_POINT('',(0.,-0.));
#4832 = VECTOR('',#4833,1.);
#4833 = DIRECTION('',(0.,1.));
#4834 = ( GEOMETRIC_REPRESENTATION_CONTEXT(2) 
PARAMETRIC_REPRESENTATION_CONTEXT() REPRESENTATION_CONTEXT('2D SPACE',''
  ) );
#4835 = ORIENTED_EDGE('',*,*,#4836,.F.);
#4836 = EDGE_CURVE('',#4814,#4814,#4837,.T.);
#4837 = SURFACE_CURVE('',#4838,(#4843,#4850),.PCURVE_S1.);
#4838 = CIRCLE('',#4839,2.55);
#4839 = AXIS2_PLACEMENT_3D('',#4840,#4841,#4842);
#4840 = CARTESIAN_POINT('',(38.4,15.828069990999,14.071930009001));
#4841 = DIRECTION('',(-1.,-0.,-0.));
#4842 = DIRECTION('',(0.,0.,-1.));
#4843 = PCURVE('',#2260,#4844);
#4844 = DEFINITIONAL_REPRESENTATION('',(#4845),#4849);
#4845 = LINE('',#4846,#4847);
#4846 = CARTESIAN_POINT('',(0.,1.52));
#4847 = VECTOR('',#4848,1.);
#4848 = DIRECTION('',(1.,0.));
#4849 = ( GEOMETRIC_REPRESENTATION_CONTEXT(2) 
PARAMETRIC_REPRESENTATION_CONTEXT() REPRESENTATION_CONTEXT('2D SPACE',''
  ) );
#4850 = PCURVE('',#4851,#4856);
#4851 = PLANE('',#4852);
#4852 = AXIS2_PLACEMENT_3D('',#4853,#4854,#4855);
#4853 = CARTESIAN_POINT('',(38.4,15.828069990999,14.071930009001));
#4854 = DIRECTION('',(-1.,-0.,-0.));
#4855 = DIRECTION('',(0.,0.,-1.));
#4856 = DEFINITIONAL_REPRESENTATION('',(#4857),#4861);
#4857 = CIRCLE('',#4858,2.55);
#4858 = AXIS2_PLACEMENT_2D('',#4859,#4860);
#4859 = CARTESIAN_POINT('',(0.,0.));
#4860 = DIRECTION('',(1.,0.));
#4861 = ( GEOMETRIC_REPRESENTATION_CONTEXT(2) 
PARAMETRIC_REPRESENTATION_CONTEXT() REPRESENTATION_CONTEXT('2D SPACE',''
  ) );
#4862 = ORIENTED_EDGE('',*,*,#4813,.F.);
#4863 = ORIENTED_EDGE('',*,*,#2239,.T.);
#4864 = ADVANCED_FACE('',(#4865),#2295,.F.);
#4865 = FACE_BOUND('',#4866,.F.);
#4866 = EDGE_LOOP('',(#4867,#4890,#4917,#4918));
#4867 = ORIENTED_EDGE('',*,*,#4868,.T.);
#4868 = EDGE_CURVE('',#2275,#4869,#4871,.T.);
#4869 = VERTEX_POINT('',#4870);
#4870 = CARTESIAN_POINT('',(38.4,4.171930009001,11.521930009001));
#4871 = SEAM_CURVE('',#4872,(#4876,#4883),.PCURVE_S1.);
#4872 = LINE('',#4873,#4874);
#4873 = CARTESIAN_POINT('',(39.92,4.171930009001,11.521930009001));
#4874 = VECTOR('',#4875,1.);
#4875 = DIRECTION('',(-1.,0.,-0.));
#4876 = PCURVE('',#2295,#4877);
#4877 = DEFINITIONAL_REPRESENTATION('',(#4878),#4882);
#4878 = LINE('',#4879,#4880);
#4879 = CARTESIAN_POINT('',(6.28318530718,-0.));
#4880 = VECTOR('',#4881,1.);
#4881 = DIRECTION('',(0.,1.));
#4882 = ( GEOMETRIC_REPRESENTATION_CONTEXT(2) 
PARAMETRIC_REPRESENTATION_CONTEXT() REPRESENTATION_CONTEXT('2D SPACE',''
  ) );
#4883 = PCURVE('',#2295,#4884);
#4884 = DEFINITIONAL_REPRESENTATION('',(#4885),#4889);
#4885 = LINE('',#4886,#4887);
#4886 = CARTESIAN_POINT('',(0.,-0.));
#4887 = VECTOR('',#4888,1.);
#4888 = DIRECTION('',(0.,1.));
#4889 = ( GEOMETRIC_REPRESENTATION_CONTEXT(2) 
PARAMETRIC_REPRESENTATION_CONTEXT() REPRESENTATION_CONTEXT('2D SPACE',''
  ) );
#4890 = ORIENTED_EDGE('',*,*,#4891,.F.);
#4891 = EDGE_CURVE('',#4869,#4869,#4892,.T.);
#4892 = SURFACE_CURVE('',#4893,(#4898,#4905),.PCURVE_S1.);
#4893 = CIRCLE('',#4894,2.55);
#4894 = AXIS2_PLACEMENT_3D('',#4895,#4896,#4897);
#4895 = CARTESIAN_POINT('',(38.4,4.171930009001,14.071930009001));
#4896 = DIRECTION('',(-1.,-0.,-0.));
#4897 = DIRECTION('',(0.,0.,-1.));
#4898 = PCURVE('',#2295,#4899);
#4899 = DEFINITIONAL_REPRESENTATION('',(#4900),#4904);
#4900 = LINE('',#4901,#4902);
#4901 = CARTESIAN_POINT('',(0.,1.52));
#4902 = VECTOR('',#4903,1.);
#4903 = DIRECTION('',(1.,0.));
#4904 = ( GEOMETRIC_REPRESENTATION_CONTEXT(2) 
PARAMETRIC_REPRESENTATION_CONTEXT() REPRESENTATION_CONTEXT('2D SPACE',''
  ) );
#4905 = PCURVE('',#4906,#4911);
#4906 = PLANE('',#4907);
#4907 = AXIS2_PLACEMENT_3D('',#4908,#4909,#4910);
#4908 = CARTESIAN_POINT('',(38.4,4.171930009001,14.071930009001));
#4909 = DIRECTION('',(-1.,-0.,-0.));
#4910 = DIRECTION('',(0.,0.,-1.));
#4911 = DEFINITIONAL_REPRESENTATION('',(#4912),#4916);
#4912 = CIRCLE('',#4913,2.55);
#4913 = AXIS2_PLACEMENT_2D('',#4914,#4915);
#4914 = CARTESIAN_POINT('',(0.,0.));
#4915 = DIRECTION('',(1.,0.));
#4916 = ( GEOMETRIC_REPRESENTATION_CONTEXT(2) 
PARAMETRIC_REPRESENTATION_CONTEXT() REPRESENTATION_CONTEXT('2D SPACE',''
  ) );
#4917 = ORIENTED_EDGE('',*,*,#4868,.F.);
#4918 = ORIENTED_EDGE('',*,*,#2274,.T.);
#4919 = ADVANCED_FACE('',(#4920),#2330,.F.);
#4920 = FACE_BOUND('',#4921,.F.);
#4921 = EDGE_LOOP('',(#4922,#4945,#4972,#4973));
#4922 = ORIENTED_EDGE('',*,*,#4923,.T.);
#4923 = EDGE_CURVE('',#2310,#4924,#4926,.T.);
#4924 = VERTEX_POINT('',#4925);
#4925 = CARTESIAN_POINT('',(38.4,-4.171930009001,3.178069990999));
#4926 = SEAM_CURVE('',#4927,(#4931,#4938),.PCURVE_S1.);
#4927 = LINE('',#4928,#4929);
#4928 = CARTESIAN_POINT('',(39.92,-4.171930009001,3.178069990999));
#4929 = VECTOR('',#4930,1.);
#4930 = DIRECTION('',(-1.,0.,-0.));
#4931 = PCURVE('',#2330,#4932);
#4932 = DEFINITIONAL_REPRESENTATION('',(#4933),#4937);
#4933 = LINE('',#4934,#4935);
#4934 = CARTESIAN_POINT('',(6.28318530718,-0.));
#4935 = VECTOR('',#4936,1.);
#4936 = DIRECTION('',(0.,1.));
#4937 = ( GEOMETRIC_REPRESENTATION_CONTEXT(2) 
PARAMETRIC_REPRESENTATION_CONTEXT() REPRESENTATION_CONTEXT('2D SPACE',''
  ) );
#4938 = PCURVE('',#2330,#4939);
#4939 = DEFINITIONAL_REPRESENTATION('',(#4940),#4944);
#4940 = LINE('',#4941,#4942);
#4941 = CARTESIAN_POINT('',(0.,-0.));
#4942 = VECTOR('',#4943,1.);
#4943 = DIRECTION('',(0.,1.));
#4944 = ( GEOMETRIC_REPRESENTATION_CONTEXT(2) 
PARAMETRIC_REPRESENTATION_CONTEXT() REPRESENTATION_CONTEXT('2D SPACE',''
  ) );
#4945 = ORIENTED_EDGE('',*,*,#4946,.F.);
#4946 = EDGE_CURVE('',#4924,#4924,#4947,.T.);
#4947 = SURFACE_CURVE('',#4948,(#4953,#4960),.PCURVE_S1.);
#4948 = CIRCLE('',#4949,2.55);
#4949 = AXIS2_PLACEMENT_3D('',#4950,#4951,#4952);
#4950 = CARTESIAN_POINT('',(38.4,-4.171930009001,5.728069990999));
#4951 = DIRECTION('',(-1.,-0.,-0.));
#4952 = DIRECTION('',(0.,0.,-1.));
#4953 = PCURVE('',#2330,#4954);
#4954 = DEFINITIONAL_REPRESENTATION('',(#4955),#4959);
#4955 = LINE('',#4956,#4957);
#4956 = CARTESIAN_POINT('',(0.,1.52));
#4957 = VECTOR('',#4958,1.);
#4958 = DIRECTION('',(1.,0.));
#4959 = ( GEOMETRIC_REPRESENTATION_CONTEXT(2) 
PARAMETRIC_REPRESENTATION_CONTEXT() REPRESENTATION_CONTEXT('2D SPACE',''
  ) );
#4960 = PCURVE('',#4961,#4966);
#4961 = PLANE('',#4962);
#4962 = AXIS2_PLACEMENT_3D('',#4963,#4964,#4965);
#4963 = CARTESIAN_POINT('',(38.4,-4.171930009001,5.728069990999));
#4964 = DIRECTION('',(-1.,-0.,-0.));
#4965 = DIRECTION('',(0.,0.,-1.));
#4966 = DEFINITIONAL_REPRESENTATION('',(#4967),#4971);
#4967 = CIRCLE('',#4968,2.55);
#4968 = AXIS2_PLACEMENT_2D('',#4969,#4970);
#4969 = CARTESIAN_POINT('',(0.,0.));
#4970 = DIRECTION('',(1.,0.));
#4971 = ( GEOMETRIC_REPRESENTATION_CONTEXT(2) 
PARAMETRIC_REPRESENTATION_CONTEXT() REPRESENTATION_CONTEXT('2D SPACE',''
  ) );
#4972 = ORIENTED_EDGE('',*,*,#4923,.F.);
#4973 = ORIENTED_EDGE('',*,*,#2309,.T.);
#4974 = ADVANCED_FACE('',(#4975),#2365,.F.);
#4975 = FACE_BOUND('',#4976,.F.);
#4976 = EDGE_LOOP('',(#4977,#5000,#5027,#5028));
#4977 = ORIENTED_EDGE('',*,*,#4978,.T.);
#4978 = EDGE_CURVE('',#2345,#4979,#4981,.T.);
#4979 = VERTEX_POINT('',#4980);
#4980 = CARTESIAN_POINT('',(38.4,-15.82806999099,3.178069990999));
#4981 = SEAM_CURVE('',#4982,(#4986,#4993),.PCURVE_S1.);
#4982 = LINE('',#4983,#4984);
#4983 = CARTESIAN_POINT('',(39.92,-15.82806999099,3.178069990999));
#4984 = VECTOR('',#4985,1.);
#4985 = DIRECTION('',(-1.,0.,-0.));
#4986 = PCURVE('',#2365,#4987);
#4987 = DEFINITIONAL_REPRESENTATION('',(#4988),#4992);
#4988 = LINE('',#4989,#4990);
#4989 = CARTESIAN_POINT('',(6.28318530718,-0.));
#4990 = VECTOR('',#4991,1.);
#4991 = DIRECTION('',(0.,1.));
#4992 = ( GEOMETRIC_REPRESENTATION_CONTEXT(2) 
PARAMETRIC_REPRESENTATION_CONTEXT() REPRESENTATION_CONTEXT('2D SPACE',''
  ) );
#4993 = PCURVE('',#2365,#4994);
#4994 = DEFINITIONAL_REPRESENTATION('',(#4995),#4999);
#4995 = LINE('',#4996,#4997);
#4996 = CARTESIAN_POINT('',(0.,-0.));
#4997 = VECTOR('',#4998,1.);
#4998 = DIRECTION('',(0.,1.));
#4999 = ( GEOMETRIC_REPRESENTATION_CONTEXT(2) 
PARAMETRIC_REPRESENTATION_CONTEXT() REPRESENTATION_CONTEXT('2D SPACE',''
  ) );
#5000 = ORIENTED_EDGE('',*,*,#5001,.F.);
#5001 = EDGE_CURVE('',#4979,#4979,#5002,.T.);
#5002 = SURFACE_CURVE('',#5003,(#5008,#5015),.PCURVE_S1.);
#5003 = CIRCLE('',#5004,2.55);
#5004 = AXIS2_PLACEMENT_3D('',#5005,#5006,#5007);
#5005 = CARTESIAN_POINT('',(38.4,-15.82806999099,5.728069990999));
#5006 = DIRECTION('',(-1.,-0.,-0.));
#5007 = DIRECTION('',(0.,0.,-1.));
#5008 = PCURVE('',#2365,#5009);
#5009 = DEFINITIONAL_REPRESENTATION('',(#5010),#5014);
#5010 = LINE('',#5011,#5012);
#5011 = CARTESIAN_POINT('',(0.,1.52));
#5012 = VECTOR('',#5013,1.);
#5013 = DIRECTION('',(1.,0.));
#5014 = ( GEOMETRIC_REPRESENTATION_CONTEXT(2) 
PARAMETRIC_REPRESENTATION_CONTEXT() REPRESENTATION_CONTEXT('2D SPACE',''
  ) );
#5015 = PCURVE('',#5016,#5021);
#5016 = PLANE('',#5017);
#5017 = AXIS2_PLACEMENT_3D('',#5018,#5019,#5020);
#5018 = CARTESIAN_POINT('',(38.4,-15.82806999099,5.728069990999));
#5019 = DIRECTION('',(-1.,-0.,-0.));
#5020 = DIRECTION('',(0.,0.,-1.));
#5021 = DEFINITIONAL_REPRESENTATION('',(#5022),#5026);
#5022 = CIRCLE('',#5023,2.55);
#5023 = AXIS2_PLACEMENT_2D('',#5024,#5025);
#5024 = CARTESIAN_POINT('',(0.,0.));
#5025 = DIRECTION('',(1.,0.));
#5026 = ( GEOMETRIC_REPRESENTATION_CONTEXT(2) 
PARAMETRIC_REPRESENTATION_CONTEXT() REPRESENTATION_CONTEXT('2D SPACE',''
  ) );
#5027 = ORIENTED_EDGE('',*,*,#4978,.F.);
#5028 = ORIENTED_EDGE('',*,*,#2344,.T.);
#5029 = ADVANCED_FACE('',(#5030),#2400,.F.);
#5030 = FACE_BOUND('',#5031,.F.);
#5031 = EDGE_LOOP('',(#5032,#5055,#5082,#5083));
#5032 = ORIENTED_EDGE('',*,*,#5033,.T.);
#5033 = EDGE_CURVE('',#2380,#5034,#5036,.T.);
#5034 = VERTEX_POINT('',#5035);
#5035 = CARTESIAN_POINT('',(38.4,-24.171930009,3.178069990999));
#5036 = SEAM_CURVE('',#5037,(#5041,#5048),.PCURVE_S1.);
#5037 = LINE('',#5038,#5039);
#5038 = CARTESIAN_POINT('',(39.92,-24.171930009,3.178069990999));
#5039 = VECTOR('',#5040,1.);
#5040 = DIRECTION('',(-1.,0.,-0.));
#5041 = PCURVE('',#2400,#5042);
#5042 = DEFINITIONAL_REPRESENTATION('',(#5043),#5047);
#5043 = LINE('',#5044,#5045);
#5044 = CARTESIAN_POINT('',(6.28318530718,-0.));
#5045 = VECTOR('',#5046,1.);
#5046 = DIRECTION('',(0.,1.));
#5047 = ( GEOMETRIC_REPRESENTATION_CONTEXT(2) 
PARAMETRIC_REPRESENTATION_CONTEXT() REPRESENTATION_CONTEXT('2D SPACE',''
  ) );
#5048 = PCURVE('',#2400,#5049);
#5049 = DEFINITIONAL_REPRESENTATION('',(#5050),#5054);
#5050 = LINE('',#5051,#5052);
#5051 = CARTESIAN_POINT('',(0.,-0.));
#5052 = VECTOR('',#5053,1.);
#5053 = DIRECTION('',(0.,1.));
#5054 = ( GEOMETRIC_REPRESENTATION_CONTEXT(2) 
PARAMETRIC_REPRESENTATION_CONTEXT() REPRESENTATION_CONTEXT('2D SPACE',''
  ) );
#5055 = ORIENTED_EDGE('',*,*,#5056,.F.);
#5056 = EDGE_CURVE('',#5034,#5034,#5057,.T.);
#5057 = SURFACE_CURVE('',#5058,(#5063,#5070),.PCURVE_S1.);
#5058 = CIRCLE('',#5059,2.55);
#5059 = AXIS2_PLACEMENT_3D('',#5060,#5061,#5062);
#5060 = CARTESIAN_POINT('',(38.4,-24.171930009,5.728069990999));
#5061 = DIRECTION('',(-1.,-0.,-0.));
#5062 = DIRECTION('',(0.,0.,-1.));
#5063 = PCURVE('',#2400,#5064);
#5064 = DEFINITIONAL_REPRESENTATION('',(#5065),#5069);
#5065 = LINE('',#5066,#5067);
#5066 = CARTESIAN_POINT('',(0.,1.52));
#5067 = VECTOR('',#5068,1.);
#5068 = DIRECTION('',(1.,0.));
#5069 = ( GEOMETRIC_REPRESENTATION_CONTEXT(2) 
PARAMETRIC_REPRESENTATION_CONTEXT() REPRESENTATION_CONTEXT('2D SPACE',''
  ) );
#5070 = PCURVE('',#5071,#5076);
#5071 = PLANE('',#5072);
#5072 = AXIS2_PLACEMENT_3D('',#5073,#5074,#5075);
#5073 = CARTESIAN_POINT('',(38.4,-24.171930009,5.728069990999));
#5074 = DIRECTION('',(-1.,-0.,-0.));
#5075 = DIRECTION('',(0.,0.,-1.));
#5076 = DEFINITIONAL_REPRESENTATION('',(#5077),#5081);
#5077 = CIRCLE('',#5078,2.55);
#5078 = AXIS2_PLACEMENT_2D('',#5079,#5080);
#5079 = CARTESIAN_POINT('',(0.,0.));
#5080 = DIRECTION('',(1.,0.));
#5081 = ( GEOMETRIC_REPRESENTATION_CONTEXT(2) 
PARAMETRIC_REPRESENTATION_CONTEXT() REPRESENTATION_CONTEXT('2D SPACE',''
  ) );
#5082 = ORIENTED_EDGE('',*,*,#5033,.F.);
#5083 = ORIENTED_EDGE('',*,*,#2379,.T.);
#5084 = ADVANCED_FACE('',(#5085),#2435,.F.);
#5085 = FACE_BOUND('',#5086,.F.);
#5086 = EDGE_LOOP('',(#5087,#5088,#5109,#5110));
#5087 = ORIENTED_EDGE('',*,*,#2877,.F.);
#5088 = ORIENTED_EDGE('',*,*,#5089,.F.);
#5089 = EDGE_CURVE('',#2415,#2878,#5090,.T.);
#5090 = SEAM_CURVE('',#5091,(#5095,#5102),.PCURVE_S1.);
#5091 = LINE('',#5092,#5093);
#5092 = CARTESIAN_POINT('',(39.92,0.,7.4));
#5093 = VECTOR('',#5094,1.);
#5094 = DIRECTION('',(-1.,0.,-0.));
#5095 = PCURVE('',#2435,#5096);
#5096 = DEFINITIONAL_REPRESENTATION('',(#5097),#5101);
#5097 = LINE('',#5098,#5099);
#5098 = CARTESIAN_POINT('',(6.28318530718,-0.));
#5099 = VECTOR('',#5100,1.);
#5100 = DIRECTION('',(0.,1.));
#5101 = ( GEOMETRIC_REPRESENTATION_CONTEXT(2) 
PARAMETRIC_REPRESENTATION_CONTEXT() REPRESENTATION_CONTEXT('2D SPACE',''
  ) );
#5102 = PCURVE('',#2435,#5103);
#5103 = DEFINITIONAL_REPRESENTATION('',(#5104),#5108);
#5104 = LINE('',#5105,#5106);
#5105 = CARTESIAN_POINT('',(0.,-0.));
#5106 = VECTOR('',#5107,1.);
#5107 = DIRECTION('',(0.,1.));
#5108 = ( GEOMETRIC_REPRESENTATION_CONTEXT(2) 
PARAMETRIC_REPRESENTATION_CONTEXT() REPRESENTATION_CONTEXT('2D SPACE',''
  ) );
#5109 = ORIENTED_EDGE('',*,*,#2414,.T.);
#5110 = ORIENTED_EDGE('',*,*,#5089,.T.);
#5111 = ADVANCED_FACE('',(#5112),#2470,.F.);
#5112 = FACE_BOUND('',#5113,.F.);
#5113 = EDGE_LOOP('',(#5114,#5137,#5164,#5165));
#5114 = ORIENTED_EDGE('',*,*,#5115,.T.);
#5115 = EDGE_CURVE('',#2450,#5116,#5118,.T.);
#5116 = VERTEX_POINT('',#5117);
#5117 = CARTESIAN_POINT('',(38.4,-4.171930009001,11.521930009001));
#5118 = SEAM_CURVE('',#5119,(#5123,#5130),.PCURVE_S1.);
#5119 = LINE('',#5120,#5121);
#5120 = CARTESIAN_POINT('',(39.92,-4.171930009001,11.521930009001));
#5121 = VECTOR('',#5122,1.);
#5122 = DIRECTION('',(-1.,0.,-0.));
#5123 = PCURVE('',#2470,#5124);
#5124 = DEFINITIONAL_REPRESENTATION('',(#5125),#5129);
#5125 = LINE('',#5126,#5127);
#5126 = CARTESIAN_POINT('',(6.28318530718,-0.));
#5127 = VECTOR('',#5128,1.);
#5128 = DIRECTION('',(0.,1.));
#5129 = ( GEOMETRIC_REPRESENTATION_CONTEXT(2) 
PARAMETRIC_REPRESENTATION_CONTEXT() REPRESENTATION_CONTEXT('2D SPACE',''
  ) );
#5130 = PCURVE('',#2470,#5131);
#5131 = DEFINITIONAL_REPRESENTATION('',(#5132),#5136);
#5132 = LINE('',#5133,#5134);
#5133 = CARTESIAN_POINT('',(0.,-0.));
#5134 = VECTOR('',#5135,1.);
#5135 = DIRECTION('',(0.,1.));
#5136 = ( GEOMETRIC_REPRESENTATION_CONTEXT(2) 
PARAMETRIC_REPRESENTATION_CONTEXT() REPRESENTATION_CONTEXT('2D SPACE',''
  ) );
#5137 = ORIENTED_EDGE('',*,*,#5138,.F.);
#5138 = EDGE_CURVE('',#5116,#5116,#5139,.T.);
#5139 = SURFACE_CURVE('',#5140,(#5145,#5152),.PCURVE_S1.);
#5140 = CIRCLE('',#5141,2.55);
#5141 = AXIS2_PLACEMENT_3D('',#5142,#5143,#5144);
#5142 = CARTESIAN_POINT('',(38.4,-4.171930009001,14.071930009001));
#5143 = DIRECTION('',(-1.,-0.,-0.));
#5144 = DIRECTION('',(0.,0.,-1.));
#5145 = PCURVE('',#2470,#5146);
#5146 = DEFINITIONAL_REPRESENTATION('',(#5147),#5151);
#5147 = LINE('',#5148,#5149);
#5148 = CARTESIAN_POINT('',(0.,1.52));
#5149 = VECTOR('',#5150,1.);
#5150 = DIRECTION('',(1.,0.));
#5151 = ( GEOMETRIC_REPRESENTATION_CONTEXT(2) 
PARAMETRIC_REPRESENTATION_CONTEXT() REPRESENTATION_CONTEXT('2D SPACE',''
  ) );
#5152 = PCURVE('',#5153,#5158);
#5153 = PLANE('',#5154);
#5154 = AXIS2_PLACEMENT_3D('',#5155,#5156,#5157);
#5155 = CARTESIAN_POINT('',(38.4,-4.171930009001,14.071930009001));
#5156 = DIRECTION('',(-1.,-0.,-0.));
#5157 = DIRECTION('',(0.,0.,-1.));
#5158 = DEFINITIONAL_REPRESENTATION('',(#5159),#5163);
#5159 = CIRCLE('',#5160,2.55);
#5160 = AXIS2_PLACEMENT_2D('',#5161,#5162);
#5161 = CARTESIAN_POINT('',(0.,0.));
#5162 = DIRECTION('',(1.,0.));
#5163 = ( GEOMETRIC_REPRESENTATION_CONTEXT(2) 
PARAMETRIC_REPRESENTATION_CONTEXT() REPRESENTATION_CONTEXT('2D SPACE',''
  ) );
#5164 = ORIENTED_EDGE('',*,*,#5115,.F.);
#5165 = ORIENTED_EDGE('',*,*,#2449,.T.);
#5166 = ADVANCED_FACE('',(#5167),#2505,.F.);
#5167 = FACE_BOUND('',#5168,.F.);
#5168 = EDGE_LOOP('',(#5169,#5170,#5191,#5192));
#5169 = ORIENTED_EDGE('',*,*,#2907,.F.);
#5170 = ORIENTED_EDGE('',*,*,#5171,.F.);
#5171 = EDGE_CURVE('',#2485,#2908,#5172,.T.);
#5172 = SEAM_CURVE('',#5173,(#5177,#5184),.PCURVE_S1.);
#5173 = LINE('',#5174,#5175);
#5174 = CARTESIAN_POINT('',(39.92,-20.,7.4));
#5175 = VECTOR('',#5176,1.);
#5176 = DIRECTION('',(-1.,0.,-0.));
#5177 = PCURVE('',#2505,#5178);
#5178 = DEFINITIONAL_REPRESENTATION('',(#5179),#5183);
#5179 = LINE('',#5180,#5181);
#5180 = CARTESIAN_POINT('',(6.28318530718,-0.));
#5181 = VECTOR('',#5182,1.);
#5182 = DIRECTION('',(0.,1.));
#5183 = ( GEOMETRIC_REPRESENTATION_CONTEXT(2) 
PARAMETRIC_REPRESENTATION_CONTEXT() REPRESENTATION_CONTEXT('2D SPACE',''
  ) );
#5184 = PCURVE('',#2505,#5185);
#5185 = DEFINITIONAL_REPRESENTATION('',(#5186),#5190);
#5186 = LINE('',#5187,#5188);
#5187 = CARTESIAN_POINT('',(0.,-0.));
#5188 = VECTOR('',#5189,1.);
#5189 = DIRECTION('',(0.,1.));
#5190 = ( GEOMETRIC_REPRESENTATION_CONTEXT(2) 
PARAMETRIC_REPRESENTATION_CONTEXT() REPRESENTATION_CONTEXT('2D SPACE',''
  ) );
#5191 = ORIENTED_EDGE('',*,*,#2484,.T.);
#5192 = ORIENTED_EDGE('',*,*,#5171,.T.);
#5193 = ADVANCED_FACE('',(#5194),#2540,.F.);
#5194 = FACE_BOUND('',#5195,.F.);
#5195 = EDGE_LOOP('',(#5196,#5219,#5246,#5247));
#5196 = ORIENTED_EDGE('',*,*,#5197,.T.);
#5197 = EDGE_CURVE('',#2520,#5198,#5200,.T.);
#5198 = VERTEX_POINT('',#5199);
#5199 = CARTESIAN_POINT('',(38.4,-15.82806999099,11.521930009001));
#5200 = SEAM_CURVE('',#5201,(#5205,#5212),.PCURVE_S1.);
#5201 = LINE('',#5202,#5203);
#5202 = CARTESIAN_POINT('',(39.92,-15.82806999099,11.521930009001));
#5203 = VECTOR('',#5204,1.);
#5204 = DIRECTION('',(-1.,0.,-0.));
#5205 = PCURVE('',#2540,#5206);
#5206 = DEFINITIONAL_REPRESENTATION('',(#5207),#5211);
#5207 = LINE('',#5208,#5209);
#5208 = CARTESIAN_POINT('',(6.28318530718,-0.));
#5209 = VECTOR('',#5210,1.);
#5210 = DIRECTION('',(0.,1.));
#5211 = ( GEOMETRIC_REPRESENTATION_CONTEXT(2) 
PARAMETRIC_REPRESENTATION_CONTEXT() REPRESENTATION_CONTEXT('2D SPACE',''
  ) );
#5212 = PCURVE('',#2540,#5213);
#5213 = DEFINITIONAL_REPRESENTATION('',(#5214),#5218);
#5214 = LINE('',#5215,#5216);
#5215 = CARTESIAN_POINT('',(0.,-0.));
#5216 = VECTOR('',#5217,1.);
#5217 = DIRECTION('',(0.,1.));
#5218 = ( GEOMETRIC_REPRESENTATION_CONTEXT(2) 
PARAMETRIC_REPRESENTATION_CONTEXT() REPRESENTATION_CONTEXT('2D SPACE',''
  ) );
#5219 = ORIENTED_EDGE('',*,*,#5220,.F.);
#5220 = EDGE_CURVE('',#5198,#5198,#5221,.T.);
#5221 = SURFACE_CURVE('',#5222,(#5227,#5234),.PCURVE_S1.);
#5222 = CIRCLE('',#5223,2.55);
#5223 = AXIS2_PLACEMENT_3D('',#5224,#5225,#5226);
#5224 = CARTESIAN_POINT('',(38.4,-15.82806999099,14.071930009001));
#5225 = DIRECTION('',(-1.,-0.,-0.));
#5226 = DIRECTION('',(0.,0.,-1.));
#5227 = PCURVE('',#2540,#5228);
#5228 = DEFINITIONAL_REPRESENTATION('',(#5229),#5233);
#5229 = LINE('',#5230,#5231);
#5230 = CARTESIAN_POINT('',(0.,1.52));
#5231 = VECTOR('',#5232,1.);
#5232 = DIRECTION('',(1.,0.));
#5233 = ( GEOMETRIC_REPRESENTATION_CONTEXT(2) 
PARAMETRIC_REPRESENTATION_CONTEXT() REPRESENTATION_CONTEXT('2D SPACE',''
  ) );
#5234 = PCURVE('',#5235,#5240);
#5235 = PLANE('',#5236);
#5236 = AXIS2_PLACEMENT_3D('',#5237,#5238,#5239);
#5237 = CARTESIAN_POINT('',(38.4,-15.82806999099,14.071930009001));
#5238 = DIRECTION('',(-1.,-0.,-0.));
#5239 = DIRECTION('',(0.,0.,-1.));
#5240 = DEFINITIONAL_REPRESENTATION('',(#5241),#5245);
#5241 = CIRCLE('',#5242,2.55);
#5242 = AXIS2_PLACEMENT_2D('',#5243,#5244);
#5243 = CARTESIAN_POINT('',(0.,0.));
#5244 = DIRECTION('',(1.,0.));
#5245 = ( GEOMETRIC_REPRESENTATION_CONTEXT(2) 
PARAMETRIC_REPRESENTATION_CONTEXT() REPRESENTATION_CONTEXT('2D SPACE',''
  ) );
#5246 = ORIENTED_EDGE('',*,*,#5197,.F.);
#5247 = ORIENTED_EDGE('',*,*,#2519,.T.);
#5248 = ADVANCED_FACE('',(#5249),#2575,.F.);
#5249 = FACE_BOUND('',#5250,.F.);
#5250 = EDGE_LOOP('',(#5251,#5274,#5301,#5302));
#5251 = ORIENTED_EDGE('',*,*,#5252,.T.);
#5252 = EDGE_CURVE('',#2555,#5253,#5255,.T.);
#5253 = VERTEX_POINT('',#5254);
#5254 = CARTESIAN_POINT('',(38.4,-24.171930009,11.521930009001));
#5255 = SEAM_CURVE('',#5256,(#5260,#5267),.PCURVE_S1.);
#5256 = LINE('',#5257,#5258);
#5257 = CARTESIAN_POINT('',(39.92,-24.171930009,11.521930009001));
#5258 = VECTOR('',#5259,1.);
#5259 = DIRECTION('',(-1.,0.,-0.));
#5260 = PCURVE('',#2575,#5261);
#5261 = DEFINITIONAL_REPRESENTATION('',(#5262),#5266);
#5262 = LINE('',#5263,#5264);
#5263 = CARTESIAN_POINT('',(6.28318530718,-0.));
#5264 = VECTOR('',#5265,1.);
#5265 = DIRECTION('',(0.,1.));
#5266 = ( GEOMETRIC_REPRESENTATION_CONTEXT(2) 
PARAMETRIC_REPRESENTATION_CONTEXT() REPRESENTATION_CONTEXT('2D SPACE',''
  ) );
#5267 = PCURVE('',#2575,#5268);
#5268 = DEFINITIONAL_REPRESENTATION('',(#5269),#5273);
#5269 = LINE('',#5270,#5271);
#5270 = CARTESIAN_POINT('',(0.,-0.));
#5271 = VECTOR('',#5272,1.);
#5272 = DIRECTION('',(0.,1.));
#5273 = ( GEOMETRIC_REPRESENTATION_CONTEXT(2) 
PARAMETRIC_REPRESENTATION_CONTEXT() REPRESENTATION_CONTEXT('2D SPACE',''
  ) );
#5274 = ORIENTED_EDGE('',*,*,#5275,.F.);
#5275 = EDGE_CURVE('',#5253,#5253,#5276,.T.);
#5276 = SURFACE_CURVE('',#5277,(#5282,#5289),.PCURVE_S1.);
#5277 = CIRCLE('',#5278,2.55);
#5278 = AXIS2_PLACEMENT_3D('',#5279,#5280,#5281);
#5279 = CARTESIAN_POINT('',(38.4,-24.171930009,14.071930009001));
#5280 = DIRECTION('',(-1.,-0.,-0.));
#5281 = DIRECTION('',(0.,0.,-1.));
#5282 = PCURVE('',#2575,#5283);
#5283 = DEFINITIONAL_REPRESENTATION('',(#5284),#5288);
#5284 = LINE('',#5285,#5286);
#5285 = CARTESIAN_POINT('',(0.,1.52));
#5286 = VECTOR('',#5287,1.);
#5287 = DIRECTION('',(1.,0.));
#5288 = ( GEOMETRIC_REPRESENTATION_CONTEXT(2) 
PARAMETRIC_REPRESENTATION_CONTEXT() REPRESENTATION_CONTEXT('2D SPACE',''
  ) );
#5289 = PCURVE('',#5290,#5295);
#5290 = PLANE('',#5291);
#5291 = AXIS2_PLACEMENT_3D('',#5292,#5293,#5294);
#5292 = CARTESIAN_POINT('',(38.4,-24.171930009,14.071930009001));
#5293 = DIRECTION('',(-1.,-0.,-0.));
#5294 = DIRECTION('',(0.,0.,-1.));
#5295 = DEFINITIONAL_REPRESENTATION('',(#5296),#5300);
#5296 = CIRCLE('',#5297,2.55);
#5297 = AXIS2_PLACEMENT_2D('',#5298,#5299);
#5298 = CARTESIAN_POINT('',(0.,0.));
#5299 = DIRECTION('',(1.,0.));
#5300 = ( GEOMETRIC_REPRESENTATION_CONTEXT(2) 
PARAMETRIC_REPRESENTATION_CONTEXT() REPRESENTATION_CONTEXT('2D SPACE',''
  ) );
#5301 = ORIENTED_EDGE('',*,*,#5252,.F.);
#5302 = ORIENTED_EDGE('',*,*,#2554,.T.);
#5303 = ADVANCED_FACE('',(#5304,#5310,#5341,#5372,#5486,#5517,#5548),
  #2668,.T.);
#5304 = FACE_BOUND('',#5305,.T.);
#5305 = EDGE_LOOP('',(#5306,#5307,#5308,#5309));
#5306 = ORIENTED_EDGE('',*,*,#2961,.F.);
#5307 = ORIENTED_EDGE('',*,*,#3360,.T.);
#5308 = ORIENTED_EDGE('',*,*,#2652,.T.);
#5309 = ORIENTED_EDGE('',*,*,#2800,.F.);
#5310 = FACE_BOUND('',#5311,.T.);
#5311 = EDGE_LOOP('',(#5312));
#5312 = ORIENTED_EDGE('',*,*,#5313,.F.);
#5313 = EDGE_CURVE('',#5314,#5314,#5316,.T.);
#5314 = VERTEX_POINT('',#5315);
#5315 = CARTESIAN_POINT('',(-30.,-27.9,12.4));
#5316 = SURFACE_CURVE('',#5317,(#5322,#5329),.PCURVE_S1.);
#5317 = CIRCLE('',#5318,2.5);
#5318 = AXIS2_PLACEMENT_3D('',#5319,#5320,#5321);
#5319 = CARTESIAN_POINT('',(-30.,-27.9,9.9));
#5320 = DIRECTION('',(-0.,1.,0.));
#5321 = DIRECTION('',(0.,0.,1.));
#5322 = PCURVE('',#2668,#5323);
#5323 = DEFINITIONAL_REPRESENTATION('',(#5324),#5328);
#5324 = CIRCLE('',#5325,2.5);
#5325 = AXIS2_PLACEMENT_2D('',#5326,#5327);
#5326 = CARTESIAN_POINT('',(7.9,7.9));
#5327 = DIRECTION('',(1.,0.));
#5328 = ( GEOMETRIC_REPRESENTATION_CONTEXT(2) 
PARAMETRIC_REPRESENTATION_CONTEXT() REPRESENTATION_CONTEXT('2D SPACE',''
  ) );
#5329 = PCURVE('',#5330,#5335);
#5330 = CYLINDRICAL_SURFACE('',#5331,2.5);
#5331 = AXIS2_PLACEMENT_3D('',#5332,#5333,#5334);
#5332 = CARTESIAN_POINT('',(-30.,-29.92,9.9));
#5333 = DIRECTION('',(-0.,1.,-0.));
#5334 = DIRECTION('',(0.,0.,1.));
#5335 = DEFINITIONAL_REPRESENTATION('',(#5336),#5340);
#5336 = LINE('',#5337,#5338);
#5337 = CARTESIAN_POINT('',(0.,2.02));
#5338 = VECTOR('',#5339,1.);
#5339 = DIRECTION('',(1.,0.));
#5340 = ( GEOMETRIC_REPRESENTATION_CONTEXT(2) 
PARAMETRIC_REPRESENTATION_CONTEXT() REPRESENTATION_CONTEXT('2D SPACE',''
  ) );
#5341 = FACE_BOUND('',#5342,.T.);
#5342 = EDGE_LOOP('',(#5343));
#5343 = ORIENTED_EDGE('',*,*,#5344,.F.);
#5344 = EDGE_CURVE('',#5345,#5345,#5347,.T.);
#5345 = VERTEX_POINT('',#5346);
#5346 = CARTESIAN_POINT('',(-10.,-27.9,12.4));
#5347 = SURFACE_CURVE('',#5348,(#5353,#5360),.PCURVE_S1.);
#5348 = CIRCLE('',#5349,2.5);
#5349 = AXIS2_PLACEMENT_3D('',#5350,#5351,#5352);
#5350 = CARTESIAN_POINT('',(-10.,-27.9,9.9));
#5351 = DIRECTION('',(-0.,1.,0.));
#5352 = DIRECTION('',(0.,0.,1.));
#5353 = PCURVE('',#2668,#5354);
#5354 = DEFINITIONAL_REPRESENTATION('',(#5355),#5359);
#5355 = CIRCLE('',#5356,2.5);
#5356 = AXIS2_PLACEMENT_2D('',#5357,#5358);
#5357 = CARTESIAN_POINT('',(7.9,27.9));
#5358 = DIRECTION('',(1.,0.));
#5359 = ( GEOMETRIC_REPRESENTATION_CONTEXT(2) 
PARAMETRIC_REPRESENTATION_CONTEXT() REPRESENTATION_CONTEXT('2D SPACE',''
  ) );
#5360 = PCURVE('',#5361,#5366);
#5361 = CYLINDRICAL_SURFACE('',#5362,2.5);
#5362 = AXIS2_PLACEMENT_3D('',#5363,#5364,#5365);
#5363 = CARTESIAN_POINT('',(-10.,-29.92,9.9));
#5364 = DIRECTION('',(-0.,1.,-0.));
#5365 = DIRECTION('',(0.,0.,1.));
#5366 = DEFINITIONAL_REPRESENTATION('',(#5367),#5371);
#5367 = LINE('',#5368,#5369);
#5368 = CARTESIAN_POINT('',(0.,2.02));
#5369 = VECTOR('',#5370,1.);
#5370 = DIRECTION('',(1.,0.));
#5371 = ( GEOMETRIC_REPRESENTATION_CONTEXT(2) 
PARAMETRIC_REPRESENTATION_CONTEXT() REPRESENTATION_CONTEXT('2D SPACE',''
  ) );
#5372 = FACE_BOUND('',#5373,.T.);
#5373 = EDGE_LOOP('',(#5374,#5404,#5432,#5460));
#5374 = ORIENTED_EDGE('',*,*,#5375,.F.);
#5375 = EDGE_CURVE('',#5376,#5378,#5380,.T.);
#5376 = VERTEX_POINT('',#5377);
#5377 = CARTESIAN_POINT('',(-36.65,-27.9,15.6));
#5378 = VERTEX_POINT('',#5379);
#5379 = CARTESIAN_POINT('',(-35.45,-27.9,15.6));
#5380 = SURFACE_CURVE('',#5381,(#5385,#5392),.PCURVE_S1.);
#5381 = LINE('',#5382,#5383);
#5382 = CARTESIAN_POINT('',(-36.675,-27.9,15.6));
#5383 = VECTOR('',#5384,1.);
#5384 = DIRECTION('',(1.,0.,0.));
#5385 = PCURVE('',#2668,#5386);
#5386 = DEFINITIONAL_REPRESENTATION('',(#5387),#5391);
#5387 = LINE('',#5388,#5389);
#5388 = CARTESIAN_POINT('',(13.6,1.225));
#5389 = VECTOR('',#5390,1.);
#5390 = DIRECTION('',(0.,1.));
#5391 = ( GEOMETRIC_REPRESENTATION_CONTEXT(2) 
PARAMETRIC_REPRESENTATION_CONTEXT() REPRESENTATION_CONTEXT('2D SPACE',''
  ) );
#5392 = PCURVE('',#5393,#5398);
#5393 = PLANE('',#5394);
#5394 = AXIS2_PLACEMENT_3D('',#5395,#5396,#5397);
#5395 = CARTESIAN_POINT('',(-35.45,-28.4,15.6));
#5396 = DIRECTION('',(0.,-0.,1.));
#5397 = DIRECTION('',(-1.,0.,0.));
#5398 = DEFINITIONAL_REPRESENTATION('',(#5399),#5403);
#5399 = LINE('',#5400,#5401);
#5400 = CARTESIAN_POINT('',(1.225,-0.5));
#5401 = VECTOR('',#5402,1.);
#5402 = DIRECTION('',(-1.,0.));
#5403 = ( GEOMETRIC_REPRESENTATION_CONTEXT(2) 
PARAMETRIC_REPRESENTATION_CONTEXT() REPRESENTATION_CONTEXT('2D SPACE',''
  ) );
#5404 = ORIENTED_EDGE('',*,*,#5405,.F.);
#5405 = EDGE_CURVE('',#5406,#5376,#5408,.T.);
#5406 = VERTEX_POINT('',#5407);
#5407 = CARTESIAN_POINT('',(-36.65,-27.9,12.6));
#5408 = SURFACE_CURVE('',#5409,(#5413,#5420),.PCURVE_S1.);
#5409 = LINE('',#5410,#5411);
#5410 = CARTESIAN_POINT('',(-36.65,-27.9,8.8));
#5411 = VECTOR('',#5412,1.);
#5412 = DIRECTION('',(0.,0.,1.));
#5413 = PCURVE('',#2668,#5414);
#5414 = DEFINITIONAL_REPRESENTATION('',(#5415),#5419);
#5415 = LINE('',#5416,#5417);
#5416 = CARTESIAN_POINT('',(6.8,1.25));
#5417 = VECTOR('',#5418,1.);
#5418 = DIRECTION('',(1.,0.));
#5419 = ( GEOMETRIC_REPRESENTATION_CONTEXT(2) 
PARAMETRIC_REPRESENTATION_CONTEXT() REPRESENTATION_CONTEXT('2D SPACE',''
  ) );
#5420 = PCURVE('',#5421,#5426);
#5421 = PLANE('',#5422);
#5422 = AXIS2_PLACEMENT_3D('',#5423,#5424,#5425);
#5423 = CARTESIAN_POINT('',(-36.65,-28.4,15.6));
#5424 = DIRECTION('',(-1.,0.,0.));
#5425 = DIRECTION('',(0.,0.,-1.));
#5426 = DEFINITIONAL_REPRESENTATION('',(#5427),#5431);
#5427 = LINE('',#5428,#5429);
#5428 = CARTESIAN_POINT('',(6.8,-0.5));
#5429 = VECTOR('',#5430,1.);
#5430 = DIRECTION('',(-1.,-0.));
#5431 = ( GEOMETRIC_REPRESENTATION_CONTEXT(2) 
PARAMETRIC_REPRESENTATION_CONTEXT() REPRESENTATION_CONTEXT('2D SPACE',''
  ) );
#5432 = ORIENTED_EDGE('',*,*,#5433,.F.);
#5433 = EDGE_CURVE('',#5434,#5406,#5436,.T.);
#5434 = VERTEX_POINT('',#5435);
#5435 = CARTESIAN_POINT('',(-35.45,-27.9,12.6));
#5436 = SURFACE_CURVE('',#5437,(#5441,#5448),.PCURVE_S1.);
#5437 = LINE('',#5438,#5439);
#5438 = CARTESIAN_POINT('',(-37.275,-27.9,12.6));
#5439 = VECTOR('',#5440,1.);
#5440 = DIRECTION('',(-1.,0.,-0.));
#5441 = PCURVE('',#2668,#5442);
#5442 = DEFINITIONAL_REPRESENTATION('',(#5443),#5447);
#5443 = LINE('',#5444,#5445);
#5444 = CARTESIAN_POINT('',(10.6,0.625));
#5445 = VECTOR('',#5446,1.);
#5446 = DIRECTION('',(0.,-1.));
#5447 = ( GEOMETRIC_REPRESENTATION_CONTEXT(2) 
PARAMETRIC_REPRESENTATION_CONTEXT() REPRESENTATION_CONTEXT('2D SPACE',''
  ) );
#5448 = PCURVE('',#5449,#5454);
#5449 = PLANE('',#5450);
#5450 = AXIS2_PLACEMENT_3D('',#5451,#5452,#5453);
#5451 = CARTESIAN_POINT('',(-36.65,-28.4,12.6));
#5452 = DIRECTION('',(0.,0.,-1.));
#5453 = DIRECTION('',(1.,0.,0.));
#5454 = DEFINITIONAL_REPRESENTATION('',(#5455),#5459);
#5455 = LINE('',#5456,#5457);
#5456 = CARTESIAN_POINT('',(-0.625,-0.5));
#5457 = VECTOR('',#5458,1.);
#5458 = DIRECTION('',(-1.,0.));
#5459 = ( GEOMETRIC_REPRESENTATION_CONTEXT(2) 
PARAMETRIC_REPRESENTATION_CONTEXT() REPRESENTATION_CONTEXT('2D SPACE',''
  ) );
#5460 = ORIENTED_EDGE('',*,*,#5461,.F.);
#5461 = EDGE_CURVE('',#5378,#5434,#5462,.T.);
#5462 = SURFACE_CURVE('',#5463,(#5467,#5474),.PCURVE_S1.);
#5463 = LINE('',#5464,#5465);
#5464 = CARTESIAN_POINT('',(-35.45,-27.9,7.3));
#5465 = VECTOR('',#5466,1.);
#5466 = DIRECTION('',(0.,0.,-1.));
#5467 = PCURVE('',#2668,#5468);
#5468 = DEFINITIONAL_REPRESENTATION('',(#5469),#5473);
#5469 = LINE('',#5470,#5471);
#5470 = CARTESIAN_POINT('',(5.3,2.45));
#5471 = VECTOR('',#5472,1.);
#5472 = DIRECTION('',(-1.,0.));
#5473 = ( GEOMETRIC_REPRESENTATION_CONTEXT(2) 
PARAMETRIC_REPRESENTATION_CONTEXT() REPRESENTATION_CONTEXT('2D SPACE',''
  ) );
#5474 = PCURVE('',#5475,#5480);
#5475 = PLANE('',#5476);
#5476 = AXIS2_PLACEMENT_3D('',#5477,#5478,#5479);
#5477 = CARTESIAN_POINT('',(-35.45,-28.4,12.6));
#5478 = DIRECTION('',(1.,0.,0.));
#5479 = DIRECTION('',(0.,0.,1.));
#5480 = DEFINITIONAL_REPRESENTATION('',(#5481),#5485);
#5481 = LINE('',#5482,#5483);
#5482 = CARTESIAN_POINT('',(-5.3,-0.5));
#5483 = VECTOR('',#5484,1.);
#5484 = DIRECTION('',(-1.,0.));
#5485 = ( GEOMETRIC_REPRESENTATION_CONTEXT(2) 
PARAMETRIC_REPRESENTATION_CONTEXT() REPRESENTATION_CONTEXT('2D SPACE',''
  ) );
#5486 = FACE_BOUND('',#5487,.T.);
#5487 = EDGE_LOOP('',(#5488));
#5488 = ORIENTED_EDGE('',*,*,#5489,.F.);
#5489 = EDGE_CURVE('',#5490,#5490,#5492,.T.);
#5490 = VERTEX_POINT('',#5491);
#5491 = CARTESIAN_POINT('',(10.,-27.9,12.4));
#5492 = SURFACE_CURVE('',#5493,(#5498,#5505),.PCURVE_S1.);
#5493 = CIRCLE('',#5494,2.5);
#5494 = AXIS2_PLACEMENT_3D('',#5495,#5496,#5497);
#5495 = CARTESIAN_POINT('',(10.,-27.9,9.9));
#5496 = DIRECTION('',(-0.,1.,0.));
#5497 = DIRECTION('',(0.,0.,1.));
#5498 = PCURVE('',#2668,#5499);
#5499 = DEFINITIONAL_REPRESENTATION('',(#5500),#5504);
#5500 = CIRCLE('',#5501,2.5);
#5501 = AXIS2_PLACEMENT_2D('',#5502,#5503);
#5502 = CARTESIAN_POINT('',(7.9,47.9));
#5503 = DIRECTION('',(1.,0.));
#5504 = ( GEOMETRIC_REPRESENTATION_CONTEXT(2) 
PARAMETRIC_REPRESENTATION_CONTEXT() REPRESENTATION_CONTEXT('2D SPACE',''
  ) );
#5505 = PCURVE('',#5506,#5511);
#5506 = CYLINDRICAL_SURFACE('',#5507,2.5);
#5507 = AXIS2_PLACEMENT_3D('',#5508,#5509,#5510);
#5508 = CARTESIAN_POINT('',(10.,-29.92,9.9));
#5509 = DIRECTION('',(-0.,1.,-0.));
#5510 = DIRECTION('',(0.,0.,1.));
#5511 = DEFINITIONAL_REPRESENTATION('',(#5512),#5516);
#5512 = LINE('',#5513,#5514);
#5513 = CARTESIAN_POINT('',(0.,2.02));
#5514 = VECTOR('',#5515,1.);
#5515 = DIRECTION('',(1.,0.));
#5516 = ( GEOMETRIC_REPRESENTATION_CONTEXT(2) 
PARAMETRIC_REPRESENTATION_CONTEXT() REPRESENTATION_CONTEXT('2D SPACE',''
  ) );
#5517 = FACE_BOUND('',#5518,.T.);
#5518 = EDGE_LOOP('',(#5519));
#5519 = ORIENTED_EDGE('',*,*,#5520,.F.);
#5520 = EDGE_CURVE('',#5521,#5521,#5523,.T.);
#5521 = VERTEX_POINT('',#5522);
#5522 = CARTESIAN_POINT('',(30.,-27.9,12.4));
#5523 = SURFACE_CURVE('',#5524,(#5529,#5536),.PCURVE_S1.);
#5524 = CIRCLE('',#5525,2.5);
#5525 = AXIS2_PLACEMENT_3D('',#5526,#5527,#5528);
#5526 = CARTESIAN_POINT('',(30.,-27.9,9.9));
#5527 = DIRECTION('',(-0.,1.,0.));
#5528 = DIRECTION('',(0.,0.,1.));
#5529 = PCURVE('',#2668,#5530);
#5530 = DEFINITIONAL_REPRESENTATION('',(#5531),#5535);
#5531 = CIRCLE('',#5532,2.5);
#5532 = AXIS2_PLACEMENT_2D('',#5533,#5534);
#5533 = CARTESIAN_POINT('',(7.9,67.9));
#5534 = DIRECTION('',(1.,0.));
#5535 = ( GEOMETRIC_REPRESENTATION_CONTEXT(2) 
PARAMETRIC_REPRESENTATION_CONTEXT() REPRESENTATION_CONTEXT('2D SPACE',''
  ) );
#5536 = PCURVE('',#5537,#5542);
#5537 = CYLINDRICAL_SURFACE('',#5538,2.5);
#5538 = AXIS2_PLACEMENT_3D('',#5539,#5540,#5541);
#5539 = CARTESIAN_POINT('',(30.,-29.92,9.9));
#5540 = DIRECTION('',(-0.,1.,-0.));
#5541 = DIRECTION('',(0.,0.,1.));
#5542 = DEFINITIONAL_REPRESENTATION('',(#5543),#5547);
#5543 = LINE('',#5544,#5545);
#5544 = CARTESIAN_POINT('',(0.,2.02));
#5545 = VECTOR('',#5546,1.);
#5546 = DIRECTION('',(1.,0.));
#5547 = ( GEOMETRIC_REPRESENTATION_CONTEXT(2) 
PARAMETRIC_REPRESENTATION_CONTEXT() REPRESENTATION_CONTEXT('2D SPACE',''
  ) );
#5548 = FACE_BOUND('',#5549,.T.);
#5549 = EDGE_LOOP('',(#5550,#5580,#5608,#5636));
#5550 = ORIENTED_EDGE('',*,*,#5551,.T.);
#5551 = EDGE_CURVE('',#5552,#5554,#5556,.T.);
#5552 = VERTEX_POINT('',#5553);
#5553 = CARTESIAN_POINT('',(36.65,-27.9,12.6));
#5554 = VERTEX_POINT('',#5555);
#5555 = CARTESIAN_POINT('',(36.65,-27.9,15.6));
#5556 = SURFACE_CURVE('',#5557,(#5561,#5568),.PCURVE_S1.);
#5557 = LINE('',#5558,#5559);
#5558 = CARTESIAN_POINT('',(36.65,-27.9,8.8));
#5559 = VECTOR('',#5560,1.);
#5560 = DIRECTION('',(0.,0.,1.));
#5561 = PCURVE('',#2668,#5562);
#5562 = DEFINITIONAL_REPRESENTATION('',(#5563),#5567);
#5563 = LINE('',#5564,#5565);
#5564 = CARTESIAN_POINT('',(6.8,74.55));
#5565 = VECTOR('',#5566,1.);
#5566 = DIRECTION('',(1.,0.));
#5567 = ( GEOMETRIC_REPRESENTATION_CONTEXT(2) 
PARAMETRIC_REPRESENTATION_CONTEXT() REPRESENTATION_CONTEXT('2D SPACE',''
  ) );
#5568 = PCURVE('',#5569,#5574);
#5569 = PLANE('',#5570);
#5570 = AXIS2_PLACEMENT_3D('',#5571,#5572,#5573);
#5571 = CARTESIAN_POINT('',(36.65,-28.4,15.6));
#5572 = DIRECTION('',(-1.,0.,0.));
#5573 = DIRECTION('',(0.,0.,-1.));
#5574 = DEFINITIONAL_REPRESENTATION('',(#5575),#5579);
#5575 = LINE('',#5576,#5577);
#5576 = CARTESIAN_POINT('',(6.8,-0.5));
#5577 = VECTOR('',#5578,1.);
#5578 = DIRECTION('',(-1.,-0.));
#5579 = ( GEOMETRIC_REPRESENTATION_CONTEXT(2) 
PARAMETRIC_REPRESENTATION_CONTEXT() REPRESENTATION_CONTEXT('2D SPACE',''
  ) );
#5580 = ORIENTED_EDGE('',*,*,#5581,.T.);
#5581 = EDGE_CURVE('',#5554,#5582,#5584,.T.);
#5582 = VERTEX_POINT('',#5583);
#5583 = CARTESIAN_POINT('',(35.45,-27.9,15.6));
#5584 = SURFACE_CURVE('',#5585,(#5589,#5596),.PCURVE_S1.);
#5585 = LINE('',#5586,#5587);
#5586 = CARTESIAN_POINT('',(-1.225,-27.9,15.6));
#5587 = VECTOR('',#5588,1.);
#5588 = DIRECTION('',(-1.,0.,-0.));
#5589 = PCURVE('',#2668,#5590);
#5590 = DEFINITIONAL_REPRESENTATION('',(#5591),#5595);
#5591 = LINE('',#5592,#5593);
#5592 = CARTESIAN_POINT('',(13.6,36.675));
#5593 = VECTOR('',#5594,1.);
#5594 = DIRECTION('',(0.,-1.));
#5595 = ( GEOMETRIC_REPRESENTATION_CONTEXT(2) 
PARAMETRIC_REPRESENTATION_CONTEXT() REPRESENTATION_CONTEXT('2D SPACE',''
  ) );
#5596 = PCURVE('',#5597,#5602);
#5597 = PLANE('',#5598);
#5598 = AXIS2_PLACEMENT_3D('',#5599,#5600,#5601);
#5599 = CARTESIAN_POINT('',(35.45,-28.4,15.6));
#5600 = DIRECTION('',(0.,0.,-1.));
#5601 = DIRECTION('',(1.,0.,0.));
#5602 = DEFINITIONAL_REPRESENTATION('',(#5603),#5607);
#5603 = LINE('',#5604,#5605);
#5604 = CARTESIAN_POINT('',(-36.675,-0.5));
#5605 = VECTOR('',#5606,1.);
#5606 = DIRECTION('',(-1.,0.));
#5607 = ( GEOMETRIC_REPRESENTATION_CONTEXT(2) 
PARAMETRIC_REPRESENTATION_CONTEXT() REPRESENTATION_CONTEXT('2D SPACE',''
  ) );
#5608 = ORIENTED_EDGE('',*,*,#5609,.T.);
#5609 = EDGE_CURVE('',#5582,#5610,#5612,.T.);
#5610 = VERTEX_POINT('',#5611);
#5611 = CARTESIAN_POINT('',(35.45,-27.9,12.6));
#5612 = SURFACE_CURVE('',#5613,(#5617,#5624),.PCURVE_S1.);
#5613 = LINE('',#5614,#5615);
#5614 = CARTESIAN_POINT('',(35.45,-27.9,7.3));
#5615 = VECTOR('',#5616,1.);
#5616 = DIRECTION('',(0.,0.,-1.));
#5617 = PCURVE('',#2668,#5618);
#5618 = DEFINITIONAL_REPRESENTATION('',(#5619),#5623);
#5619 = LINE('',#5620,#5621);
#5620 = CARTESIAN_POINT('',(5.3,73.35));
#5621 = VECTOR('',#5622,1.);
#5622 = DIRECTION('',(-1.,0.));
#5623 = ( GEOMETRIC_REPRESENTATION_CONTEXT(2) 
PARAMETRIC_REPRESENTATION_CONTEXT() REPRESENTATION_CONTEXT('2D SPACE',''
  ) );
#5624 = PCURVE('',#5625,#5630);
#5625 = PLANE('',#5626);
#5626 = AXIS2_PLACEMENT_3D('',#5627,#5628,#5629);
#5627 = CARTESIAN_POINT('',(35.45,-28.4,12.6));
#5628 = DIRECTION('',(1.,0.,0.));
#5629 = DIRECTION('',(0.,0.,1.));
#5630 = DEFINITIONAL_REPRESENTATION('',(#5631),#5635);
#5631 = LINE('',#5632,#5633);
#5632 = CARTESIAN_POINT('',(-5.3,-0.5));
#5633 = VECTOR('',#5634,1.);
#5634 = DIRECTION('',(-1.,0.));
#5635 = ( GEOMETRIC_REPRESENTATION_CONTEXT(2) 
PARAMETRIC_REPRESENTATION_CONTEXT() REPRESENTATION_CONTEXT('2D SPACE',''
  ) );
#5636 = ORIENTED_EDGE('',*,*,#5637,.T.);
#5637 = EDGE_CURVE('',#5610,#5552,#5638,.T.);
#5638 = SURFACE_CURVE('',#5639,(#5643,#5650),.PCURVE_S1.);
#5639 = LINE('',#5640,#5641);
#5640 = CARTESIAN_POINT('',(-0.625,-27.9,12.6));
#5641 = VECTOR('',#5642,1.);
#5642 = DIRECTION('',(1.,0.,0.));
#5643 = PCURVE('',#2668,#5644);
#5644 = DEFINITIONAL_REPRESENTATION('',(#5645),#5649);
#5645 = LINE('',#5646,#5647);
#5646 = CARTESIAN_POINT('',(10.6,37.275));
#5647 = VECTOR('',#5648,1.);
#5648 = DIRECTION('',(0.,1.));
#5649 = ( GEOMETRIC_REPRESENTATION_CONTEXT(2) 
PARAMETRIC_REPRESENTATION_CONTEXT() REPRESENTATION_CONTEXT('2D SPACE',''
  ) );
#5650 = PCURVE('',#5651,#5656);
#5651 = PLANE('',#5652);
#5652 = AXIS2_PLACEMENT_3D('',#5653,#5654,#5655);
#5653 = CARTESIAN_POINT('',(36.65,-28.4,12.6));
#5654 = DIRECTION('',(0.,-0.,1.));
#5655 = DIRECTION('',(-1.,0.,0.));
#5656 = DEFINITIONAL_REPRESENTATION('',(#5657),#5661);
#5657 = LINE('',#5658,#5659);
#5658 = CARTESIAN_POINT('',(37.275,-0.5));
#5659 = VECTOR('',#5660,1.);
#5660 = DIRECTION('',(-1.,0.));
#5661 = ( GEOMETRIC_REPRESENTATION_CONTEXT(2) 
PARAMETRIC_REPRESENTATION_CONTEXT() REPRESENTATION_CONTEXT('2D SPACE',''
  ) );
#5662 = ADVANCED_FACE('',(#5663),#3003,.F.);
#5663 = FACE_BOUND('',#5664,.F.);
#5664 = EDGE_LOOP('',(#5665,#5666,#5689,#5711));
#5665 = ORIENTED_EDGE('',*,*,#2986,.F.);
#5666 = ORIENTED_EDGE('',*,*,#5667,.F.);
#5667 = EDGE_CURVE('',#5668,#2987,#5670,.T.);
#5668 = VERTEX_POINT('',#5669);
#5669 = CARTESIAN_POINT('',(-27.5,-20.,1.6));
#5670 = SEAM_CURVE('',#5671,(#5675,#5682),.PCURVE_S1.);
#5671 = LINE('',#5672,#5673);
#5672 = CARTESIAN_POINT('',(-27.5,-20.,-2.E-02));
#5673 = VECTOR('',#5674,1.);
#5674 = DIRECTION('',(0.,0.,1.));
#5675 = PCURVE('',#3003,#5676);
#5676 = DEFINITIONAL_REPRESENTATION('',(#5677),#5681);
#5677 = LINE('',#5678,#5679);
#5678 = CARTESIAN_POINT('',(6.28318530718,-0.));
#5679 = VECTOR('',#5680,1.);
#5680 = DIRECTION('',(0.,1.));
#5681 = ( GEOMETRIC_REPRESENTATION_CONTEXT(2) 
PARAMETRIC_REPRESENTATION_CONTEXT() REPRESENTATION_CONTEXT('2D SPACE',''
  ) );
#5682 = PCURVE('',#3003,#5683);
#5683 = DEFINITIONAL_REPRESENTATION('',(#5684),#5688);
#5684 = LINE('',#5685,#5686);
#5685 = CARTESIAN_POINT('',(0.,-0.));
#5686 = VECTOR('',#5687,1.);
#5687 = DIRECTION('',(0.,1.));
#5688 = ( GEOMETRIC_REPRESENTATION_CONTEXT(2) 
PARAMETRIC_REPRESENTATION_CONTEXT() REPRESENTATION_CONTEXT('2D SPACE',''
  ) );
#5689 = ORIENTED_EDGE('',*,*,#5690,.T.);
#5690 = EDGE_CURVE('',#5668,#5668,#5691,.T.);
#5691 = SURFACE_CURVE('',#5692,(#5697,#5704),.PCURVE_S1.);
#5692 = CIRCLE('',#5693,2.5);
#5693 = AXIS2_PLACEMENT_3D('',#5694,#5695,#5696);
#5694 = CARTESIAN_POINT('',(-30.,-20.,1.6));
#5695 = DIRECTION('',(0.,-0.,1.));
#5696 = DIRECTION('',(1.,0.,0.));
#5697 = PCURVE('',#3003,#5698);
#5698 = DEFINITIONAL_REPRESENTATION('',(#5699),#5703);
#5699 = LINE('',#5700,#5701);
#5700 = CARTESIAN_POINT('',(0.,1.62));
#5701 = VECTOR('',#5702,1.);
#5702 = DIRECTION('',(1.,0.));
#5703 = ( GEOMETRIC_REPRESENTATION_CONTEXT(2) 
PARAMETRIC_REPRESENTATION_CONTEXT() REPRESENTATION_CONTEXT('2D SPACE',''
  ) );
#5704 = PCURVE('',#3836,#5705);
#5705 = DEFINITIONAL_REPRESENTATION('',(#5706),#5710);
#5706 = CIRCLE('',#5707,2.5);
#5707 = AXIS2_PLACEMENT_2D('',#5708,#5709);
#5708 = CARTESIAN_POINT('',(0.,0.));
#5709 = DIRECTION('',(1.,0.));
#5710 = ( GEOMETRIC_REPRESENTATION_CONTEXT(2) 
PARAMETRIC_REPRESENTATION_CONTEXT() REPRESENTATION_CONTEXT('2D SPACE',''
  ) );
#5711 = ORIENTED_EDGE('',*,*,#5667,.T.);
#5712 = ADVANCED_FACE('',(#5713),#3034,.F.);
#5713 = FACE_BOUND('',#5714,.F.);
#5714 = EDGE_LOOP('',(#5715,#5716,#5739,#5761));
#5715 = ORIENTED_EDGE('',*,*,#3017,.F.);
#5716 = ORIENTED_EDGE('',*,*,#5717,.F.);
#5717 = EDGE_CURVE('',#5718,#3018,#5720,.T.);
#5718 = VERTEX_POINT('',#5719);
#5719 = CARTESIAN_POINT('',(-7.5,-20.,1.6));
#5720 = SEAM_CURVE('',#5721,(#5725,#5732),.PCURVE_S1.);
#5721 = LINE('',#5722,#5723);
#5722 = CARTESIAN_POINT('',(-7.5,-20.,-2.E-02));
#5723 = VECTOR('',#5724,1.);
#5724 = DIRECTION('',(0.,0.,1.));
#5725 = PCURVE('',#3034,#5726);
#5726 = DEFINITIONAL_REPRESENTATION('',(#5727),#5731);
#5727 = LINE('',#5728,#5729);
#5728 = CARTESIAN_POINT('',(6.28318530718,-0.));
#5729 = VECTOR('',#5730,1.);
#5730 = DIRECTION('',(0.,1.));
#5731 = ( GEOMETRIC_REPRESENTATION_CONTEXT(2) 
PARAMETRIC_REPRESENTATION_CONTEXT() REPRESENTATION_CONTEXT('2D SPACE',''
  ) );
#5732 = PCURVE('',#3034,#5733);
#5733 = DEFINITIONAL_REPRESENTATION('',(#5734),#5738);
#5734 = LINE('',#5735,#5736);
#5735 = CARTESIAN_POINT('',(0.,-0.));
#5736 = VECTOR('',#5737,1.);
#5737 = DIRECTION('',(0.,1.));
#5738 = ( GEOMETRIC_REPRESENTATION_CONTEXT(2) 
PARAMETRIC_REPRESENTATION_CONTEXT() REPRESENTATION_CONTEXT('2D SPACE',''
  ) );
#5739 = ORIENTED_EDGE('',*,*,#5740,.T.);
#5740 = EDGE_CURVE('',#5718,#5718,#5741,.T.);
#5741 = SURFACE_CURVE('',#5742,(#5747,#5754),.PCURVE_S1.);
#5742 = CIRCLE('',#5743,2.5);
#5743 = AXIS2_PLACEMENT_3D('',#5744,#5745,#5746);
#5744 = CARTESIAN_POINT('',(-10.,-20.,1.6));
#5745 = DIRECTION('',(0.,-0.,1.));
#5746 = DIRECTION('',(1.,0.,0.));
#5747 = PCURVE('',#3034,#5748);
#5748 = DEFINITIONAL_REPRESENTATION('',(#5749),#5753);
#5749 = LINE('',#5750,#5751);
#5750 = CARTESIAN_POINT('',(0.,1.62));
#5751 = VECTOR('',#5752,1.);
#5752 = DIRECTION('',(1.,0.));
#5753 = ( GEOMETRIC_REPRESENTATION_CONTEXT(2) 
PARAMETRIC_REPRESENTATION_CONTEXT() REPRESENTATION_CONTEXT('2D SPACE',''
  ) );
#5754 = PCURVE('',#3891,#5755);
#5755 = DEFINITIONAL_REPRESENTATION('',(#5756),#5760);
#5756 = CIRCLE('',#5757,2.5);
#5757 = AXIS2_PLACEMENT_2D('',#5758,#5759);
#5758 = CARTESIAN_POINT('',(0.,0.));
#5759 = DIRECTION('',(1.,0.));
#5760 = ( GEOMETRIC_REPRESENTATION_CONTEXT(2) 
PARAMETRIC_REPRESENTATION_CONTEXT() REPRESENTATION_CONTEXT('2D SPACE',''
  ) );
#5761 = ORIENTED_EDGE('',*,*,#5717,.T.);
#5762 = ADVANCED_FACE('',(#5763),#3065,.F.);
#5763 = FACE_BOUND('',#5764,.F.);
#5764 = EDGE_LOOP('',(#5765,#5766,#5789,#5811));
#5765 = ORIENTED_EDGE('',*,*,#3048,.F.);
#5766 = ORIENTED_EDGE('',*,*,#5767,.F.);
#5767 = EDGE_CURVE('',#5768,#3049,#5770,.T.);
#5768 = VERTEX_POINT('',#5769);
#5769 = CARTESIAN_POINT('',(12.5,-20.,1.6));
#5770 = SEAM_CURVE('',#5771,(#5775,#5782),.PCURVE_S1.);
#5771 = LINE('',#5772,#5773);
#5772 = CARTESIAN_POINT('',(12.5,-20.,-2.E-02));
#5773 = VECTOR('',#5774,1.);
#5774 = DIRECTION('',(0.,0.,1.));
#5775 = PCURVE('',#3065,#5776);
#5776 = DEFINITIONAL_REPRESENTATION('',(#5777),#5781);
#5777 = LINE('',#5778,#5779);
#5778 = CARTESIAN_POINT('',(6.28318530718,-0.));
#5779 = VECTOR('',#5780,1.);
#5780 = DIRECTION('',(0.,1.));
#5781 = ( GEOMETRIC_REPRESENTATION_CONTEXT(2) 
PARAMETRIC_REPRESENTATION_CONTEXT() REPRESENTATION_CONTEXT('2D SPACE',''
  ) );
#5782 = PCURVE('',#3065,#5783);
#5783 = DEFINITIONAL_REPRESENTATION('',(#5784),#5788);
#5784 = LINE('',#5785,#5786);
#5785 = CARTESIAN_POINT('',(0.,-0.));
#5786 = VECTOR('',#5787,1.);
#5787 = DIRECTION('',(0.,1.));
#5788 = ( GEOMETRIC_REPRESENTATION_CONTEXT(2) 
PARAMETRIC_REPRESENTATION_CONTEXT() REPRESENTATION_CONTEXT('2D SPACE',''
  ) );
#5789 = ORIENTED_EDGE('',*,*,#5790,.T.);
#5790 = EDGE_CURVE('',#5768,#5768,#5791,.T.);
#5791 = SURFACE_CURVE('',#5792,(#5797,#5804),.PCURVE_S1.);
#5792 = CIRCLE('',#5793,2.5);
#5793 = AXIS2_PLACEMENT_3D('',#5794,#5795,#5796);
#5794 = CARTESIAN_POINT('',(10.,-20.,1.6));
#5795 = DIRECTION('',(0.,-0.,1.));
#5796 = DIRECTION('',(1.,0.,0.));
#5797 = PCURVE('',#3065,#5798);
#5798 = DEFINITIONAL_REPRESENTATION('',(#5799),#5803);
#5799 = LINE('',#5800,#5801);
#5800 = CARTESIAN_POINT('',(0.,1.62));
#5801 = VECTOR('',#5802,1.);
#5802 = DIRECTION('',(1.,0.));
#5803 = ( GEOMETRIC_REPRESENTATION_CONTEXT(2) 
PARAMETRIC_REPRESENTATION_CONTEXT() REPRESENTATION_CONTEXT('2D SPACE',''
  ) );
#5804 = PCURVE('',#3946,#5805);
#5805 = DEFINITIONAL_REPRESENTATION('',(#5806),#5810);
#5806 = CIRCLE('',#5807,2.5);
#5807 = AXIS2_PLACEMENT_2D('',#5808,#5809);
#5808 = CARTESIAN_POINT('',(0.,0.));
#5809 = DIRECTION('',(1.,0.));
#5810 = ( GEOMETRIC_REPRESENTATION_CONTEXT(2) 
PARAMETRIC_REPRESENTATION_CONTEXT() REPRESENTATION_CONTEXT('2D SPACE',''
  ) );
#5811 = ORIENTED_EDGE('',*,*,#5767,.T.);
#5812 = ADVANCED_FACE('',(#5813),#3096,.F.);
#5813 = FACE_BOUND('',#5814,.F.);
#5814 = EDGE_LOOP('',(#5815,#5816,#5839,#5861));
#5815 = ORIENTED_EDGE('',*,*,#3079,.F.);
#5816 = ORIENTED_EDGE('',*,*,#5817,.F.);
#5817 = EDGE_CURVE('',#5818,#3080,#5820,.T.);
#5818 = VERTEX_POINT('',#5819);
#5819 = CARTESIAN_POINT('',(32.5,-20.,1.6));
#5820 = SEAM_CURVE('',#5821,(#5825,#5832),.PCURVE_S1.);
#5821 = LINE('',#5822,#5823);
#5822 = CARTESIAN_POINT('',(32.5,-20.,-2.E-02));
#5823 = VECTOR('',#5824,1.);
#5824 = DIRECTION('',(0.,0.,1.));
#5825 = PCURVE('',#3096,#5826);
#5826 = DEFINITIONAL_REPRESENTATION('',(#5827),#5831);
#5827 = LINE('',#5828,#5829);
#5828 = CARTESIAN_POINT('',(6.28318530718,-0.));
#5829 = VECTOR('',#5830,1.);
#5830 = DIRECTION('',(0.,1.));
#5831 = ( GEOMETRIC_REPRESENTATION_CONTEXT(2) 
PARAMETRIC_REPRESENTATION_CONTEXT() REPRESENTATION_CONTEXT('2D SPACE',''
  ) );
#5832 = PCURVE('',#3096,#5833);
#5833 = DEFINITIONAL_REPRESENTATION('',(#5834),#5838);
#5834 = LINE('',#5835,#5836);
#5835 = CARTESIAN_POINT('',(0.,-0.));
#5836 = VECTOR('',#5837,1.);
#5837 = DIRECTION('',(0.,1.));
#5838 = ( GEOMETRIC_REPRESENTATION_CONTEXT(2) 
PARAMETRIC_REPRESENTATION_CONTEXT() REPRESENTATION_CONTEXT('2D SPACE',''
  ) );
#5839 = ORIENTED_EDGE('',*,*,#5840,.T.);
#5840 = EDGE_CURVE('',#5818,#5818,#5841,.T.);
#5841 = SURFACE_CURVE('',#5842,(#5847,#5854),.PCURVE_S1.);
#5842 = CIRCLE('',#5843,2.5);
#5843 = AXIS2_PLACEMENT_3D('',#5844,#5845,#5846);
#5844 = CARTESIAN_POINT('',(30.,-20.,1.6));
#5845 = DIRECTION('',(0.,-0.,1.));
#5846 = DIRECTION('',(1.,0.,0.));
#5847 = PCURVE('',#3096,#5848);
#5848 = DEFINITIONAL_REPRESENTATION('',(#5849),#5853);
#5849 = LINE('',#5850,#5851);
#5850 = CARTESIAN_POINT('',(0.,1.62));
#5851 = VECTOR('',#5852,1.);
#5852 = DIRECTION('',(1.,0.));
#5853 = ( GEOMETRIC_REPRESENTATION_CONTEXT(2) 
PARAMETRIC_REPRESENTATION_CONTEXT() REPRESENTATION_CONTEXT('2D SPACE',''
  ) );
#5854 = PCURVE('',#4001,#5855);
#5855 = DEFINITIONAL_REPRESENTATION('',(#5856),#5860);
#5856 = CIRCLE('',#5857,2.5);
#5857 = AXIS2_PLACEMENT_2D('',#5858,#5859);
#5858 = CARTESIAN_POINT('',(0.,0.));
#5859 = DIRECTION('',(1.,0.));
#5860 = ( GEOMETRIC_REPRESENTATION_CONTEXT(2) 
PARAMETRIC_REPRESENTATION_CONTEXT() REPRESENTATION_CONTEXT('2D SPACE',''
  ) );
#5861 = ORIENTED_EDGE('',*,*,#5817,.T.);
#5862 = ADVANCED_FACE('',(#5863),#3127,.F.);
#5863 = FACE_BOUND('',#5864,.F.);
#5864 = EDGE_LOOP('',(#5865,#5866,#5889,#5911));
#5865 = ORIENTED_EDGE('',*,*,#3110,.F.);
#5866 = ORIENTED_EDGE('',*,*,#5867,.F.);
#5867 = EDGE_CURVE('',#5868,#3111,#5870,.T.);
#5868 = VERTEX_POINT('',#5869);
#5869 = CARTESIAN_POINT('',(-27.5,0.,1.6));
#5870 = SEAM_CURVE('',#5871,(#5875,#5882),.PCURVE_S1.);
#5871 = LINE('',#5872,#5873);
#5872 = CARTESIAN_POINT('',(-27.5,0.,-2.E-02));
#5873 = VECTOR('',#5874,1.);
#5874 = DIRECTION('',(0.,0.,1.));
#5875 = PCURVE('',#3127,#5876);
#5876 = DEFINITIONAL_REPRESENTATION('',(#5877),#5881);
#5877 = LINE('',#5878,#5879);
#5878 = CARTESIAN_POINT('',(6.28318530718,-0.));
#5879 = VECTOR('',#5880,1.);
#5880 = DIRECTION('',(0.,1.));
#5881 = ( GEOMETRIC_REPRESENTATION_CONTEXT(2) 
PARAMETRIC_REPRESENTATION_CONTEXT() REPRESENTATION_CONTEXT('2D SPACE',''
  ) );
#5882 = PCURVE('',#3127,#5883);
#5883 = DEFINITIONAL_REPRESENTATION('',(#5884),#5888);
#5884 = LINE('',#5885,#5886);
#5885 = CARTESIAN_POINT('',(0.,-0.));
#5886 = VECTOR('',#5887,1.);
#5887 = DIRECTION('',(0.,1.));
#5888 = ( GEOMETRIC_REPRESENTATION_CONTEXT(2) 
PARAMETRIC_REPRESENTATION_CONTEXT() REPRESENTATION_CONTEXT('2D SPACE',''
  ) );
#5889 = ORIENTED_EDGE('',*,*,#5890,.T.);
#5890 = EDGE_CURVE('',#5868,#5868,#5891,.T.);
#5891 = SURFACE_CURVE('',#5892,(#5897,#5904),.PCURVE_S1.);
#5892 = CIRCLE('',#5893,2.5);
#5893 = AXIS2_PLACEMENT_3D('',#5894,#5895,#5896);
#5894 = CARTESIAN_POINT('',(-30.,0.,1.6));
#5895 = DIRECTION('',(0.,-0.,1.));
#5896 = DIRECTION('',(1.,0.,0.));
#5897 = PCURVE('',#3127,#5898);
#5898 = DEFINITIONAL_REPRESENTATION('',(#5899),#5903);
#5899 = LINE('',#5900,#5901);
#5900 = CARTESIAN_POINT('',(0.,1.62));
#5901 = VECTOR('',#5902,1.);
#5902 = DIRECTION('',(1.,0.));
#5903 = ( GEOMETRIC_REPRESENTATION_CONTEXT(2) 
PARAMETRIC_REPRESENTATION_CONTEXT() REPRESENTATION_CONTEXT('2D SPACE',''
  ) );
#5904 = PCURVE('',#4056,#5905);
#5905 = DEFINITIONAL_REPRESENTATION('',(#5906),#5910);
#5906 = CIRCLE('',#5907,2.5);
#5907 = AXIS2_PLACEMENT_2D('',#5908,#5909);
#5908 = CARTESIAN_POINT('',(0.,0.));
#5909 = DIRECTION('',(1.,0.));
#5910 = ( GEOMETRIC_REPRESENTATION_CONTEXT(2) 
PARAMETRIC_REPRESENTATION_CONTEXT() REPRESENTATION_CONTEXT('2D SPACE',''
  ) );
#5911 = ORIENTED_EDGE('',*,*,#5867,.T.);
#5912 = ADVANCED_FACE('',(#5913),#3158,.F.);
#5913 = FACE_BOUND('',#5914,.F.);
#5914 = EDGE_LOOP('',(#5915,#5916,#5939,#5961));
#5915 = ORIENTED_EDGE('',*,*,#3141,.F.);
#5916 = ORIENTED_EDGE('',*,*,#5917,.F.);
#5917 = EDGE_CURVE('',#5918,#3142,#5920,.T.);
#5918 = VERTEX_POINT('',#5919);
#5919 = CARTESIAN_POINT('',(-7.5,0.,1.6));
#5920 = SEAM_CURVE('',#5921,(#5925,#5932),.PCURVE_S1.);
#5921 = LINE('',#5922,#5923);
#5922 = CARTESIAN_POINT('',(-7.5,0.,-2.E-02));
#5923 = VECTOR('',#5924,1.);
#5924 = DIRECTION('',(0.,0.,1.));
#5925 = PCURVE('',#3158,#5926);
#5926 = DEFINITIONAL_REPRESENTATION('',(#5927),#5931);
#5927 = LINE('',#5928,#5929);
#5928 = CARTESIAN_POINT('',(6.28318530718,-0.));
#5929 = VECTOR('',#5930,1.);
#5930 = DIRECTION('',(0.,1.));
#5931 = ( GEOMETRIC_REPRESENTATION_CONTEXT(2) 
PARAMETRIC_REPRESENTATION_CONTEXT() REPRESENTATION_CONTEXT('2D SPACE',''
  ) );
#5932 = PCURVE('',#3158,#5933);
#5933 = DEFINITIONAL_REPRESENTATION('',(#5934),#5938);
#5934 = LINE('',#5935,#5936);
#5935 = CARTESIAN_POINT('',(0.,-0.));
#5936 = VECTOR('',#5937,1.);
#5937 = DIRECTION('',(0.,1.));
#5938 = ( GEOMETRIC_REPRESENTATION_CONTEXT(2) 
PARAMETRIC_REPRESENTATION_CONTEXT() REPRESENTATION_CONTEXT('2D SPACE',''
  ) );
#5939 = ORIENTED_EDGE('',*,*,#5940,.T.);
#5940 = EDGE_CURVE('',#5918,#5918,#5941,.T.);
#5941 = SURFACE_CURVE('',#5942,(#5947,#5954),.PCURVE_S1.);
#5942 = CIRCLE('',#5943,2.5);
#5943 = AXIS2_PLACEMENT_3D('',#5944,#5945,#5946);
#5944 = CARTESIAN_POINT('',(-10.,0.,1.6));
#5945 = DIRECTION('',(0.,-0.,1.));
#5946 = DIRECTION('',(1.,0.,0.));
#5947 = PCURVE('',#3158,#5948);
#5948 = DEFINITIONAL_REPRESENTATION('',(#5949),#5953);
#5949 = LINE('',#5950,#5951);
#5950 = CARTESIAN_POINT('',(0.,1.62));
#5951 = VECTOR('',#5952,1.);
#5952 = DIRECTION('',(1.,0.));
#5953 = ( GEOMETRIC_REPRESENTATION_CONTEXT(2) 
PARAMETRIC_REPRESENTATION_CONTEXT() REPRESENTATION_CONTEXT('2D SPACE',''
  ) );
#5954 = PCURVE('',#4111,#5955);
#5955 = DEFINITIONAL_REPRESENTATION('',(#5956),#5960);
#5956 = CIRCLE('',#5957,2.5);
#5957 = AXIS2_PLACEMENT_2D('',#5958,#5959);
#5958 = CARTESIAN_POINT('',(0.,0.));
#5959 = DIRECTION('',(1.,0.));
#5960 = ( GEOMETRIC_REPRESENTATION_CONTEXT(2) 
PARAMETRIC_REPRESENTATION_CONTEXT() REPRESENTATION_CONTEXT('2D SPACE',''
  ) );
#5961 = ORIENTED_EDGE('',*,*,#5917,.T.);
#5962 = ADVANCED_FACE('',(#5963),#3189,.F.);
#5963 = FACE_BOUND('',#5964,.F.);
#5964 = EDGE_LOOP('',(#5965,#5966,#5989,#6011));
#5965 = ORIENTED_EDGE('',*,*,#3172,.F.);
#5966 = ORIENTED_EDGE('',*,*,#5967,.F.);
#5967 = EDGE_CURVE('',#5968,#3173,#5970,.T.);
#5968 = VERTEX_POINT('',#5969);
#5969 = CARTESIAN_POINT('',(-27.5,20.,1.6));
#5970 = SEAM_CURVE('',#5971,(#5975,#5982),.PCURVE_S1.);
#5971 = LINE('',#5972,#5973);
#5972 = CARTESIAN_POINT('',(-27.5,20.,-2.E-02));
#5973 = VECTOR('',#5974,1.);
#5974 = DIRECTION('',(0.,0.,1.));
#5975 = PCURVE('',#3189,#5976);
#5976 = DEFINITIONAL_REPRESENTATION('',(#5977),#5981);
#5977 = LINE('',#5978,#5979);
#5978 = CARTESIAN_POINT('',(6.28318530718,-0.));
#5979 = VECTOR('',#5980,1.);
#5980 = DIRECTION('',(0.,1.));
#5981 = ( GEOMETRIC_REPRESENTATION_CONTEXT(2) 
PARAMETRIC_REPRESENTATION_CONTEXT() REPRESENTATION_CONTEXT('2D SPACE',''
  ) );
#5982 = PCURVE('',#3189,#5983);
#5983 = DEFINITIONAL_REPRESENTATION('',(#5984),#5988);
#5984 = LINE('',#5985,#5986);
#5985 = CARTESIAN_POINT('',(0.,-0.));
#5986 = VECTOR('',#5987,1.);
#5987 = DIRECTION('',(0.,1.));
#5988 = ( GEOMETRIC_REPRESENTATION_CONTEXT(2) 
PARAMETRIC_REPRESENTATION_CONTEXT() REPRESENTATION_CONTEXT('2D SPACE',''
  ) );
#5989 = ORIENTED_EDGE('',*,*,#5990,.T.);
#5990 = EDGE_CURVE('',#5968,#5968,#5991,.T.);
#5991 = SURFACE_CURVE('',#5992,(#5997,#6004),.PCURVE_S1.);
#5992 = CIRCLE('',#5993,2.5);
#5993 = AXIS2_PLACEMENT_3D('',#5994,#5995,#5996);
#5994 = CARTESIAN_POINT('',(-30.,20.,1.6));
#5995 = DIRECTION('',(0.,-0.,1.));
#5996 = DIRECTION('',(1.,0.,0.));
#5997 = PCURVE('',#3189,#5998);
#5998 = DEFINITIONAL_REPRESENTATION('',(#5999),#6003);
#5999 = LINE('',#6000,#6001);
#6000 = CARTESIAN_POINT('',(0.,1.62));
#6001 = VECTOR('',#6002,1.);
#6002 = DIRECTION('',(1.,0.));
#6003 = ( GEOMETRIC_REPRESENTATION_CONTEXT(2) 
PARAMETRIC_REPRESENTATION_CONTEXT() REPRESENTATION_CONTEXT('2D SPACE',''
  ) );
#6004 = PCURVE('',#4166,#6005);
#6005 = DEFINITIONAL_REPRESENTATION('',(#6006),#6010);
#6006 = CIRCLE('',#6007,2.5);
#6007 = AXIS2_PLACEMENT_2D('',#6008,#6009);
#6008 = CARTESIAN_POINT('',(0.,0.));
#6009 = DIRECTION('',(1.,0.));
#6010 = ( GEOMETRIC_REPRESENTATION_CONTEXT(2) 
PARAMETRIC_REPRESENTATION_CONTEXT() REPRESENTATION_CONTEXT('2D SPACE',''
  ) );
#6011 = ORIENTED_EDGE('',*,*,#5967,.T.);
#6012 = ADVANCED_FACE('',(#6013),#3220,.F.);
#6013 = FACE_BOUND('',#6014,.F.);
#6014 = EDGE_LOOP('',(#6015,#6016,#6039,#6061));
#6015 = ORIENTED_EDGE('',*,*,#3203,.F.);
#6016 = ORIENTED_EDGE('',*,*,#6017,.F.);
#6017 = EDGE_CURVE('',#6018,#3204,#6020,.T.);
#6018 = VERTEX_POINT('',#6019);
#6019 = CARTESIAN_POINT('',(-7.5,20.,1.6));
#6020 = SEAM_CURVE('',#6021,(#6025,#6032),.PCURVE_S1.);
#6021 = LINE('',#6022,#6023);
#6022 = CARTESIAN_POINT('',(-7.5,20.,-2.E-02));
#6023 = VECTOR('',#6024,1.);
#6024 = DIRECTION('',(0.,0.,1.));
#6025 = PCURVE('',#3220,#6026);
#6026 = DEFINITIONAL_REPRESENTATION('',(#6027),#6031);
#6027 = LINE('',#6028,#6029);
#6028 = CARTESIAN_POINT('',(6.28318530718,-0.));
#6029 = VECTOR('',#6030,1.);
#6030 = DIRECTION('',(0.,1.));
#6031 = ( GEOMETRIC_REPRESENTATION_CONTEXT(2) 
PARAMETRIC_REPRESENTATION_CONTEXT() REPRESENTATION_CONTEXT('2D SPACE',''
  ) );
#6032 = PCURVE('',#3220,#6033);
#6033 = DEFINITIONAL_REPRESENTATION('',(#6034),#6038);
#6034 = LINE('',#6035,#6036);
#6035 = CARTESIAN_POINT('',(0.,-0.));
#6036 = VECTOR('',#6037,1.);
#6037 = DIRECTION('',(0.,1.));
#6038 = ( GEOMETRIC_REPRESENTATION_CONTEXT(2) 
PARAMETRIC_REPRESENTATION_CONTEXT() REPRESENTATION_CONTEXT('2D SPACE',''
  ) );
#6039 = ORIENTED_EDGE('',*,*,#6040,.T.);
#6040 = EDGE_CURVE('',#6018,#6018,#6041,.T.);
#6041 = SURFACE_CURVE('',#6042,(#6047,#6054),.PCURVE_S1.);
#6042 = CIRCLE('',#6043,2.5);
#6043 = AXIS2_PLACEMENT_3D('',#6044,#6045,#6046);
#6044 = CARTESIAN_POINT('',(-10.,20.,1.6));
#6045 = DIRECTION('',(0.,-0.,1.));
#6046 = DIRECTION('',(1.,0.,0.));
#6047 = PCURVE('',#3220,#6048);
#6048 = DEFINITIONAL_REPRESENTATION('',(#6049),#6053);
#6049 = LINE('',#6050,#6051);
#6050 = CARTESIAN_POINT('',(0.,1.62));
#6051 = VECTOR('',#6052,1.);
#6052 = DIRECTION('',(1.,0.));
#6053 = ( GEOMETRIC_REPRESENTATION_CONTEXT(2) 
PARAMETRIC_REPRESENTATION_CONTEXT() REPRESENTATION_CONTEXT('2D SPACE',''
  ) );
#6054 = PCURVE('',#4221,#6055);
#6055 = DEFINITIONAL_REPRESENTATION('',(#6056),#6060);
#6056 = CIRCLE('',#6057,2.5);
#6057 = AXIS2_PLACEMENT_2D('',#6058,#6059);
#6058 = CARTESIAN_POINT('',(0.,0.));
#6059 = DIRECTION('',(1.,0.));
#6060 = ( GEOMETRIC_REPRESENTATION_CONTEXT(2) 
PARAMETRIC_REPRESENTATION_CONTEXT() REPRESENTATION_CONTEXT('2D SPACE',''
  ) );
#6061 = ORIENTED_EDGE('',*,*,#6017,.T.);
#6062 = ADVANCED_FACE('',(#6063),#3251,.F.);
#6063 = FACE_BOUND('',#6064,.F.);
#6064 = EDGE_LOOP('',(#6065,#6066,#6089,#6111));
#6065 = ORIENTED_EDGE('',*,*,#3234,.F.);
#6066 = ORIENTED_EDGE('',*,*,#6067,.F.);
#6067 = EDGE_CURVE('',#6068,#3235,#6070,.T.);
#6068 = VERTEX_POINT('',#6069);
#6069 = CARTESIAN_POINT('',(12.5,-3.552713678801E-15,1.6));
#6070 = SEAM_CURVE('',#6071,(#6075,#6082),.PCURVE_S1.);
#6071 = LINE('',#6072,#6073);
#6072 = CARTESIAN_POINT('',(12.5,-3.552713678801E-15,-2.E-02));
#6073 = VECTOR('',#6074,1.);
#6074 = DIRECTION('',(0.,0.,1.));
#6075 = PCURVE('',#3251,#6076);
#6076 = DEFINITIONAL_REPRESENTATION('',(#6077),#6081);
#6077 = LINE('',#6078,#6079);
#6078 = CARTESIAN_POINT('',(6.28318530718,-0.));
#6079 = VECTOR('',#6080,1.);
#6080 = DIRECTION('',(0.,1.));
#6081 = ( GEOMETRIC_REPRESENTATION_CONTEXT(2) 
PARAMETRIC_REPRESENTATION_CONTEXT() REPRESENTATION_CONTEXT('2D SPACE',''
  ) );
#6082 = PCURVE('',#3251,#6083);
#6083 = DEFINITIONAL_REPRESENTATION('',(#6084),#6088);
#6084 = LINE('',#6085,#6086);
#6085 = CARTESIAN_POINT('',(0.,-0.));
#6086 = VECTOR('',#6087,1.);
#6087 = DIRECTION('',(0.,1.));
#6088 = ( GEOMETRIC_REPRESENTATION_CONTEXT(2) 
PARAMETRIC_REPRESENTATION_CONTEXT() REPRESENTATION_CONTEXT('2D SPACE',''
  ) );
#6089 = ORIENTED_EDGE('',*,*,#6090,.T.);
#6090 = EDGE_CURVE('',#6068,#6068,#6091,.T.);
#6091 = SURFACE_CURVE('',#6092,(#6097,#6104),.PCURVE_S1.);
#6092 = CIRCLE('',#6093,2.5);
#6093 = AXIS2_PLACEMENT_3D('',#6094,#6095,#6096);
#6094 = CARTESIAN_POINT('',(10.,0.,1.6));
#6095 = DIRECTION('',(0.,-0.,1.));
#6096 = DIRECTION('',(1.,0.,0.));
#6097 = PCURVE('',#3251,#6098);
#6098 = DEFINITIONAL_REPRESENTATION('',(#6099),#6103);
#6099 = LINE('',#6100,#6101);
#6100 = CARTESIAN_POINT('',(0.,1.62));
#6101 = VECTOR('',#6102,1.);
#6102 = DIRECTION('',(1.,0.));
#6103 = ( GEOMETRIC_REPRESENTATION_CONTEXT(2) 
PARAMETRIC_REPRESENTATION_CONTEXT() REPRESENTATION_CONTEXT('2D SPACE',''
  ) );
#6104 = PCURVE('',#4276,#6105);
#6105 = DEFINITIONAL_REPRESENTATION('',(#6106),#6110);
#6106 = CIRCLE('',#6107,2.5);
#6107 = AXIS2_PLACEMENT_2D('',#6108,#6109);
#6108 = CARTESIAN_POINT('',(0.,0.));
#6109 = DIRECTION('',(1.,0.));
#6110 = ( GEOMETRIC_REPRESENTATION_CONTEXT(2) 
PARAMETRIC_REPRESENTATION_CONTEXT() REPRESENTATION_CONTEXT('2D SPACE',''
  ) );
#6111 = ORIENTED_EDGE('',*,*,#6067,.T.);
#6112 = ADVANCED_FACE('',(#6113),#3282,.F.);
#6113 = FACE_BOUND('',#6114,.F.);
#6114 = EDGE_LOOP('',(#6115,#6116,#6139,#6161));
#6115 = ORIENTED_EDGE('',*,*,#3265,.F.);
#6116 = ORIENTED_EDGE('',*,*,#6117,.F.);
#6117 = EDGE_CURVE('',#6118,#3266,#6120,.T.);
#6118 = VERTEX_POINT('',#6119);
#6119 = CARTESIAN_POINT('',(32.5,0.,1.6));
#6120 = SEAM_CURVE('',#6121,(#6125,#6132),.PCURVE_S1.);
#6121 = LINE('',#6122,#6123);
#6122 = CARTESIAN_POINT('',(32.5,0.,-2.E-02));
#6123 = VECTOR('',#6124,1.);
#6124 = DIRECTION('',(0.,0.,1.));
#6125 = PCURVE('',#3282,#6126);
#6126 = DEFINITIONAL_REPRESENTATION('',(#6127),#6131);
#6127 = LINE('',#6128,#6129);
#6128 = CARTESIAN_POINT('',(6.28318530718,-0.));
#6129 = VECTOR('',#6130,1.);
#6130 = DIRECTION('',(0.,1.));
#6131 = ( GEOMETRIC_REPRESENTATION_CONTEXT(2) 
PARAMETRIC_REPRESENTATION_CONTEXT() REPRESENTATION_CONTEXT('2D SPACE',''
  ) );
#6132 = PCURVE('',#3282,#6133);
#6133 = DEFINITIONAL_REPRESENTATION('',(#6134),#6138);
#6134 = LINE('',#6135,#6136);
#6135 = CARTESIAN_POINT('',(0.,-0.));
#6136 = VECTOR('',#6137,1.);
#6137 = DIRECTION('',(0.,1.));
#6138 = ( GEOMETRIC_REPRESENTATION_CONTEXT(2) 
PARAMETRIC_REPRESENTATION_CONTEXT() REPRESENTATION_CONTEXT('2D SPACE',''
  ) );
#6139 = ORIENTED_EDGE('',*,*,#6140,.T.);
#6140 = EDGE_CURVE('',#6118,#6118,#6141,.T.);
#6141 = SURFACE_CURVE('',#6142,(#6147,#6154),.PCURVE_S1.);
#6142 = CIRCLE('',#6143,2.5);
#6143 = AXIS2_PLACEMENT_3D('',#6144,#6145,#6146);
#6144 = CARTESIAN_POINT('',(30.,0.,1.6));
#6145 = DIRECTION('',(0.,-0.,1.));
#6146 = DIRECTION('',(1.,0.,0.));
#6147 = PCURVE('',#3282,#6148);
#6148 = DEFINITIONAL_REPRESENTATION('',(#6149),#6153);
#6149 = LINE('',#6150,#6151);
#6150 = CARTESIAN_POINT('',(0.,1.62));
#6151 = VECTOR('',#6152,1.);
#6152 = DIRECTION('',(1.,0.));
#6153 = ( GEOMETRIC_REPRESENTATION_CONTEXT(2) 
PARAMETRIC_REPRESENTATION_CONTEXT() REPRESENTATION_CONTEXT('2D SPACE',''
  ) );
#6154 = PCURVE('',#4331,#6155);
#6155 = DEFINITIONAL_REPRESENTATION('',(#6156),#6160);
#6156 = CIRCLE('',#6157,2.5);
#6157 = AXIS2_PLACEMENT_2D('',#6158,#6159);
#6158 = CARTESIAN_POINT('',(0.,0.));
#6159 = DIRECTION('',(1.,0.));
#6160 = ( GEOMETRIC_REPRESENTATION_CONTEXT(2) 
PARAMETRIC_REPRESENTATION_CONTEXT() REPRESENTATION_CONTEXT('2D SPACE',''
  ) );
#6161 = ORIENTED_EDGE('',*,*,#6117,.T.);
#6162 = ADVANCED_FACE('',(#6163),#3313,.F.);
#6163 = FACE_BOUND('',#6164,.F.);
#6164 = EDGE_LOOP('',(#6165,#6166,#6189,#6211));
#6165 = ORIENTED_EDGE('',*,*,#3296,.F.);
#6166 = ORIENTED_EDGE('',*,*,#6167,.F.);
#6167 = EDGE_CURVE('',#6168,#3297,#6170,.T.);
#6168 = VERTEX_POINT('',#6169);
#6169 = CARTESIAN_POINT('',(12.5,20.,1.6));
#6170 = SEAM_CURVE('',#6171,(#6175,#6182),.PCURVE_S1.);
#6171 = LINE('',#6172,#6173);
#6172 = CARTESIAN_POINT('',(12.5,20.,-2.E-02));
#6173 = VECTOR('',#6174,1.);
#6174 = DIRECTION('',(0.,0.,1.));
#6175 = PCURVE('',#3313,#6176);
#6176 = DEFINITIONAL_REPRESENTATION('',(#6177),#6181);
#6177 = LINE('',#6178,#6179);
#6178 = CARTESIAN_POINT('',(6.28318530718,-0.));
#6179 = VECTOR('',#6180,1.);
#6180 = DIRECTION('',(0.,1.));
#6181 = ( GEOMETRIC_REPRESENTATION_CONTEXT(2) 
PARAMETRIC_REPRESENTATION_CONTEXT() REPRESENTATION_CONTEXT('2D SPACE',''
  ) );
#6182 = PCURVE('',#3313,#6183);
#6183 = DEFINITIONAL_REPRESENTATION('',(#6184),#6188);
#6184 = LINE('',#6185,#6186);
#6185 = CARTESIAN_POINT('',(0.,-0.));
#6186 = VECTOR('',#6187,1.);
#6187 = DIRECTION('',(0.,1.));
#6188 = ( GEOMETRIC_REPRESENTATION_CONTEXT(2) 
PARAMETRIC_REPRESENTATION_CONTEXT() REPRESENTATION_CONTEXT('2D SPACE',''
  ) );
#6189 = ORIENTED_EDGE('',*,*,#6190,.T.);
#6190 = EDGE_CURVE('',#6168,#6168,#6191,.T.);
#6191 = SURFACE_CURVE('',#6192,(#6197,#6204),.PCURVE_S1.);
#6192 = CIRCLE('',#6193,2.5);
#6193 = AXIS2_PLACEMENT_3D('',#6194,#6195,#6196);
#6194 = CARTESIAN_POINT('',(10.,20.,1.6));
#6195 = DIRECTION('',(0.,-0.,1.));
#6196 = DIRECTION('',(1.,0.,0.));
#6197 = PCURVE('',#3313,#6198);
#6198 = DEFINITIONAL_REPRESENTATION('',(#6199),#6203);
#6199 = LINE('',#6200,#6201);
#6200 = CARTESIAN_POINT('',(0.,1.62));
#6201 = VECTOR('',#6202,1.);
#6202 = DIRECTION('',(1.,0.));
#6203 = ( GEOMETRIC_REPRESENTATION_CONTEXT(2) 
PARAMETRIC_REPRESENTATION_CONTEXT() REPRESENTATION_CONTEXT('2D SPACE',''
  ) );
#6204 = PCURVE('',#4386,#6205);
#6205 = DEFINITIONAL_REPRESENTATION('',(#6206),#6210);
#6206 = CIRCLE('',#6207,2.5);
#6207 = AXIS2_PLACEMENT_2D('',#6208,#6209);
#6208 = CARTESIAN_POINT('',(0.,0.));
#6209 = DIRECTION('',(1.,0.));
#6210 = ( GEOMETRIC_REPRESENTATION_CONTEXT(2) 
PARAMETRIC_REPRESENTATION_CONTEXT() REPRESENTATION_CONTEXT('2D SPACE',''
  ) );
#6211 = ORIENTED_EDGE('',*,*,#6167,.T.);
#6212 = ADVANCED_FACE('',(#6213),#3344,.F.);
#6213 = FACE_BOUND('',#6214,.F.);
#6214 = EDGE_LOOP('',(#6215,#6216,#6239,#6261));
#6215 = ORIENTED_EDGE('',*,*,#3327,.F.);
#6216 = ORIENTED_EDGE('',*,*,#6217,.F.);
#6217 = EDGE_CURVE('',#6218,#3328,#6220,.T.);
#6218 = VERTEX_POINT('',#6219);
#6219 = CARTESIAN_POINT('',(32.5,20.,1.6));
#6220 = SEAM_CURVE('',#6221,(#6225,#6232),.PCURVE_S1.);
#6221 = LINE('',#6222,#6223);
#6222 = CARTESIAN_POINT('',(32.5,20.,-2.E-02));
#6223 = VECTOR('',#6224,1.);
#6224 = DIRECTION('',(0.,0.,1.));
#6225 = PCURVE('',#3344,#6226);
#6226 = DEFINITIONAL_REPRESENTATION('',(#6227),#6231);
#6227 = LINE('',#6228,#6229);
#6228 = CARTESIAN_POINT('',(6.28318530718,-0.));
#6229 = VECTOR('',#6230,1.);
#6230 = DIRECTION('',(0.,1.));
#6231 = ( GEOMETRIC_REPRESENTATION_CONTEXT(2) 
PARAMETRIC_REPRESENTATION_CONTEXT() REPRESENTATION_CONTEXT('2D SPACE',''
  ) );
#6232 = PCURVE('',#3344,#6233);
#6233 = DEFINITIONAL_REPRESENTATION('',(#6234),#6238);
#6234 = LINE('',#6235,#6236);
#6235 = CARTESIAN_POINT('',(0.,-0.));
#6236 = VECTOR('',#6237,1.);
#6237 = DIRECTION('',(0.,1.));
#6238 = ( GEOMETRIC_REPRESENTATION_CONTEXT(2) 
PARAMETRIC_REPRESENTATION_CONTEXT() REPRESENTATION_CONTEXT('2D SPACE',''
  ) );
#6239 = ORIENTED_EDGE('',*,*,#6240,.T.);
#6240 = EDGE_CURVE('',#6218,#6218,#6241,.T.);
#6241 = SURFACE_CURVE('',#6242,(#6247,#6254),.PCURVE_S1.);
#6242 = CIRCLE('',#6243,2.5);
#6243 = AXIS2_PLACEMENT_3D('',#6244,#6245,#6246);
#6244 = CARTESIAN_POINT('',(30.,20.,1.6));
#6245 = DIRECTION('',(0.,-0.,1.));
#6246 = DIRECTION('',(1.,0.,0.));
#6247 = PCURVE('',#3344,#6248);
#6248 = DEFINITIONAL_REPRESENTATION('',(#6249),#6253);
#6249 = LINE('',#6250,#6251);
#6250 = CARTESIAN_POINT('',(0.,1.62));
#6251 = VECTOR('',#6252,1.);
#6252 = DIRECTION('',(1.,0.));
#6253 = ( GEOMETRIC_REPRESENTATION_CONTEXT(2) 
PARAMETRIC_REPRESENTATION_CONTEXT() REPRESENTATION_CONTEXT('2D SPACE',''
  ) );
#6254 = PCURVE('',#4441,#6255);
#6255 = DEFINITIONAL_REPRESENTATION('',(#6256),#6260);
#6256 = CIRCLE('',#6257,2.5);
#6257 = AXIS2_PLACEMENT_2D('',#6258,#6259);
#6258 = CARTESIAN_POINT('',(0.,0.));
#6259 = DIRECTION('',(1.,0.));
#6260 = ( GEOMETRIC_REPRESENTATION_CONTEXT(2) 
PARAMETRIC_REPRESENTATION_CONTEXT() REPRESENTATION_CONTEXT('2D SPACE',''
  ) );
#6261 = ORIENTED_EDGE('',*,*,#6217,.T.);
#6262 = ADVANCED_FACE('',(#6263),#3402,.F.);
#6263 = FACE_BOUND('',#6264,.F.);
#6264 = EDGE_LOOP('',(#6265,#6266,#6287,#6288));
#6265 = ORIENTED_EDGE('',*,*,#3385,.F.);
#6266 = ORIENTED_EDGE('',*,*,#6267,.F.);
#6267 = EDGE_CURVE('',#3483,#3386,#6268,.T.);
#6268 = SEAM_CURVE('',#6269,(#6273,#6280),.PCURVE_S1.);
#6269 = LINE('',#6270,#6271);
#6270 = CARTESIAN_POINT('',(-39.92,20.,12.4));
#6271 = VECTOR('',#6272,1.);
#6272 = DIRECTION('',(1.,0.,0.));
#6273 = PCURVE('',#3402,#6274);
#6274 = DEFINITIONAL_REPRESENTATION('',(#6275),#6279);
#6275 = LINE('',#6276,#6277);
#6276 = CARTESIAN_POINT('',(6.28318530718,-0.));
#6277 = VECTOR('',#6278,1.);
#6278 = DIRECTION('',(0.,1.));
#6279 = ( GEOMETRIC_REPRESENTATION_CONTEXT(2) 
PARAMETRIC_REPRESENTATION_CONTEXT() REPRESENTATION_CONTEXT('2D SPACE',''
  ) );
#6280 = PCURVE('',#3402,#6281);
#6281 = DEFINITIONAL_REPRESENTATION('',(#6282),#6286);
#6282 = LINE('',#6283,#6284);
#6283 = CARTESIAN_POINT('',(0.,-0.));
#6284 = VECTOR('',#6285,1.);
#6285 = DIRECTION('',(0.,1.));
#6286 = ( GEOMETRIC_REPRESENTATION_CONTEXT(2) 
PARAMETRIC_REPRESENTATION_CONTEXT() REPRESENTATION_CONTEXT('2D SPACE',''
  ) );
#6287 = ORIENTED_EDGE('',*,*,#3482,.T.);
#6288 = ORIENTED_EDGE('',*,*,#6267,.T.);
#6289 = ADVANCED_FACE('',(#6290),#3433,.F.);
#6290 = FACE_BOUND('',#6291,.F.);
#6291 = EDGE_LOOP('',(#6292,#6293,#6314,#6315));
#6292 = ORIENTED_EDGE('',*,*,#3416,.F.);
#6293 = ORIENTED_EDGE('',*,*,#6294,.F.);
#6294 = EDGE_CURVE('',#3513,#3417,#6295,.T.);
#6295 = SEAM_CURVE('',#6296,(#6300,#6307),.PCURVE_S1.);
#6296 = LINE('',#6297,#6298);
#6297 = CARTESIAN_POINT('',(-39.92,0.,12.4));
#6298 = VECTOR('',#6299,1.);
#6299 = DIRECTION('',(1.,0.,0.));
#6300 = PCURVE('',#3433,#6301);
#6301 = DEFINITIONAL_REPRESENTATION('',(#6302),#6306);
#6302 = LINE('',#6303,#6304);
#6303 = CARTESIAN_POINT('',(6.28318530718,-0.));
#6304 = VECTOR('',#6305,1.);
#6305 = DIRECTION('',(0.,1.));
#6306 = ( GEOMETRIC_REPRESENTATION_CONTEXT(2) 
PARAMETRIC_REPRESENTATION_CONTEXT() REPRESENTATION_CONTEXT('2D SPACE',''
  ) );
#6307 = PCURVE('',#3433,#6308);
#6308 = DEFINITIONAL_REPRESENTATION('',(#6309),#6313);
#6309 = LINE('',#6310,#6311);
#6310 = CARTESIAN_POINT('',(0.,-0.));
#6311 = VECTOR('',#6312,1.);
#6312 = DIRECTION('',(0.,1.));
#6313 = ( GEOMETRIC_REPRESENTATION_CONTEXT(2) 
PARAMETRIC_REPRESENTATION_CONTEXT() REPRESENTATION_CONTEXT('2D SPACE',''
  ) );
#6314 = ORIENTED_EDGE('',*,*,#3512,.T.);
#6315 = ORIENTED_EDGE('',*,*,#6294,.T.);
#6316 = ADVANCED_FACE('',(#6317),#3464,.F.);
#6317 = FACE_BOUND('',#6318,.F.);
#6318 = EDGE_LOOP('',(#6319,#6320,#6341,#6342));
#6319 = ORIENTED_EDGE('',*,*,#3447,.F.);
#6320 = ORIENTED_EDGE('',*,*,#6321,.F.);
#6321 = EDGE_CURVE('',#3543,#3448,#6322,.T.);
#6322 = SEAM_CURVE('',#6323,(#6327,#6334),.PCURVE_S1.);
#6323 = LINE('',#6324,#6325);
#6324 = CARTESIAN_POINT('',(-39.92,-20.,12.4));
#6325 = VECTOR('',#6326,1.);
#6326 = DIRECTION('',(1.,0.,0.));
#6327 = PCURVE('',#3464,#6328);
#6328 = DEFINITIONAL_REPRESENTATION('',(#6329),#6333);
#6329 = LINE('',#6330,#6331);
#6330 = CARTESIAN_POINT('',(6.28318530718,-0.));
#6331 = VECTOR('',#6332,1.);
#6332 = DIRECTION('',(0.,1.));
#6333 = ( GEOMETRIC_REPRESENTATION_CONTEXT(2) 
PARAMETRIC_REPRESENTATION_CONTEXT() REPRESENTATION_CONTEXT('2D SPACE',''
  ) );
#6334 = PCURVE('',#3464,#6335);
#6335 = DEFINITIONAL_REPRESENTATION('',(#6336),#6340);
#6336 = LINE('',#6337,#6338);
#6337 = CARTESIAN_POINT('',(0.,-0.));
#6338 = VECTOR('',#6339,1.);
#6339 = DIRECTION('',(0.,1.));
#6340 = ( GEOMETRIC_REPRESENTATION_CONTEXT(2) 
PARAMETRIC_REPRESENTATION_CONTEXT() REPRESENTATION_CONTEXT('2D SPACE',''
  ) );
#6341 = ORIENTED_EDGE('',*,*,#3542,.T.);
#6342 = ORIENTED_EDGE('',*,*,#6321,.T.);
#6343 = ADVANCED_FACE('',(#6344,#6347),#3616,.F.);
#6344 = FACE_BOUND('',#6345,.F.);
#6345 = EDGE_LOOP('',(#6346));
#6346 = ORIENTED_EDGE('',*,*,#3601,.T.);
#6347 = FACE_BOUND('',#6348,.F.);
#6348 = EDGE_LOOP('',(#6349));
#6349 = ORIENTED_EDGE('',*,*,#6350,.F.);
#6350 = EDGE_CURVE('',#6351,#6351,#6353,.T.);
#6351 = VERTEX_POINT('',#6352);
#6352 = CARTESIAN_POINT('',(-30.,-28.3,12.4));
#6353 = SURFACE_CURVE('',#6354,(#6359,#6366),.PCURVE_S1.);
#6354 = CIRCLE('',#6355,2.5);
#6355 = AXIS2_PLACEMENT_3D('',#6356,#6357,#6358);
#6356 = CARTESIAN_POINT('',(-30.,-28.3,9.9));
#6357 = DIRECTION('',(-0.,1.,0.));
#6358 = DIRECTION('',(0.,0.,1.));
#6359 = PCURVE('',#3616,#6360);
#6360 = DEFINITIONAL_REPRESENTATION('',(#6361),#6365);
#6361 = CIRCLE('',#6362,2.5);
#6362 = AXIS2_PLACEMENT_2D('',#6363,#6364);
#6363 = CARTESIAN_POINT('',(0.,0.));
#6364 = DIRECTION('',(1.,0.));
#6365 = ( GEOMETRIC_REPRESENTATION_CONTEXT(2) 
PARAMETRIC_REPRESENTATION_CONTEXT() REPRESENTATION_CONTEXT('2D SPACE',''
  ) );
#6366 = PCURVE('',#5330,#6367);
#6367 = DEFINITIONAL_REPRESENTATION('',(#6368),#6372);
#6368 = LINE('',#6369,#6370);
#6369 = CARTESIAN_POINT('',(0.,1.62));
#6370 = VECTOR('',#6371,1.);
#6371 = DIRECTION('',(1.,0.));
#6372 = ( GEOMETRIC_REPRESENTATION_CONTEXT(2) 
PARAMETRIC_REPRESENTATION_CONTEXT() REPRESENTATION_CONTEXT('2D SPACE',''
  ) );
#6373 = ADVANCED_FACE('',(#6374,#6377),#3671,.F.);
#6374 = FACE_BOUND('',#6375,.F.);
#6375 = EDGE_LOOP('',(#6376));
#6376 = ORIENTED_EDGE('',*,*,#3656,.T.);
#6377 = FACE_BOUND('',#6378,.F.);
#6378 = EDGE_LOOP('',(#6379));
#6379 = ORIENTED_EDGE('',*,*,#6380,.F.);
#6380 = EDGE_CURVE('',#6381,#6381,#6383,.T.);
#6381 = VERTEX_POINT('',#6382);
#6382 = CARTESIAN_POINT('',(-10.,-28.3,12.4));
#6383 = SURFACE_CURVE('',#6384,(#6389,#6396),.PCURVE_S1.);
#6384 = CIRCLE('',#6385,2.5);
#6385 = AXIS2_PLACEMENT_3D('',#6386,#6387,#6388);
#6386 = CARTESIAN_POINT('',(-10.,-28.3,9.9));
#6387 = DIRECTION('',(-0.,1.,0.));
#6388 = DIRECTION('',(0.,0.,1.));
#6389 = PCURVE('',#3671,#6390);
#6390 = DEFINITIONAL_REPRESENTATION('',(#6391),#6395);
#6391 = CIRCLE('',#6392,2.5);
#6392 = AXIS2_PLACEMENT_2D('',#6393,#6394);
#6393 = CARTESIAN_POINT('',(0.,0.));
#6394 = DIRECTION('',(1.,0.));
#6395 = ( GEOMETRIC_REPRESENTATION_CONTEXT(2) 
PARAMETRIC_REPRESENTATION_CONTEXT() REPRESENTATION_CONTEXT('2D SPACE',''
  ) );
#6396 = PCURVE('',#5361,#6397);
#6397 = DEFINITIONAL_REPRESENTATION('',(#6398),#6402);
#6398 = LINE('',#6399,#6400);
#6399 = CARTESIAN_POINT('',(0.,1.62));
#6400 = VECTOR('',#6401,1.);
#6401 = DIRECTION('',(1.,0.));
#6402 = ( GEOMETRIC_REPRESENTATION_CONTEXT(2) 
PARAMETRIC_REPRESENTATION_CONTEXT() REPRESENTATION_CONTEXT('2D SPACE',''
  ) );
#6403 = ADVANCED_FACE('',(#6404,#6407),#3726,.F.);
#6404 = FACE_BOUND('',#6405,.F.);
#6405 = EDGE_LOOP('',(#6406));
#6406 = ORIENTED_EDGE('',*,*,#3711,.T.);
#6407 = FACE_BOUND('',#6408,.F.);
#6408 = EDGE_LOOP('',(#6409));
#6409 = ORIENTED_EDGE('',*,*,#6410,.F.);
#6410 = EDGE_CURVE('',#6411,#6411,#6413,.T.);
#6411 = VERTEX_POINT('',#6412);
#6412 = CARTESIAN_POINT('',(10.,-28.3,12.4));
#6413 = SURFACE_CURVE('',#6414,(#6419,#6426),.PCURVE_S1.);
#6414 = CIRCLE('',#6415,2.5);
#6415 = AXIS2_PLACEMENT_3D('',#6416,#6417,#6418);
#6416 = CARTESIAN_POINT('',(10.,-28.3,9.9));
#6417 = DIRECTION('',(-0.,1.,0.));
#6418 = DIRECTION('',(0.,0.,1.));
#6419 = PCURVE('',#3726,#6420);
#6420 = DEFINITIONAL_REPRESENTATION('',(#6421),#6425);
#6421 = CIRCLE('',#6422,2.5);
#6422 = AXIS2_PLACEMENT_2D('',#6423,#6424);
#6423 = CARTESIAN_POINT('',(0.,0.));
#6424 = DIRECTION('',(1.,0.));
#6425 = ( GEOMETRIC_REPRESENTATION_CONTEXT(2) 
PARAMETRIC_REPRESENTATION_CONTEXT() REPRESENTATION_CONTEXT('2D SPACE',''
  ) );
#6426 = PCURVE('',#5506,#6427);
#6427 = DEFINITIONAL_REPRESENTATION('',(#6428),#6432);
#6428 = LINE('',#6429,#6430);
#6429 = CARTESIAN_POINT('',(0.,1.62));
#6430 = VECTOR('',#6431,1.);
#6431 = DIRECTION('',(1.,0.));
#6432 = ( GEOMETRIC_REPRESENTATION_CONTEXT(2) 
PARAMETRIC_REPRESENTATION_CONTEXT() REPRESENTATION_CONTEXT('2D SPACE',''
  ) );
#6433 = ADVANCED_FACE('',(#6434,#6437),#3781,.F.);
#6434 = FACE_BOUND('',#6435,.F.);
#6435 = EDGE_LOOP('',(#6436));
#6436 = ORIENTED_EDGE('',*,*,#3766,.T.);
#6437 = FACE_BOUND('',#6438,.F.);
#6438 = EDGE_LOOP('',(#6439));
#6439 = ORIENTED_EDGE('',*,*,#6440,.F.);
#6440 = EDGE_CURVE('',#6441,#6441,#6443,.T.);
#6441 = VERTEX_POINT('',#6442);
#6442 = CARTESIAN_POINT('',(30.,-28.3,12.4));
#6443 = SURFACE_CURVE('',#6444,(#6449,#6456),.PCURVE_S1.);
#6444 = CIRCLE('',#6445,2.5);
#6445 = AXIS2_PLACEMENT_3D('',#6446,#6447,#6448);
#6446 = CARTESIAN_POINT('',(30.,-28.3,9.9));
#6447 = DIRECTION('',(-0.,1.,0.));
#6448 = DIRECTION('',(0.,0.,1.));
#6449 = PCURVE('',#3781,#6450);
#6450 = DEFINITIONAL_REPRESENTATION('',(#6451),#6455);
#6451 = CIRCLE('',#6452,2.5);
#6452 = AXIS2_PLACEMENT_2D('',#6453,#6454);
#6453 = CARTESIAN_POINT('',(0.,0.));
#6454 = DIRECTION('',(1.,0.));
#6455 = ( GEOMETRIC_REPRESENTATION_CONTEXT(2) 
PARAMETRIC_REPRESENTATION_CONTEXT() REPRESENTATION_CONTEXT('2D SPACE',''
  ) );
#6456 = PCURVE('',#5537,#6457);
#6457 = DEFINITIONAL_REPRESENTATION('',(#6458),#6462);
#6458 = LINE('',#6459,#6460);
#6459 = CARTESIAN_POINT('',(0.,1.62));
#6460 = VECTOR('',#6461,1.);
#6461 = DIRECTION('',(1.,0.));
#6462 = ( GEOMETRIC_REPRESENTATION_CONTEXT(2) 
PARAMETRIC_REPRESENTATION_CONTEXT() REPRESENTATION_CONTEXT('2D SPACE',''
  ) );
#6463 = ADVANCED_FACE('',(#6464,#6467),#3836,.F.);
#6464 = FACE_BOUND('',#6465,.F.);
#6465 = EDGE_LOOP('',(#6466));
#6466 = ORIENTED_EDGE('',*,*,#3821,.T.);
#6467 = FACE_BOUND('',#6468,.F.);
#6468 = EDGE_LOOP('',(#6469));
#6469 = ORIENTED_EDGE('',*,*,#5690,.F.);
#6470 = ADVANCED_FACE('',(#6471,#6474),#3891,.F.);
#6471 = FACE_BOUND('',#6472,.F.);
#6472 = EDGE_LOOP('',(#6473));
#6473 = ORIENTED_EDGE('',*,*,#3876,.T.);
#6474 = FACE_BOUND('',#6475,.F.);
#6475 = EDGE_LOOP('',(#6476));
#6476 = ORIENTED_EDGE('',*,*,#5740,.F.);
#6477 = ADVANCED_FACE('',(#6478,#6481),#3946,.F.);
#6478 = FACE_BOUND('',#6479,.F.);
#6479 = EDGE_LOOP('',(#6480));
#6480 = ORIENTED_EDGE('',*,*,#3931,.T.);
#6481 = FACE_BOUND('',#6482,.F.);
#6482 = EDGE_LOOP('',(#6483));
#6483 = ORIENTED_EDGE('',*,*,#5790,.F.);
#6484 = ADVANCED_FACE('',(#6485,#6488),#4001,.F.);
#6485 = FACE_BOUND('',#6486,.F.);
#6486 = EDGE_LOOP('',(#6487));
#6487 = ORIENTED_EDGE('',*,*,#3986,.T.);
#6488 = FACE_BOUND('',#6489,.F.);
#6489 = EDGE_LOOP('',(#6490));
#6490 = ORIENTED_EDGE('',*,*,#5840,.F.);
#6491 = ADVANCED_FACE('',(#6492,#6495),#4056,.F.);
#6492 = FACE_BOUND('',#6493,.F.);
#6493 = EDGE_LOOP('',(#6494));
#6494 = ORIENTED_EDGE('',*,*,#4041,.T.);
#6495 = FACE_BOUND('',#6496,.F.);
#6496 = EDGE_LOOP('',(#6497));
#6497 = ORIENTED_EDGE('',*,*,#5890,.F.);
#6498 = ADVANCED_FACE('',(#6499,#6502),#4111,.F.);
#6499 = FACE_BOUND('',#6500,.F.);
#6500 = EDGE_LOOP('',(#6501));
#6501 = ORIENTED_EDGE('',*,*,#4096,.T.);
#6502 = FACE_BOUND('',#6503,.F.);
#6503 = EDGE_LOOP('',(#6504));
#6504 = ORIENTED_EDGE('',*,*,#5940,.F.);
#6505 = ADVANCED_FACE('',(#6506,#6509),#4166,.F.);
#6506 = FACE_BOUND('',#6507,.F.);
#6507 = EDGE_LOOP('',(#6508));
#6508 = ORIENTED_EDGE('',*,*,#4151,.T.);
#6509 = FACE_BOUND('',#6510,.F.);
#6510 = EDGE_LOOP('',(#6511));
#6511 = ORIENTED_EDGE('',*,*,#5990,.F.);
#6512 = ADVANCED_FACE('',(#6513,#6516),#4221,.F.);
#6513 = FACE_BOUND('',#6514,.F.);
#6514 = EDGE_LOOP('',(#6515));
#6515 = ORIENTED_EDGE('',*,*,#4206,.T.);
#6516 = FACE_BOUND('',#6517,.F.);
#6517 = EDGE_LOOP('',(#6518));
#6518 = ORIENTED_EDGE('',*,*,#6040,.F.);
#6519 = ADVANCED_FACE('',(#6520,#6523),#4276,.F.);
#6520 = FACE_BOUND('',#6521,.F.);
#6521 = EDGE_LOOP('',(#6522));
#6522 = ORIENTED_EDGE('',*,*,#4261,.T.);
#6523 = FACE_BOUND('',#6524,.F.);
#6524 = EDGE_LOOP('',(#6525));
#6525 = ORIENTED_EDGE('',*,*,#6090,.F.);
#6526 = ADVANCED_FACE('',(#6527,#6530),#4331,.F.);
#6527 = FACE_BOUND('',#6528,.F.);
#6528 = EDGE_LOOP('',(#6529));
#6529 = ORIENTED_EDGE('',*,*,#4316,.T.);
#6530 = FACE_BOUND('',#6531,.F.);
#6531 = EDGE_LOOP('',(#6532));
#6532 = ORIENTED_EDGE('',*,*,#6140,.F.);
#6533 = ADVANCED_FACE('',(#6534,#6537),#4386,.F.);
#6534 = FACE_BOUND('',#6535,.F.);
#6535 = EDGE_LOOP('',(#6536));
#6536 = ORIENTED_EDGE('',*,*,#4371,.T.);
#6537 = FACE_BOUND('',#6538,.F.);
#6538 = EDGE_LOOP('',(#6539));
#6539 = ORIENTED_EDGE('',*,*,#6190,.F.);
#6540 = ADVANCED_FACE('',(#6541,#6544),#4441,.F.);
#6541 = FACE_BOUND('',#6542,.F.);
#6542 = EDGE_LOOP('',(#6543));
#6543 = ORIENTED_EDGE('',*,*,#4426,.T.);
#6544 = FACE_BOUND('',#6545,.F.);
#6545 = EDGE_LOOP('',(#6546));
#6546 = ORIENTED_EDGE('',*,*,#6240,.F.);
#6547 = ADVANCED_FACE('',(#6548),#4604,.F.);
#6548 = FACE_BOUND('',#6549,.F.);
#6549 = EDGE_LOOP('',(#6550));
#6550 = ORIENTED_EDGE('',*,*,#4589,.T.);
#6551 = ADVANCED_FACE('',(#6552),#4659,.F.);
#6552 = FACE_BOUND('',#6553,.F.);
#6553 = EDGE_LOOP('',(#6554));
#6554 = ORIENTED_EDGE('',*,*,#4644,.T.);
#6555 = ADVANCED_FACE('',(#6556),#4714,.F.);
#6556 = FACE_BOUND('',#6557,.F.);
#6557 = EDGE_LOOP('',(#6558));
#6558 = ORIENTED_EDGE('',*,*,#4699,.T.);
#6559 = ADVANCED_FACE('',(#6560),#4796,.F.);
#6560 = FACE_BOUND('',#6561,.F.);
#6561 = EDGE_LOOP('',(#6562));
#6562 = ORIENTED_EDGE('',*,*,#4781,.T.);
#6563 = ADVANCED_FACE('',(#6564),#4851,.F.);
#6564 = FACE_BOUND('',#6565,.F.);
#6565 = EDGE_LOOP('',(#6566));
#6566 = ORIENTED_EDGE('',*,*,#4836,.T.);
#6567 = ADVANCED_FACE('',(#6568),#4906,.F.);
#6568 = FACE_BOUND('',#6569,.F.);
#6569 = EDGE_LOOP('',(#6570));
#6570 = ORIENTED_EDGE('',*,*,#4891,.T.);
#6571 = ADVANCED_FACE('',(#6572),#4961,.F.);
#6572 = FACE_BOUND('',#6573,.F.);
#6573 = EDGE_LOOP('',(#6574));
#6574 = ORIENTED_EDGE('',*,*,#4946,.T.);
#6575 = ADVANCED_FACE('',(#6576),#5016,.F.);
#6576 = FACE_BOUND('',#6577,.F.);
#6577 = EDGE_LOOP('',(#6578));
#6578 = ORIENTED_EDGE('',*,*,#5001,.T.);
#6579 = ADVANCED_FACE('',(#6580),#5071,.F.);
#6580 = FACE_BOUND('',#6581,.F.);
#6581 = EDGE_LOOP('',(#6582));
#6582 = ORIENTED_EDGE('',*,*,#5056,.T.);
#6583 = ADVANCED_FACE('',(#6584),#5153,.F.);
#6584 = FACE_BOUND('',#6585,.F.);
#6585 = EDGE_LOOP('',(#6586));
#6586 = ORIENTED_EDGE('',*,*,#5138,.T.);
#6587 = ADVANCED_FACE('',(#6588),#5235,.F.);
#6588 = FACE_BOUND('',#6589,.F.);
#6589 = EDGE_LOOP('',(#6590));
#6590 = ORIENTED_EDGE('',*,*,#5220,.T.);
#6591 = ADVANCED_FACE('',(#6592),#5290,.F.);
#6592 = FACE_BOUND('',#6593,.F.);
#6593 = EDGE_LOOP('',(#6594));
#6594 = ORIENTED_EDGE('',*,*,#5275,.T.);
#6595 = ADVANCED_FACE('',(#6596),#5330,.F.);
#6596 = FACE_BOUND('',#6597,.F.);
#6597 = EDGE_LOOP('',(#6598,#6599,#6620,#6621));
#6598 = ORIENTED_EDGE('',*,*,#5313,.F.);
#6599 = ORIENTED_EDGE('',*,*,#6600,.F.);
#6600 = EDGE_CURVE('',#6351,#5314,#6601,.T.);
#6601 = SEAM_CURVE('',#6602,(#6606,#6613),.PCURVE_S1.);
#6602 = LINE('',#6603,#6604);
#6603 = CARTESIAN_POINT('',(-30.,-29.92,12.4));
#6604 = VECTOR('',#6605,1.);
#6605 = DIRECTION('',(0.,1.,0.));
#6606 = PCURVE('',#5330,#6607);
#6607 = DEFINITIONAL_REPRESENTATION('',(#6608),#6612);
#6608 = LINE('',#6609,#6610);
#6609 = CARTESIAN_POINT('',(6.28318530718,-0.));
#6610 = VECTOR('',#6611,1.);
#6611 = DIRECTION('',(0.,1.));
#6612 = ( GEOMETRIC_REPRESENTATION_CONTEXT(2) 
PARAMETRIC_REPRESENTATION_CONTEXT() REPRESENTATION_CONTEXT('2D SPACE',''
  ) );
#6613 = PCURVE('',#5330,#6614);
#6614 = DEFINITIONAL_REPRESENTATION('',(#6615),#6619);
#6615 = LINE('',#6616,#6617);
#6616 = CARTESIAN_POINT('',(0.,-0.));
#6617 = VECTOR('',#6618,1.);
#6618 = DIRECTION('',(0.,1.));
#6619 = ( GEOMETRIC_REPRESENTATION_CONTEXT(2) 
PARAMETRIC_REPRESENTATION_CONTEXT() REPRESENTATION_CONTEXT('2D SPACE',''
  ) );
#6620 = ORIENTED_EDGE('',*,*,#6350,.T.);
#6621 = ORIENTED_EDGE('',*,*,#6600,.T.);
#6622 = ADVANCED_FACE('',(#6623),#5361,.F.);
#6623 = FACE_BOUND('',#6624,.F.);
#6624 = EDGE_LOOP('',(#6625,#6626,#6647,#6648));
#6625 = ORIENTED_EDGE('',*,*,#5344,.F.);
#6626 = ORIENTED_EDGE('',*,*,#6627,.F.);
#6627 = EDGE_CURVE('',#6381,#5345,#6628,.T.);
#6628 = SEAM_CURVE('',#6629,(#6633,#6640),.PCURVE_S1.);
#6629 = LINE('',#6630,#6631);
#6630 = CARTESIAN_POINT('',(-10.,-29.92,12.4));
#6631 = VECTOR('',#6632,1.);
#6632 = DIRECTION('',(0.,1.,0.));
#6633 = PCURVE('',#5361,#6634);
#6634 = DEFINITIONAL_REPRESENTATION('',(#6635),#6639);
#6635 = LINE('',#6636,#6637);
#6636 = CARTESIAN_POINT('',(6.28318530718,-0.));
#6637 = VECTOR('',#6638,1.);
#6638 = DIRECTION('',(0.,1.));
#6639 = ( GEOMETRIC_REPRESENTATION_CONTEXT(2) 
PARAMETRIC_REPRESENTATION_CONTEXT() REPRESENTATION_CONTEXT('2D SPACE',''
  ) );
#6640 = PCURVE('',#5361,#6641);
#6641 = DEFINITIONAL_REPRESENTATION('',(#6642),#6646);
#6642 = LINE('',#6643,#6644);
#6643 = CARTESIAN_POINT('',(0.,-0.));
#6644 = VECTOR('',#6645,1.);
#6645 = DIRECTION('',(0.,1.));
#6646 = ( GEOMETRIC_REPRESENTATION_CONTEXT(2) 
PARAMETRIC_REPRESENTATION_CONTEXT() REPRESENTATION_CONTEXT('2D SPACE',''
  ) );
#6647 = ORIENTED_EDGE('',*,*,#6380,.T.);
#6648 = ORIENTED_EDGE('',*,*,#6627,.T.);
#6649 = ADVANCED_FACE('',(#6650),#5393,.T.);
#6650 = FACE_BOUND('',#6651,.T.);
#6651 = EDGE_LOOP('',(#6652,#6653,#6676,#6704));
#6652 = ORIENTED_EDGE('',*,*,#5375,.T.);
#6653 = ORIENTED_EDGE('',*,*,#6654,.T.);
#6654 = EDGE_CURVE('',#5378,#6655,#6657,.T.);
#6655 = VERTEX_POINT('',#6656);
#6656 = CARTESIAN_POINT('',(-35.45,-3.45,15.6));
#6657 = SURFACE_CURVE('',#6658,(#6662,#6669),.PCURVE_S1.);
#6658 = LINE('',#6659,#6660);
#6659 = CARTESIAN_POINT('',(-35.45,-28.4,15.6));
#6660 = VECTOR('',#6661,1.);
#6661 = DIRECTION('',(0.,1.,0.));
#6662 = PCURVE('',#5393,#6663);
#6663 = DEFINITIONAL_REPRESENTATION('',(#6664),#6668);
#6664 = LINE('',#6665,#6666);
#6665 = CARTESIAN_POINT('',(0.,0.));
#6666 = VECTOR('',#6667,1.);
#6667 = DIRECTION('',(0.,-1.));
#6668 = ( GEOMETRIC_REPRESENTATION_CONTEXT(2) 
PARAMETRIC_REPRESENTATION_CONTEXT() REPRESENTATION_CONTEXT('2D SPACE',''
  ) );
#6669 = PCURVE('',#5475,#6670);
#6670 = DEFINITIONAL_REPRESENTATION('',(#6671),#6675);
#6671 = LINE('',#6672,#6673);
#6672 = CARTESIAN_POINT('',(3.,0.));
#6673 = VECTOR('',#6674,1.);
#6674 = DIRECTION('',(0.,-1.));
#6675 = ( GEOMETRIC_REPRESENTATION_CONTEXT(2) 
PARAMETRIC_REPRESENTATION_CONTEXT() REPRESENTATION_CONTEXT('2D SPACE',''
  ) );
#6676 = ORIENTED_EDGE('',*,*,#6677,.T.);
#6677 = EDGE_CURVE('',#6655,#6678,#6680,.T.);
#6678 = VERTEX_POINT('',#6679);
#6679 = CARTESIAN_POINT('',(-36.65,-3.45,15.6));
#6680 = SURFACE_CURVE('',#6681,(#6685,#6692),.PCURVE_S1.);
#6681 = LINE('',#6682,#6683);
#6682 = CARTESIAN_POINT('',(-35.45,-3.45,15.6));
#6683 = VECTOR('',#6684,1.);
#6684 = DIRECTION('',(-1.,0.,0.));
#6685 = PCURVE('',#5393,#6686);
#6686 = DEFINITIONAL_REPRESENTATION('',(#6687),#6691);
#6687 = LINE('',#6688,#6689);
#6688 = CARTESIAN_POINT('',(0.,-24.95));
#6689 = VECTOR('',#6690,1.);
#6690 = DIRECTION('',(1.,0.));
#6691 = ( GEOMETRIC_REPRESENTATION_CONTEXT(2) 
PARAMETRIC_REPRESENTATION_CONTEXT() REPRESENTATION_CONTEXT('2D SPACE',''
  ) );
#6692 = PCURVE('',#6693,#6698);
#6693 = PLANE('',#6694);
#6694 = AXIS2_PLACEMENT_3D('',#6695,#6696,#6697);
#6695 = CARTESIAN_POINT('',(-36.05,-3.45,14.1));
#6696 = DIRECTION('',(-0.,-1.,-0.));
#6697 = DIRECTION('',(0.,0.,-1.));
#6698 = DEFINITIONAL_REPRESENTATION('',(#6699),#6703);
#6699 = LINE('',#6700,#6701);
#6700 = CARTESIAN_POINT('',(-1.5,0.6));
#6701 = VECTOR('',#6702,1.);
#6702 = DIRECTION('',(0.,-1.));
#6703 = ( GEOMETRIC_REPRESENTATION_CONTEXT(2) 
PARAMETRIC_REPRESENTATION_CONTEXT() REPRESENTATION_CONTEXT('2D SPACE',''
  ) );
#6704 = ORIENTED_EDGE('',*,*,#6705,.F.);
#6705 = EDGE_CURVE('',#5376,#6678,#6706,.T.);
#6706 = SURFACE_CURVE('',#6707,(#6711,#6718),.PCURVE_S1.);
#6707 = LINE('',#6708,#6709);
#6708 = CARTESIAN_POINT('',(-36.65,-28.4,15.6));
#6709 = VECTOR('',#6710,1.);
#6710 = DIRECTION('',(0.,1.,0.));
#6711 = PCURVE('',#5393,#6712);
#6712 = DEFINITIONAL_REPRESENTATION('',(#6713),#6717);
#6713 = LINE('',#6714,#6715);
#6714 = CARTESIAN_POINT('',(1.2,0.));
#6715 = VECTOR('',#6716,1.);
#6716 = DIRECTION('',(0.,-1.));
#6717 = ( GEOMETRIC_REPRESENTATION_CONTEXT(2) 
PARAMETRIC_REPRESENTATION_CONTEXT() REPRESENTATION_CONTEXT('2D SPACE',''
  ) );
#6718 = PCURVE('',#5421,#6719);
#6719 = DEFINITIONAL_REPRESENTATION('',(#6720),#6724);
#6720 = LINE('',#6721,#6722);
#6721 = CARTESIAN_POINT('',(0.,-0.));
#6722 = VECTOR('',#6723,1.);
#6723 = DIRECTION('',(0.,-1.));
#6724 = ( GEOMETRIC_REPRESENTATION_CONTEXT(2) 
PARAMETRIC_REPRESENTATION_CONTEXT() REPRESENTATION_CONTEXT('2D SPACE',''
  ) );
#6725 = ADVANCED_FACE('',(#6726),#5421,.T.);
#6726 = FACE_BOUND('',#6727,.T.);
#6727 = EDGE_LOOP('',(#6728,#6729,#6730,#6753,#6781,#6809));
#6728 = ORIENTED_EDGE('',*,*,#5405,.T.);
#6729 = ORIENTED_EDGE('',*,*,#6705,.T.);
#6730 = ORIENTED_EDGE('',*,*,#6731,.T.);
#6731 = EDGE_CURVE('',#6678,#6732,#6734,.T.);
#6732 = VERTEX_POINT('',#6733);
#6733 = CARTESIAN_POINT('',(-36.65,-3.45,11.4));
#6734 = SURFACE_CURVE('',#6735,(#6739,#6746),.PCURVE_S1.);
#6735 = LINE('',#6736,#6737);
#6736 = CARTESIAN_POINT('',(-36.65,-3.45,15.6));
#6737 = VECTOR('',#6738,1.);
#6738 = DIRECTION('',(0.,0.,-1.));
#6739 = PCURVE('',#5421,#6740);
#6740 = DEFINITIONAL_REPRESENTATION('',(#6741),#6745);
#6741 = LINE('',#6742,#6743);
#6742 = CARTESIAN_POINT('',(0.,-24.95));
#6743 = VECTOR('',#6744,1.);
#6744 = DIRECTION('',(1.,0.));
#6745 = ( GEOMETRIC_REPRESENTATION_CONTEXT(2) 
PARAMETRIC_REPRESENTATION_CONTEXT() REPRESENTATION_CONTEXT('2D SPACE',''
  ) );
#6746 = PCURVE('',#6693,#6747);
#6747 = DEFINITIONAL_REPRESENTATION('',(#6748),#6752);
#6748 = LINE('',#6749,#6750);
#6749 = CARTESIAN_POINT('',(-1.5,-0.6));
#6750 = VECTOR('',#6751,1.);
#6751 = DIRECTION('',(1.,0.));
#6752 = ( GEOMETRIC_REPRESENTATION_CONTEXT(2) 
PARAMETRIC_REPRESENTATION_CONTEXT() REPRESENTATION_CONTEXT('2D SPACE',''
  ) );
#6753 = ORIENTED_EDGE('',*,*,#6754,.F.);
#6754 = EDGE_CURVE('',#6755,#6732,#6757,.T.);
#6755 = VERTEX_POINT('',#6756);
#6756 = CARTESIAN_POINT('',(-36.65,-6.01,11.4));
#6757 = SURFACE_CURVE('',#6758,(#6762,#6769),.PCURVE_S1.);
#6758 = LINE('',#6759,#6760);
#6759 = CARTESIAN_POINT('',(-36.65,-7.45,11.4));
#6760 = VECTOR('',#6761,1.);
#6761 = DIRECTION('',(0.,1.,0.));
#6762 = PCURVE('',#5421,#6763);
#6763 = DEFINITIONAL_REPRESENTATION('',(#6764),#6768);
#6764 = LINE('',#6765,#6766);
#6765 = CARTESIAN_POINT('',(4.2,-20.95));
#6766 = VECTOR('',#6767,1.);
#6767 = DIRECTION('',(0.,-1.));
#6768 = ( GEOMETRIC_REPRESENTATION_CONTEXT(2) 
PARAMETRIC_REPRESENTATION_CONTEXT() REPRESENTATION_CONTEXT('2D SPACE',''
  ) );
#6769 = PCURVE('',#6770,#6775);
#6770 = PLANE('',#6771);
#6771 = AXIS2_PLACEMENT_3D('',#6772,#6773,#6774);
#6772 = CARTESIAN_POINT('',(-35.45,-7.45,11.4));
#6773 = DIRECTION('',(0.,-0.,1.));
#6774 = DIRECTION('',(-1.,0.,0.));
#6775 = DEFINITIONAL_REPRESENTATION('',(#6776),#6780);
#6776 = LINE('',#6777,#6778);
#6777 = CARTESIAN_POINT('',(1.2,0.));
#6778 = VECTOR('',#6779,1.);
#6779 = DIRECTION('',(0.,-1.));
#6780 = ( GEOMETRIC_REPRESENTATION_CONTEXT(2) 
PARAMETRIC_REPRESENTATION_CONTEXT() REPRESENTATION_CONTEXT('2D SPACE',''
  ) );
#6781 = ORIENTED_EDGE('',*,*,#6782,.F.);
#6782 = EDGE_CURVE('',#6783,#6755,#6785,.T.);
#6783 = VERTEX_POINT('',#6784);
#6784 = CARTESIAN_POINT('',(-36.65,-7.45,12.6));
#6785 = SURFACE_CURVE('',#6786,(#6790,#6797),.PCURVE_S1.);
#6786 = LINE('',#6787,#6788);
#6787 = CARTESIAN_POINT('',(-36.65,-7.754918032787,12.854098360656));
#6788 = VECTOR('',#6789,1.);
#6789 = DIRECTION('',(0.,0.768221279597,-0.640184399664));
#6790 = PCURVE('',#5421,#6791);
#6791 = DEFINITIONAL_REPRESENTATION('',(#6792),#6796);
#6792 = LINE('',#6793,#6794);
#6793 = CARTESIAN_POINT('',(2.745901639344,-20.64508196721));
#6794 = VECTOR('',#6795,1.);
#6795 = DIRECTION('',(0.640184399664,-0.768221279597));
#6796 = ( GEOMETRIC_REPRESENTATION_CONTEXT(2) 
PARAMETRIC_REPRESENTATION_CONTEXT() REPRESENTATION_CONTEXT('2D SPACE',''
  ) );
#6797 = PCURVE('',#6798,#6803);
#6798 = PLANE('',#6799);
#6799 = AXIS2_PLACEMENT_3D('',#6800,#6801,#6802);
#6800 = CARTESIAN_POINT('',(-33.65,-8.65,13.6));
#6801 = DIRECTION('',(-0.,-0.640184399664,-0.768221279597));
#6802 = DIRECTION('',(0.,0.768221279597,-0.640184399664));
#6803 = DEFINITIONAL_REPRESENTATION('',(#6804),#6808);
#6804 = LINE('',#6805,#6806);
#6805 = CARTESIAN_POINT('',(1.165135607389,-3.));
#6806 = VECTOR('',#6807,1.);
#6807 = DIRECTION('',(1.,0.));
#6808 = ( GEOMETRIC_REPRESENTATION_CONTEXT(2) 
PARAMETRIC_REPRESENTATION_CONTEXT() REPRESENTATION_CONTEXT('2D SPACE',''
  ) );
#6809 = ORIENTED_EDGE('',*,*,#6810,.F.);
#6810 = EDGE_CURVE('',#5406,#6783,#6811,.T.);
#6811 = SURFACE_CURVE('',#6812,(#6816,#6823),.PCURVE_S1.);
#6812 = LINE('',#6813,#6814);
#6813 = CARTESIAN_POINT('',(-36.65,-28.4,12.6));
#6814 = VECTOR('',#6815,1.);
#6815 = DIRECTION('',(0.,1.,0.));
#6816 = PCURVE('',#5421,#6817);
#6817 = DEFINITIONAL_REPRESENTATION('',(#6818),#6822);
#6818 = LINE('',#6819,#6820);
#6819 = CARTESIAN_POINT('',(3.,0.));
#6820 = VECTOR('',#6821,1.);
#6821 = DIRECTION('',(0.,-1.));
#6822 = ( GEOMETRIC_REPRESENTATION_CONTEXT(2) 
PARAMETRIC_REPRESENTATION_CONTEXT() REPRESENTATION_CONTEXT('2D SPACE',''
  ) );
#6823 = PCURVE('',#5449,#6824);
#6824 = DEFINITIONAL_REPRESENTATION('',(#6825),#6829);
#6825 = LINE('',#6826,#6827);
#6826 = CARTESIAN_POINT('',(0.,0.));
#6827 = VECTOR('',#6828,1.);
#6828 = DIRECTION('',(0.,-1.));
#6829 = ( GEOMETRIC_REPRESENTATION_CONTEXT(2) 
PARAMETRIC_REPRESENTATION_CONTEXT() REPRESENTATION_CONTEXT('2D SPACE',''
  ) );
#6830 = ADVANCED_FACE('',(#6831),#5475,.T.);
#6831 = FACE_BOUND('',#6832,.T.);
#6832 = EDGE_LOOP('',(#6833,#6834,#6857,#6885,#6906));
#6833 = ORIENTED_EDGE('',*,*,#5461,.T.);
#6834 = ORIENTED_EDGE('',*,*,#6835,.T.);
#6835 = EDGE_CURVE('',#5434,#6836,#6838,.T.);
#6836 = VERTEX_POINT('',#6837);
#6837 = CARTESIAN_POINT('',(-35.45,-7.45,12.6));
#6838 = SURFACE_CURVE('',#6839,(#6843,#6850),.PCURVE_S1.);
#6839 = LINE('',#6840,#6841);
#6840 = CARTESIAN_POINT('',(-35.45,-28.4,12.6));
#6841 = VECTOR('',#6842,1.);
#6842 = DIRECTION('',(0.,1.,0.));
#6843 = PCURVE('',#5475,#6844);
#6844 = DEFINITIONAL_REPRESENTATION('',(#6845),#6849);
#6845 = LINE('',#6846,#6847);
#6846 = CARTESIAN_POINT('',(0.,0.));
#6847 = VECTOR('',#6848,1.);
#6848 = DIRECTION('',(0.,-1.));
#6849 = ( GEOMETRIC_REPRESENTATION_CONTEXT(2) 
PARAMETRIC_REPRESENTATION_CONTEXT() REPRESENTATION_CONTEXT('2D SPACE',''
  ) );
#6850 = PCURVE('',#5449,#6851);
#6851 = DEFINITIONAL_REPRESENTATION('',(#6852),#6856);
#6852 = LINE('',#6853,#6854);
#6853 = CARTESIAN_POINT('',(1.2,0.));
#6854 = VECTOR('',#6855,1.);
#6855 = DIRECTION('',(0.,-1.));
#6856 = ( GEOMETRIC_REPRESENTATION_CONTEXT(2) 
PARAMETRIC_REPRESENTATION_CONTEXT() REPRESENTATION_CONTEXT('2D SPACE',''
  ) );
#6857 = ORIENTED_EDGE('',*,*,#6858,.T.);
#6858 = EDGE_CURVE('',#6836,#6859,#6861,.T.);
#6859 = VERTEX_POINT('',#6860);
#6860 = CARTESIAN_POINT('',(-35.45,-3.45,12.6));
#6861 = SURFACE_CURVE('',#6862,(#6866,#6873),.PCURVE_S1.);
#6862 = LINE('',#6863,#6864);
#6863 = CARTESIAN_POINT('',(-35.45,-28.4,12.6));
#6864 = VECTOR('',#6865,1.);
#6865 = DIRECTION('',(0.,1.,0.));
#6866 = PCURVE('',#5475,#6867);
#6867 = DEFINITIONAL_REPRESENTATION('',(#6868),#6872);
#6868 = LINE('',#6869,#6870);
#6869 = CARTESIAN_POINT('',(0.,0.));
#6870 = VECTOR('',#6871,1.);
#6871 = DIRECTION('',(0.,-1.));
#6872 = ( GEOMETRIC_REPRESENTATION_CONTEXT(2) 
PARAMETRIC_REPRESENTATION_CONTEXT() REPRESENTATION_CONTEXT('2D SPACE',''
  ) );
#6873 = PCURVE('',#6874,#6879);
#6874 = PLANE('',#6875);
#6875 = AXIS2_PLACEMENT_3D('',#6876,#6877,#6878);
#6876 = CARTESIAN_POINT('',(-36.65,-7.45,12.6));
#6877 = DIRECTION('',(0.,0.,-1.));
#6878 = DIRECTION('',(1.,0.,0.));
#6879 = DEFINITIONAL_REPRESENTATION('',(#6880),#6884);
#6880 = LINE('',#6881,#6882);
#6881 = CARTESIAN_POINT('',(1.2,20.95));
#6882 = VECTOR('',#6883,1.);
#6883 = DIRECTION('',(0.,-1.));
#6884 = ( GEOMETRIC_REPRESENTATION_CONTEXT(2) 
PARAMETRIC_REPRESENTATION_CONTEXT() REPRESENTATION_CONTEXT('2D SPACE',''
  ) );
#6885 = ORIENTED_EDGE('',*,*,#6886,.T.);
#6886 = EDGE_CURVE('',#6859,#6655,#6887,.T.);
#6887 = SURFACE_CURVE('',#6888,(#6892,#6899),.PCURVE_S1.);
#6888 = LINE('',#6889,#6890);
#6889 = CARTESIAN_POINT('',(-35.45,-3.45,12.6));
#6890 = VECTOR('',#6891,1.);
#6891 = DIRECTION('',(0.,0.,1.));
#6892 = PCURVE('',#5475,#6893);
#6893 = DEFINITIONAL_REPRESENTATION('',(#6894),#6898);
#6894 = LINE('',#6895,#6896);
#6895 = CARTESIAN_POINT('',(0.,-24.95));
#6896 = VECTOR('',#6897,1.);
#6897 = DIRECTION('',(1.,0.));
#6898 = ( GEOMETRIC_REPRESENTATION_CONTEXT(2) 
PARAMETRIC_REPRESENTATION_CONTEXT() REPRESENTATION_CONTEXT('2D SPACE',''
  ) );
#6899 = PCURVE('',#6693,#6900);
#6900 = DEFINITIONAL_REPRESENTATION('',(#6901),#6905);
#6901 = LINE('',#6902,#6903);
#6902 = CARTESIAN_POINT('',(1.5,0.6));
#6903 = VECTOR('',#6904,1.);
#6904 = DIRECTION('',(-1.,0.));
#6905 = ( GEOMETRIC_REPRESENTATION_CONTEXT(2) 
PARAMETRIC_REPRESENTATION_CONTEXT() REPRESENTATION_CONTEXT('2D SPACE',''
  ) );
#6906 = ORIENTED_EDGE('',*,*,#6654,.F.);
#6907 = ADVANCED_FACE('',(#6908),#5449,.T.);
#6908 = FACE_BOUND('',#6909,.T.);
#6909 = EDGE_LOOP('',(#6910,#6911,#6912,#6933));
#6910 = ORIENTED_EDGE('',*,*,#5433,.T.);
#6911 = ORIENTED_EDGE('',*,*,#6810,.T.);
#6912 = ORIENTED_EDGE('',*,*,#6913,.T.);
#6913 = EDGE_CURVE('',#6783,#6836,#6914,.T.);
#6914 = SURFACE_CURVE('',#6915,(#6919,#6926),.PCURVE_S1.);
#6915 = LINE('',#6916,#6917);
#6916 = CARTESIAN_POINT('',(-36.65,-7.45,12.6));
#6917 = VECTOR('',#6918,1.);
#6918 = DIRECTION('',(1.,0.,0.));
#6919 = PCURVE('',#5449,#6920);
#6920 = DEFINITIONAL_REPRESENTATION('',(#6921),#6925);
#6921 = LINE('',#6922,#6923);
#6922 = CARTESIAN_POINT('',(0.,-20.95));
#6923 = VECTOR('',#6924,1.);
#6924 = DIRECTION('',(1.,0.));
#6925 = ( GEOMETRIC_REPRESENTATION_CONTEXT(2) 
PARAMETRIC_REPRESENTATION_CONTEXT() REPRESENTATION_CONTEXT('2D SPACE',''
  ) );
#6926 = PCURVE('',#6798,#6927);
#6927 = DEFINITIONAL_REPRESENTATION('',(#6928),#6932);
#6928 = LINE('',#6929,#6930);
#6929 = CARTESIAN_POINT('',(1.562049935181,-3.));
#6930 = VECTOR('',#6931,1.);
#6931 = DIRECTION('',(0.,1.));
#6932 = ( GEOMETRIC_REPRESENTATION_CONTEXT(2) 
PARAMETRIC_REPRESENTATION_CONTEXT() REPRESENTATION_CONTEXT('2D SPACE',''
  ) );
#6933 = ORIENTED_EDGE('',*,*,#6835,.F.);
#6934 = ADVANCED_FACE('',(#6935),#5506,.F.);
#6935 = FACE_BOUND('',#6936,.F.);
#6936 = EDGE_LOOP('',(#6937,#6938,#6959,#6960));
#6937 = ORIENTED_EDGE('',*,*,#5489,.F.);
#6938 = ORIENTED_EDGE('',*,*,#6939,.F.);
#6939 = EDGE_CURVE('',#6411,#5490,#6940,.T.);
#6940 = SEAM_CURVE('',#6941,(#6945,#6952),.PCURVE_S1.);
#6941 = LINE('',#6942,#6943);
#6942 = CARTESIAN_POINT('',(10.,-29.92,12.4));
#6943 = VECTOR('',#6944,1.);
#6944 = DIRECTION('',(0.,1.,0.));
#6945 = PCURVE('',#5506,#6946);
#6946 = DEFINITIONAL_REPRESENTATION('',(#6947),#6951);
#6947 = LINE('',#6948,#6949);
#6948 = CARTESIAN_POINT('',(6.28318530718,-0.));
#6949 = VECTOR('',#6950,1.);
#6950 = DIRECTION('',(0.,1.));
#6951 = ( GEOMETRIC_REPRESENTATION_CONTEXT(2) 
PARAMETRIC_REPRESENTATION_CONTEXT() REPRESENTATION_CONTEXT('2D SPACE',''
  ) );
#6952 = PCURVE('',#5506,#6953);
#6953 = DEFINITIONAL_REPRESENTATION('',(#6954),#6958);
#6954 = LINE('',#6955,#6956);
#6955 = CARTESIAN_POINT('',(0.,-0.));
#6956 = VECTOR('',#6957,1.);
#6957 = DIRECTION('',(0.,1.));
#6958 = ( GEOMETRIC_REPRESENTATION_CONTEXT(2) 
PARAMETRIC_REPRESENTATION_CONTEXT() REPRESENTATION_CONTEXT('2D SPACE',''
  ) );
#6959 = ORIENTED_EDGE('',*,*,#6410,.T.);
#6960 = ORIENTED_EDGE('',*,*,#6939,.T.);
#6961 = ADVANCED_FACE('',(#6962),#5537,.F.);
#6962 = FACE_BOUND('',#6963,.F.);
#6963 = EDGE_LOOP('',(#6964,#6965,#6986,#6987));
#6964 = ORIENTED_EDGE('',*,*,#5520,.F.);
#6965 = ORIENTED_EDGE('',*,*,#6966,.F.);
#6966 = EDGE_CURVE('',#6441,#5521,#6967,.T.);
#6967 = SEAM_CURVE('',#6968,(#6972,#6979),.PCURVE_S1.);
#6968 = LINE('',#6969,#6970);
#6969 = CARTESIAN_POINT('',(30.,-29.92,12.4));
#6970 = VECTOR('',#6971,1.);
#6971 = DIRECTION('',(0.,1.,0.));
#6972 = PCURVE('',#5537,#6973);
#6973 = DEFINITIONAL_REPRESENTATION('',(#6974),#6978);
#6974 = LINE('',#6975,#6976);
#6975 = CARTESIAN_POINT('',(6.28318530718,-0.));
#6976 = VECTOR('',#6977,1.);
#6977 = DIRECTION('',(0.,1.));
#6978 = ( GEOMETRIC_REPRESENTATION_CONTEXT(2) 
PARAMETRIC_REPRESENTATION_CONTEXT() REPRESENTATION_CONTEXT('2D SPACE',''
  ) );
#6979 = PCURVE('',#5537,#6980);
#6980 = DEFINITIONAL_REPRESENTATION('',(#6981),#6985);
#6981 = LINE('',#6982,#6983);
#6982 = CARTESIAN_POINT('',(0.,-0.));
#6983 = VECTOR('',#6984,1.);
#6984 = DIRECTION('',(0.,1.));
#6985 = ( GEOMETRIC_REPRESENTATION_CONTEXT(2) 
PARAMETRIC_REPRESENTATION_CONTEXT() REPRESENTATION_CONTEXT('2D SPACE',''
  ) );
#6986 = ORIENTED_EDGE('',*,*,#6440,.T.);
#6987 = ORIENTED_EDGE('',*,*,#6966,.T.);
#6988 = ADVANCED_FACE('',(#6989),#5569,.F.);
#6989 = FACE_BOUND('',#6990,.F.);
#6990 = EDGE_LOOP('',(#6991,#6992,#7015,#7043,#7071,#7099));
#6991 = ORIENTED_EDGE('',*,*,#5551,.T.);
#6992 = ORIENTED_EDGE('',*,*,#6993,.T.);
#6993 = EDGE_CURVE('',#5554,#6994,#6996,.T.);
#6994 = VERTEX_POINT('',#6995);
#6995 = CARTESIAN_POINT('',(36.65,-3.45,15.6));
#6996 = SURFACE_CURVE('',#6997,(#7001,#7008),.PCURVE_S1.);
#6997 = LINE('',#6998,#6999);
#6998 = CARTESIAN_POINT('',(36.65,-28.4,15.6));
#6999 = VECTOR('',#7000,1.);
#7000 = DIRECTION('',(0.,1.,0.));
#7001 = PCURVE('',#5569,#7002);
#7002 = DEFINITIONAL_REPRESENTATION('',(#7003),#7007);
#7003 = LINE('',#7004,#7005);
#7004 = CARTESIAN_POINT('',(0.,-0.));
#7005 = VECTOR('',#7006,1.);
#7006 = DIRECTION('',(0.,-1.));
#7007 = ( GEOMETRIC_REPRESENTATION_CONTEXT(2) 
PARAMETRIC_REPRESENTATION_CONTEXT() REPRESENTATION_CONTEXT('2D SPACE',''
  ) );
#7008 = PCURVE('',#5597,#7009);
#7009 = DEFINITIONAL_REPRESENTATION('',(#7010),#7014);
#7010 = LINE('',#7011,#7012);
#7011 = CARTESIAN_POINT('',(1.2,0.));
#7012 = VECTOR('',#7013,1.);
#7013 = DIRECTION('',(0.,-1.));
#7014 = ( GEOMETRIC_REPRESENTATION_CONTEXT(2) 
PARAMETRIC_REPRESENTATION_CONTEXT() REPRESENTATION_CONTEXT('2D SPACE',''
  ) );
#7015 = ORIENTED_EDGE('',*,*,#7016,.F.);
#7016 = EDGE_CURVE('',#7017,#6994,#7019,.T.);
#7017 = VERTEX_POINT('',#7018);
#7018 = CARTESIAN_POINT('',(36.65,-3.45,11.4));
#7019 = SURFACE_CURVE('',#7020,(#7024,#7031),.PCURVE_S1.);
#7020 = LINE('',#7021,#7022);
#7021 = CARTESIAN_POINT('',(36.65,-3.45,11.4));
#7022 = VECTOR('',#7023,1.);
#7023 = DIRECTION('',(0.,0.,1.));
#7024 = PCURVE('',#5569,#7025);
#7025 = DEFINITIONAL_REPRESENTATION('',(#7026),#7030);
#7026 = LINE('',#7027,#7028);
#7027 = CARTESIAN_POINT('',(4.2,-24.95));
#7028 = VECTOR('',#7029,1.);
#7029 = DIRECTION('',(-1.,-0.));
#7030 = ( GEOMETRIC_REPRESENTATION_CONTEXT(2) 
PARAMETRIC_REPRESENTATION_CONTEXT() REPRESENTATION_CONTEXT('2D SPACE',''
  ) );
#7031 = PCURVE('',#7032,#7037);
#7032 = PLANE('',#7033);
#7033 = AXIS2_PLACEMENT_3D('',#7034,#7035,#7036);
#7034 = CARTESIAN_POINT('',(36.05,-3.45,14.1));
#7035 = DIRECTION('',(0.,1.,0.));
#7036 = DIRECTION('',(0.,-0.,1.));
#7037 = DEFINITIONAL_REPRESENTATION('',(#7038),#7042);
#7038 = LINE('',#7039,#7040);
#7039 = CARTESIAN_POINT('',(-2.7,0.6));
#7040 = VECTOR('',#7041,1.);
#7041 = DIRECTION('',(1.,0.));
#7042 = ( GEOMETRIC_REPRESENTATION_CONTEXT(2) 
PARAMETRIC_REPRESENTATION_CONTEXT() REPRESENTATION_CONTEXT('2D SPACE',''
  ) );
#7043 = ORIENTED_EDGE('',*,*,#7044,.F.);
#7044 = EDGE_CURVE('',#7045,#7017,#7047,.T.);
#7045 = VERTEX_POINT('',#7046);
#7046 = CARTESIAN_POINT('',(36.65,-6.01,11.4));
#7047 = SURFACE_CURVE('',#7048,(#7052,#7059),.PCURVE_S1.);
#7048 = LINE('',#7049,#7050);
#7049 = CARTESIAN_POINT('',(36.65,-7.45,11.4));
#7050 = VECTOR('',#7051,1.);
#7051 = DIRECTION('',(0.,1.,0.));
#7052 = PCURVE('',#5569,#7053);
#7053 = DEFINITIONAL_REPRESENTATION('',(#7054),#7058);
#7054 = LINE('',#7055,#7056);
#7055 = CARTESIAN_POINT('',(4.2,-20.95));
#7056 = VECTOR('',#7057,1.);
#7057 = DIRECTION('',(0.,-1.));
#7058 = ( GEOMETRIC_REPRESENTATION_CONTEXT(2) 
PARAMETRIC_REPRESENTATION_CONTEXT() REPRESENTATION_CONTEXT('2D SPACE',''
  ) );
#7059 = PCURVE('',#7060,#7065);
#7060 = PLANE('',#7061);
#7061 = AXIS2_PLACEMENT_3D('',#7062,#7063,#7064);
#7062 = CARTESIAN_POINT('',(35.45,-7.45,11.4));
#7063 = DIRECTION('',(0.,0.,-1.));
#7064 = DIRECTION('',(1.,0.,0.));
#7065 = DEFINITIONAL_REPRESENTATION('',(#7066),#7070);
#7066 = LINE('',#7067,#7068);
#7067 = CARTESIAN_POINT('',(1.2,0.));
#7068 = VECTOR('',#7069,1.);
#7069 = DIRECTION('',(0.,-1.));
#7070 = ( GEOMETRIC_REPRESENTATION_CONTEXT(2) 
PARAMETRIC_REPRESENTATION_CONTEXT() REPRESENTATION_CONTEXT('2D SPACE',''
  ) );
#7071 = ORIENTED_EDGE('',*,*,#7072,.T.);
#7072 = EDGE_CURVE('',#7045,#7073,#7075,.T.);
#7073 = VERTEX_POINT('',#7074);
#7074 = CARTESIAN_POINT('',(36.65,-7.45,12.6));
#7075 = SURFACE_CURVE('',#7076,(#7080,#7087),.PCURVE_S1.);
#7076 = LINE('',#7077,#7078);
#7077 = CARTESIAN_POINT('',(36.65,-7.754918032787,12.854098360656));
#7078 = VECTOR('',#7079,1.);
#7079 = DIRECTION('',(0.,-0.768221279597,0.640184399664));
#7080 = PCURVE('',#5569,#7081);
#7081 = DEFINITIONAL_REPRESENTATION('',(#7082),#7086);
#7082 = LINE('',#7083,#7084);
#7083 = CARTESIAN_POINT('',(2.745901639344,-20.64508196721));
#7084 = VECTOR('',#7085,1.);
#7085 = DIRECTION('',(-0.640184399664,0.768221279597));
#7086 = ( GEOMETRIC_REPRESENTATION_CONTEXT(2) 
PARAMETRIC_REPRESENTATION_CONTEXT() REPRESENTATION_CONTEXT('2D SPACE',''
  ) );
#7087 = PCURVE('',#7088,#7093);
#7088 = PLANE('',#7089);
#7089 = AXIS2_PLACEMENT_3D('',#7090,#7091,#7092);
#7090 = CARTESIAN_POINT('',(33.65,-8.65,13.6));
#7091 = DIRECTION('',(-0.,0.640184399664,0.768221279597));
#7092 = DIRECTION('',(0.,0.768221279597,-0.640184399664));
#7093 = DEFINITIONAL_REPRESENTATION('',(#7094),#7098);
#7094 = LINE('',#7095,#7096);
#7095 = CARTESIAN_POINT('',(1.165135607389,-3.));
#7096 = VECTOR('',#7097,1.);
#7097 = DIRECTION('',(-1.,-0.));
#7098 = ( GEOMETRIC_REPRESENTATION_CONTEXT(2) 
PARAMETRIC_REPRESENTATION_CONTEXT() REPRESENTATION_CONTEXT('2D SPACE',''
  ) );
#7099 = ORIENTED_EDGE('',*,*,#7100,.F.);
#7100 = EDGE_CURVE('',#5552,#7073,#7101,.T.);
#7101 = SURFACE_CURVE('',#7102,(#7106,#7113),.PCURVE_S1.);
#7102 = LINE('',#7103,#7104);
#7103 = CARTESIAN_POINT('',(36.65,-28.4,12.6));
#7104 = VECTOR('',#7105,1.);
#7105 = DIRECTION('',(0.,1.,0.));
#7106 = PCURVE('',#5569,#7107);
#7107 = DEFINITIONAL_REPRESENTATION('',(#7108),#7112);
#7108 = LINE('',#7109,#7110);
#7109 = CARTESIAN_POINT('',(3.,0.));
#7110 = VECTOR('',#7111,1.);
#7111 = DIRECTION('',(0.,-1.));
#7112 = ( GEOMETRIC_REPRESENTATION_CONTEXT(2) 
PARAMETRIC_REPRESENTATION_CONTEXT() REPRESENTATION_CONTEXT('2D SPACE',''
  ) );
#7113 = PCURVE('',#5651,#7114);
#7114 = DEFINITIONAL_REPRESENTATION('',(#7115),#7119);
#7115 = LINE('',#7116,#7117);
#7116 = CARTESIAN_POINT('',(0.,0.));
#7117 = VECTOR('',#7118,1.);
#7118 = DIRECTION('',(0.,-1.));
#7119 = ( GEOMETRIC_REPRESENTATION_CONTEXT(2) 
PARAMETRIC_REPRESENTATION_CONTEXT() REPRESENTATION_CONTEXT('2D SPACE',''
  ) );
#7120 = ADVANCED_FACE('',(#7121),#5651,.F.);
#7121 = FACE_BOUND('',#7122,.F.);
#7122 = EDGE_LOOP('',(#7123,#7124,#7125,#7148));
#7123 = ORIENTED_EDGE('',*,*,#5637,.T.);
#7124 = ORIENTED_EDGE('',*,*,#7100,.T.);
#7125 = ORIENTED_EDGE('',*,*,#7126,.T.);
#7126 = EDGE_CURVE('',#7073,#7127,#7129,.T.);
#7127 = VERTEX_POINT('',#7128);
#7128 = CARTESIAN_POINT('',(35.45,-7.45,12.6));
#7129 = SURFACE_CURVE('',#7130,(#7134,#7141),.PCURVE_S1.);
#7130 = LINE('',#7131,#7132);
#7131 = CARTESIAN_POINT('',(36.65,-7.45,12.6));
#7132 = VECTOR('',#7133,1.);
#7133 = DIRECTION('',(-1.,0.,0.));
#7134 = PCURVE('',#5651,#7135);
#7135 = DEFINITIONAL_REPRESENTATION('',(#7136),#7140);
#7136 = LINE('',#7137,#7138);
#7137 = CARTESIAN_POINT('',(0.,-20.95));
#7138 = VECTOR('',#7139,1.);
#7139 = DIRECTION('',(1.,0.));
#7140 = ( GEOMETRIC_REPRESENTATION_CONTEXT(2) 
PARAMETRIC_REPRESENTATION_CONTEXT() REPRESENTATION_CONTEXT('2D SPACE',''
  ) );
#7141 = PCURVE('',#7088,#7142);
#7142 = DEFINITIONAL_REPRESENTATION('',(#7143),#7147);
#7143 = LINE('',#7144,#7145);
#7144 = CARTESIAN_POINT('',(1.562049935181,-3.));
#7145 = VECTOR('',#7146,1.);
#7146 = DIRECTION('',(0.,1.));
#7147 = ( GEOMETRIC_REPRESENTATION_CONTEXT(2) 
PARAMETRIC_REPRESENTATION_CONTEXT() REPRESENTATION_CONTEXT('2D SPACE',''
  ) );
#7148 = ORIENTED_EDGE('',*,*,#7149,.F.);
#7149 = EDGE_CURVE('',#5610,#7127,#7150,.T.);
#7150 = SURFACE_CURVE('',#7151,(#7155,#7162),.PCURVE_S1.);
#7151 = LINE('',#7152,#7153);
#7152 = CARTESIAN_POINT('',(35.45,-28.4,12.6));
#7153 = VECTOR('',#7154,1.);
#7154 = DIRECTION('',(0.,1.,0.));
#7155 = PCURVE('',#5651,#7156);
#7156 = DEFINITIONAL_REPRESENTATION('',(#7157),#7161);
#7157 = LINE('',#7158,#7159);
#7158 = CARTESIAN_POINT('',(1.2,0.));
#7159 = VECTOR('',#7160,1.);
#7160 = DIRECTION('',(0.,-1.));
#7161 = ( GEOMETRIC_REPRESENTATION_CONTEXT(2) 
PARAMETRIC_REPRESENTATION_CONTEXT() REPRESENTATION_CONTEXT('2D SPACE',''
  ) );
#7162 = PCURVE('',#5625,#7163);
#7163 = DEFINITIONAL_REPRESENTATION('',(#7164),#7168);
#7164 = LINE('',#7165,#7166);
#7165 = CARTESIAN_POINT('',(0.,0.));
#7166 = VECTOR('',#7167,1.);
#7167 = DIRECTION('',(0.,-1.));
#7168 = ( GEOMETRIC_REPRESENTATION_CONTEXT(2) 
PARAMETRIC_REPRESENTATION_CONTEXT() REPRESENTATION_CONTEXT('2D SPACE',''
  ) );
#7169 = ADVANCED_FACE('',(#7170),#5597,.F.);
#7170 = FACE_BOUND('',#7171,.F.);
#7171 = EDGE_LOOP('',(#7172,#7173,#7196,#7217));
#7172 = ORIENTED_EDGE('',*,*,#5581,.T.);
#7173 = ORIENTED_EDGE('',*,*,#7174,.T.);
#7174 = EDGE_CURVE('',#5582,#7175,#7177,.T.);
#7175 = VERTEX_POINT('',#7176);
#7176 = CARTESIAN_POINT('',(35.45,-3.45,15.6));
#7177 = SURFACE_CURVE('',#7178,(#7182,#7189),.PCURVE_S1.);
#7178 = LINE('',#7179,#7180);
#7179 = CARTESIAN_POINT('',(35.45,-28.4,15.6));
#7180 = VECTOR('',#7181,1.);
#7181 = DIRECTION('',(0.,1.,0.));
#7182 = PCURVE('',#5597,#7183);
#7183 = DEFINITIONAL_REPRESENTATION('',(#7184),#7188);
#7184 = LINE('',#7185,#7186);
#7185 = CARTESIAN_POINT('',(0.,0.));
#7186 = VECTOR('',#7187,1.);
#7187 = DIRECTION('',(0.,-1.));
#7188 = ( GEOMETRIC_REPRESENTATION_CONTEXT(2) 
PARAMETRIC_REPRESENTATION_CONTEXT() REPRESENTATION_CONTEXT('2D SPACE',''
  ) );
#7189 = PCURVE('',#5625,#7190);
#7190 = DEFINITIONAL_REPRESENTATION('',(#7191),#7195);
#7191 = LINE('',#7192,#7193);
#7192 = CARTESIAN_POINT('',(3.,0.));
#7193 = VECTOR('',#7194,1.);
#7194 = DIRECTION('',(0.,-1.));
#7195 = ( GEOMETRIC_REPRESENTATION_CONTEXT(2) 
PARAMETRIC_REPRESENTATION_CONTEXT() REPRESENTATION_CONTEXT('2D SPACE',''
  ) );
#7196 = ORIENTED_EDGE('',*,*,#7197,.T.);
#7197 = EDGE_CURVE('',#7175,#6994,#7198,.T.);
#7198 = SURFACE_CURVE('',#7199,(#7203,#7210),.PCURVE_S1.);
#7199 = LINE('',#7200,#7201);
#7200 = CARTESIAN_POINT('',(35.45,-3.45,15.6));
#7201 = VECTOR('',#7202,1.);
#7202 = DIRECTION('',(1.,0.,0.));
#7203 = PCURVE('',#5597,#7204);
#7204 = DEFINITIONAL_REPRESENTATION('',(#7205),#7209);
#7205 = LINE('',#7206,#7207);
#7206 = CARTESIAN_POINT('',(0.,-24.95));
#7207 = VECTOR('',#7208,1.);
#7208 = DIRECTION('',(1.,0.));
#7209 = ( GEOMETRIC_REPRESENTATION_CONTEXT(2) 
PARAMETRIC_REPRESENTATION_CONTEXT() REPRESENTATION_CONTEXT('2D SPACE',''
  ) );
#7210 = PCURVE('',#7032,#7211);
#7211 = DEFINITIONAL_REPRESENTATION('',(#7212),#7216);
#7212 = LINE('',#7213,#7214);
#7213 = CARTESIAN_POINT('',(1.5,-0.6));
#7214 = VECTOR('',#7215,1.);
#7215 = DIRECTION('',(0.,1.));
#7216 = ( GEOMETRIC_REPRESENTATION_CONTEXT(2) 
PARAMETRIC_REPRESENTATION_CONTEXT() REPRESENTATION_CONTEXT('2D SPACE',''
  ) );
#7217 = ORIENTED_EDGE('',*,*,#6993,.F.);
#7218 = ADVANCED_FACE('',(#7219),#5625,.F.);
#7219 = FACE_BOUND('',#7220,.F.);
#7220 = EDGE_LOOP('',(#7221,#7222,#7223,#7251,#7272));
#7221 = ORIENTED_EDGE('',*,*,#5609,.T.);
#7222 = ORIENTED_EDGE('',*,*,#7149,.T.);
#7223 = ORIENTED_EDGE('',*,*,#7224,.T.);
#7224 = EDGE_CURVE('',#7127,#7225,#7227,.T.);
#7225 = VERTEX_POINT('',#7226);
#7226 = CARTESIAN_POINT('',(35.45,-3.45,12.6));
#7227 = SURFACE_CURVE('',#7228,(#7232,#7239),.PCURVE_S1.);
#7228 = LINE('',#7229,#7230);
#7229 = CARTESIAN_POINT('',(35.45,-28.4,12.6));
#7230 = VECTOR('',#7231,1.);
#7231 = DIRECTION('',(0.,1.,0.));
#7232 = PCURVE('',#5625,#7233);
#7233 = DEFINITIONAL_REPRESENTATION('',(#7234),#7238);
#7234 = LINE('',#7235,#7236);
#7235 = CARTESIAN_POINT('',(0.,0.));
#7236 = VECTOR('',#7237,1.);
#7237 = DIRECTION('',(0.,-1.));
#7238 = ( GEOMETRIC_REPRESENTATION_CONTEXT(2) 
PARAMETRIC_REPRESENTATION_CONTEXT() REPRESENTATION_CONTEXT('2D SPACE',''
  ) );
#7239 = PCURVE('',#7240,#7245);
#7240 = PLANE('',#7241);
#7241 = AXIS2_PLACEMENT_3D('',#7242,#7243,#7244);
#7242 = CARTESIAN_POINT('',(36.65,-7.45,12.6));
#7243 = DIRECTION('',(0.,-0.,1.));
#7244 = DIRECTION('',(-1.,0.,0.));
#7245 = DEFINITIONAL_REPRESENTATION('',(#7246),#7250);
#7246 = LINE('',#7247,#7248);
#7247 = CARTESIAN_POINT('',(1.2,20.95));
#7248 = VECTOR('',#7249,1.);
#7249 = DIRECTION('',(0.,-1.));
#7250 = ( GEOMETRIC_REPRESENTATION_CONTEXT(2) 
PARAMETRIC_REPRESENTATION_CONTEXT() REPRESENTATION_CONTEXT('2D SPACE',''
  ) );
#7251 = ORIENTED_EDGE('',*,*,#7252,.T.);
#7252 = EDGE_CURVE('',#7225,#7175,#7253,.T.);
#7253 = SURFACE_CURVE('',#7254,(#7258,#7265),.PCURVE_S1.);
#7254 = LINE('',#7255,#7256);
#7255 = CARTESIAN_POINT('',(35.45,-3.45,12.6));
#7256 = VECTOR('',#7257,1.);
#7257 = DIRECTION('',(0.,0.,1.));
#7258 = PCURVE('',#5625,#7259);
#7259 = DEFINITIONAL_REPRESENTATION('',(#7260),#7264);
#7260 = LINE('',#7261,#7262);
#7261 = CARTESIAN_POINT('',(0.,-24.95));
#7262 = VECTOR('',#7263,1.);
#7263 = DIRECTION('',(1.,0.));
#7264 = ( GEOMETRIC_REPRESENTATION_CONTEXT(2) 
PARAMETRIC_REPRESENTATION_CONTEXT() REPRESENTATION_CONTEXT('2D SPACE',''
  ) );
#7265 = PCURVE('',#7032,#7266);
#7266 = DEFINITIONAL_REPRESENTATION('',(#7267),#7271);
#7267 = LINE('',#7268,#7269);
#7268 = CARTESIAN_POINT('',(-1.5,-0.6));
#7269 = VECTOR('',#7270,1.);
#7270 = DIRECTION('',(1.,0.));
#7271 = ( GEOMETRIC_REPRESENTATION_CONTEXT(2) 
PARAMETRIC_REPRESENTATION_CONTEXT() REPRESENTATION_CONTEXT('2D SPACE',''
  ) );
#7272 = ORIENTED_EDGE('',*,*,#7174,.F.);
#7273 = ADVANCED_FACE('',(#7274),#6693,.F.);
#7274 = FACE_BOUND('',#7275,.F.);
#7275 = EDGE_LOOP('',(#7276,#7277,#7278,#7301,#7329,#7357,#7378));
#7276 = ORIENTED_EDGE('',*,*,#6677,.T.);
#7277 = ORIENTED_EDGE('',*,*,#6731,.T.);
#7278 = ORIENTED_EDGE('',*,*,#7279,.F.);
#7279 = EDGE_CURVE('',#7280,#6732,#7282,.T.);
#7280 = VERTEX_POINT('',#7281);
#7281 = CARTESIAN_POINT('',(-35.45,-3.45,11.4));
#7282 = SURFACE_CURVE('',#7283,(#7287,#7294),.PCURVE_S1.);
#7283 = LINE('',#7284,#7285);
#7284 = CARTESIAN_POINT('',(-35.45,-3.45,11.4));
#7285 = VECTOR('',#7286,1.);
#7286 = DIRECTION('',(-1.,0.,0.));
#7287 = PCURVE('',#6693,#7288);
#7288 = DEFINITIONAL_REPRESENTATION('',(#7289),#7293);
#7289 = LINE('',#7290,#7291);
#7290 = CARTESIAN_POINT('',(2.7,0.6));
#7291 = VECTOR('',#7292,1.);
#7292 = DIRECTION('',(0.,-1.));
#7293 = ( GEOMETRIC_REPRESENTATION_CONTEXT(2) 
PARAMETRIC_REPRESENTATION_CONTEXT() REPRESENTATION_CONTEXT('2D SPACE',''
  ) );
#7294 = PCURVE('',#6770,#7295);
#7295 = DEFINITIONAL_REPRESENTATION('',(#7296),#7300);
#7296 = LINE('',#7297,#7298);
#7297 = CARTESIAN_POINT('',(0.,-4.));
#7298 = VECTOR('',#7299,1.);
#7299 = DIRECTION('',(1.,0.));
#7300 = ( GEOMETRIC_REPRESENTATION_CONTEXT(2) 
PARAMETRIC_REPRESENTATION_CONTEXT() REPRESENTATION_CONTEXT('2D SPACE',''
  ) );
#7301 = ORIENTED_EDGE('',*,*,#7302,.F.);
#7302 = EDGE_CURVE('',#7303,#7280,#7305,.T.);
#7303 = VERTEX_POINT('',#7304);
#7304 = CARTESIAN_POINT('',(-34.65,-3.45,12.2));
#7305 = SURFACE_CURVE('',#7306,(#7310,#7317),.PCURVE_S1.);
#7306 = LINE('',#7307,#7308);
#7307 = CARTESIAN_POINT('',(-34.65,-3.45,12.2));
#7308 = VECTOR('',#7309,1.);
#7309 = DIRECTION('',(-0.707106781187,0.,-0.707106781187));
#7310 = PCURVE('',#6693,#7311);
#7311 = DEFINITIONAL_REPRESENTATION('',(#7312),#7316);
#7312 = LINE('',#7313,#7314);
#7313 = CARTESIAN_POINT('',(1.9,1.4));
#7314 = VECTOR('',#7315,1.);
#7315 = DIRECTION('',(0.707106781187,-0.707106781187));
#7316 = ( GEOMETRIC_REPRESENTATION_CONTEXT(2) 
PARAMETRIC_REPRESENTATION_CONTEXT() REPRESENTATION_CONTEXT('2D SPACE',''
  ) );
#7317 = PCURVE('',#7318,#7323);
#7318 = PLANE('',#7319);
#7319 = AXIS2_PLACEMENT_3D('',#7320,#7321,#7322);
#7320 = CARTESIAN_POINT('',(-34.65,-7.45,12.2));
#7321 = DIRECTION('',(-0.707106781187,0.,0.707106781187));
#7322 = DIRECTION('',(-0.707106781187,0.,-0.707106781187));
#7323 = DEFINITIONAL_REPRESENTATION('',(#7324),#7328);
#7324 = LINE('',#7325,#7326);
#7325 = CARTESIAN_POINT('',(0.,-4.));
#7326 = VECTOR('',#7327,1.);
#7327 = DIRECTION('',(1.,0.));
#7328 = ( GEOMETRIC_REPRESENTATION_CONTEXT(2) 
PARAMETRIC_REPRESENTATION_CONTEXT() REPRESENTATION_CONTEXT('2D SPACE',''
  ) );
#7329 = ORIENTED_EDGE('',*,*,#7330,.F.);
#7330 = EDGE_CURVE('',#7331,#7303,#7333,.T.);
#7331 = VERTEX_POINT('',#7332);
#7332 = CARTESIAN_POINT('',(-34.65,-3.45,12.6));
#7333 = SURFACE_CURVE('',#7334,(#7338,#7345),.PCURVE_S1.);
#7334 = LINE('',#7335,#7336);
#7335 = CARTESIAN_POINT('',(-34.65,-3.45,12.6));
#7336 = VECTOR('',#7337,1.);
#7337 = DIRECTION('',(0.,0.,-1.));
#7338 = PCURVE('',#6693,#7339);
#7339 = DEFINITIONAL_REPRESENTATION('',(#7340),#7344);
#7340 = LINE('',#7341,#7342);
#7341 = CARTESIAN_POINT('',(1.5,1.4));
#7342 = VECTOR('',#7343,1.);
#7343 = DIRECTION('',(1.,0.));
#7344 = ( GEOMETRIC_REPRESENTATION_CONTEXT(2) 
PARAMETRIC_REPRESENTATION_CONTEXT() REPRESENTATION_CONTEXT('2D SPACE',''
  ) );
#7345 = PCURVE('',#7346,#7351);
#7346 = PLANE('',#7347);
#7347 = AXIS2_PLACEMENT_3D('',#7348,#7349,#7350);
#7348 = CARTESIAN_POINT('',(-34.65,-7.45,12.6));
#7349 = DIRECTION('',(-1.,0.,0.));
#7350 = DIRECTION('',(0.,0.,-1.));
#7351 = DEFINITIONAL_REPRESENTATION('',(#7352),#7356);
#7352 = LINE('',#7353,#7354);
#7353 = CARTESIAN_POINT('',(0.,-4.));
#7354 = VECTOR('',#7355,1.);
#7355 = DIRECTION('',(1.,0.));
#7356 = ( GEOMETRIC_REPRESENTATION_CONTEXT(2) 
PARAMETRIC_REPRESENTATION_CONTEXT() REPRESENTATION_CONTEXT('2D SPACE',''
  ) );
#7357 = ORIENTED_EDGE('',*,*,#7358,.F.);
#7358 = EDGE_CURVE('',#6859,#7331,#7359,.T.);
#7359 = SURFACE_CURVE('',#7360,(#7364,#7371),.PCURVE_S1.);
#7360 = LINE('',#7361,#7362);
#7361 = CARTESIAN_POINT('',(-36.65,-3.45,12.6));
#7362 = VECTOR('',#7363,1.);
#7363 = DIRECTION('',(1.,0.,0.));
#7364 = PCURVE('',#6693,#7365);
#7365 = DEFINITIONAL_REPRESENTATION('',(#7366),#7370);
#7366 = LINE('',#7367,#7368);
#7367 = CARTESIAN_POINT('',(1.5,-0.6));
#7368 = VECTOR('',#7369,1.);
#7369 = DIRECTION('',(0.,1.));
#7370 = ( GEOMETRIC_REPRESENTATION_CONTEXT(2) 
PARAMETRIC_REPRESENTATION_CONTEXT() REPRESENTATION_CONTEXT('2D SPACE',''
  ) );
#7371 = PCURVE('',#6874,#7372);
#7372 = DEFINITIONAL_REPRESENTATION('',(#7373),#7377);
#7373 = LINE('',#7374,#7375);
#7374 = CARTESIAN_POINT('',(0.,-4.));
#7375 = VECTOR('',#7376,1.);
#7376 = DIRECTION('',(1.,0.));
#7377 = ( GEOMETRIC_REPRESENTATION_CONTEXT(2) 
PARAMETRIC_REPRESENTATION_CONTEXT() REPRESENTATION_CONTEXT('2D SPACE',''
  ) );
#7378 = ORIENTED_EDGE('',*,*,#6886,.T.);
#7379 = ADVANCED_FACE('',(#7380),#6798,.T.);
#7380 = FACE_BOUND('',#7381,.T.);
#7381 = EDGE_LOOP('',(#7382,#7383,#7384,#7407,#7430));
#7382 = ORIENTED_EDGE('',*,*,#6913,.F.);
#7383 = ORIENTED_EDGE('',*,*,#6782,.T.);
#7384 = ORIENTED_EDGE('',*,*,#7385,.T.);
#7385 = EDGE_CURVE('',#6755,#7386,#7388,.T.);
#7386 = VERTEX_POINT('',#7387);
#7387 = CARTESIAN_POINT('',(-35.45,-6.01,11.4));
#7388 = SURFACE_CURVE('',#7389,(#7393,#7400),.PCURVE_S1.);
#7389 = LINE('',#7390,#7391);
#7390 = CARTESIAN_POINT('',(-34.55,-6.01,11.4));
#7391 = VECTOR('',#7392,1.);
#7392 = DIRECTION('',(1.,0.,-0.));
#7393 = PCURVE('',#6798,#7394);
#7394 = DEFINITIONAL_REPRESENTATION('',(#7395),#7399);
#7395 = LINE('',#7396,#7397);
#7396 = CARTESIAN_POINT('',(3.436509857399,-0.9));
#7397 = VECTOR('',#7398,1.);
#7398 = DIRECTION('',(0.,1.));
#7399 = ( GEOMETRIC_REPRESENTATION_CONTEXT(2) 
PARAMETRIC_REPRESENTATION_CONTEXT() REPRESENTATION_CONTEXT('2D SPACE',''
  ) );
#7400 = PCURVE('',#6770,#7401);
#7401 = DEFINITIONAL_REPRESENTATION('',(#7402),#7406);
#7402 = LINE('',#7403,#7404);
#7403 = CARTESIAN_POINT('',(-0.9,-1.44));
#7404 = VECTOR('',#7405,1.);
#7405 = DIRECTION('',(-1.,-0.));
#7406 = ( GEOMETRIC_REPRESENTATION_CONTEXT(2) 
PARAMETRIC_REPRESENTATION_CONTEXT() REPRESENTATION_CONTEXT('2D SPACE',''
  ) );
#7407 = ORIENTED_EDGE('',*,*,#7408,.T.);
#7408 = EDGE_CURVE('',#7386,#7409,#7411,.T.);
#7409 = VERTEX_POINT('',#7410);
#7410 = CARTESIAN_POINT('',(-34.85,-6.73,12.));
#7411 = SURFACE_CURVE('',#7412,(#7416,#7423),.PCURVE_S1.);
#7412 = LINE('',#7413,#7414);
#7413 = CARTESIAN_POINT('',(-33.92441860465,-7.840697674419,
    12.925581395349));
#7414 = VECTOR('',#7415,1.);
#7415 = DIRECTION('',(0.539163866017,-0.646996639221,0.539163866017));
#7416 = PCURVE('',#6798,#7417);
#7417 = DEFINITIONAL_REPRESENTATION('',(#7418),#7422);
#7418 = LINE('',#7419,#7420);
#7419 = CARTESIAN_POINT('',(1.05347553768,-0.274418604651));
#7420 = VECTOR('',#7421,1.);
#7421 = DIRECTION('',(-0.842200881964,0.539163866017));
#7422 = ( GEOMETRIC_REPRESENTATION_CONTEXT(2) 
PARAMETRIC_REPRESENTATION_CONTEXT() REPRESENTATION_CONTEXT('2D SPACE',''
  ) );
#7423 = PCURVE('',#7318,#7424);
#7424 = DEFINITIONAL_REPRESENTATION('',(#7425),#7429);
#7425 = LINE('',#7426,#7427);
#7426 = CARTESIAN_POINT('',(-1.026127049908,0.390697674419));
#7427 = VECTOR('',#7428,1.);
#7428 = DIRECTION('',(-0.762492851663,0.646996639221));
#7429 = ( GEOMETRIC_REPRESENTATION_CONTEXT(2) 
PARAMETRIC_REPRESENTATION_CONTEXT() REPRESENTATION_CONTEXT('2D SPACE',''
  ) );
#7430 = ORIENTED_EDGE('',*,*,#7431,.T.);
#7431 = EDGE_CURVE('',#7409,#6836,#7432,.T.);
#7432 = SURFACE_CURVE('',#7433,(#7437,#7444),.PCURVE_S1.);
#7433 = LINE('',#7434,#7435);
#7434 = CARTESIAN_POINT('',(-36.46860465116,-8.672325581395,
    13.618604651163));
#7435 = VECTOR('',#7436,1.);
#7436 = DIRECTION('',(-0.539163866017,-0.646996639221,0.539163866017));
#7437 = PCURVE('',#6798,#7438);
#7438 = DEFINITIONAL_REPRESENTATION('',(#7439),#7443);
#7439 = LINE('',#7440,#7441);
#7440 = CARTESIAN_POINT('',(-2.906139414291E-02,-2.818604651163));
#7441 = VECTOR('',#7442,1.);
#7442 = DIRECTION('',(-0.842200881964,-0.539163866017));
#7443 = ( GEOMETRIC_REPRESENTATION_CONTEXT(2) 
PARAMETRIC_REPRESENTATION_CONTEXT() REPRESENTATION_CONTEXT('2D SPACE',''
  ) );
#7444 = PCURVE('',#7445,#7450);
#7445 = PLANE('',#7446);
#7446 = AXIS2_PLACEMENT_3D('',#7447,#7448,#7449);
#7447 = CARTESIAN_POINT('',(-37.65,-10.09,13.6));
#7448 = DIRECTION('',(0.768221279597,-0.640184399664,0.));
#7449 = DIRECTION('',(0.640184399664,0.768221279597,0.));
#7450 = DEFINITIONAL_REPRESENTATION('',(#7451),#7455);
#7451 = LINE('',#7452,#7453);
#7452 = CARTESIAN_POINT('',(1.845398528075,1.860465116279E-02));
#7453 = VECTOR('',#7454,1.);
#7454 = DIRECTION('',(-0.842200881964,0.539163866017));
#7455 = ( GEOMETRIC_REPRESENTATION_CONTEXT(2) 
PARAMETRIC_REPRESENTATION_CONTEXT() REPRESENTATION_CONTEXT('2D SPACE',''
  ) );
#7456 = ADVANCED_FACE('',(#7457),#6770,.F.);
#7457 = FACE_BOUND('',#7458,.F.);
#7458 = EDGE_LOOP('',(#7459,#7460,#7481,#7482));
#7459 = ORIENTED_EDGE('',*,*,#7385,.T.);
#7460 = ORIENTED_EDGE('',*,*,#7461,.T.);
#7461 = EDGE_CURVE('',#7386,#7280,#7462,.T.);
#7462 = SURFACE_CURVE('',#7463,(#7467,#7474),.PCURVE_S1.);
#7463 = LINE('',#7464,#7465);
#7464 = CARTESIAN_POINT('',(-35.45,-7.45,11.4));
#7465 = VECTOR('',#7466,1.);
#7466 = DIRECTION('',(0.,1.,0.));
#7467 = PCURVE('',#6770,#7468);
#7468 = DEFINITIONAL_REPRESENTATION('',(#7469),#7473);
#7469 = LINE('',#7470,#7471);
#7470 = CARTESIAN_POINT('',(0.,0.));
#7471 = VECTOR('',#7472,1.);
#7472 = DIRECTION('',(0.,-1.));
#7473 = ( GEOMETRIC_REPRESENTATION_CONTEXT(2) 
PARAMETRIC_REPRESENTATION_CONTEXT() REPRESENTATION_CONTEXT('2D SPACE',''
  ) );
#7474 = PCURVE('',#7318,#7475);
#7475 = DEFINITIONAL_REPRESENTATION('',(#7476),#7480);
#7476 = LINE('',#7477,#7478);
#7477 = CARTESIAN_POINT('',(1.131370849898,0.));
#7478 = VECTOR('',#7479,1.);
#7479 = DIRECTION('',(0.,-1.));
#7480 = ( GEOMETRIC_REPRESENTATION_CONTEXT(2) 
PARAMETRIC_REPRESENTATION_CONTEXT() REPRESENTATION_CONTEXT('2D SPACE',''
  ) );
#7481 = ORIENTED_EDGE('',*,*,#7279,.T.);
#7482 = ORIENTED_EDGE('',*,*,#6754,.F.);
#7483 = ADVANCED_FACE('',(#7484),#6874,.F.);
#7484 = FACE_BOUND('',#7485,.F.);
#7485 = EDGE_LOOP('',(#7486,#7509,#7510,#7511));
#7486 = ORIENTED_EDGE('',*,*,#7487,.T.);
#7487 = EDGE_CURVE('',#7488,#6836,#7490,.T.);
#7488 = VERTEX_POINT('',#7489);
#7489 = CARTESIAN_POINT('',(-34.65,-6.49,12.6));
#7490 = SURFACE_CURVE('',#7491,(#7495,#7502),.PCURVE_S1.);
#7491 = LINE('',#7492,#7493);
#7492 = CARTESIAN_POINT('',(-36.79590163934,-9.065081967213,12.6));
#7493 = VECTOR('',#7494,1.);
#7494 = DIRECTION('',(-0.640184399664,-0.768221279597,-0.));
#7495 = PCURVE('',#6874,#7496);
#7496 = DEFINITIONAL_REPRESENTATION('',(#7497),#7501);
#7497 = LINE('',#7498,#7499);
#7498 = CARTESIAN_POINT('',(-0.145901639344,1.615081967213));
#7499 = VECTOR('',#7500,1.);
#7500 = DIRECTION('',(-0.640184399664,0.768221279597));
#7501 = ( GEOMETRIC_REPRESENTATION_CONTEXT(2) 
PARAMETRIC_REPRESENTATION_CONTEXT() REPRESENTATION_CONTEXT('2D SPACE',''
  ) );
#7502 = PCURVE('',#7445,#7503);
#7503 = DEFINITIONAL_REPRESENTATION('',(#7504),#7508);
#7504 = LINE('',#7505,#7506);
#7505 = CARTESIAN_POINT('',(1.334144288901,-1.));
#7506 = VECTOR('',#7507,1.);
#7507 = DIRECTION('',(-1.,0.));
#7508 = ( GEOMETRIC_REPRESENTATION_CONTEXT(2) 
PARAMETRIC_REPRESENTATION_CONTEXT() REPRESENTATION_CONTEXT('2D SPACE',''
  ) );
#7509 = ORIENTED_EDGE('',*,*,#6858,.T.);
#7510 = ORIENTED_EDGE('',*,*,#7358,.T.);
#7511 = ORIENTED_EDGE('',*,*,#7512,.F.);
#7512 = EDGE_CURVE('',#7488,#7331,#7513,.T.);
#7513 = SURFACE_CURVE('',#7514,(#7518,#7525),.PCURVE_S1.);
#7514 = LINE('',#7515,#7516);
#7515 = CARTESIAN_POINT('',(-34.65,-7.45,12.6));
#7516 = VECTOR('',#7517,1.);
#7517 = DIRECTION('',(0.,1.,0.));
#7518 = PCURVE('',#6874,#7519);
#7519 = DEFINITIONAL_REPRESENTATION('',(#7520),#7524);
#7520 = LINE('',#7521,#7522);
#7521 = CARTESIAN_POINT('',(2.,0.));
#7522 = VECTOR('',#7523,1.);
#7523 = DIRECTION('',(0.,-1.));
#7524 = ( GEOMETRIC_REPRESENTATION_CONTEXT(2) 
PARAMETRIC_REPRESENTATION_CONTEXT() REPRESENTATION_CONTEXT('2D SPACE',''
  ) );
#7525 = PCURVE('',#7346,#7526);
#7526 = DEFINITIONAL_REPRESENTATION('',(#7527),#7531);
#7527 = LINE('',#7528,#7529);
#7528 = CARTESIAN_POINT('',(0.,-0.));
#7529 = VECTOR('',#7530,1.);
#7530 = DIRECTION('',(0.,-1.));
#7531 = ( GEOMETRIC_REPRESENTATION_CONTEXT(2) 
PARAMETRIC_REPRESENTATION_CONTEXT() REPRESENTATION_CONTEXT('2D SPACE',''
  ) );
#7532 = ADVANCED_FACE('',(#7533),#7088,.F.);
#7533 = FACE_BOUND('',#7534,.F.);
#7534 = EDGE_LOOP('',(#7535,#7536,#7537,#7560,#7588));
#7535 = ORIENTED_EDGE('',*,*,#7126,.F.);
#7536 = ORIENTED_EDGE('',*,*,#7072,.F.);
#7537 = ORIENTED_EDGE('',*,*,#7538,.F.);
#7538 = EDGE_CURVE('',#7539,#7045,#7541,.T.);
#7539 = VERTEX_POINT('',#7540);
#7540 = CARTESIAN_POINT('',(35.45,-6.01,11.4));
#7541 = SURFACE_CURVE('',#7542,(#7546,#7553),.PCURVE_S1.);
#7542 = LINE('',#7543,#7544);
#7543 = CARTESIAN_POINT('',(34.55,-6.01,11.4));
#7544 = VECTOR('',#7545,1.);
#7545 = DIRECTION('',(1.,0.,0.));
#7546 = PCURVE('',#7088,#7547);
#7547 = DEFINITIONAL_REPRESENTATION('',(#7548),#7552);
#7548 = LINE('',#7549,#7550);
#7549 = CARTESIAN_POINT('',(3.436509857399,-0.9));
#7550 = VECTOR('',#7551,1.);
#7551 = DIRECTION('',(0.,-1.));
#7552 = ( GEOMETRIC_REPRESENTATION_CONTEXT(2) 
PARAMETRIC_REPRESENTATION_CONTEXT() REPRESENTATION_CONTEXT('2D SPACE',''
  ) );
#7553 = PCURVE('',#7060,#7554);
#7554 = DEFINITIONAL_REPRESENTATION('',(#7555),#7559);
#7555 = LINE('',#7556,#7557);
#7556 = CARTESIAN_POINT('',(-0.9,-1.44));
#7557 = VECTOR('',#7558,1.);
#7558 = DIRECTION('',(1.,0.));
#7559 = ( GEOMETRIC_REPRESENTATION_CONTEXT(2) 
PARAMETRIC_REPRESENTATION_CONTEXT() REPRESENTATION_CONTEXT('2D SPACE',''
  ) );
#7560 = ORIENTED_EDGE('',*,*,#7561,.F.);
#7561 = EDGE_CURVE('',#7562,#7539,#7564,.T.);
#7562 = VERTEX_POINT('',#7563);
#7563 = CARTESIAN_POINT('',(34.85,-6.73,12.));
#7564 = SURFACE_CURVE('',#7565,(#7569,#7576),.PCURVE_S1.);
#7565 = LINE('',#7566,#7567);
#7566 = CARTESIAN_POINT('',(33.924418604651,-7.840697674419,
    12.925581395349));
#7567 = VECTOR('',#7568,1.);
#7568 = DIRECTION('',(0.539163866017,0.646996639221,-0.539163866017));
#7569 = PCURVE('',#7088,#7570);
#7570 = DEFINITIONAL_REPRESENTATION('',(#7571),#7575);
#7571 = LINE('',#7572,#7573);
#7572 = CARTESIAN_POINT('',(1.05347553768,-0.274418604651));
#7573 = VECTOR('',#7574,1.);
#7574 = DIRECTION('',(0.842200881964,-0.539163866017));
#7575 = ( GEOMETRIC_REPRESENTATION_CONTEXT(2) 
PARAMETRIC_REPRESENTATION_CONTEXT() REPRESENTATION_CONTEXT('2D SPACE',''
  ) );
#7576 = PCURVE('',#7577,#7582);
#7577 = PLANE('',#7578);
#7578 = AXIS2_PLACEMENT_3D('',#7579,#7580,#7581);
#7579 = CARTESIAN_POINT('',(34.65,-7.45,12.2));
#7580 = DIRECTION('',(-0.707106781187,0.,-0.707106781187));
#7581 = DIRECTION('',(0.707106781187,0.,-0.707106781187));
#7582 = DEFINITIONAL_REPRESENTATION('',(#7583),#7587);
#7583 = LINE('',#7584,#7585);
#7584 = CARTESIAN_POINT('',(-1.026127049908,0.390697674419));
#7585 = VECTOR('',#7586,1.);
#7586 = DIRECTION('',(0.762492851663,-0.646996639221));
#7587 = ( GEOMETRIC_REPRESENTATION_CONTEXT(2) 
PARAMETRIC_REPRESENTATION_CONTEXT() REPRESENTATION_CONTEXT('2D SPACE',''
  ) );
#7588 = ORIENTED_EDGE('',*,*,#7589,.F.);
#7589 = EDGE_CURVE('',#7127,#7562,#7590,.T.);
#7590 = SURFACE_CURVE('',#7591,(#7595,#7602),.PCURVE_S1.);
#7591 = LINE('',#7592,#7593);
#7592 = CARTESIAN_POINT('',(36.468604651163,-8.672325581395,
    13.618604651163));
#7593 = VECTOR('',#7594,1.);
#7594 = DIRECTION('',(-0.539163866017,0.646996639221,-0.539163866017));
#7595 = PCURVE('',#7088,#7596);
#7596 = DEFINITIONAL_REPRESENTATION('',(#7597),#7601);
#7597 = LINE('',#7598,#7599);
#7598 = CARTESIAN_POINT('',(-2.906139414291E-02,-2.818604651163));
#7599 = VECTOR('',#7600,1.);
#7600 = DIRECTION('',(0.842200881964,0.539163866017));
#7601 = ( GEOMETRIC_REPRESENTATION_CONTEXT(2) 
PARAMETRIC_REPRESENTATION_CONTEXT() REPRESENTATION_CONTEXT('2D SPACE',''
  ) );
#7602 = PCURVE('',#7603,#7608);
#7603 = PLANE('',#7604);
#7604 = AXIS2_PLACEMENT_3D('',#7605,#7606,#7607);
#7605 = CARTESIAN_POINT('',(37.65,-10.09,13.6));
#7606 = DIRECTION('',(0.768221279597,0.640184399664,0.));
#7607 = DIRECTION('',(-0.640184399664,0.768221279597,0.));
#7608 = DEFINITIONAL_REPRESENTATION('',(#7609),#7613);
#7609 = LINE('',#7610,#7611);
#7610 = CARTESIAN_POINT('',(1.845398528075,1.860465116279E-02));
#7611 = VECTOR('',#7612,1.);
#7612 = DIRECTION('',(0.842200881964,-0.539163866017));
#7613 = ( GEOMETRIC_REPRESENTATION_CONTEXT(2) 
PARAMETRIC_REPRESENTATION_CONTEXT() REPRESENTATION_CONTEXT('2D SPACE',''
  ) );
#7614 = ADVANCED_FACE('',(#7615),#7060,.T.);
#7615 = FACE_BOUND('',#7616,.T.);
#7616 = EDGE_LOOP('',(#7617,#7618,#7641,#7662));
#7617 = ORIENTED_EDGE('',*,*,#7538,.F.);
#7618 = ORIENTED_EDGE('',*,*,#7619,.T.);
#7619 = EDGE_CURVE('',#7539,#7620,#7622,.T.);
#7620 = VERTEX_POINT('',#7621);
#7621 = CARTESIAN_POINT('',(35.45,-3.45,11.4));
#7622 = SURFACE_CURVE('',#7623,(#7627,#7634),.PCURVE_S1.);
#7623 = LINE('',#7624,#7625);
#7624 = CARTESIAN_POINT('',(35.45,-7.45,11.4));
#7625 = VECTOR('',#7626,1.);
#7626 = DIRECTION('',(0.,1.,0.));
#7627 = PCURVE('',#7060,#7628);
#7628 = DEFINITIONAL_REPRESENTATION('',(#7629),#7633);
#7629 = LINE('',#7630,#7631);
#7630 = CARTESIAN_POINT('',(0.,0.));
#7631 = VECTOR('',#7632,1.);
#7632 = DIRECTION('',(0.,-1.));
#7633 = ( GEOMETRIC_REPRESENTATION_CONTEXT(2) 
PARAMETRIC_REPRESENTATION_CONTEXT() REPRESENTATION_CONTEXT('2D SPACE',''
  ) );
#7634 = PCURVE('',#7577,#7635);
#7635 = DEFINITIONAL_REPRESENTATION('',(#7636),#7640);
#7636 = LINE('',#7637,#7638);
#7637 = CARTESIAN_POINT('',(1.131370849898,0.));
#7638 = VECTOR('',#7639,1.);
#7639 = DIRECTION('',(0.,-1.));
#7640 = ( GEOMETRIC_REPRESENTATION_CONTEXT(2) 
PARAMETRIC_REPRESENTATION_CONTEXT() REPRESENTATION_CONTEXT('2D SPACE',''
  ) );
#7641 = ORIENTED_EDGE('',*,*,#7642,.T.);
#7642 = EDGE_CURVE('',#7620,#7017,#7643,.T.);
#7643 = SURFACE_CURVE('',#7644,(#7648,#7655),.PCURVE_S1.);
#7644 = LINE('',#7645,#7646);
#7645 = CARTESIAN_POINT('',(35.45,-3.45,11.4));
#7646 = VECTOR('',#7647,1.);
#7647 = DIRECTION('',(1.,0.,0.));
#7648 = PCURVE('',#7060,#7649);
#7649 = DEFINITIONAL_REPRESENTATION('',(#7650),#7654);
#7650 = LINE('',#7651,#7652);
#7651 = CARTESIAN_POINT('',(0.,-4.));
#7652 = VECTOR('',#7653,1.);
#7653 = DIRECTION('',(1.,0.));
#7654 = ( GEOMETRIC_REPRESENTATION_CONTEXT(2) 
PARAMETRIC_REPRESENTATION_CONTEXT() REPRESENTATION_CONTEXT('2D SPACE',''
  ) );
#7655 = PCURVE('',#7032,#7656);
#7656 = DEFINITIONAL_REPRESENTATION('',(#7657),#7661);
#7657 = LINE('',#7658,#7659);
#7658 = CARTESIAN_POINT('',(-2.7,-0.6));
#7659 = VECTOR('',#7660,1.);
#7660 = DIRECTION('',(0.,1.));
#7661 = ( GEOMETRIC_REPRESENTATION_CONTEXT(2) 
PARAMETRIC_REPRESENTATION_CONTEXT() REPRESENTATION_CONTEXT('2D SPACE',''
  ) );
#7662 = ORIENTED_EDGE('',*,*,#7044,.F.);
#7663 = ADVANCED_FACE('',(#7664),#7032,.T.);
#7664 = FACE_BOUND('',#7665,.T.);
#7665 = EDGE_LOOP('',(#7666,#7667,#7668,#7669,#7692,#7720,#7741));
#7666 = ORIENTED_EDGE('',*,*,#7197,.T.);
#7667 = ORIENTED_EDGE('',*,*,#7016,.F.);
#7668 = ORIENTED_EDGE('',*,*,#7642,.F.);
#7669 = ORIENTED_EDGE('',*,*,#7670,.F.);
#7670 = EDGE_CURVE('',#7671,#7620,#7673,.T.);
#7671 = VERTEX_POINT('',#7672);
#7672 = CARTESIAN_POINT('',(34.65,-3.45,12.2));
#7673 = SURFACE_CURVE('',#7674,(#7678,#7685),.PCURVE_S1.);
#7674 = LINE('',#7675,#7676);
#7675 = CARTESIAN_POINT('',(34.65,-3.45,12.2));
#7676 = VECTOR('',#7677,1.);
#7677 = DIRECTION('',(0.707106781187,0.,-0.707106781187));
#7678 = PCURVE('',#7032,#7679);
#7679 = DEFINITIONAL_REPRESENTATION('',(#7680),#7684);
#7680 = LINE('',#7681,#7682);
#7681 = CARTESIAN_POINT('',(-1.9,-1.4));
#7682 = VECTOR('',#7683,1.);
#7683 = DIRECTION('',(-0.707106781187,0.707106781187));
#7684 = ( GEOMETRIC_REPRESENTATION_CONTEXT(2) 
PARAMETRIC_REPRESENTATION_CONTEXT() REPRESENTATION_CONTEXT('2D SPACE',''
  ) );
#7685 = PCURVE('',#7577,#7686);
#7686 = DEFINITIONAL_REPRESENTATION('',(#7687),#7691);
#7687 = LINE('',#7688,#7689);
#7688 = CARTESIAN_POINT('',(0.,-4.));
#7689 = VECTOR('',#7690,1.);
#7690 = DIRECTION('',(1.,0.));
#7691 = ( GEOMETRIC_REPRESENTATION_CONTEXT(2) 
PARAMETRIC_REPRESENTATION_CONTEXT() REPRESENTATION_CONTEXT('2D SPACE',''
  ) );
#7692 = ORIENTED_EDGE('',*,*,#7693,.F.);
#7693 = EDGE_CURVE('',#7694,#7671,#7696,.T.);
#7694 = VERTEX_POINT('',#7695);
#7695 = CARTESIAN_POINT('',(34.65,-3.45,12.6));
#7696 = SURFACE_CURVE('',#7697,(#7701,#7708),.PCURVE_S1.);
#7697 = LINE('',#7698,#7699);
#7698 = CARTESIAN_POINT('',(34.65,-3.45,12.6));
#7699 = VECTOR('',#7700,1.);
#7700 = DIRECTION('',(0.,0.,-1.));
#7701 = PCURVE('',#7032,#7702);
#7702 = DEFINITIONAL_REPRESENTATION('',(#7703),#7707);
#7703 = LINE('',#7704,#7705);
#7704 = CARTESIAN_POINT('',(-1.5,-1.4));
#7705 = VECTOR('',#7706,1.);
#7706 = DIRECTION('',(-1.,0.));
#7707 = ( GEOMETRIC_REPRESENTATION_CONTEXT(2) 
PARAMETRIC_REPRESENTATION_CONTEXT() REPRESENTATION_CONTEXT('2D SPACE',''
  ) );
#7708 = PCURVE('',#7709,#7714);
#7709 = PLANE('',#7710);
#7710 = AXIS2_PLACEMENT_3D('',#7711,#7712,#7713);
#7711 = CARTESIAN_POINT('',(34.65,-7.45,12.6));
#7712 = DIRECTION('',(-1.,0.,0.));
#7713 = DIRECTION('',(0.,0.,-1.));
#7714 = DEFINITIONAL_REPRESENTATION('',(#7715),#7719);
#7715 = LINE('',#7716,#7717);
#7716 = CARTESIAN_POINT('',(0.,-4.));
#7717 = VECTOR('',#7718,1.);
#7718 = DIRECTION('',(1.,0.));
#7719 = ( GEOMETRIC_REPRESENTATION_CONTEXT(2) 
PARAMETRIC_REPRESENTATION_CONTEXT() REPRESENTATION_CONTEXT('2D SPACE',''
  ) );
#7720 = ORIENTED_EDGE('',*,*,#7721,.F.);
#7721 = EDGE_CURVE('',#7225,#7694,#7722,.T.);
#7722 = SURFACE_CURVE('',#7723,(#7727,#7734),.PCURVE_S1.);
#7723 = LINE('',#7724,#7725);
#7724 = CARTESIAN_POINT('',(36.65,-3.45,12.6));
#7725 = VECTOR('',#7726,1.);
#7726 = DIRECTION('',(-1.,0.,0.));
#7727 = PCURVE('',#7032,#7728);
#7728 = DEFINITIONAL_REPRESENTATION('',(#7729),#7733);
#7729 = LINE('',#7730,#7731);
#7730 = CARTESIAN_POINT('',(-1.5,0.6));
#7731 = VECTOR('',#7732,1.);
#7732 = DIRECTION('',(0.,-1.));
#7733 = ( GEOMETRIC_REPRESENTATION_CONTEXT(2) 
PARAMETRIC_REPRESENTATION_CONTEXT() REPRESENTATION_CONTEXT('2D SPACE',''
  ) );
#7734 = PCURVE('',#7240,#7735);
#7735 = DEFINITIONAL_REPRESENTATION('',(#7736),#7740);
#7736 = LINE('',#7737,#7738);
#7737 = CARTESIAN_POINT('',(0.,-4.));
#7738 = VECTOR('',#7739,1.);
#7739 = DIRECTION('',(1.,0.));
#7740 = ( GEOMETRIC_REPRESENTATION_CONTEXT(2) 
PARAMETRIC_REPRESENTATION_CONTEXT() REPRESENTATION_CONTEXT('2D SPACE',''
  ) );
#7741 = ORIENTED_EDGE('',*,*,#7252,.T.);
#7742 = ADVANCED_FACE('',(#7743),#7240,.T.);
#7743 = FACE_BOUND('',#7744,.T.);
#7744 = EDGE_LOOP('',(#7745,#7768,#7769,#7770));
#7745 = ORIENTED_EDGE('',*,*,#7746,.F.);
#7746 = EDGE_CURVE('',#7127,#7747,#7749,.T.);
#7747 = VERTEX_POINT('',#7748);
#7748 = CARTESIAN_POINT('',(34.65,-6.49,12.6));
#7749 = SURFACE_CURVE('',#7750,(#7754,#7761),.PCURVE_S1.);
#7750 = LINE('',#7751,#7752);
#7751 = CARTESIAN_POINT('',(36.795901639344,-9.065081967213,12.6));
#7752 = VECTOR('',#7753,1.);
#7753 = DIRECTION('',(-0.640184399664,0.768221279597,0.));
#7754 = PCURVE('',#7240,#7755);
#7755 = DEFINITIONAL_REPRESENTATION('',(#7756),#7760);
#7756 = LINE('',#7757,#7758);
#7757 = CARTESIAN_POINT('',(-0.145901639344,1.615081967213));
#7758 = VECTOR('',#7759,1.);
#7759 = DIRECTION('',(0.640184399664,-0.768221279597));
#7760 = ( GEOMETRIC_REPRESENTATION_CONTEXT(2) 
PARAMETRIC_REPRESENTATION_CONTEXT() REPRESENTATION_CONTEXT('2D SPACE',''
  ) );
#7761 = PCURVE('',#7603,#7762);
#7762 = DEFINITIONAL_REPRESENTATION('',(#7763),#7767);
#7763 = LINE('',#7764,#7765);
#7764 = CARTESIAN_POINT('',(1.334144288901,-1.));
#7765 = VECTOR('',#7766,1.);
#7766 = DIRECTION('',(1.,0.));
#7767 = ( GEOMETRIC_REPRESENTATION_CONTEXT(2) 
PARAMETRIC_REPRESENTATION_CONTEXT() REPRESENTATION_CONTEXT('2D SPACE',''
  ) );
#7768 = ORIENTED_EDGE('',*,*,#7224,.T.);
#7769 = ORIENTED_EDGE('',*,*,#7721,.T.);
#7770 = ORIENTED_EDGE('',*,*,#7771,.F.);
#7771 = EDGE_CURVE('',#7747,#7694,#7772,.T.);
#7772 = SURFACE_CURVE('',#7773,(#7777,#7784),.PCURVE_S1.);
#7773 = LINE('',#7774,#7775);
#7774 = CARTESIAN_POINT('',(34.65,-7.45,12.6));
#7775 = VECTOR('',#7776,1.);
#7776 = DIRECTION('',(0.,1.,0.));
#7777 = PCURVE('',#7240,#7778);
#7778 = DEFINITIONAL_REPRESENTATION('',(#7779),#7783);
#7779 = LINE('',#7780,#7781);
#7780 = CARTESIAN_POINT('',(2.,0.));
#7781 = VECTOR('',#7782,1.);
#7782 = DIRECTION('',(0.,-1.));
#7783 = ( GEOMETRIC_REPRESENTATION_CONTEXT(2) 
PARAMETRIC_REPRESENTATION_CONTEXT() REPRESENTATION_CONTEXT('2D SPACE',''
  ) );
#7784 = PCURVE('',#7709,#7785);
#7785 = DEFINITIONAL_REPRESENTATION('',(#7786),#7790);
#7786 = LINE('',#7787,#7788);
#7787 = CARTESIAN_POINT('',(0.,-0.));
#7788 = VECTOR('',#7789,1.);
#7789 = DIRECTION('',(0.,-1.));
#7790 = ( GEOMETRIC_REPRESENTATION_CONTEXT(2) 
PARAMETRIC_REPRESENTATION_CONTEXT() REPRESENTATION_CONTEXT('2D SPACE',''
  ) );
#7791 = ADVANCED_FACE('',(#7792),#7318,.F.);
#7792 = FACE_BOUND('',#7793,.F.);
#7793 = EDGE_LOOP('',(#7794,#7795,#7796,#7819,#7840));
#7794 = ORIENTED_EDGE('',*,*,#7461,.F.);
#7795 = ORIENTED_EDGE('',*,*,#7408,.T.);
#7796 = ORIENTED_EDGE('',*,*,#7797,.T.);
#7797 = EDGE_CURVE('',#7409,#7798,#7800,.T.);
#7798 = VERTEX_POINT('',#7799);
#7799 = CARTESIAN_POINT('',(-34.65,-6.49,12.2));
#7800 = SURFACE_CURVE('',#7801,(#7805,#7812),.PCURVE_S1.);
#7801 = LINE('',#7802,#7803);
#7802 = CARTESIAN_POINT('',(-35.67790697674,-7.723488372093,
    11.172093023256));
#7803 = VECTOR('',#7804,1.);
#7804 = DIRECTION('',(0.539163866017,0.646996639221,0.539163866017));
#7805 = PCURVE('',#7318,#7806);
#7806 = DEFINITIONAL_REPRESENTATION('',(#7807),#7811);
#7807 = LINE('',#7808,#7809);
#7808 = CARTESIAN_POINT('',(1.45367998737,0.273488372093));
#7809 = VECTOR('',#7810,1.);
#7810 = DIRECTION('',(-0.762492851663,-0.646996639221));
#7811 = ( GEOMETRIC_REPRESENTATION_CONTEXT(2) 
PARAMETRIC_REPRESENTATION_CONTEXT() REPRESENTATION_CONTEXT('2D SPACE',''
  ) );
#7812 = PCURVE('',#7445,#7813);
#7813 = DEFINITIONAL_REPRESENTATION('',(#7814),#7818);
#7814 = LINE('',#7815,#7816);
#7815 = CARTESIAN_POINT('',(3.080507779148,-2.427906976744));
#7816 = VECTOR('',#7817,1.);
#7817 = DIRECTION('',(0.842200881964,0.539163866017));
#7818 = ( GEOMETRIC_REPRESENTATION_CONTEXT(2) 
PARAMETRIC_REPRESENTATION_CONTEXT() REPRESENTATION_CONTEXT('2D SPACE',''
  ) );
#7819 = ORIENTED_EDGE('',*,*,#7820,.T.);
#7820 = EDGE_CURVE('',#7798,#7303,#7821,.T.);
#7821 = SURFACE_CURVE('',#7822,(#7826,#7833),.PCURVE_S1.);
#7822 = LINE('',#7823,#7824);
#7823 = CARTESIAN_POINT('',(-34.65,-7.45,12.2));
#7824 = VECTOR('',#7825,1.);
#7825 = DIRECTION('',(0.,1.,0.));
#7826 = PCURVE('',#7318,#7827);
#7827 = DEFINITIONAL_REPRESENTATION('',(#7828),#7832);
#7828 = LINE('',#7829,#7830);
#7829 = CARTESIAN_POINT('',(0.,0.));
#7830 = VECTOR('',#7831,1.);
#7831 = DIRECTION('',(0.,-1.));
#7832 = ( GEOMETRIC_REPRESENTATION_CONTEXT(2) 
PARAMETRIC_REPRESENTATION_CONTEXT() REPRESENTATION_CONTEXT('2D SPACE',''
  ) );
#7833 = PCURVE('',#7346,#7834);
#7834 = DEFINITIONAL_REPRESENTATION('',(#7835),#7839);
#7835 = LINE('',#7836,#7837);
#7836 = CARTESIAN_POINT('',(0.4,0.));
#7837 = VECTOR('',#7838,1.);
#7838 = DIRECTION('',(0.,-1.));
#7839 = ( GEOMETRIC_REPRESENTATION_CONTEXT(2) 
PARAMETRIC_REPRESENTATION_CONTEXT() REPRESENTATION_CONTEXT('2D SPACE',''
  ) );
#7840 = ORIENTED_EDGE('',*,*,#7302,.T.);
#7841 = ADVANCED_FACE('',(#7842),#7346,.F.);
#7842 = FACE_BOUND('',#7843,.F.);
#7843 = EDGE_LOOP('',(#7844,#7845,#7866,#7867));
#7844 = ORIENTED_EDGE('',*,*,#7820,.F.);
#7845 = ORIENTED_EDGE('',*,*,#7846,.T.);
#7846 = EDGE_CURVE('',#7798,#7488,#7847,.T.);
#7847 = SURFACE_CURVE('',#7848,(#7852,#7859),.PCURVE_S1.);
#7848 = LINE('',#7849,#7850);
#7849 = CARTESIAN_POINT('',(-34.65,-6.49,13.1));
#7850 = VECTOR('',#7851,1.);
#7851 = DIRECTION('',(0.,0.,1.));
#7852 = PCURVE('',#7346,#7853);
#7853 = DEFINITIONAL_REPRESENTATION('',(#7854),#7858);
#7854 = LINE('',#7855,#7856);
#7855 = CARTESIAN_POINT('',(-0.5,-0.96));
#7856 = VECTOR('',#7857,1.);
#7857 = DIRECTION('',(-1.,-0.));
#7858 = ( GEOMETRIC_REPRESENTATION_CONTEXT(2) 
PARAMETRIC_REPRESENTATION_CONTEXT() REPRESENTATION_CONTEXT('2D SPACE',''
  ) );
#7859 = PCURVE('',#7445,#7860);
#7860 = DEFINITIONAL_REPRESENTATION('',(#7861),#7865);
#7861 = LINE('',#7862,#7863);
#7862 = CARTESIAN_POINT('',(4.686149805544,-0.5));
#7863 = VECTOR('',#7864,1.);
#7864 = DIRECTION('',(0.,1.));
#7865 = ( GEOMETRIC_REPRESENTATION_CONTEXT(2) 
PARAMETRIC_REPRESENTATION_CONTEXT() REPRESENTATION_CONTEXT('2D SPACE',''
  ) );
#7866 = ORIENTED_EDGE('',*,*,#7512,.T.);
#7867 = ORIENTED_EDGE('',*,*,#7330,.T.);
#7868 = ADVANCED_FACE('',(#7869),#7445,.T.);
#7869 = FACE_BOUND('',#7870,.T.);
#7870 = EDGE_LOOP('',(#7871,#7872,#7873,#7874));
#7871 = ORIENTED_EDGE('',*,*,#7846,.T.);
#7872 = ORIENTED_EDGE('',*,*,#7487,.T.);
#7873 = ORIENTED_EDGE('',*,*,#7431,.F.);
#7874 = ORIENTED_EDGE('',*,*,#7797,.T.);
#7875 = ADVANCED_FACE('',(#7876),#7603,.F.);
#7876 = FACE_BOUND('',#7877,.F.);
#7877 = EDGE_LOOP('',(#7878,#7879,#7880,#7903));
#7878 = ORIENTED_EDGE('',*,*,#7746,.F.);
#7879 = ORIENTED_EDGE('',*,*,#7589,.T.);
#7880 = ORIENTED_EDGE('',*,*,#7881,.F.);
#7881 = EDGE_CURVE('',#7882,#7562,#7884,.T.);
#7882 = VERTEX_POINT('',#7883);
#7883 = CARTESIAN_POINT('',(34.65,-6.49,12.2));
#7884 = SURFACE_CURVE('',#7885,(#7889,#7896),.PCURVE_S1.);
#7885 = LINE('',#7886,#7887);
#7886 = CARTESIAN_POINT('',(35.677906976744,-7.723488372093,
    11.172093023256));
#7887 = VECTOR('',#7888,1.);
#7888 = DIRECTION('',(0.539163866017,-0.646996639221,-0.539163866017));
#7889 = PCURVE('',#7603,#7890);
#7890 = DEFINITIONAL_REPRESENTATION('',(#7891),#7895);
#7891 = LINE('',#7892,#7893);
#7892 = CARTESIAN_POINT('',(3.080507779148,-2.427906976744));
#7893 = VECTOR('',#7894,1.);
#7894 = DIRECTION('',(-0.842200881964,-0.539163866017));
#7895 = ( GEOMETRIC_REPRESENTATION_CONTEXT(2) 
PARAMETRIC_REPRESENTATION_CONTEXT() REPRESENTATION_CONTEXT('2D SPACE',''
  ) );
#7896 = PCURVE('',#7577,#7897);
#7897 = DEFINITIONAL_REPRESENTATION('',(#7898),#7902);
#7898 = LINE('',#7899,#7900);
#7899 = CARTESIAN_POINT('',(1.45367998737,0.273488372093));
#7900 = VECTOR('',#7901,1.);
#7901 = DIRECTION('',(0.762492851663,0.646996639221));
#7902 = ( GEOMETRIC_REPRESENTATION_CONTEXT(2) 
PARAMETRIC_REPRESENTATION_CONTEXT() REPRESENTATION_CONTEXT('2D SPACE',''
  ) );
#7903 = ORIENTED_EDGE('',*,*,#7904,.F.);
#7904 = EDGE_CURVE('',#7747,#7882,#7905,.T.);
#7905 = SURFACE_CURVE('',#7906,(#7910,#7917),.PCURVE_S1.);
#7906 = LINE('',#7907,#7908);
#7907 = CARTESIAN_POINT('',(34.65,-6.49,13.1));
#7908 = VECTOR('',#7909,1.);
#7909 = DIRECTION('',(0.,0.,-1.));
#7910 = PCURVE('',#7603,#7911);
#7911 = DEFINITIONAL_REPRESENTATION('',(#7912),#7916);
#7912 = LINE('',#7913,#7914);
#7913 = CARTESIAN_POINT('',(4.686149805544,-0.5));
#7914 = VECTOR('',#7915,1.);
#7915 = DIRECTION('',(0.,-1.));
#7916 = ( GEOMETRIC_REPRESENTATION_CONTEXT(2) 
PARAMETRIC_REPRESENTATION_CONTEXT() REPRESENTATION_CONTEXT('2D SPACE',''
  ) );
#7917 = PCURVE('',#7709,#7918);
#7918 = DEFINITIONAL_REPRESENTATION('',(#7919),#7923);
#7919 = LINE('',#7920,#7921);
#7920 = CARTESIAN_POINT('',(-0.5,-0.96));
#7921 = VECTOR('',#7922,1.);
#7922 = DIRECTION('',(1.,0.));
#7923 = ( GEOMETRIC_REPRESENTATION_CONTEXT(2) 
PARAMETRIC_REPRESENTATION_CONTEXT() REPRESENTATION_CONTEXT('2D SPACE',''
  ) );
#7924 = ADVANCED_FACE('',(#7925),#7577,.T.);
#7925 = FACE_BOUND('',#7926,.T.);
#7926 = EDGE_LOOP('',(#7927,#7928,#7929,#7950,#7951));
#7927 = ORIENTED_EDGE('',*,*,#7561,.F.);
#7928 = ORIENTED_EDGE('',*,*,#7881,.F.);
#7929 = ORIENTED_EDGE('',*,*,#7930,.T.);
#7930 = EDGE_CURVE('',#7882,#7671,#7931,.T.);
#7931 = SURFACE_CURVE('',#7932,(#7936,#7943),.PCURVE_S1.);
#7932 = LINE('',#7933,#7934);
#7933 = CARTESIAN_POINT('',(34.65,-7.45,12.2));
#7934 = VECTOR('',#7935,1.);
#7935 = DIRECTION('',(0.,1.,0.));
#7936 = PCURVE('',#7577,#7937);
#7937 = DEFINITIONAL_REPRESENTATION('',(#7938),#7942);
#7938 = LINE('',#7939,#7940);
#7939 = CARTESIAN_POINT('',(0.,0.));
#7940 = VECTOR('',#7941,1.);
#7941 = DIRECTION('',(0.,-1.));
#7942 = ( GEOMETRIC_REPRESENTATION_CONTEXT(2) 
PARAMETRIC_REPRESENTATION_CONTEXT() REPRESENTATION_CONTEXT('2D SPACE',''
  ) );
#7943 = PCURVE('',#7709,#7944);
#7944 = DEFINITIONAL_REPRESENTATION('',(#7945),#7949);
#7945 = LINE('',#7946,#7947);
#7946 = CARTESIAN_POINT('',(0.4,0.));
#7947 = VECTOR('',#7948,1.);
#7948 = DIRECTION('',(0.,-1.));
#7949 = ( GEOMETRIC_REPRESENTATION_CONTEXT(2) 
PARAMETRIC_REPRESENTATION_CONTEXT() REPRESENTATION_CONTEXT('2D SPACE',''
  ) );
#7950 = ORIENTED_EDGE('',*,*,#7670,.T.);
#7951 = ORIENTED_EDGE('',*,*,#7619,.F.);
#7952 = ADVANCED_FACE('',(#7953),#7709,.T.);
#7953 = FACE_BOUND('',#7954,.T.);
#7954 = EDGE_LOOP('',(#7955,#7956,#7957,#7958));
#7955 = ORIENTED_EDGE('',*,*,#7904,.F.);
#7956 = ORIENTED_EDGE('',*,*,#7771,.T.);
#7957 = ORIENTED_EDGE('',*,*,#7693,.T.);
#7958 = ORIENTED_EDGE('',*,*,#7930,.F.);
#7959 = ( GEOMETRIC_REPRESENTATION_CONTEXT(3) 
GLOBAL_UNCERTAINTY_ASSIGNED_CONTEXT((#7963)) 
GLOBAL_UNIT_ASSIGNED_CONTEXT((#7960,#7961,#7962)) REPRESENTATION_CONTEXT
('Context #1','3D Context with UNIT and UNCERTAINTY') );
#7960 = ( LENGTH_UNIT() NAMED_UNIT(*) SI_UNIT(.MILLI.,.METRE.) );
#7961 = ( NAMED_UNIT(*) PLANE_ANGLE_UNIT() SI_UNIT($,.RADIAN.) );
#7962 = ( NAMED_UNIT(*) SI_UNIT($,.STERADIAN.) SOLID_ANGLE_UNIT() );
#7963 = UNCERTAINTY_MEASURE_WITH_UNIT(LENGTH_MEASURE(1.E-07),#7960,
  'distance_accuracy_value','confusion accuracy');
#7964 = CONTEXT_DEPENDENT_SHAPE_REPRESENTATION(#7965,#7967);
#7965 = ( REPRESENTATION_RELATIONSHIP('','',#36,#10) 
REPRESENTATION_RELATIONSHIP_WITH_TRANSFORMATION(#7966) 
SHAPE_REPRESENTATION_RELATIONSHIP() );
#7966 = ITEM_DEFINED_TRANSFORMATION('','',#11,#15);
#7967 = PRODUCT_DEFINITION_SHAPE('Placement','Placement of an item',
  #7968);
#7968 = NEXT_ASSEMBLY_USAGE_OCCURRENCE('1','shell','',#5,#31,$);
#7969 = PRODUCT_RELATED_PRODUCT_CATEGORY('part',$,(#33));
#7970 = SHAPE_DEFINITION_REPRESENTATION(#7971,#7977);
#7971 = PRODUCT_DEFINITION_SHAPE('','',#7972);
#7972 = PRODUCT_DEFINITION('design','',#7973,#7976);
#7973 = PRODUCT_DEFINITION_FORMATION('','',#7974);
#7974 = PRODUCT('lid','lid','',(#7975));
#7975 = PRODUCT_CONTEXT('',#2,'mechanical');
#7976 = PRODUCT_DEFINITION_CONTEXT('part definition',#2,'design');
#7977 = ADVANCED_BREP_SHAPE_REPRESENTATION('',(#11,#7978),#11584);
#7978 = MANIFOLD_SOLID_BREP('',#7979);
#7979 = CLOSED_SHELL('',(#7980,#8100,#8406,#8505,#8643,#8704,#8753,#8852
    ,#8901,#8950,#9022,#9098,#9147,#9196,#9223,#9285,#10034,#10074,
    #10083,#10204,#10259,#10314,#10369,#10424,#10483,#10538,#10593,
    #10647,#10702,#10757,#10812,#10867,#10922,#10977,#11031,#11086,
    #11141,#11195,#11250,#11305,#11376,#11425,#11474,#11501,#11505,
    #11509,#11513,#11517,#11536,#11540,#11544,#11548,#11552,#11556,
    #11560,#11564,#11568,#11572,#11576,#11580));
#7980 = ADVANCED_FACE('',(#7981),#7995,.F.);
#7981 = FACE_BOUND('',#7982,.F.);
#7982 = EDGE_LOOP('',(#7983,#8018,#8046,#8074));
#7983 = ORIENTED_EDGE('',*,*,#7984,.F.);
#7984 = EDGE_CURVE('',#7985,#7987,#7989,.T.);
#7985 = VERTEX_POINT('',#7986);
#7986 = CARTESIAN_POINT('',(-39.9,27.9,1.));
#7987 = VERTEX_POINT('',#7988);
#7988 = CARTESIAN_POINT('',(-39.9,27.9,18.8));
#7989 = SURFACE_CURVE('',#7990,(#7994,#8006),.PCURVE_S1.);
#7990 = LINE('',#7991,#7992);
#7991 = CARTESIAN_POINT('',(-39.9,27.9,-0.5));
#7992 = VECTOR('',#7993,1.);
#7993 = DIRECTION('',(0.,-0.,1.));
#7994 = PCURVE('',#7995,#8000);
#7995 = PLANE('',#7996);
#7996 = AXIS2_PLACEMENT_3D('',#7997,#7998,#7999);
#7997 = CARTESIAN_POINT('',(-39.9,-29.9,0.));
#7998 = DIRECTION('',(1.,0.,0.));
#7999 = DIRECTION('',(0.,0.,1.));
#8000 = DEFINITIONAL_REPRESENTATION('',(#8001),#8005);
#8001 = LINE('',#8002,#8003);
#8002 = CARTESIAN_POINT('',(-0.5,-57.8));
#8003 = VECTOR('',#8004,1.);
#8004 = DIRECTION('',(1.,0.));
#8005 = ( GEOMETRIC_REPRESENTATION_CONTEXT(2) 
PARAMETRIC_REPRESENTATION_CONTEXT() REPRESENTATION_CONTEXT('2D SPACE',''
  ) );
#8006 = PCURVE('',#8007,#8012);
#8007 = PLANE('',#8008);
#8008 = AXIS2_PLACEMENT_3D('',#8009,#8010,#8011);
#8009 = CARTESIAN_POINT('',(-40.9,27.9,-1.));
#8010 = DIRECTION('',(-0.,1.,0.));
#8011 = DIRECTION('',(0.,0.,1.));
#8012 = DEFINITIONAL_REPRESENTATION('',(#8013),#8017);
#8013 = LINE('',#8014,#8015);
#8014 = CARTESIAN_POINT('',(0.5,1.));
#8015 = VECTOR('',#8016,1.);
#8016 = DIRECTION('',(1.,0.));
#8017 = ( GEOMETRIC_REPRESENTATION_CONTEXT(2) 
PARAMETRIC_REPRESENTATION_CONTEXT() REPRESENTATION_CONTEXT('2D SPACE',''
  ) );
#8018 = ORIENTED_EDGE('',*,*,#8019,.T.);
#8019 = EDGE_CURVE('',#7985,#8020,#8022,.T.);
#8020 = VERTEX_POINT('',#8021);
#8021 = CARTESIAN_POINT('',(-39.9,28.9,1.));
#8022 = SURFACE_CURVE('',#8023,(#8027,#8034),.PCURVE_S1.);
#8023 = LINE('',#8024,#8025);
#8024 = CARTESIAN_POINT('',(-39.9,-29.9,1.));
#8025 = VECTOR('',#8026,1.);
#8026 = DIRECTION('',(0.,1.,0.));
#8027 = PCURVE('',#7995,#8028);
#8028 = DEFINITIONAL_REPRESENTATION('',(#8029),#8033);
#8029 = LINE('',#8030,#8031);
#8030 = CARTESIAN_POINT('',(1.,0.));
#8031 = VECTOR('',#8032,1.);
#8032 = DIRECTION('',(0.,-1.));
#8033 = ( GEOMETRIC_REPRESENTATION_CONTEXT(2) 
PARAMETRIC_REPRESENTATION_CONTEXT() REPRESENTATION_CONTEXT('2D SPACE',''
  ) );
#8034 = PCURVE('',#8035,#8040);
#8035 = CYLINDRICAL_SURFACE('',#8036,1.);
#8036 = AXIS2_PLACEMENT_3D('',#8037,#8038,#8039);
#8037 = CARTESIAN_POINT('',(-38.9,-29.9,1.));
#8038 = DIRECTION('',(0.,1.,0.));
#8039 = DIRECTION('',(-1.,0.,0.));
#8040 = DEFINITIONAL_REPRESENTATION('',(#8041),#8045);
#8041 = LINE('',#8042,#8043);
#8042 = CARTESIAN_POINT('',(-0.,0.));
#8043 = VECTOR('',#8044,1.);
#8044 = DIRECTION('',(-0.,1.));
#8045 = ( GEOMETRIC_REPRESENTATION_CONTEXT(2) 
PARAMETRIC_REPRESENTATION_CONTEXT() REPRESENTATION_CONTEXT('2D SPACE',''
  ) );
#8046 = ORIENTED_EDGE('',*,*,#8047,.T.);
#8047 = EDGE_CURVE('',#8020,#8048,#8050,.T.);
#8048 = VERTEX_POINT('',#8049);
#8049 = CARTESIAN_POINT('',(-39.9,28.9,18.8));
#8050 = SURFACE_CURVE('',#8051,(#8055,#8062),.PCURVE_S1.);
#8051 = LINE('',#8052,#8053);
#8052 = CARTESIAN_POINT('',(-39.9,28.9,0.));
#8053 = VECTOR('',#8054,1.);
#8054 = DIRECTION('',(0.,0.,1.));
#8055 = PCURVE('',#7995,#8056);
#8056 = DEFINITIONAL_REPRESENTATION('',(#8057),#8061);
#8057 = LINE('',#8058,#8059);
#8058 = CARTESIAN_POINT('',(0.,-58.8));
#8059 = VECTOR('',#8060,1.);
#8060 = DIRECTION('',(1.,0.));
#8061 = ( GEOMETRIC_REPRESENTATION_CONTEXT(2) 
PARAMETRIC_REPRESENTATION_CONTEXT() REPRESENTATION_CONTEXT('2D SPACE',''
  ) );
#8062 = PCURVE('',#8063,#8068);
#8063 = CYLINDRICAL_SURFACE('',#8064,1.);
#8064 = AXIS2_PLACEMENT_3D('',#8065,#8066,#8067);
#8065 = CARTESIAN_POINT('',(-38.9,28.9,0.));
#8066 = DIRECTION('',(0.,0.,1.));
#8067 = DIRECTION('',(-1.,-0.,0.));
#8068 = DEFINITIONAL_REPRESENTATION('',(#8069),#8073);
#8069 = LINE('',#8070,#8071);
#8070 = CARTESIAN_POINT('',(-0.,0.));
#8071 = VECTOR('',#8072,1.);
#8072 = DIRECTION('',(-0.,1.));
#8073 = ( GEOMETRIC_REPRESENTATION_CONTEXT(2) 
PARAMETRIC_REPRESENTATION_CONTEXT() REPRESENTATION_CONTEXT('2D SPACE',''
  ) );
#8074 = ORIENTED_EDGE('',*,*,#8075,.F.);
#8075 = EDGE_CURVE('',#7987,#8048,#8076,.T.);
#8076 = SURFACE_CURVE('',#8077,(#8081,#8088),.PCURVE_S1.);
#8077 = LINE('',#8078,#8079);
#8078 = CARTESIAN_POINT('',(-39.9,-29.9,18.8));
#8079 = VECTOR('',#8080,1.);
#8080 = DIRECTION('',(0.,1.,0.));
#8081 = PCURVE('',#7995,#8082);
#8082 = DEFINITIONAL_REPRESENTATION('',(#8083),#8087);
#8083 = LINE('',#8084,#8085);
#8084 = CARTESIAN_POINT('',(18.8,0.));
#8085 = VECTOR('',#8086,1.);
#8086 = DIRECTION('',(0.,-1.));
#8087 = ( GEOMETRIC_REPRESENTATION_CONTEXT(2) 
PARAMETRIC_REPRESENTATION_CONTEXT() REPRESENTATION_CONTEXT('2D SPACE',''
  ) );
#8088 = PCURVE('',#8089,#8094);
#8089 = CYLINDRICAL_SURFACE('',#8090,1.);
#8090 = AXIS2_PLACEMENT_3D('',#8091,#8092,#8093);
#8091 = CARTESIAN_POINT('',(-38.9,-29.9,18.8));
#8092 = DIRECTION('',(0.,1.,0.));
#8093 = DIRECTION('',(-1.,0.,0.));
#8094 = DEFINITIONAL_REPRESENTATION('',(#8095),#8099);
#8095 = LINE('',#8096,#8097);
#8096 = CARTESIAN_POINT('',(0.,0.));
#8097 = VECTOR('',#8098,1.);
#8098 = DIRECTION('',(0.,1.));
#8099 = ( GEOMETRIC_REPRESENTATION_CONTEXT(2) 
PARAMETRIC_REPRESENTATION_CONTEXT() REPRESENTATION_CONTEXT('2D SPACE',''
  ) );
#8100 = ADVANCED_FACE('',(#8101,#8292),#8007,.F.);
#8101 = FACE_BOUND('',#8102,.F.);
#8102 = EDGE_LOOP('',(#8103,#8127,#8128,#8152,#8180,#8209,#8237,#8266));
#8103 = ORIENTED_EDGE('',*,*,#8104,.T.);
#8104 = EDGE_CURVE('',#8105,#7985,#8107,.T.);
#8105 = VERTEX_POINT('',#8106);
#8106 = CARTESIAN_POINT('',(-38.9,27.9,-2.22044604925E-16));
#8107 = SURFACE_CURVE('',#8108,(#8113,#8120),.PCURVE_S1.);
#8108 = CIRCLE('',#8109,1.);
#8109 = AXIS2_PLACEMENT_3D('',#8110,#8111,#8112);
#8110 = CARTESIAN_POINT('',(-38.9,27.9,1.));
#8111 = DIRECTION('',(0.,1.,0.));
#8112 = DIRECTION('',(-1.,0.,0.));
#8113 = PCURVE('',#8007,#8114);
#8114 = DEFINITIONAL_REPRESENTATION('',(#8115),#8119);
#8115 = CIRCLE('',#8116,1.);
#8116 = AXIS2_PLACEMENT_2D('',#8117,#8118);
#8117 = CARTESIAN_POINT('',(2.,2.));
#8118 = DIRECTION('',(0.,-1.));
#8119 = ( GEOMETRIC_REPRESENTATION_CONTEXT(2) 
PARAMETRIC_REPRESENTATION_CONTEXT() REPRESENTATION_CONTEXT('2D SPACE',''
  ) );
#8120 = PCURVE('',#8035,#8121);
#8121 = DEFINITIONAL_REPRESENTATION('',(#8122),#8126);
#8122 = LINE('',#8123,#8124);
#8123 = CARTESIAN_POINT('',(-6.28318530718,57.8));
#8124 = VECTOR('',#8125,1.);
#8125 = DIRECTION('',(1.,-0.));
#8126 = ( GEOMETRIC_REPRESENTATION_CONTEXT(2) 
PARAMETRIC_REPRESENTATION_CONTEXT() REPRESENTATION_CONTEXT('2D SPACE',''
  ) );
#8127 = ORIENTED_EDGE('',*,*,#7984,.T.);
#8128 = ORIENTED_EDGE('',*,*,#8129,.T.);
#8129 = EDGE_CURVE('',#7987,#8130,#8132,.T.);
#8130 = VERTEX_POINT('',#8131);
#8131 = CARTESIAN_POINT('',(-38.9,27.9,19.8));
#8132 = SURFACE_CURVE('',#8133,(#8138,#8145),.PCURVE_S1.);
#8133 = CIRCLE('',#8134,1.);
#8134 = AXIS2_PLACEMENT_3D('',#8135,#8136,#8137);
#8135 = CARTESIAN_POINT('',(-38.9,27.9,18.8));
#8136 = DIRECTION('',(0.,1.,0.));
#8137 = DIRECTION('',(-1.,0.,0.));
#8138 = PCURVE('',#8007,#8139);
#8139 = DEFINITIONAL_REPRESENTATION('',(#8140),#8144);
#8140 = CIRCLE('',#8141,1.);
#8141 = AXIS2_PLACEMENT_2D('',#8142,#8143);
#8142 = CARTESIAN_POINT('',(19.8,2.));
#8143 = DIRECTION('',(0.,-1.));
#8144 = ( GEOMETRIC_REPRESENTATION_CONTEXT(2) 
PARAMETRIC_REPRESENTATION_CONTEXT() REPRESENTATION_CONTEXT('2D SPACE',''
  ) );
#8145 = PCURVE('',#8089,#8146);
#8146 = DEFINITIONAL_REPRESENTATION('',(#8147),#8151);
#8147 = LINE('',#8148,#8149);
#8148 = CARTESIAN_POINT('',(0.,57.8));
#8149 = VECTOR('',#8150,1.);
#8150 = DIRECTION('',(1.,0.));
#8151 = ( GEOMETRIC_REPRESENTATION_CONTEXT(2) 
PARAMETRIC_REPRESENTATION_CONTEXT() REPRESENTATION_CONTEXT('2D SPACE',''
  ) );
#8152 = ORIENTED_EDGE('',*,*,#8153,.F.);
#8153 = EDGE_CURVE('',#8154,#8130,#8156,.T.);
#8154 = VERTEX_POINT('',#8155);
#8155 = CARTESIAN_POINT('',(38.9,27.9,19.8));
#8156 = SURFACE_CURVE('',#8157,(#8161,#8168),.PCURVE_S1.);
#8157 = LINE('',#8158,#8159);
#8158 = CARTESIAN_POINT('',(-40.4,27.9,19.8));
#8159 = VECTOR('',#8160,1.);
#8160 = DIRECTION('',(-1.,-0.,0.));
#8161 = PCURVE('',#8007,#8162);
#8162 = DEFINITIONAL_REPRESENTATION('',(#8163),#8167);
#8163 = LINE('',#8164,#8165);
#8164 = CARTESIAN_POINT('',(20.8,0.5));
#8165 = VECTOR('',#8166,1.);
#8166 = DIRECTION('',(0.,-1.));
#8167 = ( GEOMETRIC_REPRESENTATION_CONTEXT(2) 
PARAMETRIC_REPRESENTATION_CONTEXT() REPRESENTATION_CONTEXT('2D SPACE',''
  ) );
#8168 = PCURVE('',#8169,#8174);
#8169 = PLANE('',#8170);
#8170 = AXIS2_PLACEMENT_3D('',#8171,#8172,#8173);
#8171 = CARTESIAN_POINT('',(-39.9,-29.9,19.8));
#8172 = DIRECTION('',(0.,0.,1.));
#8173 = DIRECTION('',(1.,0.,0.));
#8174 = DEFINITIONAL_REPRESENTATION('',(#8175),#8179);
#8175 = LINE('',#8176,#8177);
#8176 = CARTESIAN_POINT('',(-0.5,57.8));
#8177 = VECTOR('',#8178,1.);
#8178 = DIRECTION('',(-1.,0.));
#8179 = ( GEOMETRIC_REPRESENTATION_CONTEXT(2) 
PARAMETRIC_REPRESENTATION_CONTEXT() REPRESENTATION_CONTEXT('2D SPACE',''
  ) );
#8180 = ORIENTED_EDGE('',*,*,#8181,.T.);
#8181 = EDGE_CURVE('',#8154,#8182,#8184,.T.);
#8182 = VERTEX_POINT('',#8183);
#8183 = CARTESIAN_POINT('',(39.9,27.9,18.8));
#8184 = SURFACE_CURVE('',#8185,(#8190,#8197),.PCURVE_S1.);
#8185 = CIRCLE('',#8186,1.);
#8186 = AXIS2_PLACEMENT_3D('',#8187,#8188,#8189);
#8187 = CARTESIAN_POINT('',(38.9,27.9,18.8));
#8188 = DIRECTION('',(0.,1.,0.));
#8189 = DIRECTION('',(1.,0.,-0.));
#8190 = PCURVE('',#8007,#8191);
#8191 = DEFINITIONAL_REPRESENTATION('',(#8192),#8196);
#8192 = CIRCLE('',#8193,1.);
#8193 = AXIS2_PLACEMENT_2D('',#8194,#8195);
#8194 = CARTESIAN_POINT('',(19.8,79.8));
#8195 = DIRECTION('',(0.,1.));
#8196 = ( GEOMETRIC_REPRESENTATION_CONTEXT(2) 
PARAMETRIC_REPRESENTATION_CONTEXT() REPRESENTATION_CONTEXT('2D SPACE',''
  ) );
#8197 = PCURVE('',#8198,#8203);
#8198 = CYLINDRICAL_SURFACE('',#8199,1.);
#8199 = AXIS2_PLACEMENT_3D('',#8200,#8201,#8202);
#8200 = CARTESIAN_POINT('',(38.9,-29.9,18.8));
#8201 = DIRECTION('',(0.,1.,0.));
#8202 = DIRECTION('',(1.,0.,-0.));
#8203 = DEFINITIONAL_REPRESENTATION('',(#8204),#8208);
#8204 = LINE('',#8205,#8206);
#8205 = CARTESIAN_POINT('',(-6.28318530718,57.8));
#8206 = VECTOR('',#8207,1.);
#8207 = DIRECTION('',(1.,-0.));
#8208 = ( GEOMETRIC_REPRESENTATION_CONTEXT(2) 
PARAMETRIC_REPRESENTATION_CONTEXT() REPRESENTATION_CONTEXT('2D SPACE',''
  ) );
#8209 = ORIENTED_EDGE('',*,*,#8210,.F.);
#8210 = EDGE_CURVE('',#8211,#8182,#8213,.T.);
#8211 = VERTEX_POINT('',#8212);
#8212 = CARTESIAN_POINT('',(39.9,27.9,1.));
#8213 = SURFACE_CURVE('',#8214,(#8218,#8225),.PCURVE_S1.);
#8214 = LINE('',#8215,#8216);
#8215 = CARTESIAN_POINT('',(39.9,27.9,-0.5));
#8216 = VECTOR('',#8217,1.);
#8217 = DIRECTION('',(0.,-0.,1.));
#8218 = PCURVE('',#8007,#8219);
#8219 = DEFINITIONAL_REPRESENTATION('',(#8220),#8224);
#8220 = LINE('',#8221,#8222);
#8221 = CARTESIAN_POINT('',(0.5,80.8));
#8222 = VECTOR('',#8223,1.);
#8223 = DIRECTION('',(1.,0.));
#8224 = ( GEOMETRIC_REPRESENTATION_CONTEXT(2) 
PARAMETRIC_REPRESENTATION_CONTEXT() REPRESENTATION_CONTEXT('2D SPACE',''
  ) );
#8225 = PCURVE('',#8226,#8231);
#8226 = PLANE('',#8227);
#8227 = AXIS2_PLACEMENT_3D('',#8228,#8229,#8230);
#8228 = CARTESIAN_POINT('',(39.9,-29.9,0.));
#8229 = DIRECTION('',(1.,0.,0.));
#8230 = DIRECTION('',(0.,0.,1.));
#8231 = DEFINITIONAL_REPRESENTATION('',(#8232),#8236);
#8232 = LINE('',#8233,#8234);
#8233 = CARTESIAN_POINT('',(-0.5,-57.8));
#8234 = VECTOR('',#8235,1.);
#8235 = DIRECTION('',(1.,0.));
#8236 = ( GEOMETRIC_REPRESENTATION_CONTEXT(2) 
PARAMETRIC_REPRESENTATION_CONTEXT() REPRESENTATION_CONTEXT('2D SPACE',''
  ) );
#8237 = ORIENTED_EDGE('',*,*,#8238,.T.);
#8238 = EDGE_CURVE('',#8211,#8239,#8241,.T.);
#8239 = VERTEX_POINT('',#8240);
#8240 = CARTESIAN_POINT('',(38.9,27.9,-2.22044604925E-16));
#8241 = SURFACE_CURVE('',#8242,(#8247,#8254),.PCURVE_S1.);
#8242 = CIRCLE('',#8243,1.);
#8243 = AXIS2_PLACEMENT_3D('',#8244,#8245,#8246);
#8244 = CARTESIAN_POINT('',(38.9,27.9,1.));
#8245 = DIRECTION('',(0.,1.,0.));
#8246 = DIRECTION('',(1.,0.,-0.));
#8247 = PCURVE('',#8007,#8248);
#8248 = DEFINITIONAL_REPRESENTATION('',(#8249),#8253);
#8249 = CIRCLE('',#8250,1.);
#8250 = AXIS2_PLACEMENT_2D('',#8251,#8252);
#8251 = CARTESIAN_POINT('',(2.,79.8));
#8252 = DIRECTION('',(0.,1.));
#8253 = ( GEOMETRIC_REPRESENTATION_CONTEXT(2) 
PARAMETRIC_REPRESENTATION_CONTEXT() REPRESENTATION_CONTEXT('2D SPACE',''
  ) );
#8254 = PCURVE('',#8255,#8260);
#8255 = CYLINDRICAL_SURFACE('',#8256,1.);
#8256 = AXIS2_PLACEMENT_3D('',#8257,#8258,#8259);
#8257 = CARTESIAN_POINT('',(38.9,-29.9,1.));
#8258 = DIRECTION('',(0.,1.,0.));
#8259 = DIRECTION('',(1.,0.,-0.));
#8260 = DEFINITIONAL_REPRESENTATION('',(#8261),#8265);
#8261 = LINE('',#8262,#8263);
#8262 = CARTESIAN_POINT('',(0.,57.8));
#8263 = VECTOR('',#8264,1.);
#8264 = DIRECTION('',(1.,0.));
#8265 = ( GEOMETRIC_REPRESENTATION_CONTEXT(2) 
PARAMETRIC_REPRESENTATION_CONTEXT() REPRESENTATION_CONTEXT('2D SPACE',''
  ) );
#8266 = ORIENTED_EDGE('',*,*,#8267,.T.);
#8267 = EDGE_CURVE('',#8239,#8105,#8268,.T.);
#8268 = SURFACE_CURVE('',#8269,(#8273,#8280),.PCURVE_S1.);
#8269 = LINE('',#8270,#8271);
#8270 = CARTESIAN_POINT('',(-40.4,27.9,-1.387778780781E-17));
#8271 = VECTOR('',#8272,1.);
#8272 = DIRECTION('',(-1.,-0.,0.));
#8273 = PCURVE('',#8007,#8274);
#8274 = DEFINITIONAL_REPRESENTATION('',(#8275),#8279);
#8275 = LINE('',#8276,#8277);
#8276 = CARTESIAN_POINT('',(1.,0.5));
#8277 = VECTOR('',#8278,1.);
#8278 = DIRECTION('',(0.,-1.));
#8279 = ( GEOMETRIC_REPRESENTATION_CONTEXT(2) 
PARAMETRIC_REPRESENTATION_CONTEXT() REPRESENTATION_CONTEXT('2D SPACE',''
  ) );
#8280 = PCURVE('',#8281,#8286);
#8281 = PLANE('',#8282);
#8282 = AXIS2_PLACEMENT_3D('',#8283,#8284,#8285);
#8283 = CARTESIAN_POINT('',(-39.9,-29.9,0.));
#8284 = DIRECTION('',(0.,0.,1.));
#8285 = DIRECTION('',(1.,0.,0.));
#8286 = DEFINITIONAL_REPRESENTATION('',(#8287),#8291);
#8287 = LINE('',#8288,#8289);
#8288 = CARTESIAN_POINT('',(-0.5,57.8));
#8289 = VECTOR('',#8290,1.);
#8290 = DIRECTION('',(-1.,0.));
#8291 = ( GEOMETRIC_REPRESENTATION_CONTEXT(2) 
PARAMETRIC_REPRESENTATION_CONTEXT() REPRESENTATION_CONTEXT('2D SPACE',''
  ) );
#8292 = FACE_BOUND('',#8293,.F.);
#8293 = EDGE_LOOP('',(#8294,#8324,#8352,#8380));
#8294 = ORIENTED_EDGE('',*,*,#8295,.F.);
#8295 = EDGE_CURVE('',#8296,#8298,#8300,.T.);
#8296 = VERTEX_POINT('',#8297);
#8297 = CARTESIAN_POINT('',(-37.7,27.9,17.6));
#8298 = VERTEX_POINT('',#8299);
#8299 = CARTESIAN_POINT('',(37.7,27.9,17.6));
#8300 = SURFACE_CURVE('',#8301,(#8305,#8312),.PCURVE_S1.);
#8301 = LINE('',#8302,#8303);
#8302 = CARTESIAN_POINT('',(-37.7,27.9,17.6));
#8303 = VECTOR('',#8304,1.);
#8304 = DIRECTION('',(1.,0.,-0.));
#8305 = PCURVE('',#8007,#8306);
#8306 = DEFINITIONAL_REPRESENTATION('',(#8307),#8311);
#8307 = LINE('',#8308,#8309);
#8308 = CARTESIAN_POINT('',(18.6,3.2));
#8309 = VECTOR('',#8310,1.);
#8310 = DIRECTION('',(0.,1.));
#8311 = ( GEOMETRIC_REPRESENTATION_CONTEXT(2) 
PARAMETRIC_REPRESENTATION_CONTEXT() REPRESENTATION_CONTEXT('2D SPACE',''
  ) );
#8312 = PCURVE('',#8313,#8318);
#8313 = PLANE('',#8314);
#8314 = AXIS2_PLACEMENT_3D('',#8315,#8316,#8317);
#8315 = CARTESIAN_POINT('',(-37.7,25.5,17.6));
#8316 = DIRECTION('',(0.,0.,1.));
#8317 = DIRECTION('',(1.,0.,-0.));
#8318 = DEFINITIONAL_REPRESENTATION('',(#8319),#8323);
#8319 = LINE('',#8320,#8321);
#8320 = CARTESIAN_POINT('',(0.,2.4));
#8321 = VECTOR('',#8322,1.);
#8322 = DIRECTION('',(1.,0.));
#8323 = ( GEOMETRIC_REPRESENTATION_CONTEXT(2) 
PARAMETRIC_REPRESENTATION_CONTEXT() REPRESENTATION_CONTEXT('2D SPACE',''
  ) );
#8324 = ORIENTED_EDGE('',*,*,#8325,.F.);
#8325 = EDGE_CURVE('',#8326,#8296,#8328,.T.);
#8326 = VERTEX_POINT('',#8327);
#8327 = CARTESIAN_POINT('',(-37.7,27.9,2.2));
#8328 = SURFACE_CURVE('',#8329,(#8333,#8340),.PCURVE_S1.);
#8329 = LINE('',#8330,#8331);
#8330 = CARTESIAN_POINT('',(-37.7,27.9,2.2));
#8331 = VECTOR('',#8332,1.);
#8332 = DIRECTION('',(0.,0.,1.));
#8333 = PCURVE('',#8007,#8334);
#8334 = DEFINITIONAL_REPRESENTATION('',(#8335),#8339);
#8335 = LINE('',#8336,#8337);
#8336 = CARTESIAN_POINT('',(3.2,3.2));
#8337 = VECTOR('',#8338,1.);
#8338 = DIRECTION('',(1.,0.));
#8339 = ( GEOMETRIC_REPRESENTATION_CONTEXT(2) 
PARAMETRIC_REPRESENTATION_CONTEXT() REPRESENTATION_CONTEXT('2D SPACE',''
  ) );
#8340 = PCURVE('',#8341,#8346);
#8341 = PLANE('',#8342);
#8342 = AXIS2_PLACEMENT_3D('',#8343,#8344,#8345);
#8343 = CARTESIAN_POINT('',(-37.7,25.5,2.2));
#8344 = DIRECTION('',(1.,0.,-0.));
#8345 = DIRECTION('',(0.,0.,1.));
#8346 = DEFINITIONAL_REPRESENTATION('',(#8347),#8351);
#8347 = LINE('',#8348,#8349);
#8348 = CARTESIAN_POINT('',(0.,-2.4));
#8349 = VECTOR('',#8350,1.);
#8350 = DIRECTION('',(1.,0.));
#8351 = ( GEOMETRIC_REPRESENTATION_CONTEXT(2) 
PARAMETRIC_REPRESENTATION_CONTEXT() REPRESENTATION_CONTEXT('2D SPACE',''
  ) );
#8352 = ORIENTED_EDGE('',*,*,#8353,.T.);
#8353 = EDGE_CURVE('',#8326,#8354,#8356,.T.);
#8354 = VERTEX_POINT('',#8355);
#8355 = CARTESIAN_POINT('',(37.7,27.9,2.2));
#8356 = SURFACE_CURVE('',#8357,(#8361,#8368),.PCURVE_S1.);
#8357 = LINE('',#8358,#8359);
#8358 = CARTESIAN_POINT('',(-37.7,27.9,2.2));
#8359 = VECTOR('',#8360,1.);
#8360 = DIRECTION('',(1.,0.,-0.));
#8361 = PCURVE('',#8007,#8362);
#8362 = DEFINITIONAL_REPRESENTATION('',(#8363),#8367);
#8363 = LINE('',#8364,#8365);
#8364 = CARTESIAN_POINT('',(3.2,3.2));
#8365 = VECTOR('',#8366,1.);
#8366 = DIRECTION('',(0.,1.));
#8367 = ( GEOMETRIC_REPRESENTATION_CONTEXT(2) 
PARAMETRIC_REPRESENTATION_CONTEXT() REPRESENTATION_CONTEXT('2D SPACE',''
  ) );
#8368 = PCURVE('',#8369,#8374);
#8369 = PLANE('',#8370);
#8370 = AXIS2_PLACEMENT_3D('',#8371,#8372,#8373);
#8371 = CARTESIAN_POINT('',(-37.7,25.5,2.2));
#8372 = DIRECTION('',(0.,0.,1.));
#8373 = DIRECTION('',(1.,0.,-0.));
#8374 = DEFINITIONAL_REPRESENTATION('',(#8375),#8379);
#8375 = LINE('',#8376,#8377);
#8376 = CARTESIAN_POINT('',(0.,2.4));
#8377 = VECTOR('',#8378,1.);
#8378 = DIRECTION('',(1.,0.));
#8379 = ( GEOMETRIC_REPRESENTATION_CONTEXT(2) 
PARAMETRIC_REPRESENTATION_CONTEXT() REPRESENTATION_CONTEXT('2D SPACE',''
  ) );
#8380 = ORIENTED_EDGE('',*,*,#8381,.T.);
#8381 = EDGE_CURVE('',#8354,#8298,#8382,.T.);
#8382 = SURFACE_CURVE('',#8383,(#8387,#8394),.PCURVE_S1.);
#8383 = LINE('',#8384,#8385);
#8384 = CARTESIAN_POINT('',(37.7,27.9,2.2));
#8385 = VECTOR('',#8386,1.);
#8386 = DIRECTION('',(0.,0.,1.));
#8387 = PCURVE('',#8007,#8388);
#8388 = DEFINITIONAL_REPRESENTATION('',(#8389),#8393);
#8389 = LINE('',#8390,#8391);
#8390 = CARTESIAN_POINT('',(3.2,78.6));
#8391 = VECTOR('',#8392,1.);
#8392 = DIRECTION('',(1.,0.));
#8393 = ( GEOMETRIC_REPRESENTATION_CONTEXT(2) 
PARAMETRIC_REPRESENTATION_CONTEXT() REPRESENTATION_CONTEXT('2D SPACE',''
  ) );
#8394 = PCURVE('',#8395,#8400);
#8395 = PLANE('',#8396);
#8396 = AXIS2_PLACEMENT_3D('',#8397,#8398,#8399);
#8397 = CARTESIAN_POINT('',(37.7,25.5,2.2));
#8398 = DIRECTION('',(1.,0.,-0.));
#8399 = DIRECTION('',(0.,0.,1.));
#8400 = DEFINITIONAL_REPRESENTATION('',(#8401),#8405);
#8401 = LINE('',#8402,#8403);
#8402 = CARTESIAN_POINT('',(0.,-2.4));
#8403 = VECTOR('',#8404,1.);
#8404 = DIRECTION('',(1.,0.));
#8405 = ( GEOMETRIC_REPRESENTATION_CONTEXT(2) 
PARAMETRIC_REPRESENTATION_CONTEXT() REPRESENTATION_CONTEXT('2D SPACE',''
  ) );
#8406 = ADVANCED_FACE('',(#8407),#8089,.T.);
#8407 = FACE_BOUND('',#8408,.T.);
#8408 = EDGE_LOOP('',(#8409,#8410,#8411,#8434,#8473));
#8409 = ORIENTED_EDGE('',*,*,#8075,.F.);
#8410 = ORIENTED_EDGE('',*,*,#8129,.T.);
#8411 = ORIENTED_EDGE('',*,*,#8412,.T.);
#8412 = EDGE_CURVE('',#8130,#8413,#8415,.T.);
#8413 = VERTEX_POINT('',#8414);
#8414 = CARTESIAN_POINT('',(-38.9,28.9,19.8));
#8415 = SURFACE_CURVE('',#8416,(#8420,#8427),.PCURVE_S1.);
#8416 = LINE('',#8417,#8418);
#8417 = CARTESIAN_POINT('',(-38.9,-29.9,19.8));
#8418 = VECTOR('',#8419,1.);
#8419 = DIRECTION('',(0.,1.,0.));
#8420 = PCURVE('',#8089,#8421);
#8421 = DEFINITIONAL_REPRESENTATION('',(#8422),#8426);
#8422 = LINE('',#8423,#8424);
#8423 = CARTESIAN_POINT('',(1.570796326795,0.));
#8424 = VECTOR('',#8425,1.);
#8425 = DIRECTION('',(0.,1.));
#8426 = ( GEOMETRIC_REPRESENTATION_CONTEXT(2) 
PARAMETRIC_REPRESENTATION_CONTEXT() REPRESENTATION_CONTEXT('2D SPACE',''
  ) );
#8427 = PCURVE('',#8169,#8428);
#8428 = DEFINITIONAL_REPRESENTATION('',(#8429),#8433);
#8429 = LINE('',#8430,#8431);
#8430 = CARTESIAN_POINT('',(1.,0.));
#8431 = VECTOR('',#8432,1.);
#8432 = DIRECTION('',(0.,1.));
#8433 = ( GEOMETRIC_REPRESENTATION_CONTEXT(2) 
PARAMETRIC_REPRESENTATION_CONTEXT() REPRESENTATION_CONTEXT('2D SPACE',''
  ) );
#8434 = ORIENTED_EDGE('',*,*,#8435,.F.);
#8435 = EDGE_CURVE('',#8436,#8413,#8438,.T.);
#8436 = VERTEX_POINT('',#8437);
#8437 = CARTESIAN_POINT('',(-39.60710678118,29.607106781187,
    19.507106781187));
#8438 = SURFACE_CURVE('',#8439,(#8444,#8456),.PCURVE_S1.);
#8439 = ELLIPSE('',#8440,1.414213562373,1.);
#8440 = AXIS2_PLACEMENT_3D('',#8441,#8442,#8443);
#8441 = CARTESIAN_POINT('',(-38.9,28.9,18.8));
#8442 = DIRECTION('',(0.707106781187,0.707106781187,0.));
#8443 = DIRECTION('',(0.707106781187,-0.707106781187,0.));
#8444 = PCURVE('',#8089,#8445);
#8445 = DEFINITIONAL_REPRESENTATION('',(#8446),#8455);
#8446 = B_SPLINE_CURVE_WITH_KNOTS('',7,(#8447,#8448,#8449,#8450,#8451,
    #8452,#8453,#8454),.UNSPECIFIED.,.F.,.F.,(8,8),(3.14159265359,
    4.712388980385),.PIECEWISE_BEZIER_KNOTS.);
#8447 = CARTESIAN_POINT('',(0.,59.8));
#8448 = CARTESIAN_POINT('',(0.224399475256,59.8));
#8449 = CARTESIAN_POINT('',(0.448798950513,59.741251327392));
#8450 = CARTESIAN_POINT('',(0.67319842577,59.623762504633));
#8451 = CARTESIAN_POINT('',(0.897597901025,59.454746825781));
#8452 = CARTESIAN_POINT('',(1.121997376282,59.248798039317));
#8453 = CARTESIAN_POINT('',(1.346396851538,59.024399475256));
#8454 = CARTESIAN_POINT('',(1.570796326795,58.8));
#8455 = ( GEOMETRIC_REPRESENTATION_CONTEXT(2) 
PARAMETRIC_REPRESENTATION_CONTEXT() REPRESENTATION_CONTEXT('2D SPACE',''
  ) );
#8456 = PCURVE('',#8457,#8462);
#8457 = CYLINDRICAL_SURFACE('',#8458,1.);
#8458 = AXIS2_PLACEMENT_3D('',#8459,#8460,#8461);
#8459 = CARTESIAN_POINT('',(-39.9,28.9,18.8));
#8460 = DIRECTION('',(1.,0.,0.));
#8461 = DIRECTION('',(-0.,1.,0.));
#8462 = DEFINITIONAL_REPRESENTATION('',(#8463),#8472);
#8463 = B_SPLINE_CURVE_WITH_KNOTS('',7,(#8464,#8465,#8466,#8467,#8468,
    #8469,#8470,#8471),.UNSPECIFIED.,.F.,.F.,(8,8),(3.14159265359,
    4.712388980385),.PIECEWISE_BEZIER_KNOTS.);
#8464 = CARTESIAN_POINT('',(0.,-2.22044604925E-16));
#8465 = CARTESIAN_POINT('',(0.224399475256,-2.495256148353E-16));
#8466 = CARTESIAN_POINT('',(0.448798950513,5.874867260998E-02));
#8467 = CARTESIAN_POINT('',(0.673198425769,0.176237495375));
#8468 = CARTESIAN_POINT('',(0.897597901026,0.345253174226));
#8469 = CARTESIAN_POINT('',(1.121997376282,0.551201960681));
#8470 = CARTESIAN_POINT('',(1.346396851538,0.775600524744));
#8471 = CARTESIAN_POINT('',(1.570796326795,1.));
#8472 = ( GEOMETRIC_REPRESENTATION_CONTEXT(2) 
PARAMETRIC_REPRESENTATION_CONTEXT() REPRESENTATION_CONTEXT('2D SPACE',''
  ) );
#8473 = ORIENTED_EDGE('',*,*,#8474,.F.);
#8474 = EDGE_CURVE('',#8048,#8436,#8475,.T.);
#8475 = SURFACE_CURVE('',#8476,(#8481,#8493),.PCURVE_S1.);
#8476 = ELLIPSE('',#8477,1.414213562373,1.);
#8477 = AXIS2_PLACEMENT_3D('',#8478,#8479,#8480);
#8478 = CARTESIAN_POINT('',(-38.9,28.9,18.8));
#8479 = DIRECTION('',(0.,0.707106781187,-0.707106781187));
#8480 = DIRECTION('',(0.,0.707106781187,0.707106781187));
#8481 = PCURVE('',#8089,#8482);
#8482 = DEFINITIONAL_REPRESENTATION('',(#8483),#8492);
#8483 = B_SPLINE_CURVE_WITH_KNOTS('',7,(#8484,#8485,#8486,#8487,#8488,
    #8489,#8490,#8491),.UNSPECIFIED.,.F.,.F.,(8,8),(4.712388980385,
    6.28318530718),.PIECEWISE_BEZIER_KNOTS.);
#8484 = CARTESIAN_POINT('',(0.,58.8));
#8485 = CARTESIAN_POINT('',(0.224399475256,59.024399475256));
#8486 = CARTESIAN_POINT('',(0.448798950513,59.248798039309));
#8487 = CARTESIAN_POINT('',(0.673198425769,59.454746825796));
#8488 = CARTESIAN_POINT('',(0.897597901026,59.623762504603));
#8489 = CARTESIAN_POINT('',(1.121997376282,59.741251327399));
#8490 = CARTESIAN_POINT('',(1.346396851538,59.8));
#8491 = CARTESIAN_POINT('',(1.570796326795,59.8));
#8492 = ( GEOMETRIC_REPRESENTATION_CONTEXT(2) 
PARAMETRIC_REPRESENTATION_CONTEXT() REPRESENTATION_CONTEXT('2D SPACE',''
  ) );
#8493 = PCURVE('',#8063,#8494);
#8494 = DEFINITIONAL_REPRESENTATION('',(#8495),#8504);
#8495 = B_SPLINE_CURVE_WITH_KNOTS('',7,(#8496,#8497,#8498,#8499,#8500,
    #8501,#8502,#8503),.UNSPECIFIED.,.F.,.F.,(8,8),(4.712388980385,
    6.28318530718),.PIECEWISE_BEZIER_KNOTS.);
#8496 = CARTESIAN_POINT('',(0.,18.8));
#8497 = CARTESIAN_POINT('',(-0.224399475256,19.024399475256));
#8498 = CARTESIAN_POINT('',(-0.448798950513,19.248798039317));
#8499 = CARTESIAN_POINT('',(-0.673198425769,19.45474682578));
#8500 = CARTESIAN_POINT('',(-0.897597901026,19.623762504624));
#8501 = CARTESIAN_POINT('',(-1.121997376282,19.741251327391));
#8502 = CARTESIAN_POINT('',(-1.346396851538,19.8));
#8503 = CARTESIAN_POINT('',(-1.570796326795,19.8));
#8504 = ( GEOMETRIC_REPRESENTATION_CONTEXT(2) 
PARAMETRIC_REPRESENTATION_CONTEXT() REPRESENTATION_CONTEXT('2D SPACE',''
  ) );
#8505 = ADVANCED_FACE('',(#8506),#8063,.T.);
#8506 = FACE_BOUND('',#8507,.F.);
#8507 = EDGE_LOOP('',(#8508,#8509,#8543,#8582,#8610,#8642));
#8508 = ORIENTED_EDGE('',*,*,#8047,.F.);
#8509 = ORIENTED_EDGE('',*,*,#8510,.F.);
#8510 = EDGE_CURVE('',#8511,#8020,#8513,.T.);
#8511 = VERTEX_POINT('',#8512);
#8512 = CARTESIAN_POINT('',(-39.60710678118,29.607106781187,
    0.292893218813));
#8513 = SURFACE_CURVE('',#8514,(#8519,#8531),.PCURVE_S1.);
#8514 = ELLIPSE('',#8515,1.414213562373,1.);
#8515 = AXIS2_PLACEMENT_3D('',#8516,#8517,#8518);
#8516 = CARTESIAN_POINT('',(-38.9,28.9,1.));
#8517 = DIRECTION('',(0.,0.707106781187,0.707106781187));
#8518 = DIRECTION('',(0.,0.707106781187,-0.707106781187));
#8519 = PCURVE('',#8063,#8520);
#8520 = DEFINITIONAL_REPRESENTATION('',(#8521),#8530);
#8521 = B_SPLINE_CURVE_WITH_KNOTS('',7,(#8522,#8523,#8524,#8525,#8526,
    #8527,#8528,#8529),.UNSPECIFIED.,.F.,.F.,(8,8),(0.,1.570796326795),
  .PIECEWISE_BEZIER_KNOTS.);
#8522 = CARTESIAN_POINT('',(-1.570796326795,-2.22044604925E-16));
#8523 = CARTESIAN_POINT('',(-1.346396851538,-2.22044604925E-16));
#8524 = CARTESIAN_POINT('',(-1.121997376282,5.874867260995E-02));
#8525 = CARTESIAN_POINT('',(-0.897597901026,0.176237495375));
#8526 = CARTESIAN_POINT('',(-0.67319842577,0.345253174226));
#8527 = CARTESIAN_POINT('',(-0.448798950513,0.551201960681));
#8528 = CARTESIAN_POINT('',(-0.224399475256,0.775600524744));
#8529 = CARTESIAN_POINT('',(0.,1.));
#8530 = ( GEOMETRIC_REPRESENTATION_CONTEXT(2) 
PARAMETRIC_REPRESENTATION_CONTEXT() REPRESENTATION_CONTEXT('2D SPACE',''
  ) );
#8531 = PCURVE('',#8035,#8532);
#8532 = DEFINITIONAL_REPRESENTATION('',(#8533),#8542);
#8533 = B_SPLINE_CURVE_WITH_KNOTS('',7,(#8534,#8535,#8536,#8537,#8538,
    #8539,#8540,#8541),.UNSPECIFIED.,.F.,.F.,(8,8),(0.,1.570796326795),
  .PIECEWISE_BEZIER_KNOTS.);
#8534 = CARTESIAN_POINT('',(-1.570796326795,59.8));
#8535 = CARTESIAN_POINT('',(-1.346396851538,59.8));
#8536 = CARTESIAN_POINT('',(-1.121997376282,59.741251327379));
#8537 = CARTESIAN_POINT('',(-0.897597901026,59.62376250467));
#8538 = CARTESIAN_POINT('',(-0.673198425769,59.454746825738));
#8539 = CARTESIAN_POINT('',(-0.448798950513,59.248798039331));
#8540 = CARTESIAN_POINT('',(-0.224399475256,59.024399475256));
#8541 = CARTESIAN_POINT('',(-1.110223024625E-16,58.8));
#8542 = ( GEOMETRIC_REPRESENTATION_CONTEXT(2) 
PARAMETRIC_REPRESENTATION_CONTEXT() REPRESENTATION_CONTEXT('2D SPACE',''
  ) );
#8543 = ORIENTED_EDGE('',*,*,#8544,.T.);
#8544 = EDGE_CURVE('',#8511,#8545,#8547,.T.);
#8545 = VERTEX_POINT('',#8546);
#8546 = CARTESIAN_POINT('',(-38.9,29.9,1.));
#8547 = SURFACE_CURVE('',#8548,(#8553,#8565),.PCURVE_S1.);
#8548 = ELLIPSE('',#8549,1.414213562373,1.);
#8549 = AXIS2_PLACEMENT_3D('',#8550,#8551,#8552);
#8550 = CARTESIAN_POINT('',(-38.9,28.9,1.));
#8551 = DIRECTION('',(0.707106781187,0.,-0.707106781187));
#8552 = DIRECTION('',(0.707106781187,0.,0.707106781187));
#8553 = PCURVE('',#8063,#8554);
#8554 = DEFINITIONAL_REPRESENTATION('',(#8555),#8564);
#8555 = B_SPLINE_CURVE_WITH_KNOTS('',7,(#8556,#8557,#8558,#8559,#8560,
    #8561,#8562,#8563),.UNSPECIFIED.,.F.,.F.,(8,8),(3.14159265359,
    4.712388980385),.PIECEWISE_BEZIER_KNOTS.);
#8556 = CARTESIAN_POINT('',(0.,-2.22044604925E-16));
#8557 = CARTESIAN_POINT('',(-0.224399475256,-2.495256148353E-16));
#8558 = CARTESIAN_POINT('',(-0.448798950513,5.874867260998E-02));
#8559 = CARTESIAN_POINT('',(-0.673198425769,0.176237495375));
#8560 = CARTESIAN_POINT('',(-0.897597901026,0.345253174226));
#8561 = CARTESIAN_POINT('',(-1.121997376282,0.551201960681));
#8562 = CARTESIAN_POINT('',(-1.346396851538,0.775600524744));
#8563 = CARTESIAN_POINT('',(-1.570796326795,1.));
#8564 = ( GEOMETRIC_REPRESENTATION_CONTEXT(2) 
PARAMETRIC_REPRESENTATION_CONTEXT() REPRESENTATION_CONTEXT('2D SPACE',''
  ) );
#8565 = PCURVE('',#8566,#8571);
#8566 = CYLINDRICAL_SURFACE('',#8567,1.);
#8567 = AXIS2_PLACEMENT_3D('',#8568,#8569,#8570);
#8568 = CARTESIAN_POINT('',(-39.9,28.9,1.));
#8569 = DIRECTION('',(1.,0.,0.));
#8570 = DIRECTION('',(-0.,1.,0.));
#8571 = DEFINITIONAL_REPRESENTATION('',(#8572),#8581);
#8572 = B_SPLINE_CURVE_WITH_KNOTS('',7,(#8573,#8574,#8575,#8576,#8577,
    #8578,#8579,#8580),.UNSPECIFIED.,.F.,.F.,(8,8),(3.14159265359,
    4.712388980385),.PIECEWISE_BEZIER_KNOTS.);
#8573 = CARTESIAN_POINT('',(-1.570796326795,-2.22044604925E-16));
#8574 = CARTESIAN_POINT('',(-1.346396851538,-2.495256148353E-16));
#8575 = CARTESIAN_POINT('',(-1.121997376282,5.874867260998E-02));
#8576 = CARTESIAN_POINT('',(-0.897597901025,0.176237495375));
#8577 = CARTESIAN_POINT('',(-0.67319842577,0.345253174226));
#8578 = CARTESIAN_POINT('',(-0.448798950513,0.551201960681));
#8579 = CARTESIAN_POINT('',(-0.224399475256,0.775600524744));
#8580 = CARTESIAN_POINT('',(-2.22044604925E-16,1.));
#8581 = ( GEOMETRIC_REPRESENTATION_CONTEXT(2) 
PARAMETRIC_REPRESENTATION_CONTEXT() REPRESENTATION_CONTEXT('2D SPACE',''
  ) );
#8582 = ORIENTED_EDGE('',*,*,#8583,.T.);
#8583 = EDGE_CURVE('',#8545,#8584,#8586,.T.);
#8584 = VERTEX_POINT('',#8585);
#8585 = CARTESIAN_POINT('',(-38.9,29.9,18.8));
#8586 = SURFACE_CURVE('',#8587,(#8591,#8598),.PCURVE_S1.);
#8587 = LINE('',#8588,#8589);
#8588 = CARTESIAN_POINT('',(-38.9,29.9,0.));
#8589 = VECTOR('',#8590,1.);
#8590 = DIRECTION('',(0.,0.,1.));
#8591 = PCURVE('',#8063,#8592);
#8592 = DEFINITIONAL_REPRESENTATION('',(#8593),#8597);
#8593 = LINE('',#8594,#8595);
#8594 = CARTESIAN_POINT('',(-1.570796326795,0.));
#8595 = VECTOR('',#8596,1.);
#8596 = DIRECTION('',(-0.,1.));
#8597 = ( GEOMETRIC_REPRESENTATION_CONTEXT(2) 
PARAMETRIC_REPRESENTATION_CONTEXT() REPRESENTATION_CONTEXT('2D SPACE',''
  ) );
#8598 = PCURVE('',#8599,#8604);
#8599 = PLANE('',#8600);
#8600 = AXIS2_PLACEMENT_3D('',#8601,#8602,#8603);
#8601 = CARTESIAN_POINT('',(-39.9,29.9,0.));
#8602 = DIRECTION('',(0.,1.,0.));
#8603 = DIRECTION('',(0.,0.,1.));
#8604 = DEFINITIONAL_REPRESENTATION('',(#8605),#8609);
#8605 = LINE('',#8606,#8607);
#8606 = CARTESIAN_POINT('',(0.,1.));
#8607 = VECTOR('',#8608,1.);
#8608 = DIRECTION('',(1.,0.));
#8609 = ( GEOMETRIC_REPRESENTATION_CONTEXT(2) 
PARAMETRIC_REPRESENTATION_CONTEXT() REPRESENTATION_CONTEXT('2D SPACE',''
  ) );
#8610 = ORIENTED_EDGE('',*,*,#8611,.T.);
#8611 = EDGE_CURVE('',#8584,#8436,#8612,.T.);
#8612 = SURFACE_CURVE('',#8613,(#8618,#8630),.PCURVE_S1.);
#8613 = ELLIPSE('',#8614,1.414213562373,1.);
#8614 = AXIS2_PLACEMENT_3D('',#8615,#8616,#8617);
#8615 = CARTESIAN_POINT('',(-38.9,28.9,18.8));
#8616 = DIRECTION('',(0.707106781187,0.,0.707106781187));
#8617 = DIRECTION('',(0.707106781187,0.,-0.707106781187));
#8618 = PCURVE('',#8063,#8619);
#8619 = DEFINITIONAL_REPRESENTATION('',(#8620),#8629);
#8620 = B_SPLINE_CURVE_WITH_KNOTS('',7,(#8621,#8622,#8623,#8624,#8625,
    #8626,#8627,#8628),.UNSPECIFIED.,.F.,.F.,(8,8),(1.570796326795,
    3.14159265359),.PIECEWISE_BEZIER_KNOTS.);
#8621 = CARTESIAN_POINT('',(-1.570796326795,18.8));
#8622 = CARTESIAN_POINT('',(-1.346396851538,19.024399475256));
#8623 = CARTESIAN_POINT('',(-1.121997376282,19.248798039317));
#8624 = CARTESIAN_POINT('',(-0.897597901026,19.45474682578));
#8625 = CARTESIAN_POINT('',(-0.673198425769,19.623762504624));
#8626 = CARTESIAN_POINT('',(-0.448798950513,19.741251327391));
#8627 = CARTESIAN_POINT('',(-0.224399475256,19.8));
#8628 = CARTESIAN_POINT('',(0.,19.8));
#8629 = ( GEOMETRIC_REPRESENTATION_CONTEXT(2) 
PARAMETRIC_REPRESENTATION_CONTEXT() REPRESENTATION_CONTEXT('2D SPACE',''
  ) );
#8630 = PCURVE('',#8457,#8631);
#8631 = DEFINITIONAL_REPRESENTATION('',(#8632),#8641);
#8632 = B_SPLINE_CURVE_WITH_KNOTS('',7,(#8633,#8634,#8635,#8636,#8637,
    #8638,#8639,#8640),.UNSPECIFIED.,.F.,.F.,(8,8),(1.570796326795,
    3.14159265359),.PIECEWISE_BEZIER_KNOTS.);
#8633 = CARTESIAN_POINT('',(0.,1.));
#8634 = CARTESIAN_POINT('',(0.224399475256,0.775600524744));
#8635 = CARTESIAN_POINT('',(0.448798950513,0.551201960681));
#8636 = CARTESIAN_POINT('',(0.673198425769,0.345253174226));
#8637 = CARTESIAN_POINT('',(0.897597901026,0.176237495375));
#8638 = CARTESIAN_POINT('',(1.121997376282,5.874867260997E-02));
#8639 = CARTESIAN_POINT('',(1.346396851538,-1.945635950147E-16));
#8640 = CARTESIAN_POINT('',(1.570796326795,-2.22044604925E-16));
#8641 = ( GEOMETRIC_REPRESENTATION_CONTEXT(2) 
PARAMETRIC_REPRESENTATION_CONTEXT() REPRESENTATION_CONTEXT('2D SPACE',''
  ) );
#8642 = ORIENTED_EDGE('',*,*,#8474,.F.);
#8643 = ADVANCED_FACE('',(#8644),#8035,.T.);
#8644 = FACE_BOUND('',#8645,.F.);
#8645 = EDGE_LOOP('',(#8646,#8647,#8648,#8671,#8703));
#8646 = ORIENTED_EDGE('',*,*,#8019,.F.);
#8647 = ORIENTED_EDGE('',*,*,#8104,.F.);
#8648 = ORIENTED_EDGE('',*,*,#8649,.T.);
#8649 = EDGE_CURVE('',#8105,#8650,#8652,.T.);
#8650 = VERTEX_POINT('',#8651);
#8651 = CARTESIAN_POINT('',(-38.9,28.9,-2.22044604925E-16));
#8652 = SURFACE_CURVE('',#8653,(#8657,#8664),.PCURVE_S1.);
#8653 = LINE('',#8654,#8655);
#8654 = CARTESIAN_POINT('',(-38.9,-29.9,-2.22044604925E-16));
#8655 = VECTOR('',#8656,1.);
#8656 = DIRECTION('',(0.,1.,0.));
#8657 = PCURVE('',#8035,#8658);
#8658 = DEFINITIONAL_REPRESENTATION('',(#8659),#8663);
#8659 = LINE('',#8660,#8661);
#8660 = CARTESIAN_POINT('',(-1.570796326795,0.));
#8661 = VECTOR('',#8662,1.);
#8662 = DIRECTION('',(-0.,1.));
#8663 = ( GEOMETRIC_REPRESENTATION_CONTEXT(2) 
PARAMETRIC_REPRESENTATION_CONTEXT() REPRESENTATION_CONTEXT('2D SPACE',''
  ) );
#8664 = PCURVE('',#8281,#8665);
#8665 = DEFINITIONAL_REPRESENTATION('',(#8666),#8670);
#8666 = LINE('',#8667,#8668);
#8667 = CARTESIAN_POINT('',(1.,0.));
#8668 = VECTOR('',#8669,1.);
#8669 = DIRECTION('',(0.,1.));
#8670 = ( GEOMETRIC_REPRESENTATION_CONTEXT(2) 
PARAMETRIC_REPRESENTATION_CONTEXT() REPRESENTATION_CONTEXT('2D SPACE',''
  ) );
#8671 = ORIENTED_EDGE('',*,*,#8672,.T.);
#8672 = EDGE_CURVE('',#8650,#8511,#8673,.T.);
#8673 = SURFACE_CURVE('',#8674,(#8679,#8691),.PCURVE_S1.);
#8674 = ELLIPSE('',#8675,1.414213562373,1.);
#8675 = AXIS2_PLACEMENT_3D('',#8676,#8677,#8678);
#8676 = CARTESIAN_POINT('',(-38.9,28.9,1.));
#8677 = DIRECTION('',(0.707106781187,0.707106781187,0.));
#8678 = DIRECTION('',(0.707106781187,-0.707106781187,0.));
#8679 = PCURVE('',#8035,#8680);
#8680 = DEFINITIONAL_REPRESENTATION('',(#8681),#8690);
#8681 = B_SPLINE_CURVE_WITH_KNOTS('',7,(#8682,#8683,#8684,#8685,#8686,
    #8687,#8688,#8689),.UNSPECIFIED.,.F.,.F.,(8,8),(1.570796326795,
    3.14159265359),.PIECEWISE_BEZIER_KNOTS.);
#8682 = CARTESIAN_POINT('',(-1.570796326795,58.8));
#8683 = CARTESIAN_POINT('',(-1.346396851538,59.024399475256));
#8684 = CARTESIAN_POINT('',(-1.121997376282,59.248798039309));
#8685 = CARTESIAN_POINT('',(-0.897597901026,59.454746825796));
#8686 = CARTESIAN_POINT('',(-0.673198425769,59.623762504603));
#8687 = CARTESIAN_POINT('',(-0.448798950513,59.741251327399));
#8688 = CARTESIAN_POINT('',(-0.224399475256,59.8));
#8689 = CARTESIAN_POINT('',(-1.110223024625E-16,59.8));
#8690 = ( GEOMETRIC_REPRESENTATION_CONTEXT(2) 
PARAMETRIC_REPRESENTATION_CONTEXT() REPRESENTATION_CONTEXT('2D SPACE',''
  ) );
#8691 = PCURVE('',#8566,#8692);
#8692 = DEFINITIONAL_REPRESENTATION('',(#8693),#8702);
#8693 = B_SPLINE_CURVE_WITH_KNOTS('',7,(#8694,#8695,#8696,#8697,#8698,
    #8699,#8700,#8701),.UNSPECIFIED.,.F.,.F.,(8,8),(1.570796326795,
    3.14159265359),.PIECEWISE_BEZIER_KNOTS.);
#8694 = CARTESIAN_POINT('',(-1.570796326795,1.));
#8695 = CARTESIAN_POINT('',(-1.346396851538,0.775600524744));
#8696 = CARTESIAN_POINT('',(-1.121997376282,0.551201960681));
#8697 = CARTESIAN_POINT('',(-0.897597901025,0.345253174226));
#8698 = CARTESIAN_POINT('',(-0.67319842577,0.176237495375));
#8699 = CARTESIAN_POINT('',(-0.448798950513,5.874867260997E-02));
#8700 = CARTESIAN_POINT('',(-0.224399475256,-1.945635950147E-16));
#8701 = CARTESIAN_POINT('',(-1.110223024625E-16,-2.22044604925E-16));
#8702 = ( GEOMETRIC_REPRESENTATION_CONTEXT(2) 
PARAMETRIC_REPRESENTATION_CONTEXT() REPRESENTATION_CONTEXT('2D SPACE',''
  ) );
#8703 = ORIENTED_EDGE('',*,*,#8510,.T.);
#8704 = ADVANCED_FACE('',(#8705),#8281,.F.);
#8705 = FACE_BOUND('',#8706,.F.);
#8706 = EDGE_LOOP('',(#8707,#8708,#8709,#8732));
#8707 = ORIENTED_EDGE('',*,*,#8649,.F.);
#8708 = ORIENTED_EDGE('',*,*,#8267,.F.);
#8709 = ORIENTED_EDGE('',*,*,#8710,.T.);
#8710 = EDGE_CURVE('',#8239,#8711,#8713,.T.);
#8711 = VERTEX_POINT('',#8712);
#8712 = CARTESIAN_POINT('',(38.9,28.9,-2.22044604925E-16));
#8713 = SURFACE_CURVE('',#8714,(#8718,#8725),.PCURVE_S1.);
#8714 = LINE('',#8715,#8716);
#8715 = CARTESIAN_POINT('',(38.9,-29.9,-2.22044604925E-16));
#8716 = VECTOR('',#8717,1.);
#8717 = DIRECTION('',(0.,1.,0.));
#8718 = PCURVE('',#8281,#8719);
#8719 = DEFINITIONAL_REPRESENTATION('',(#8720),#8724);
#8720 = LINE('',#8721,#8722);
#8721 = CARTESIAN_POINT('',(78.8,0.));
#8722 = VECTOR('',#8723,1.);
#8723 = DIRECTION('',(0.,1.));
#8724 = ( GEOMETRIC_REPRESENTATION_CONTEXT(2) 
PARAMETRIC_REPRESENTATION_CONTEXT() REPRESENTATION_CONTEXT('2D SPACE',''
  ) );
#8725 = PCURVE('',#8255,#8726);
#8726 = DEFINITIONAL_REPRESENTATION('',(#8727),#8731);
#8727 = LINE('',#8728,#8729);
#8728 = CARTESIAN_POINT('',(1.570796326795,0.));
#8729 = VECTOR('',#8730,1.);
#8730 = DIRECTION('',(0.,1.));
#8731 = ( GEOMETRIC_REPRESENTATION_CONTEXT(2) 
PARAMETRIC_REPRESENTATION_CONTEXT() REPRESENTATION_CONTEXT('2D SPACE',''
  ) );
#8732 = ORIENTED_EDGE('',*,*,#8733,.F.);
#8733 = EDGE_CURVE('',#8650,#8711,#8734,.T.);
#8734 = SURFACE_CURVE('',#8735,(#8739,#8746),.PCURVE_S1.);
#8735 = LINE('',#8736,#8737);
#8736 = CARTESIAN_POINT('',(-39.9,28.9,-2.22044604925E-16));
#8737 = VECTOR('',#8738,1.);
#8738 = DIRECTION('',(1.,0.,0.));
#8739 = PCURVE('',#8281,#8740);
#8740 = DEFINITIONAL_REPRESENTATION('',(#8741),#8745);
#8741 = LINE('',#8742,#8743);
#8742 = CARTESIAN_POINT('',(0.,58.8));
#8743 = VECTOR('',#8744,1.);
#8744 = DIRECTION('',(1.,0.));
#8745 = ( GEOMETRIC_REPRESENTATION_CONTEXT(2) 
PARAMETRIC_REPRESENTATION_CONTEXT() REPRESENTATION_CONTEXT('2D SPACE',''
  ) );
#8746 = PCURVE('',#8566,#8747);
#8747 = DEFINITIONAL_REPRESENTATION('',(#8748),#8752);
#8748 = LINE('',#8749,#8750);
#8749 = CARTESIAN_POINT('',(-1.570796326795,0.));
#8750 = VECTOR('',#8751,1.);
#8751 = DIRECTION('',(-0.,1.));
#8752 = ( GEOMETRIC_REPRESENTATION_CONTEXT(2) 
PARAMETRIC_REPRESENTATION_CONTEXT() REPRESENTATION_CONTEXT('2D SPACE',''
  ) );
#8753 = ADVANCED_FACE('',(#8754),#8255,.T.);
#8754 = FACE_BOUND('',#8755,.T.);
#8755 = EDGE_LOOP('',(#8756,#8779,#8780,#8781,#8815));
#8756 = ORIENTED_EDGE('',*,*,#8757,.F.);
#8757 = EDGE_CURVE('',#8211,#8758,#8760,.T.);
#8758 = VERTEX_POINT('',#8759);
#8759 = CARTESIAN_POINT('',(39.9,28.9,1.));
#8760 = SURFACE_CURVE('',#8761,(#8765,#8772),.PCURVE_S1.);
#8761 = LINE('',#8762,#8763);
#8762 = CARTESIAN_POINT('',(39.9,-29.9,1.));
#8763 = VECTOR('',#8764,1.);
#8764 = DIRECTION('',(0.,1.,0.));
#8765 = PCURVE('',#8255,#8766);
#8766 = DEFINITIONAL_REPRESENTATION('',(#8767),#8771);
#8767 = LINE('',#8768,#8769);
#8768 = CARTESIAN_POINT('',(0.,0.));
#8769 = VECTOR('',#8770,1.);
#8770 = DIRECTION('',(0.,1.));
#8771 = ( GEOMETRIC_REPRESENTATION_CONTEXT(2) 
PARAMETRIC_REPRESENTATION_CONTEXT() REPRESENTATION_CONTEXT('2D SPACE',''
  ) );
#8772 = PCURVE('',#8226,#8773);
#8773 = DEFINITIONAL_REPRESENTATION('',(#8774),#8778);
#8774 = LINE('',#8775,#8776);
#8775 = CARTESIAN_POINT('',(1.,0.));
#8776 = VECTOR('',#8777,1.);
#8777 = DIRECTION('',(0.,-1.));
#8778 = ( GEOMETRIC_REPRESENTATION_CONTEXT(2) 
PARAMETRIC_REPRESENTATION_CONTEXT() REPRESENTATION_CONTEXT('2D SPACE',''
  ) );
#8779 = ORIENTED_EDGE('',*,*,#8238,.T.);
#8780 = ORIENTED_EDGE('',*,*,#8710,.T.);
#8781 = ORIENTED_EDGE('',*,*,#8782,.T.);
#8782 = EDGE_CURVE('',#8711,#8783,#8785,.T.);
#8783 = VERTEX_POINT('',#8784);
#8784 = CARTESIAN_POINT('',(39.607106781187,29.607106781187,
    0.292893218813));
#8785 = SURFACE_CURVE('',#8786,(#8791,#8803),.PCURVE_S1.);
#8786 = ELLIPSE('',#8787,1.414213562373,1.);
#8787 = AXIS2_PLACEMENT_3D('',#8788,#8789,#8790);
#8788 = CARTESIAN_POINT('',(38.9,28.9,1.));
#8789 = DIRECTION('',(0.707106781187,-0.707106781187,0.));
#8790 = DIRECTION('',(0.707106781187,0.707106781187,0.));
#8791 = PCURVE('',#8255,#8792);
#8792 = DEFINITIONAL_REPRESENTATION('',(#8793),#8802);
#8793 = B_SPLINE_CURVE_WITH_KNOTS('',7,(#8794,#8795,#8796,#8797,#8798,
    #8799,#8800,#8801),.UNSPECIFIED.,.F.,.F.,(8,8),(4.712388980385,
    6.28318530718),.PIECEWISE_BEZIER_KNOTS.);
#8794 = CARTESIAN_POINT('',(1.570796326795,58.8));
#8795 = CARTESIAN_POINT('',(1.346396851538,59.024399475256));
#8796 = CARTESIAN_POINT('',(1.121997376282,59.248798039309));
#8797 = CARTESIAN_POINT('',(0.897597901026,59.454746825796));
#8798 = CARTESIAN_POINT('',(0.673198425769,59.623762504603));
#8799 = CARTESIAN_POINT('',(0.448798950513,59.741251327399));
#8800 = CARTESIAN_POINT('',(0.224399475256,59.8));
#8801 = CARTESIAN_POINT('',(2.22044604925E-16,59.8));
#8802 = ( GEOMETRIC_REPRESENTATION_CONTEXT(2) 
PARAMETRIC_REPRESENTATION_CONTEXT() REPRESENTATION_CONTEXT('2D SPACE',''
  ) );
#8803 = PCURVE('',#8566,#8804);
#8804 = DEFINITIONAL_REPRESENTATION('',(#8805),#8814);
#8805 = B_SPLINE_CURVE_WITH_KNOTS('',7,(#8806,#8807,#8808,#8809,#8810,
    #8811,#8812,#8813),.UNSPECIFIED.,.F.,.F.,(8,8),(4.712388980385,
    6.28318530718),.PIECEWISE_BEZIER_KNOTS.);
#8806 = CARTESIAN_POINT('',(-1.570796326795,78.8));
#8807 = CARTESIAN_POINT('',(-1.346396851538,79.024399475256));
#8808 = CARTESIAN_POINT('',(-1.121997376282,79.248798039314));
#8809 = CARTESIAN_POINT('',(-0.897597901026,79.454746825801));
#8810 = CARTESIAN_POINT('',(-0.673198425769,79.623762504612));
#8811 = CARTESIAN_POINT('',(-0.448798950513,79.741251327395));
#8812 = CARTESIAN_POINT('',(-0.224399475256,79.8));
#8813 = CARTESIAN_POINT('',(-2.22044604925E-16,79.8));
#8814 = ( GEOMETRIC_REPRESENTATION_CONTEXT(2) 
PARAMETRIC_REPRESENTATION_CONTEXT() REPRESENTATION_CONTEXT('2D SPACE',''
  ) );
#8815 = ORIENTED_EDGE('',*,*,#8816,.F.);
#8816 = EDGE_CURVE('',#8758,#8783,#8817,.T.);
#8817 = SURFACE_CURVE('',#8818,(#8823,#8835),.PCURVE_S1.);
#8818 = ELLIPSE('',#8819,1.414213562373,1.);
#8819 = AXIS2_PLACEMENT_3D('',#8820,#8821,#8822);
#8820 = CARTESIAN_POINT('',(38.9,28.9,1.));
#8821 = DIRECTION('',(0.,0.707106781187,0.707106781187));
#8822 = DIRECTION('',(0.,0.707106781187,-0.707106781187));
#8823 = PCURVE('',#8255,#8824);
#8824 = DEFINITIONAL_REPRESENTATION('',(#8825),#8834);
#8825 = B_SPLINE_CURVE_WITH_KNOTS('',7,(#8826,#8827,#8828,#8829,#8830,
    #8831,#8832,#8833),.UNSPECIFIED.,.F.,.F.,(8,8),(4.712388980385,
    6.28318530718),.PIECEWISE_BEZIER_KNOTS.);
#8826 = CARTESIAN_POINT('',(0.,58.8));
#8827 = CARTESIAN_POINT('',(0.224399475256,59.024399475256));
#8828 = CARTESIAN_POINT('',(0.448798950513,59.248798039309));
#8829 = CARTESIAN_POINT('',(0.673198425769,59.454746825796));
#8830 = CARTESIAN_POINT('',(0.897597901026,59.623762504603));
#8831 = CARTESIAN_POINT('',(1.121997376282,59.741251327399));
#8832 = CARTESIAN_POINT('',(1.346396851538,59.8));
#8833 = CARTESIAN_POINT('',(1.570796326795,59.8));
#8834 = ( GEOMETRIC_REPRESENTATION_CONTEXT(2) 
PARAMETRIC_REPRESENTATION_CONTEXT() REPRESENTATION_CONTEXT('2D SPACE',''
  ) );
#8835 = PCURVE('',#8836,#8841);
#8836 = CYLINDRICAL_SURFACE('',#8837,1.);
#8837 = AXIS2_PLACEMENT_3D('',#8838,#8839,#8840);
#8838 = CARTESIAN_POINT('',(38.9,28.9,0.));
#8839 = DIRECTION('',(0.,0.,1.));
#8840 = DIRECTION('',(1.,0.,-0.));
#8841 = DEFINITIONAL_REPRESENTATION('',(#8842),#8851);
#8842 = B_SPLINE_CURVE_WITH_KNOTS('',7,(#8843,#8844,#8845,#8846,#8847,
    #8848,#8849,#8850),.UNSPECIFIED.,.F.,.F.,(8,8),(4.712388980385,
    6.28318530718),.PIECEWISE_BEZIER_KNOTS.);
#8843 = CARTESIAN_POINT('',(0.,1.));
#8844 = CARTESIAN_POINT('',(0.224399475256,0.775600524744));
#8845 = CARTESIAN_POINT('',(0.448798950513,0.551201960681));
#8846 = CARTESIAN_POINT('',(0.673198425769,0.345253174226));
#8847 = CARTESIAN_POINT('',(0.897597901026,0.176237495375));
#8848 = CARTESIAN_POINT('',(1.121997376282,5.874867260995E-02));
#8849 = CARTESIAN_POINT('',(1.346396851538,-1.670825851044E-16));
#8850 = CARTESIAN_POINT('',(1.570796326795,-2.22044604925E-16));
#8851 = ( GEOMETRIC_REPRESENTATION_CONTEXT(2) 
PARAMETRIC_REPRESENTATION_CONTEXT() REPRESENTATION_CONTEXT('2D SPACE',''
  ) );
#8852 = ADVANCED_FACE('',(#8853),#8226,.T.);
#8853 = FACE_BOUND('',#8854,.T.);
#8854 = EDGE_LOOP('',(#8855,#8856,#8857,#8880));
#8855 = ORIENTED_EDGE('',*,*,#8210,.F.);
#8856 = ORIENTED_EDGE('',*,*,#8757,.T.);
#8857 = ORIENTED_EDGE('',*,*,#8858,.T.);
#8858 = EDGE_CURVE('',#8758,#8859,#8861,.T.);
#8859 = VERTEX_POINT('',#8860);
#8860 = CARTESIAN_POINT('',(39.9,28.9,18.8));
#8861 = SURFACE_CURVE('',#8862,(#8866,#8873),.PCURVE_S1.);
#8862 = LINE('',#8863,#8864);
#8863 = CARTESIAN_POINT('',(39.9,28.9,0.));
#8864 = VECTOR('',#8865,1.);
#8865 = DIRECTION('',(0.,0.,1.));
#8866 = PCURVE('',#8226,#8867);
#8867 = DEFINITIONAL_REPRESENTATION('',(#8868),#8872);
#8868 = LINE('',#8869,#8870);
#8869 = CARTESIAN_POINT('',(0.,-58.8));
#8870 = VECTOR('',#8871,1.);
#8871 = DIRECTION('',(1.,0.));
#8872 = ( GEOMETRIC_REPRESENTATION_CONTEXT(2) 
PARAMETRIC_REPRESENTATION_CONTEXT() REPRESENTATION_CONTEXT('2D SPACE',''
  ) );
#8873 = PCURVE('',#8836,#8874);
#8874 = DEFINITIONAL_REPRESENTATION('',(#8875),#8879);
#8875 = LINE('',#8876,#8877);
#8876 = CARTESIAN_POINT('',(0.,0.));
#8877 = VECTOR('',#8878,1.);
#8878 = DIRECTION('',(0.,1.));
#8879 = ( GEOMETRIC_REPRESENTATION_CONTEXT(2) 
PARAMETRIC_REPRESENTATION_CONTEXT() REPRESENTATION_CONTEXT('2D SPACE',''
  ) );
#8880 = ORIENTED_EDGE('',*,*,#8881,.F.);
#8881 = EDGE_CURVE('',#8182,#8859,#8882,.T.);
#8882 = SURFACE_CURVE('',#8883,(#8887,#8894),.PCURVE_S1.);
#8883 = LINE('',#8884,#8885);
#8884 = CARTESIAN_POINT('',(39.9,-29.9,18.8));
#8885 = VECTOR('',#8886,1.);
#8886 = DIRECTION('',(0.,1.,0.));
#8887 = PCURVE('',#8226,#8888);
#8888 = DEFINITIONAL_REPRESENTATION('',(#8889),#8893);
#8889 = LINE('',#8890,#8891);
#8890 = CARTESIAN_POINT('',(18.8,0.));
#8891 = VECTOR('',#8892,1.);
#8892 = DIRECTION('',(0.,-1.));
#8893 = ( GEOMETRIC_REPRESENTATION_CONTEXT(2) 
PARAMETRIC_REPRESENTATION_CONTEXT() REPRESENTATION_CONTEXT('2D SPACE',''
  ) );
#8894 = PCURVE('',#8198,#8895);
#8895 = DEFINITIONAL_REPRESENTATION('',(#8896),#8900);
#8896 = LINE('',#8897,#8898);
#8897 = CARTESIAN_POINT('',(-0.,0.));
#8898 = VECTOR('',#8899,1.);
#8899 = DIRECTION('',(-0.,1.));
#8900 = ( GEOMETRIC_REPRESENTATION_CONTEXT(2) 
PARAMETRIC_REPRESENTATION_CONTEXT() REPRESENTATION_CONTEXT('2D SPACE',''
  ) );
#8901 = ADVANCED_FACE('',(#8902),#8169,.T.);
#8902 = FACE_BOUND('',#8903,.T.);
#8903 = EDGE_LOOP('',(#8904,#8905,#8906,#8929));
#8904 = ORIENTED_EDGE('',*,*,#8412,.F.);
#8905 = ORIENTED_EDGE('',*,*,#8153,.F.);
#8906 = ORIENTED_EDGE('',*,*,#8907,.T.);
#8907 = EDGE_CURVE('',#8154,#8908,#8910,.T.);
#8908 = VERTEX_POINT('',#8909);
#8909 = CARTESIAN_POINT('',(38.9,28.9,19.8));
#8910 = SURFACE_CURVE('',#8911,(#8915,#8922),.PCURVE_S1.);
#8911 = LINE('',#8912,#8913);
#8912 = CARTESIAN_POINT('',(38.9,-29.9,19.8));
#8913 = VECTOR('',#8914,1.);
#8914 = DIRECTION('',(0.,1.,0.));
#8915 = PCURVE('',#8169,#8916);
#8916 = DEFINITIONAL_REPRESENTATION('',(#8917),#8921);
#8917 = LINE('',#8918,#8919);
#8918 = CARTESIAN_POINT('',(78.8,0.));
#8919 = VECTOR('',#8920,1.);
#8920 = DIRECTION('',(0.,1.));
#8921 = ( GEOMETRIC_REPRESENTATION_CONTEXT(2) 
PARAMETRIC_REPRESENTATION_CONTEXT() REPRESENTATION_CONTEXT('2D SPACE',''
  ) );
#8922 = PCURVE('',#8198,#8923);
#8923 = DEFINITIONAL_REPRESENTATION('',(#8924),#8928);
#8924 = LINE('',#8925,#8926);
#8925 = CARTESIAN_POINT('',(-1.570796326795,0.));
#8926 = VECTOR('',#8927,1.);
#8927 = DIRECTION('',(-0.,1.));
#8928 = ( GEOMETRIC_REPRESENTATION_CONTEXT(2) 
PARAMETRIC_REPRESENTATION_CONTEXT() REPRESENTATION_CONTEXT('2D SPACE',''
  ) );
#8929 = ORIENTED_EDGE('',*,*,#8930,.F.);
#8930 = EDGE_CURVE('',#8413,#8908,#8931,.T.);
#8931 = SURFACE_CURVE('',#8932,(#8936,#8943),.PCURVE_S1.);
#8932 = LINE('',#8933,#8934);
#8933 = CARTESIAN_POINT('',(-39.9,28.9,19.8));
#8934 = VECTOR('',#8935,1.);
#8935 = DIRECTION('',(1.,0.,0.));
#8936 = PCURVE('',#8169,#8937);
#8937 = DEFINITIONAL_REPRESENTATION('',(#8938),#8942);
#8938 = LINE('',#8939,#8940);
#8939 = CARTESIAN_POINT('',(0.,58.8));
#8940 = VECTOR('',#8941,1.);
#8941 = DIRECTION('',(1.,0.));
#8942 = ( GEOMETRIC_REPRESENTATION_CONTEXT(2) 
PARAMETRIC_REPRESENTATION_CONTEXT() REPRESENTATION_CONTEXT('2D SPACE',''
  ) );
#8943 = PCURVE('',#8457,#8944);
#8944 = DEFINITIONAL_REPRESENTATION('',(#8945),#8949);
#8945 = LINE('',#8946,#8947);
#8946 = CARTESIAN_POINT('',(1.570796326795,0.));
#8947 = VECTOR('',#8948,1.);
#8948 = DIRECTION('',(0.,1.));
#8949 = ( GEOMETRIC_REPRESENTATION_CONTEXT(2) 
PARAMETRIC_REPRESENTATION_CONTEXT() REPRESENTATION_CONTEXT('2D SPACE',''
  ) );
#8950 = ADVANCED_FACE('',(#8951),#8198,.T.);
#8951 = FACE_BOUND('',#8952,.F.);
#8952 = EDGE_LOOP('',(#8953,#8954,#8955,#8956,#8990));
#8953 = ORIENTED_EDGE('',*,*,#8881,.F.);
#8954 = ORIENTED_EDGE('',*,*,#8181,.F.);
#8955 = ORIENTED_EDGE('',*,*,#8907,.T.);
#8956 = ORIENTED_EDGE('',*,*,#8957,.F.);
#8957 = EDGE_CURVE('',#8958,#8908,#8960,.T.);
#8958 = VERTEX_POINT('',#8959);
#8959 = CARTESIAN_POINT('',(39.607106781187,29.607106781187,
    19.507106781187));
#8960 = SURFACE_CURVE('',#8961,(#8966,#8978),.PCURVE_S1.);
#8961 = ELLIPSE('',#8962,1.414213562373,1.);
#8962 = AXIS2_PLACEMENT_3D('',#8963,#8964,#8965);
#8963 = CARTESIAN_POINT('',(38.9,28.9,18.8));
#8964 = DIRECTION('',(0.707106781187,-0.707106781187,0.));
#8965 = DIRECTION('',(0.707106781187,0.707106781187,0.));
#8966 = PCURVE('',#8198,#8967);
#8967 = DEFINITIONAL_REPRESENTATION('',(#8968),#8977);
#8968 = B_SPLINE_CURVE_WITH_KNOTS('',7,(#8969,#8970,#8971,#8972,#8973,
    #8974,#8975,#8976),.UNSPECIFIED.,.F.,.F.,(8,8),(0.,1.570796326795),
  .PIECEWISE_BEZIER_KNOTS.);
#8969 = CARTESIAN_POINT('',(0.,59.8));
#8970 = CARTESIAN_POINT('',(-0.224399475256,59.8));
#8971 = CARTESIAN_POINT('',(-0.448798950513,59.741251327379));
#8972 = CARTESIAN_POINT('',(-0.67319842577,59.62376250467));
#8973 = CARTESIAN_POINT('',(-0.897597901025,59.454746825738));
#8974 = CARTESIAN_POINT('',(-1.121997376282,59.248798039331));
#8975 = CARTESIAN_POINT('',(-1.346396851538,59.024399475256));
#8976 = CARTESIAN_POINT('',(-1.570796326795,58.8));
#8977 = ( GEOMETRIC_REPRESENTATION_CONTEXT(2) 
PARAMETRIC_REPRESENTATION_CONTEXT() REPRESENTATION_CONTEXT('2D SPACE',''
  ) );
#8978 = PCURVE('',#8457,#8979);
#8979 = DEFINITIONAL_REPRESENTATION('',(#8980),#8989);
#8980 = B_SPLINE_CURVE_WITH_KNOTS('',7,(#8981,#8982,#8983,#8984,#8985,
    #8986,#8987,#8988),.UNSPECIFIED.,.F.,.F.,(8,8),(0.,1.570796326795),
  .PIECEWISE_BEZIER_KNOTS.);
#8981 = CARTESIAN_POINT('',(0.,79.8));
#8982 = CARTESIAN_POINT('',(0.224399475256,79.8));
#8983 = CARTESIAN_POINT('',(0.448798950513,79.741251327401));
#8984 = CARTESIAN_POINT('',(0.673198425769,79.623762504618));
#8985 = CARTESIAN_POINT('',(0.897597901026,79.454746825795));
#8986 = CARTESIAN_POINT('',(1.121997376282,79.24879803931));
#8987 = CARTESIAN_POINT('',(1.346396851538,79.024399475256));
#8988 = CARTESIAN_POINT('',(1.570796326795,78.8));
#8989 = ( GEOMETRIC_REPRESENTATION_CONTEXT(2) 
PARAMETRIC_REPRESENTATION_CONTEXT() REPRESENTATION_CONTEXT('2D SPACE',''
  ) );
#8990 = ORIENTED_EDGE('',*,*,#8991,.T.);
#8991 = EDGE_CURVE('',#8958,#8859,#8992,.T.);
#8992 = SURFACE_CURVE('',#8993,(#8998,#9010),.PCURVE_S1.);
#8993 = ELLIPSE('',#8994,1.414213562373,1.);
#8994 = AXIS2_PLACEMENT_3D('',#8995,#8996,#8997);
#8995 = CARTESIAN_POINT('',(38.9,28.9,18.8));
#8996 = DIRECTION('',(0.,0.707106781187,-0.707106781187));
#8997 = DIRECTION('',(0.,0.707106781187,0.707106781187));
#8998 = PCURVE('',#8198,#8999);
#8999 = DEFINITIONAL_REPRESENTATION('',(#9000),#9009);
#9000 = B_SPLINE_CURVE_WITH_KNOTS('',7,(#9001,#9002,#9003,#9004,#9005,
    #9006,#9007,#9008),.UNSPECIFIED.,.F.,.F.,(8,8),(0.,1.570796326795),
  .PIECEWISE_BEZIER_KNOTS.);
#9001 = CARTESIAN_POINT('',(-1.570796326795,59.8));
#9002 = CARTESIAN_POINT('',(-1.346396851538,59.8));
#9003 = CARTESIAN_POINT('',(-1.121997376282,59.741251327379));
#9004 = CARTESIAN_POINT('',(-0.897597901025,59.62376250467));
#9005 = CARTESIAN_POINT('',(-0.67319842577,59.454746825738));
#9006 = CARTESIAN_POINT('',(-0.448798950513,59.248798039331));
#9007 = CARTESIAN_POINT('',(-0.224399475256,59.024399475256));
#9008 = CARTESIAN_POINT('',(0.,58.8));
#9009 = ( GEOMETRIC_REPRESENTATION_CONTEXT(2) 
PARAMETRIC_REPRESENTATION_CONTEXT() REPRESENTATION_CONTEXT('2D SPACE',''
  ) );
#9010 = PCURVE('',#8836,#9011);
#9011 = DEFINITIONAL_REPRESENTATION('',(#9012),#9021);
#9012 = B_SPLINE_CURVE_WITH_KNOTS('',7,(#9013,#9014,#9015,#9016,#9017,
    #9018,#9019,#9020),.UNSPECIFIED.,.F.,.F.,(8,8),(0.,1.570796326795),
  .PIECEWISE_BEZIER_KNOTS.);
#9013 = CARTESIAN_POINT('',(1.570796326795,19.8));
#9014 = CARTESIAN_POINT('',(1.346396851538,19.8));
#9015 = CARTESIAN_POINT('',(1.121997376282,19.741251327391));
#9016 = CARTESIAN_POINT('',(0.897597901026,19.623762504622));
#9017 = CARTESIAN_POINT('',(0.673198425769,19.45474682578));
#9018 = CARTESIAN_POINT('',(0.448798950513,19.248798039318));
#9019 = CARTESIAN_POINT('',(0.224399475256,19.024399475256));
#9020 = CARTESIAN_POINT('',(0.,18.8));
#9021 = ( GEOMETRIC_REPRESENTATION_CONTEXT(2) 
PARAMETRIC_REPRESENTATION_CONTEXT() REPRESENTATION_CONTEXT('2D SPACE',''
  ) );
#9022 = ADVANCED_FACE('',(#9023),#8313,.T.);
#9023 = FACE_BOUND('',#9024,.T.);
#9024 = EDGE_LOOP('',(#9025,#9048,#9076,#9097));
#9025 = ORIENTED_EDGE('',*,*,#9026,.F.);
#9026 = EDGE_CURVE('',#9027,#8296,#9029,.T.);
#9027 = VERTEX_POINT('',#9028);
#9028 = CARTESIAN_POINT('',(-37.7,25.5,17.6));
#9029 = SURFACE_CURVE('',#9030,(#9034,#9041),.PCURVE_S1.);
#9030 = LINE('',#9031,#9032);
#9031 = CARTESIAN_POINT('',(-37.7,25.5,17.6));
#9032 = VECTOR('',#9033,1.);
#9033 = DIRECTION('',(-0.,1.,0.));
#9034 = PCURVE('',#8313,#9035);
#9035 = DEFINITIONAL_REPRESENTATION('',(#9036),#9040);
#9036 = LINE('',#9037,#9038);
#9037 = CARTESIAN_POINT('',(0.,0.));
#9038 = VECTOR('',#9039,1.);
#9039 = DIRECTION('',(0.,1.));
#9040 = ( GEOMETRIC_REPRESENTATION_CONTEXT(2) 
PARAMETRIC_REPRESENTATION_CONTEXT() REPRESENTATION_CONTEXT('2D SPACE',''
  ) );
#9041 = PCURVE('',#8341,#9042);
#9042 = DEFINITIONAL_REPRESENTATION('',(#9043),#9047);
#9043 = LINE('',#9044,#9045);
#9044 = CARTESIAN_POINT('',(15.4,0.));
#9045 = VECTOR('',#9046,1.);
#9046 = DIRECTION('',(0.,-1.));
#9047 = ( GEOMETRIC_REPRESENTATION_CONTEXT(2) 
PARAMETRIC_REPRESENTATION_CONTEXT() REPRESENTATION_CONTEXT('2D SPACE',''
  ) );
#9048 = ORIENTED_EDGE('',*,*,#9049,.T.);
#9049 = EDGE_CURVE('',#9027,#9050,#9052,.T.);
#9050 = VERTEX_POINT('',#9051);
#9051 = CARTESIAN_POINT('',(37.7,25.5,17.6));
#9052 = SURFACE_CURVE('',#9053,(#9057,#9064),.PCURVE_S1.);
#9053 = LINE('',#9054,#9055);
#9054 = CARTESIAN_POINT('',(-37.7,25.5,17.6));
#9055 = VECTOR('',#9056,1.);
#9056 = DIRECTION('',(1.,0.,-0.));
#9057 = PCURVE('',#8313,#9058);
#9058 = DEFINITIONAL_REPRESENTATION('',(#9059),#9063);
#9059 = LINE('',#9060,#9061);
#9060 = CARTESIAN_POINT('',(0.,0.));
#9061 = VECTOR('',#9062,1.);
#9062 = DIRECTION('',(1.,0.));
#9063 = ( GEOMETRIC_REPRESENTATION_CONTEXT(2) 
PARAMETRIC_REPRESENTATION_CONTEXT() REPRESENTATION_CONTEXT('2D SPACE',''
  ) );
#9064 = PCURVE('',#9065,#9070);
#9065 = PLANE('',#9066);
#9066 = AXIS2_PLACEMENT_3D('',#9067,#9068,#9069);
#9067 = CARTESIAN_POINT('',(-37.7,25.5,2.2));
#9068 = DIRECTION('',(-0.,1.,0.));
#9069 = DIRECTION('',(0.,0.,1.));
#9070 = DEFINITIONAL_REPRESENTATION('',(#9071),#9075);
#9071 = LINE('',#9072,#9073);
#9072 = CARTESIAN_POINT('',(15.4,0.));
#9073 = VECTOR('',#9074,1.);
#9074 = DIRECTION('',(0.,1.));
#9075 = ( GEOMETRIC_REPRESENTATION_CONTEXT(2) 
PARAMETRIC_REPRESENTATION_CONTEXT() REPRESENTATION_CONTEXT('2D SPACE',''
  ) );
#9076 = ORIENTED_EDGE('',*,*,#9077,.T.);
#9077 = EDGE_CURVE('',#9050,#8298,#9078,.T.);
#9078 = SURFACE_CURVE('',#9079,(#9083,#9090),.PCURVE_S1.);
#9079 = LINE('',#9080,#9081);
#9080 = CARTESIAN_POINT('',(37.7,25.5,17.6));
#9081 = VECTOR('',#9082,1.);
#9082 = DIRECTION('',(-0.,1.,0.));
#9083 = PCURVE('',#8313,#9084);
#9084 = DEFINITIONAL_REPRESENTATION('',(#9085),#9089);
#9085 = LINE('',#9086,#9087);
#9086 = CARTESIAN_POINT('',(75.4,0.));
#9087 = VECTOR('',#9088,1.);
#9088 = DIRECTION('',(0.,1.));
#9089 = ( GEOMETRIC_REPRESENTATION_CONTEXT(2) 
PARAMETRIC_REPRESENTATION_CONTEXT() REPRESENTATION_CONTEXT('2D SPACE',''
  ) );
#9090 = PCURVE('',#8395,#9091);
#9091 = DEFINITIONAL_REPRESENTATION('',(#9092),#9096);
#9092 = LINE('',#9093,#9094);
#9093 = CARTESIAN_POINT('',(15.4,0.));
#9094 = VECTOR('',#9095,1.);
#9095 = DIRECTION('',(0.,-1.));
#9096 = ( GEOMETRIC_REPRESENTATION_CONTEXT(2) 
PARAMETRIC_REPRESENTATION_CONTEXT() REPRESENTATION_CONTEXT('2D SPACE',''
  ) );
#9097 = ORIENTED_EDGE('',*,*,#8295,.F.);
#9098 = ADVANCED_FACE('',(#9099),#8395,.T.);
#9099 = FACE_BOUND('',#9100,.T.);
#9100 = EDGE_LOOP('',(#9101,#9124,#9145,#9146));
#9101 = ORIENTED_EDGE('',*,*,#9102,.F.);
#9102 = EDGE_CURVE('',#9103,#9050,#9105,.T.);
#9103 = VERTEX_POINT('',#9104);
#9104 = CARTESIAN_POINT('',(37.7,25.5,2.2));
#9105 = SURFACE_CURVE('',#9106,(#9110,#9117),.PCURVE_S1.);
#9106 = LINE('',#9107,#9108);
#9107 = CARTESIAN_POINT('',(37.7,25.5,2.2));
#9108 = VECTOR('',#9109,1.);
#9109 = DIRECTION('',(0.,0.,1.));
#9110 = PCURVE('',#8395,#9111);
#9111 = DEFINITIONAL_REPRESENTATION('',(#9112),#9116);
#9112 = LINE('',#9113,#9114);
#9113 = CARTESIAN_POINT('',(0.,0.));
#9114 = VECTOR('',#9115,1.);
#9115 = DIRECTION('',(1.,0.));
#9116 = ( GEOMETRIC_REPRESENTATION_CONTEXT(2) 
PARAMETRIC_REPRESENTATION_CONTEXT() REPRESENTATION_CONTEXT('2D SPACE',''
  ) );
#9117 = PCURVE('',#9065,#9118);
#9118 = DEFINITIONAL_REPRESENTATION('',(#9119),#9123);
#9119 = LINE('',#9120,#9121);
#9120 = CARTESIAN_POINT('',(0.,75.4));
#9121 = VECTOR('',#9122,1.);
#9122 = DIRECTION('',(1.,0.));
#9123 = ( GEOMETRIC_REPRESENTATION_CONTEXT(2) 
PARAMETRIC_REPRESENTATION_CONTEXT() REPRESENTATION_CONTEXT('2D SPACE',''
  ) );
#9124 = ORIENTED_EDGE('',*,*,#9125,.T.);
#9125 = EDGE_CURVE('',#9103,#8354,#9126,.T.);
#9126 = SURFACE_CURVE('',#9127,(#9131,#9138),.PCURVE_S1.);
#9127 = LINE('',#9128,#9129);
#9128 = CARTESIAN_POINT('',(37.7,25.5,2.2));
#9129 = VECTOR('',#9130,1.);
#9130 = DIRECTION('',(-0.,1.,0.));
#9131 = PCURVE('',#8395,#9132);
#9132 = DEFINITIONAL_REPRESENTATION('',(#9133),#9137);
#9133 = LINE('',#9134,#9135);
#9134 = CARTESIAN_POINT('',(0.,0.));
#9135 = VECTOR('',#9136,1.);
#9136 = DIRECTION('',(0.,-1.));
#9137 = ( GEOMETRIC_REPRESENTATION_CONTEXT(2) 
PARAMETRIC_REPRESENTATION_CONTEXT() REPRESENTATION_CONTEXT('2D SPACE',''
  ) );
#9138 = PCURVE('',#8369,#9139);
#9139 = DEFINITIONAL_REPRESENTATION('',(#9140),#9144);
#9140 = LINE('',#9141,#9142);
#9141 = CARTESIAN_POINT('',(75.4,0.));
#9142 = VECTOR('',#9143,1.);
#9143 = DIRECTION('',(0.,1.));
#9144 = ( GEOMETRIC_REPRESENTATION_CONTEXT(2) 
PARAMETRIC_REPRESENTATION_CONTEXT() REPRESENTATION_CONTEXT('2D SPACE',''
  ) );
#9145 = ORIENTED_EDGE('',*,*,#8381,.T.);
#9146 = ORIENTED_EDGE('',*,*,#9077,.F.);
#9147 = ADVANCED_FACE('',(#9148),#8369,.F.);
#9148 = FACE_BOUND('',#9149,.F.);
#9149 = EDGE_LOOP('',(#9150,#9173,#9194,#9195));
#9150 = ORIENTED_EDGE('',*,*,#9151,.F.);
#9151 = EDGE_CURVE('',#9152,#8326,#9154,.T.);
#9152 = VERTEX_POINT('',#9153);
#9153 = CARTESIAN_POINT('',(-37.7,25.5,2.2));
#9154 = SURFACE_CURVE('',#9155,(#9159,#9166),.PCURVE_S1.);
#9155 = LINE('',#9156,#9157);
#9156 = CARTESIAN_POINT('',(-37.7,25.5,2.2));
#9157 = VECTOR('',#9158,1.);
#9158 = DIRECTION('',(-0.,1.,0.));
#9159 = PCURVE('',#8369,#9160);
#9160 = DEFINITIONAL_REPRESENTATION('',(#9161),#9165);
#9161 = LINE('',#9162,#9163);
#9162 = CARTESIAN_POINT('',(0.,0.));
#9163 = VECTOR('',#9164,1.);
#9164 = DIRECTION('',(0.,1.));
#9165 = ( GEOMETRIC_REPRESENTATION_CONTEXT(2) 
PARAMETRIC_REPRESENTATION_CONTEXT() REPRESENTATION_CONTEXT('2D SPACE',''
  ) );
#9166 = PCURVE('',#8341,#9167);
#9167 = DEFINITIONAL_REPRESENTATION('',(#9168),#9172);
#9168 = LINE('',#9169,#9170);
#9169 = CARTESIAN_POINT('',(0.,0.));
#9170 = VECTOR('',#9171,1.);
#9171 = DIRECTION('',(0.,-1.));
#9172 = ( GEOMETRIC_REPRESENTATION_CONTEXT(2) 
PARAMETRIC_REPRESENTATION_CONTEXT() REPRESENTATION_CONTEXT('2D SPACE',''
  ) );
#9173 = ORIENTED_EDGE('',*,*,#9174,.T.);
#9174 = EDGE_CURVE('',#9152,#9103,#9175,.T.);
#9175 = SURFACE_CURVE('',#9176,(#9180,#9187),.PCURVE_S1.);
#9176 = LINE('',#9177,#9178);
#9177 = CARTESIAN_POINT('',(-37.7,25.5,2.2));
#9178 = VECTOR('',#9179,1.);
#9179 = DIRECTION('',(1.,0.,-0.));
#9180 = PCURVE('',#8369,#9181);
#9181 = DEFINITIONAL_REPRESENTATION('',(#9182),#9186);
#9182 = LINE('',#9183,#9184);
#9183 = CARTESIAN_POINT('',(0.,0.));
#9184 = VECTOR('',#9185,1.);
#9185 = DIRECTION('',(1.,0.));
#9186 = ( GEOMETRIC_REPRESENTATION_CONTEXT(2) 
PARAMETRIC_REPRESENTATION_CONTEXT() REPRESENTATION_CONTEXT('2D SPACE',''
  ) );
#9187 = PCURVE('',#9065,#9188);
#9188 = DEFINITIONAL_REPRESENTATION('',(#9189),#9193);
#9189 = LINE('',#9190,#9191);
#9190 = CARTESIAN_POINT('',(0.,0.));
#9191 = VECTOR('',#9192,1.);
#9192 = DIRECTION('',(0.,1.));
#9193 = ( GEOMETRIC_REPRESENTATION_CONTEXT(2) 
PARAMETRIC_REPRESENTATION_CONTEXT() REPRESENTATION_CONTEXT('2D SPACE',''
  ) );
#9194 = ORIENTED_EDGE('',*,*,#9125,.T.);
#9195 = ORIENTED_EDGE('',*,*,#8353,.F.);
#9196 = ADVANCED_FACE('',(#9197),#8341,.F.);
#9197 = FACE_BOUND('',#9198,.F.);
#9198 = EDGE_LOOP('',(#9199,#9220,#9221,#9222));
#9199 = ORIENTED_EDGE('',*,*,#9200,.F.);
#9200 = EDGE_CURVE('',#9152,#9027,#9201,.T.);
#9201 = SURFACE_CURVE('',#9202,(#9206,#9213),.PCURVE_S1.);
#9202 = LINE('',#9203,#9204);
#9203 = CARTESIAN_POINT('',(-37.7,25.5,2.2));
#9204 = VECTOR('',#9205,1.);
#9205 = DIRECTION('',(0.,0.,1.));
#9206 = PCURVE('',#8341,#9207);
#9207 = DEFINITIONAL_REPRESENTATION('',(#9208),#9212);
#9208 = LINE('',#9209,#9210);
#9209 = CARTESIAN_POINT('',(0.,0.));
#9210 = VECTOR('',#9211,1.);
#9211 = DIRECTION('',(1.,0.));
#9212 = ( GEOMETRIC_REPRESENTATION_CONTEXT(2) 
PARAMETRIC_REPRESENTATION_CONTEXT() REPRESENTATION_CONTEXT('2D SPACE',''
  ) );
#9213 = PCURVE('',#9065,#9214);
#9214 = DEFINITIONAL_REPRESENTATION('',(#9215),#9219);
#9215 = LINE('',#9216,#9217);
#9216 = CARTESIAN_POINT('',(0.,0.));
#9217 = VECTOR('',#9218,1.);
#9218 = DIRECTION('',(1.,0.));
#9219 = ( GEOMETRIC_REPRESENTATION_CONTEXT(2) 
PARAMETRIC_REPRESENTATION_CONTEXT() REPRESENTATION_CONTEXT('2D SPACE',''
  ) );
#9220 = ORIENTED_EDGE('',*,*,#9151,.T.);
#9221 = ORIENTED_EDGE('',*,*,#8325,.T.);
#9222 = ORIENTED_EDGE('',*,*,#9026,.F.);
#9223 = ADVANCED_FACE('',(#9224),#8457,.T.);
#9224 = FACE_BOUND('',#9225,.T.);
#9225 = EDGE_LOOP('',(#9226,#9249,#9250,#9251,#9252,#9253));
#9226 = ORIENTED_EDGE('',*,*,#9227,.F.);
#9227 = EDGE_CURVE('',#8584,#9228,#9230,.T.);
#9228 = VERTEX_POINT('',#9229);
#9229 = CARTESIAN_POINT('',(38.9,29.9,18.8));
#9230 = SURFACE_CURVE('',#9231,(#9235,#9242),.PCURVE_S1.);
#9231 = LINE('',#9232,#9233);
#9232 = CARTESIAN_POINT('',(-39.9,29.9,18.8));
#9233 = VECTOR('',#9234,1.);
#9234 = DIRECTION('',(1.,0.,0.));
#9235 = PCURVE('',#8457,#9236);
#9236 = DEFINITIONAL_REPRESENTATION('',(#9237),#9241);
#9237 = LINE('',#9238,#9239);
#9238 = CARTESIAN_POINT('',(0.,0.));
#9239 = VECTOR('',#9240,1.);
#9240 = DIRECTION('',(0.,1.));
#9241 = ( GEOMETRIC_REPRESENTATION_CONTEXT(2) 
PARAMETRIC_REPRESENTATION_CONTEXT() REPRESENTATION_CONTEXT('2D SPACE',''
  ) );
#9242 = PCURVE('',#8599,#9243);
#9243 = DEFINITIONAL_REPRESENTATION('',(#9244),#9248);
#9244 = LINE('',#9245,#9246);
#9245 = CARTESIAN_POINT('',(18.8,0.));
#9246 = VECTOR('',#9247,1.);
#9247 = DIRECTION('',(0.,1.));
#9248 = ( GEOMETRIC_REPRESENTATION_CONTEXT(2) 
PARAMETRIC_REPRESENTATION_CONTEXT() REPRESENTATION_CONTEXT('2D SPACE',''
  ) );
#9249 = ORIENTED_EDGE('',*,*,#8611,.T.);
#9250 = ORIENTED_EDGE('',*,*,#8435,.T.);
#9251 = ORIENTED_EDGE('',*,*,#8930,.T.);
#9252 = ORIENTED_EDGE('',*,*,#8957,.F.);
#9253 = ORIENTED_EDGE('',*,*,#9254,.F.);
#9254 = EDGE_CURVE('',#9228,#8958,#9255,.T.);
#9255 = SURFACE_CURVE('',#9256,(#9261,#9273),.PCURVE_S1.);
#9256 = ELLIPSE('',#9257,1.414213562373,1.);
#9257 = AXIS2_PLACEMENT_3D('',#9258,#9259,#9260);
#9258 = CARTESIAN_POINT('',(38.9,28.9,18.8));
#9259 = DIRECTION('',(0.707106781187,0.,-0.707106781187));
#9260 = DIRECTION('',(0.707106781187,0.,0.707106781187));
#9261 = PCURVE('',#8457,#9262);
#9262 = DEFINITIONAL_REPRESENTATION('',(#9263),#9272);
#9263 = B_SPLINE_CURVE_WITH_KNOTS('',7,(#9264,#9265,#9266,#9267,#9268,
    #9269,#9270,#9271),.UNSPECIFIED.,.F.,.F.,(8,8),(4.712388980385,
    6.28318530718),.PIECEWISE_BEZIER_KNOTS.);
#9264 = CARTESIAN_POINT('',(0.,78.8));
#9265 = CARTESIAN_POINT('',(0.224399475256,79.024399475256));
#9266 = CARTESIAN_POINT('',(0.448798950513,79.248798039314));
#9267 = CARTESIAN_POINT('',(0.673198425769,79.454746825801));
#9268 = CARTESIAN_POINT('',(0.897597901026,79.623762504612));
#9269 = CARTESIAN_POINT('',(1.121997376282,79.741251327395));
#9270 = CARTESIAN_POINT('',(1.346396851538,79.8));
#9271 = CARTESIAN_POINT('',(1.570796326795,79.8));
#9272 = ( GEOMETRIC_REPRESENTATION_CONTEXT(2) 
PARAMETRIC_REPRESENTATION_CONTEXT() REPRESENTATION_CONTEXT('2D SPACE',''
  ) );
#9273 = PCURVE('',#8836,#9274);
#9274 = DEFINITIONAL_REPRESENTATION('',(#9275),#9284);
#9275 = B_SPLINE_CURVE_WITH_KNOTS('',7,(#9276,#9277,#9278,#9279,#9280,
    #9281,#9282,#9283),.UNSPECIFIED.,.F.,.F.,(8,8),(4.712388980385,
    6.28318530718),.PIECEWISE_BEZIER_KNOTS.);
#9276 = CARTESIAN_POINT('',(1.570796326795,18.8));
#9277 = CARTESIAN_POINT('',(1.346396851538,19.024399475256));
#9278 = CARTESIAN_POINT('',(1.121997376282,19.248798039317));
#9279 = CARTESIAN_POINT('',(0.897597901026,19.45474682578));
#9280 = CARTESIAN_POINT('',(0.673198425769,19.623762504624));
#9281 = CARTESIAN_POINT('',(0.448798950513,19.741251327391));
#9282 = CARTESIAN_POINT('',(0.224399475256,19.8));
#9283 = CARTESIAN_POINT('',(0.,19.8));
#9284 = ( GEOMETRIC_REPRESENTATION_CONTEXT(2) 
PARAMETRIC_REPRESENTATION_CONTEXT() REPRESENTATION_CONTEXT('2D SPACE',''
  ) );
#9285 = ADVANCED_FACE('',(#9286,#9334,#9369,#9404,#9439,#9474,#9509,
    #9544,#9579,#9614,#9649,#9684,#9719,#9754,#9789,#9824,#9859,#9894,
    #9929,#9964,#9999),#8599,.T.);
#9286 = FACE_BOUND('',#9287,.T.);
#9287 = EDGE_LOOP('',(#9288,#9311,#9332,#9333));
#9288 = ORIENTED_EDGE('',*,*,#9289,.F.);
#9289 = EDGE_CURVE('',#9290,#9228,#9292,.T.);
#9290 = VERTEX_POINT('',#9291);
#9291 = CARTESIAN_POINT('',(38.9,29.9,1.));
#9292 = SURFACE_CURVE('',#9293,(#9297,#9304),.PCURVE_S1.);
#9293 = LINE('',#9294,#9295);
#9294 = CARTESIAN_POINT('',(38.9,29.9,0.));
#9295 = VECTOR('',#9296,1.);
#9296 = DIRECTION('',(0.,0.,1.));
#9297 = PCURVE('',#8599,#9298);
#9298 = DEFINITIONAL_REPRESENTATION('',(#9299),#9303);
#9299 = LINE('',#9300,#9301);
#9300 = CARTESIAN_POINT('',(0.,78.8));
#9301 = VECTOR('',#9302,1.);
#9302 = DIRECTION('',(1.,0.));
#9303 = ( GEOMETRIC_REPRESENTATION_CONTEXT(2) 
PARAMETRIC_REPRESENTATION_CONTEXT() REPRESENTATION_CONTEXT('2D SPACE',''
  ) );
#9304 = PCURVE('',#8836,#9305);
#9305 = DEFINITIONAL_REPRESENTATION('',(#9306),#9310);
#9306 = LINE('',#9307,#9308);
#9307 = CARTESIAN_POINT('',(1.570796326795,0.));
#9308 = VECTOR('',#9309,1.);
#9309 = DIRECTION('',(0.,1.));
#9310 = ( GEOMETRIC_REPRESENTATION_CONTEXT(2) 
PARAMETRIC_REPRESENTATION_CONTEXT() REPRESENTATION_CONTEXT('2D SPACE',''
  ) );
#9311 = ORIENTED_EDGE('',*,*,#9312,.F.);
#9312 = EDGE_CURVE('',#8545,#9290,#9313,.T.);
#9313 = SURFACE_CURVE('',#9314,(#9318,#9325),.PCURVE_S1.);
#9314 = LINE('',#9315,#9316);
#9315 = CARTESIAN_POINT('',(-39.9,29.9,1.));
#9316 = VECTOR('',#9317,1.);
#9317 = DIRECTION('',(1.,0.,0.));
#9318 = PCURVE('',#8599,#9319);
#9319 = DEFINITIONAL_REPRESENTATION('',(#9320),#9324);
#9320 = LINE('',#9321,#9322);
#9321 = CARTESIAN_POINT('',(1.,0.));
#9322 = VECTOR('',#9323,1.);
#9323 = DIRECTION('',(0.,1.));
#9324 = ( GEOMETRIC_REPRESENTATION_CONTEXT(2) 
PARAMETRIC_REPRESENTATION_CONTEXT() REPRESENTATION_CONTEXT('2D SPACE',''
  ) );
#9325 = PCURVE('',#8566,#9326);
#9326 = DEFINITIONAL_REPRESENTATION('',(#9327),#9331);
#9327 = LINE('',#9328,#9329);
#9328 = CARTESIAN_POINT('',(-0.,0.));
#9329 = VECTOR('',#9330,1.);
#9330 = DIRECTION('',(-0.,1.));
#9331 = ( GEOMETRIC_REPRESENTATION_CONTEXT(2) 
PARAMETRIC_REPRESENTATION_CONTEXT() REPRESENTATION_CONTEXT('2D SPACE',''
  ) );
#9332 = ORIENTED_EDGE('',*,*,#8583,.T.);
#9333 = ORIENTED_EDGE('',*,*,#9227,.T.);
#9334 = FACE_BOUND('',#9335,.T.);
#9335 = EDGE_LOOP('',(#9336));
#9336 = ORIENTED_EDGE('',*,*,#9337,.T.);
#9337 = EDGE_CURVE('',#9338,#9338,#9340,.T.);
#9338 = VERTEX_POINT('',#9339);
#9339 = CARTESIAN_POINT('',(-34.171930009,29.9,3.178069990999));
#9340 = SURFACE_CURVE('',#9341,(#9346,#9357),.PCURVE_S1.);
#9341 = CIRCLE('',#9342,2.55);
#9342 = AXIS2_PLACEMENT_3D('',#9343,#9344,#9345);
#9343 = CARTESIAN_POINT('',(-34.171930009,29.9,5.728069990999));
#9344 = DIRECTION('',(0.,-1.,-0.));
#9345 = DIRECTION('',(0.,0.,-1.));
#9346 = PCURVE('',#8599,#9347);
#9347 = DEFINITIONAL_REPRESENTATION('',(#9348),#9356);
#9348 = ( BOUNDED_CURVE() B_SPLINE_CURVE(2,(#9349,#9350,#9351,#9352,
#9353,#9354,#9355),.UNSPECIFIED.,.T.,.F.) B_SPLINE_CURVE_WITH_KNOTS((1,2
    ,2,2,2,1),(-2.094395102393,0.,2.094395102393,4.188790204786,
6.28318530718,8.377580409573),.UNSPECIFIED.) CURVE() 
GEOMETRIC_REPRESENTATION_ITEM() RATIONAL_B_SPLINE_CURVE((1.,0.5,1.,0.5,
1.,0.5,1.)) REPRESENTATION_ITEM('') );
#9349 = CARTESIAN_POINT('',(3.178069990999,5.728069990999));
#9350 = CARTESIAN_POINT('',(3.178069990999,10.1447995503));
#9351 = CARTESIAN_POINT('',(7.003069990999,7.93643477065));
#9352 = CARTESIAN_POINT('',(10.828069990999,5.728069990999));
#9353 = CARTESIAN_POINT('',(7.003069990999,3.519705211349));
#9354 = CARTESIAN_POINT('',(3.178069990999,1.311340431699));
#9355 = CARTESIAN_POINT('',(3.178069990999,5.728069990999));
#9356 = ( GEOMETRIC_REPRESENTATION_CONTEXT(2) 
PARAMETRIC_REPRESENTATION_CONTEXT() REPRESENTATION_CONTEXT('2D SPACE',''
  ) );
#9357 = PCURVE('',#9358,#9363);
#9358 = CYLINDRICAL_SURFACE('',#9359,2.55);
#9359 = AXIS2_PLACEMENT_3D('',#9360,#9361,#9362);
#9360 = CARTESIAN_POINT('',(-34.171930009,29.92,5.728069990999));
#9361 = DIRECTION('',(-0.,-1.,-0.));
#9362 = DIRECTION('',(0.,0.,-1.));
#9363 = DEFINITIONAL_REPRESENTATION('',(#9364),#9368);
#9364 = LINE('',#9365,#9366);
#9365 = CARTESIAN_POINT('',(0.,2.E-02));
#9366 = VECTOR('',#9367,1.);
#9367 = DIRECTION('',(1.,0.));
#9368 = ( GEOMETRIC_REPRESENTATION_CONTEXT(2) 
PARAMETRIC_REPRESENTATION_CONTEXT() REPRESENTATION_CONTEXT('2D SPACE',''
  ) );
#9369 = FACE_BOUND('',#9370,.T.);
#9370 = EDGE_LOOP('',(#9371));
#9371 = ORIENTED_EDGE('',*,*,#9372,.T.);
#9372 = EDGE_CURVE('',#9373,#9373,#9375,.T.);
#9373 = VERTEX_POINT('',#9374);
#9374 = CARTESIAN_POINT('',(-25.82806999099,29.9,3.178069990999));
#9375 = SURFACE_CURVE('',#9376,(#9381,#9392),.PCURVE_S1.);
#9376 = CIRCLE('',#9377,2.55);
#9377 = AXIS2_PLACEMENT_3D('',#9378,#9379,#9380);
#9378 = CARTESIAN_POINT('',(-25.82806999099,29.9,5.728069990999));
#9379 = DIRECTION('',(0.,-1.,-0.));
#9380 = DIRECTION('',(0.,0.,-1.));
#9381 = PCURVE('',#8599,#9382);
#9382 = DEFINITIONAL_REPRESENTATION('',(#9383),#9391);
#9383 = ( BOUNDED_CURVE() B_SPLINE_CURVE(2,(#9384,#9385,#9386,#9387,
#9388,#9389,#9390),.UNSPECIFIED.,.T.,.F.) B_SPLINE_CURVE_WITH_KNOTS((1,2
    ,2,2,2,1),(-2.094395102393,0.,2.094395102393,4.188790204786,
6.28318530718,8.377580409573),.UNSPECIFIED.) CURVE() 
GEOMETRIC_REPRESENTATION_ITEM() RATIONAL_B_SPLINE_CURVE((1.,0.5,1.,0.5,
1.,0.5,1.)) REPRESENTATION_ITEM('') );
#9384 = CARTESIAN_POINT('',(3.178069990999,14.071930009001));
#9385 = CARTESIAN_POINT('',(3.178069990999,18.488659568301));
#9386 = CARTESIAN_POINT('',(7.003069990999,16.280294788651));
#9387 = CARTESIAN_POINT('',(10.828069990999,14.071930009001));
#9388 = CARTESIAN_POINT('',(7.003069990999,11.86356522935));
#9389 = CARTESIAN_POINT('',(3.178069990999,9.6552004497));
#9390 = CARTESIAN_POINT('',(3.178069990999,14.071930009001));
#9391 = ( GEOMETRIC_REPRESENTATION_CONTEXT(2) 
PARAMETRIC_REPRESENTATION_CONTEXT() REPRESENTATION_CONTEXT('2D SPACE',''
  ) );
#9392 = PCURVE('',#9393,#9398);
#9393 = CYLINDRICAL_SURFACE('',#9394,2.55);
#9394 = AXIS2_PLACEMENT_3D('',#9395,#9396,#9397);
#9395 = CARTESIAN_POINT('',(-25.82806999099,29.92,5.728069990999));
#9396 = DIRECTION('',(-0.,-1.,-0.));
#9397 = DIRECTION('',(0.,0.,-1.));
#9398 = DEFINITIONAL_REPRESENTATION('',(#9399),#9403);
#9399 = LINE('',#9400,#9401);
#9400 = CARTESIAN_POINT('',(0.,2.E-02));
#9401 = VECTOR('',#9402,1.);
#9402 = DIRECTION('',(1.,0.));
#9403 = ( GEOMETRIC_REPRESENTATION_CONTEXT(2) 
PARAMETRIC_REPRESENTATION_CONTEXT() REPRESENTATION_CONTEXT('2D SPACE',''
  ) );
#9404 = FACE_BOUND('',#9405,.T.);
#9405 = EDGE_LOOP('',(#9406));
#9406 = ORIENTED_EDGE('',*,*,#9407,.T.);
#9407 = EDGE_CURVE('',#9408,#9408,#9410,.T.);
#9408 = VERTEX_POINT('',#9409);
#9409 = CARTESIAN_POINT('',(-14.171930009,29.9,3.178069990999));
#9410 = SURFACE_CURVE('',#9411,(#9416,#9427),.PCURVE_S1.);
#9411 = CIRCLE('',#9412,2.55);
#9412 = AXIS2_PLACEMENT_3D('',#9413,#9414,#9415);
#9413 = CARTESIAN_POINT('',(-14.171930009,29.9,5.728069990999));
#9414 = DIRECTION('',(0.,-1.,-0.));
#9415 = DIRECTION('',(0.,0.,-1.));
#9416 = PCURVE('',#8599,#9417);
#9417 = DEFINITIONAL_REPRESENTATION('',(#9418),#9426);
#9418 = ( BOUNDED_CURVE() B_SPLINE_CURVE(2,(#9419,#9420,#9421,#9422,
#9423,#9424,#9425),.UNSPECIFIED.,.T.,.F.) B_SPLINE_CURVE_WITH_KNOTS((1,2
    ,2,2,2,1),(-2.094395102393,0.,2.094395102393,4.188790204786,
6.28318530718,8.377580409573),.UNSPECIFIED.) CURVE() 
GEOMETRIC_REPRESENTATION_ITEM() RATIONAL_B_SPLINE_CURVE((1.,0.5,1.,0.5,
1.,0.5,1.)) REPRESENTATION_ITEM('') );
#9419 = CARTESIAN_POINT('',(3.178069990999,25.728069990999));
#9420 = CARTESIAN_POINT('',(3.178069990999,30.1447995503));
#9421 = CARTESIAN_POINT('',(7.003069990999,27.93643477065));
#9422 = CARTESIAN_POINT('',(10.828069990999,25.728069990999));
#9423 = CARTESIAN_POINT('',(7.003069990999,23.519705211349));
#9424 = CARTESIAN_POINT('',(3.178069990999,21.311340431699));
#9425 = CARTESIAN_POINT('',(3.178069990999,25.728069990999));
#9426 = ( GEOMETRIC_REPRESENTATION_CONTEXT(2) 
PARAMETRIC_REPRESENTATION_CONTEXT() REPRESENTATION_CONTEXT('2D SPACE',''
  ) );
#9427 = PCURVE('',#9428,#9433);
#9428 = CYLINDRICAL_SURFACE('',#9429,2.55);
#9429 = AXIS2_PLACEMENT_3D('',#9430,#9431,#9432);
#9430 = CARTESIAN_POINT('',(-14.171930009,29.92,5.728069990999));
#9431 = DIRECTION('',(-0.,-1.,-0.));
#9432 = DIRECTION('',(0.,0.,-1.));
#9433 = DEFINITIONAL_REPRESENTATION('',(#9434),#9438);
#9434 = LINE('',#9435,#9436);
#9435 = CARTESIAN_POINT('',(0.,2.E-02));
#9436 = VECTOR('',#9437,1.);
#9437 = DIRECTION('',(1.,0.));
#9438 = ( GEOMETRIC_REPRESENTATION_CONTEXT(2) 
PARAMETRIC_REPRESENTATION_CONTEXT() REPRESENTATION_CONTEXT('2D SPACE',''
  ) );
#9439 = FACE_BOUND('',#9440,.T.);
#9440 = EDGE_LOOP('',(#9441));
#9441 = ORIENTED_EDGE('',*,*,#9442,.T.);
#9442 = EDGE_CURVE('',#9443,#9443,#9445,.T.);
#9443 = VERTEX_POINT('',#9444);
#9444 = CARTESIAN_POINT('',(-5.828069990999,29.9,3.178069990999));
#9445 = SURFACE_CURVE('',#9446,(#9451,#9462),.PCURVE_S1.);
#9446 = CIRCLE('',#9447,2.55);
#9447 = AXIS2_PLACEMENT_3D('',#9448,#9449,#9450);
#9448 = CARTESIAN_POINT('',(-5.828069990999,29.9,5.728069990999));
#9449 = DIRECTION('',(0.,-1.,-0.));
#9450 = DIRECTION('',(0.,0.,-1.));
#9451 = PCURVE('',#8599,#9452);
#9452 = DEFINITIONAL_REPRESENTATION('',(#9453),#9461);
#9453 = ( BOUNDED_CURVE() B_SPLINE_CURVE(2,(#9454,#9455,#9456,#9457,
#9458,#9459,#9460),.UNSPECIFIED.,.T.,.F.) B_SPLINE_CURVE_WITH_KNOTS((1,2
    ,2,2,2,1),(-2.094395102393,0.,2.094395102393,4.188790204786,
6.28318530718,8.377580409573),.UNSPECIFIED.) CURVE() 
GEOMETRIC_REPRESENTATION_ITEM() RATIONAL_B_SPLINE_CURVE((1.,0.5,1.,0.5,
1.,0.5,1.)) REPRESENTATION_ITEM('') );
#9454 = CARTESIAN_POINT('',(3.178069990999,34.071930009001));
#9455 = CARTESIAN_POINT('',(3.178069990999,38.488659568301));
#9456 = CARTESIAN_POINT('',(7.003069990999,36.280294788651));
#9457 = CARTESIAN_POINT('',(10.828069990999,34.071930009001));
#9458 = CARTESIAN_POINT('',(7.003069990999,31.86356522935));
#9459 = CARTESIAN_POINT('',(3.178069990999,29.6552004497));
#9460 = CARTESIAN_POINT('',(3.178069990999,34.071930009001));
#9461 = ( GEOMETRIC_REPRESENTATION_CONTEXT(2) 
PARAMETRIC_REPRESENTATION_CONTEXT() REPRESENTATION_CONTEXT('2D SPACE',''
  ) );
#9462 = PCURVE('',#9463,#9468);
#9463 = CYLINDRICAL_SURFACE('',#9464,2.55);
#9464 = AXIS2_PLACEMENT_3D('',#9465,#9466,#9467);
#9465 = CARTESIAN_POINT('',(-5.828069990999,29.92,5.728069990999));
#9466 = DIRECTION('',(-0.,-1.,-0.));
#9467 = DIRECTION('',(0.,0.,-1.));
#9468 = DEFINITIONAL_REPRESENTATION('',(#9469),#9473);
#9469 = LINE('',#9470,#9471);
#9470 = CARTESIAN_POINT('',(0.,2.E-02));
#9471 = VECTOR('',#9472,1.);
#9472 = DIRECTION('',(1.,0.));
#9473 = ( GEOMETRIC_REPRESENTATION_CONTEXT(2) 
PARAMETRIC_REPRESENTATION_CONTEXT() REPRESENTATION_CONTEXT('2D SPACE',''
  ) );
#9474 = FACE_BOUND('',#9475,.T.);
#9475 = EDGE_LOOP('',(#9476));
#9476 = ORIENTED_EDGE('',*,*,#9477,.T.);
#9477 = EDGE_CURVE('',#9478,#9478,#9480,.T.);
#9478 = VERTEX_POINT('',#9479);
#9479 = CARTESIAN_POINT('',(-30.,29.9,7.4));
#9480 = SURFACE_CURVE('',#9481,(#9486,#9497),.PCURVE_S1.);
#9481 = CIRCLE('',#9482,2.5);
#9482 = AXIS2_PLACEMENT_3D('',#9483,#9484,#9485);
#9483 = CARTESIAN_POINT('',(-30.,29.9,9.9));
#9484 = DIRECTION('',(0.,-1.,-0.));
#9485 = DIRECTION('',(0.,0.,-1.));
#9486 = PCURVE('',#8599,#9487);
#9487 = DEFINITIONAL_REPRESENTATION('',(#9488),#9496);
#9488 = ( BOUNDED_CURVE() B_SPLINE_CURVE(2,(#9489,#9490,#9491,#9492,
#9493,#9494,#9495),.UNSPECIFIED.,.T.,.F.) B_SPLINE_CURVE_WITH_KNOTS((1,2
    ,2,2,2,1),(-2.094395102393,0.,2.094395102393,4.188790204786,
6.28318530718,8.377580409573),.UNSPECIFIED.) CURVE() 
GEOMETRIC_REPRESENTATION_ITEM() RATIONAL_B_SPLINE_CURVE((1.,0.5,1.,0.5,
1.,0.5,1.)) REPRESENTATION_ITEM('') );
#9489 = CARTESIAN_POINT('',(7.4,9.9));
#9490 = CARTESIAN_POINT('',(7.4,14.230127018922));
#9491 = CARTESIAN_POINT('',(11.15,12.065063509461));
#9492 = CARTESIAN_POINT('',(14.9,9.9));
#9493 = CARTESIAN_POINT('',(11.15,7.734936490539));
#9494 = CARTESIAN_POINT('',(7.4,5.569872981078));
#9495 = CARTESIAN_POINT('',(7.4,9.9));
#9496 = ( GEOMETRIC_REPRESENTATION_CONTEXT(2) 
PARAMETRIC_REPRESENTATION_CONTEXT() REPRESENTATION_CONTEXT('2D SPACE',''
  ) );
#9497 = PCURVE('',#9498,#9503);
#9498 = CYLINDRICAL_SURFACE('',#9499,2.5);
#9499 = AXIS2_PLACEMENT_3D('',#9500,#9501,#9502);
#9500 = CARTESIAN_POINT('',(-30.,29.92,9.9));
#9501 = DIRECTION('',(-0.,-1.,-0.));
#9502 = DIRECTION('',(0.,0.,-1.));
#9503 = DEFINITIONAL_REPRESENTATION('',(#9504),#9508);
#9504 = LINE('',#9505,#9506);
#9505 = CARTESIAN_POINT('',(0.,2.E-02));
#9506 = VECTOR('',#9507,1.);
#9507 = DIRECTION('',(1.,0.));
#9508 = ( GEOMETRIC_REPRESENTATION_CONTEXT(2) 
PARAMETRIC_REPRESENTATION_CONTEXT() REPRESENTATION_CONTEXT('2D SPACE',''
  ) );
#9509 = FACE_BOUND('',#9510,.T.);
#9510 = EDGE_LOOP('',(#9511));
#9511 = ORIENTED_EDGE('',*,*,#9512,.T.);
#9512 = EDGE_CURVE('',#9513,#9513,#9515,.T.);
#9513 = VERTEX_POINT('',#9514);
#9514 = CARTESIAN_POINT('',(-34.171930009,29.9,11.521930009001));
#9515 = SURFACE_CURVE('',#9516,(#9521,#9532),.PCURVE_S1.);
#9516 = CIRCLE('',#9517,2.55);
#9517 = AXIS2_PLACEMENT_3D('',#9518,#9519,#9520);
#9518 = CARTESIAN_POINT('',(-34.171930009,29.9,14.071930009001));
#9519 = DIRECTION('',(0.,-1.,-0.));
#9520 = DIRECTION('',(0.,0.,-1.));
#9521 = PCURVE('',#8599,#9522);
#9522 = DEFINITIONAL_REPRESENTATION('',(#9523),#9531);
#9523 = ( BOUNDED_CURVE() B_SPLINE_CURVE(2,(#9524,#9525,#9526,#9527,
#9528,#9529,#9530),.UNSPECIFIED.,.T.,.F.) B_SPLINE_CURVE_WITH_KNOTS((1,2
    ,2,2,2,1),(-2.094395102393,0.,2.094395102393,4.188790204786,
6.28318530718,8.377580409573),.UNSPECIFIED.) CURVE() 
GEOMETRIC_REPRESENTATION_ITEM() RATIONAL_B_SPLINE_CURVE((1.,0.5,1.,0.5,
1.,0.5,1.)) REPRESENTATION_ITEM('') );
#9524 = CARTESIAN_POINT('',(11.521930009001,5.728069990999));
#9525 = CARTESIAN_POINT('',(11.521930009001,10.1447995503));
#9526 = CARTESIAN_POINT('',(15.346930009001,7.93643477065));
#9527 = CARTESIAN_POINT('',(19.171930009001,5.728069990999));
#9528 = CARTESIAN_POINT('',(15.346930009001,3.519705211349));
#9529 = CARTESIAN_POINT('',(11.521930009001,1.311340431699));
#9530 = CARTESIAN_POINT('',(11.521930009001,5.728069990999));
#9531 = ( GEOMETRIC_REPRESENTATION_CONTEXT(2) 
PARAMETRIC_REPRESENTATION_CONTEXT() REPRESENTATION_CONTEXT('2D SPACE',''
  ) );
#9532 = PCURVE('',#9533,#9538);
#9533 = CYLINDRICAL_SURFACE('',#9534,2.55);
#9534 = AXIS2_PLACEMENT_3D('',#9535,#9536,#9537);
#9535 = CARTESIAN_POINT('',(-34.171930009,29.92,14.071930009001));
#9536 = DIRECTION('',(-0.,-1.,-0.));
#9537 = DIRECTION('',(0.,0.,-1.));
#9538 = DEFINITIONAL_REPRESENTATION('',(#9539),#9543);
#9539 = LINE('',#9540,#9541);
#9540 = CARTESIAN_POINT('',(0.,2.E-02));
#9541 = VECTOR('',#9542,1.);
#9542 = DIRECTION('',(1.,0.));
#9543 = ( GEOMETRIC_REPRESENTATION_CONTEXT(2) 
PARAMETRIC_REPRESENTATION_CONTEXT() REPRESENTATION_CONTEXT('2D SPACE',''
  ) );
#9544 = FACE_BOUND('',#9545,.T.);
#9545 = EDGE_LOOP('',(#9546));
#9546 = ORIENTED_EDGE('',*,*,#9547,.T.);
#9547 = EDGE_CURVE('',#9548,#9548,#9550,.T.);
#9548 = VERTEX_POINT('',#9549);
#9549 = CARTESIAN_POINT('',(-25.82806999099,29.9,11.521930009001));
#9550 = SURFACE_CURVE('',#9551,(#9556,#9567),.PCURVE_S1.);
#9551 = CIRCLE('',#9552,2.55);
#9552 = AXIS2_PLACEMENT_3D('',#9553,#9554,#9555);
#9553 = CARTESIAN_POINT('',(-25.82806999099,29.9,14.071930009001));
#9554 = DIRECTION('',(0.,-1.,-0.));
#9555 = DIRECTION('',(0.,0.,-1.));
#9556 = PCURVE('',#8599,#9557);
#9557 = DEFINITIONAL_REPRESENTATION('',(#9558),#9566);
#9558 = ( BOUNDED_CURVE() B_SPLINE_CURVE(2,(#9559,#9560,#9561,#9562,
#9563,#9564,#9565),.UNSPECIFIED.,.T.,.F.) B_SPLINE_CURVE_WITH_KNOTS((1,2
    ,2,2,2,1),(-2.094395102393,0.,2.094395102393,4.188790204786,
6.28318530718,8.377580409573),.UNSPECIFIED.) CURVE() 
GEOMETRIC_REPRESENTATION_ITEM() RATIONAL_B_SPLINE_CURVE((1.,0.5,1.,0.5,
1.,0.5,1.)) REPRESENTATION_ITEM('') );
#9559 = CARTESIAN_POINT('',(11.521930009001,14.071930009001));
#9560 = CARTESIAN_POINT('',(11.521930009001,18.488659568301));
#9561 = CARTESIAN_POINT('',(15.346930009001,16.280294788651));
#9562 = CARTESIAN_POINT('',(19.171930009001,14.071930009001));
#9563 = CARTESIAN_POINT('',(15.346930009001,11.86356522935));
#9564 = CARTESIAN_POINT('',(11.521930009001,9.6552004497));
#9565 = CARTESIAN_POINT('',(11.521930009001,14.071930009001));
#9566 = ( GEOMETRIC_REPRESENTATION_CONTEXT(2) 
PARAMETRIC_REPRESENTATION_CONTEXT() REPRESENTATION_CONTEXT('2D SPACE',''
  ) );
#9567 = PCURVE('',#9568,#9573);
#9568 = CYLINDRICAL_SURFACE('',#9569,2.55);
#9569 = AXIS2_PLACEMENT_3D('',#9570,#9571,#9572);
#9570 = CARTESIAN_POINT('',(-25.82806999099,29.92,14.071930009001));
#9571 = DIRECTION('',(-0.,-1.,-0.));
#9572 = DIRECTION('',(0.,0.,-1.));
#9573 = DEFINITIONAL_REPRESENTATION('',(#9574),#9578);
#9574 = LINE('',#9575,#9576);
#9575 = CARTESIAN_POINT('',(0.,2.E-02));
#9576 = VECTOR('',#9577,1.);
#9577 = DIRECTION('',(1.,0.));
#9578 = ( GEOMETRIC_REPRESENTATION_CONTEXT(2) 
PARAMETRIC_REPRESENTATION_CONTEXT() REPRESENTATION_CONTEXT('2D SPACE',''
  ) );
#9579 = FACE_BOUND('',#9580,.T.);
#9580 = EDGE_LOOP('',(#9581));
#9581 = ORIENTED_EDGE('',*,*,#9582,.T.);
#9582 = EDGE_CURVE('',#9583,#9583,#9585,.T.);
#9583 = VERTEX_POINT('',#9584);
#9584 = CARTESIAN_POINT('',(-10.,29.9,7.4));
#9585 = SURFACE_CURVE('',#9586,(#9591,#9602),.PCURVE_S1.);
#9586 = CIRCLE('',#9587,2.5);
#9587 = AXIS2_PLACEMENT_3D('',#9588,#9589,#9590);
#9588 = CARTESIAN_POINT('',(-10.,29.9,9.9));
#9589 = DIRECTION('',(0.,-1.,-0.));
#9590 = DIRECTION('',(0.,0.,-1.));
#9591 = PCURVE('',#8599,#9592);
#9592 = DEFINITIONAL_REPRESENTATION('',(#9593),#9601);
#9593 = ( BOUNDED_CURVE() B_SPLINE_CURVE(2,(#9594,#9595,#9596,#9597,
#9598,#9599,#9600),.UNSPECIFIED.,.T.,.F.) B_SPLINE_CURVE_WITH_KNOTS((1,2
    ,2,2,2,1),(-2.094395102393,0.,2.094395102393,4.188790204786,
6.28318530718,8.377580409573),.UNSPECIFIED.) CURVE() 
GEOMETRIC_REPRESENTATION_ITEM() RATIONAL_B_SPLINE_CURVE((1.,0.5,1.,0.5,
1.,0.5,1.)) REPRESENTATION_ITEM('') );
#9594 = CARTESIAN_POINT('',(7.4,29.9));
#9595 = CARTESIAN_POINT('',(7.4,34.230127018922));
#9596 = CARTESIAN_POINT('',(11.15,32.065063509461));
#9597 = CARTESIAN_POINT('',(14.9,29.9));
#9598 = CARTESIAN_POINT('',(11.15,27.734936490539));
#9599 = CARTESIAN_POINT('',(7.4,25.569872981078));
#9600 = CARTESIAN_POINT('',(7.4,29.9));
#9601 = ( GEOMETRIC_REPRESENTATION_CONTEXT(2) 
PARAMETRIC_REPRESENTATION_CONTEXT() REPRESENTATION_CONTEXT('2D SPACE',''
  ) );
#9602 = PCURVE('',#9603,#9608);
#9603 = CYLINDRICAL_SURFACE('',#9604,2.5);
#9604 = AXIS2_PLACEMENT_3D('',#9605,#9606,#9607);
#9605 = CARTESIAN_POINT('',(-10.,29.92,9.9));
#9606 = DIRECTION('',(-0.,-1.,-0.));
#9607 = DIRECTION('',(0.,0.,-1.));
#9608 = DEFINITIONAL_REPRESENTATION('',(#9609),#9613);
#9609 = LINE('',#9610,#9611);
#9610 = CARTESIAN_POINT('',(0.,2.E-02));
#9611 = VECTOR('',#9612,1.);
#9612 = DIRECTION('',(1.,0.));
#9613 = ( GEOMETRIC_REPRESENTATION_CONTEXT(2) 
PARAMETRIC_REPRESENTATION_CONTEXT() REPRESENTATION_CONTEXT('2D SPACE',''
  ) );
#9614 = FACE_BOUND('',#9615,.T.);
#9615 = EDGE_LOOP('',(#9616));
#9616 = ORIENTED_EDGE('',*,*,#9617,.T.);
#9617 = EDGE_CURVE('',#9618,#9618,#9620,.T.);
#9618 = VERTEX_POINT('',#9619);
#9619 = CARTESIAN_POINT('',(-14.171930009,29.9,11.521930009001));
#9620 = SURFACE_CURVE('',#9621,(#9626,#9637),.PCURVE_S1.);
#9621 = CIRCLE('',#9622,2.55);
#9622 = AXIS2_PLACEMENT_3D('',#9623,#9624,#9625);
#9623 = CARTESIAN_POINT('',(-14.171930009,29.9,14.071930009001));
#9624 = DIRECTION('',(0.,-1.,-0.));
#9625 = DIRECTION('',(0.,0.,-1.));
#9626 = PCURVE('',#8599,#9627);
#9627 = DEFINITIONAL_REPRESENTATION('',(#9628),#9636);
#9628 = ( BOUNDED_CURVE() B_SPLINE_CURVE(2,(#9629,#9630,#9631,#9632,
#9633,#9634,#9635),.UNSPECIFIED.,.T.,.F.) B_SPLINE_CURVE_WITH_KNOTS((1,2
    ,2,2,2,1),(-2.094395102393,0.,2.094395102393,4.188790204786,
6.28318530718,8.377580409573),.UNSPECIFIED.) CURVE() 
GEOMETRIC_REPRESENTATION_ITEM() RATIONAL_B_SPLINE_CURVE((1.,0.5,1.,0.5,
1.,0.5,1.)) REPRESENTATION_ITEM('') );
#9629 = CARTESIAN_POINT('',(11.521930009001,25.728069990999));
#9630 = CARTESIAN_POINT('',(11.521930009001,30.1447995503));
#9631 = CARTESIAN_POINT('',(15.346930009001,27.93643477065));
#9632 = CARTESIAN_POINT('',(19.171930009001,25.728069990999));
#9633 = CARTESIAN_POINT('',(15.346930009001,23.519705211349));
#9634 = CARTESIAN_POINT('',(11.521930009001,21.311340431699));
#9635 = CARTESIAN_POINT('',(11.521930009001,25.728069990999));
#9636 = ( GEOMETRIC_REPRESENTATION_CONTEXT(2) 
PARAMETRIC_REPRESENTATION_CONTEXT() REPRESENTATION_CONTEXT('2D SPACE',''
  ) );
#9637 = PCURVE('',#9638,#9643);
#9638 = CYLINDRICAL_SURFACE('',#9639,2.55);
#9639 = AXIS2_PLACEMENT_3D('',#9640,#9641,#9642);
#9640 = CARTESIAN_POINT('',(-14.171930009,29.92,14.071930009001));
#9641 = DIRECTION('',(-0.,-1.,-0.));
#9642 = DIRECTION('',(0.,0.,-1.));
#9643 = DEFINITIONAL_REPRESENTATION('',(#9644),#9648);
#9644 = LINE('',#9645,#9646);
#9645 = CARTESIAN_POINT('',(0.,2.E-02));
#9646 = VECTOR('',#9647,1.);
#9647 = DIRECTION('',(1.,0.));
#9648 = ( GEOMETRIC_REPRESENTATION_CONTEXT(2) 
PARAMETRIC_REPRESENTATION_CONTEXT() REPRESENTATION_CONTEXT('2D SPACE',''
  ) );
#9649 = FACE_BOUND('',#9650,.T.);
#9650 = EDGE_LOOP('',(#9651));
#9651 = ORIENTED_EDGE('',*,*,#9652,.T.);
#9652 = EDGE_CURVE('',#9653,#9653,#9655,.T.);
#9653 = VERTEX_POINT('',#9654);
#9654 = CARTESIAN_POINT('',(-5.828069990999,29.9,11.521930009001));
#9655 = SURFACE_CURVE('',#9656,(#9661,#9672),.PCURVE_S1.);
#9656 = CIRCLE('',#9657,2.55);
#9657 = AXIS2_PLACEMENT_3D('',#9658,#9659,#9660);
#9658 = CARTESIAN_POINT('',(-5.828069990999,29.9,14.071930009001));
#9659 = DIRECTION('',(0.,-1.,-0.));
#9660 = DIRECTION('',(0.,0.,-1.));
#9661 = PCURVE('',#8599,#9662);
#9662 = DEFINITIONAL_REPRESENTATION('',(#9663),#9671);
#9663 = ( BOUNDED_CURVE() B_SPLINE_CURVE(2,(#9664,#9665,#9666,#9667,
#9668,#9669,#9670),.UNSPECIFIED.,.T.,.F.) B_SPLINE_CURVE_WITH_KNOTS((1,2
    ,2,2,2,1),(-2.094395102393,0.,2.094395102393,4.188790204786,
6.28318530718,8.377580409573),.UNSPECIFIED.) CURVE() 
GEOMETRIC_REPRESENTATION_ITEM() RATIONAL_B_SPLINE_CURVE((1.,0.5,1.,0.5,
1.,0.5,1.)) REPRESENTATION_ITEM('') );
#9664 = CARTESIAN_POINT('',(11.521930009001,34.071930009001));
#9665 = CARTESIAN_POINT('',(11.521930009001,38.488659568301));
#9666 = CARTESIAN_POINT('',(15.346930009001,36.280294788651));
#9667 = CARTESIAN_POINT('',(19.171930009001,34.071930009001));
#9668 = CARTESIAN_POINT('',(15.346930009001,31.86356522935));
#9669 = CARTESIAN_POINT('',(11.521930009001,29.6552004497));
#9670 = CARTESIAN_POINT('',(11.521930009001,34.071930009001));
#9671 = ( GEOMETRIC_REPRESENTATION_CONTEXT(2) 
PARAMETRIC_REPRESENTATION_CONTEXT() REPRESENTATION_CONTEXT('2D SPACE',''
  ) );
#9672 = PCURVE('',#9673,#9678);
#9673 = CYLINDRICAL_SURFACE('',#9674,2.55);
#9674 = AXIS2_PLACEMENT_3D('',#9675,#9676,#9677);
#9675 = CARTESIAN_POINT('',(-5.828069990999,29.92,14.071930009001));
#9676 = DIRECTION('',(-0.,-1.,-0.));
#9677 = DIRECTION('',(0.,0.,-1.));
#9678 = DEFINITIONAL_REPRESENTATION('',(#9679),#9683);
#9679 = LINE('',#9680,#9681);
#9680 = CARTESIAN_POINT('',(0.,2.E-02));
#9681 = VECTOR('',#9682,1.);
#9682 = DIRECTION('',(1.,0.));
#9683 = ( GEOMETRIC_REPRESENTATION_CONTEXT(2) 
PARAMETRIC_REPRESENTATION_CONTEXT() REPRESENTATION_CONTEXT('2D SPACE',''
  ) );
#9684 = FACE_BOUND('',#9685,.T.);
#9685 = EDGE_LOOP('',(#9686));
#9686 = ORIENTED_EDGE('',*,*,#9687,.T.);
#9687 = EDGE_CURVE('',#9688,#9688,#9690,.T.);
#9688 = VERTEX_POINT('',#9689);
#9689 = CARTESIAN_POINT('',(5.828069990999,29.9,3.178069990999));
#9690 = SURFACE_CURVE('',#9691,(#9696,#9707),.PCURVE_S1.);
#9691 = CIRCLE('',#9692,2.55);
#9692 = AXIS2_PLACEMENT_3D('',#9693,#9694,#9695);
#9693 = CARTESIAN_POINT('',(5.828069990999,29.9,5.728069990999));
#9694 = DIRECTION('',(0.,-1.,-0.));
#9695 = DIRECTION('',(0.,0.,-1.));
#9696 = PCURVE('',#8599,#9697);
#9697 = DEFINITIONAL_REPRESENTATION('',(#9698),#9706);
#9698 = ( BOUNDED_CURVE() B_SPLINE_CURVE(2,(#9699,#9700,#9701,#9702,
#9703,#9704,#9705),.UNSPECIFIED.,.T.,.F.) B_SPLINE_CURVE_WITH_KNOTS((1,2
    ,2,2,2,1),(-2.094395102393,0.,2.094395102393,4.188790204786,
6.28318530718,8.377580409573),.UNSPECIFIED.) CURVE() 
GEOMETRIC_REPRESENTATION_ITEM() RATIONAL_B_SPLINE_CURVE((1.,0.5,1.,0.5,
1.,0.5,1.)) REPRESENTATION_ITEM('') );
#9699 = CARTESIAN_POINT('',(3.178069990999,45.728069990999));
#9700 = CARTESIAN_POINT('',(3.178069990999,50.1447995503));
#9701 = CARTESIAN_POINT('',(7.003069990999,47.93643477065));
#9702 = CARTESIAN_POINT('',(10.828069990999,45.728069990999));
#9703 = CARTESIAN_POINT('',(7.003069990999,43.519705211349));
#9704 = CARTESIAN_POINT('',(3.178069990999,41.311340431699));
#9705 = CARTESIAN_POINT('',(3.178069990999,45.728069990999));
#9706 = ( GEOMETRIC_REPRESENTATION_CONTEXT(2) 
PARAMETRIC_REPRESENTATION_CONTEXT() REPRESENTATION_CONTEXT('2D SPACE',''
  ) );
#9707 = PCURVE('',#9708,#9713);
#9708 = CYLINDRICAL_SURFACE('',#9709,2.55);
#9709 = AXIS2_PLACEMENT_3D('',#9710,#9711,#9712);
#9710 = CARTESIAN_POINT('',(5.828069990999,29.92,5.728069990999));
#9711 = DIRECTION('',(-0.,-1.,-0.));
#9712 = DIRECTION('',(0.,0.,-1.));
#9713 = DEFINITIONAL_REPRESENTATION('',(#9714),#9718);
#9714 = LINE('',#9715,#9716);
#9715 = CARTESIAN_POINT('',(0.,2.E-02));
#9716 = VECTOR('',#9717,1.);
#9717 = DIRECTION('',(1.,0.));
#9718 = ( GEOMETRIC_REPRESENTATION_CONTEXT(2) 
PARAMETRIC_REPRESENTATION_CONTEXT() REPRESENTATION_CONTEXT('2D SPACE',''
  ) );
#9719 = FACE_BOUND('',#9720,.T.);
#9720 = EDGE_LOOP('',(#9721));
#9721 = ORIENTED_EDGE('',*,*,#9722,.T.);
#9722 = EDGE_CURVE('',#9723,#9723,#9725,.T.);
#9723 = VERTEX_POINT('',#9724);
#9724 = CARTESIAN_POINT('',(14.171930009001,29.9,3.178069990999));
#9725 = SURFACE_CURVE('',#9726,(#9731,#9742),.PCURVE_S1.);
#9726 = CIRCLE('',#9727,2.55);
#9727 = AXIS2_PLACEMENT_3D('',#9728,#9729,#9730);
#9728 = CARTESIAN_POINT('',(14.171930009001,29.9,5.728069990999));
#9729 = DIRECTION('',(0.,-1.,-0.));
#9730 = DIRECTION('',(0.,0.,-1.));
#9731 = PCURVE('',#8599,#9732);
#9732 = DEFINITIONAL_REPRESENTATION('',(#9733),#9741);
#9733 = ( BOUNDED_CURVE() B_SPLINE_CURVE(2,(#9734,#9735,#9736,#9737,
#9738,#9739,#9740),.UNSPECIFIED.,.T.,.F.) B_SPLINE_CURVE_WITH_KNOTS((1,2
    ,2,2,2,1),(-2.094395102393,0.,2.094395102393,4.188790204786,
6.28318530718,8.377580409573),.UNSPECIFIED.) CURVE() 
GEOMETRIC_REPRESENTATION_ITEM() RATIONAL_B_SPLINE_CURVE((1.,0.5,1.,0.5,
1.,0.5,1.)) REPRESENTATION_ITEM('') );
#9734 = CARTESIAN_POINT('',(3.178069990999,54.071930009001));
#9735 = CARTESIAN_POINT('',(3.178069990999,58.488659568301));
#9736 = CARTESIAN_POINT('',(7.003069990999,56.280294788651));
#9737 = CARTESIAN_POINT('',(10.828069990999,54.071930009001));
#9738 = CARTESIAN_POINT('',(7.003069990999,51.86356522935));
#9739 = CARTESIAN_POINT('',(3.178069990999,49.6552004497));
#9740 = CARTESIAN_POINT('',(3.178069990999,54.071930009001));
#9741 = ( GEOMETRIC_REPRESENTATION_CONTEXT(2) 
PARAMETRIC_REPRESENTATION_CONTEXT() REPRESENTATION_CONTEXT('2D SPACE',''
  ) );
#9742 = PCURVE('',#9743,#9748);
#9743 = CYLINDRICAL_SURFACE('',#9744,2.55);
#9744 = AXIS2_PLACEMENT_3D('',#9745,#9746,#9747);
#9745 = CARTESIAN_POINT('',(14.171930009001,29.92,5.728069990999));
#9746 = DIRECTION('',(-0.,-1.,-0.));
#9747 = DIRECTION('',(0.,0.,-1.));
#9748 = DEFINITIONAL_REPRESENTATION('',(#9749),#9753);
#9749 = LINE('',#9750,#9751);
#9750 = CARTESIAN_POINT('',(0.,2.E-02));
#9751 = VECTOR('',#9752,1.);
#9752 = DIRECTION('',(1.,0.));
#9753 = ( GEOMETRIC_REPRESENTATION_CONTEXT(2) 
PARAMETRIC_REPRESENTATION_CONTEXT() REPRESENTATION_CONTEXT('2D SPACE',''
  ) );
#9754 = FACE_BOUND('',#9755,.T.);
#9755 = EDGE_LOOP('',(#9756));
#9756 = ORIENTED_EDGE('',*,*,#9757,.T.);
#9757 = EDGE_CURVE('',#9758,#9758,#9760,.T.);
#9758 = VERTEX_POINT('',#9759);
#9759 = CARTESIAN_POINT('',(25.828069990999,29.9,3.178069990999));
#9760 = SURFACE_CURVE('',#9761,(#9766,#9777),.PCURVE_S1.);
#9761 = CIRCLE('',#9762,2.55);
#9762 = AXIS2_PLACEMENT_3D('',#9763,#9764,#9765);
#9763 = CARTESIAN_POINT('',(25.828069990999,29.9,5.728069990999));
#9764 = DIRECTION('',(0.,-1.,-0.));
#9765 = DIRECTION('',(0.,0.,-1.));
#9766 = PCURVE('',#8599,#9767);
#9767 = DEFINITIONAL_REPRESENTATION('',(#9768),#9776);
#9768 = ( BOUNDED_CURVE() B_SPLINE_CURVE(2,(#9769,#9770,#9771,#9772,
#9773,#9774,#9775),.UNSPECIFIED.,.T.,.F.) B_SPLINE_CURVE_WITH_KNOTS((1,2
    ,2,2,2,1),(-2.094395102393,0.,2.094395102393,4.188790204786,
6.28318530718,8.377580409573),.UNSPECIFIED.) CURVE() 
GEOMETRIC_REPRESENTATION_ITEM() RATIONAL_B_SPLINE_CURVE((1.,0.5,1.,0.5,
1.,0.5,1.)) REPRESENTATION_ITEM('') );
#9769 = CARTESIAN_POINT('',(3.178069990999,65.728069990999));
#9770 = CARTESIAN_POINT('',(3.178069990999,70.1447995503));
#9771 = CARTESIAN_POINT('',(7.003069990999,67.93643477065));
#9772 = CARTESIAN_POINT('',(10.828069990999,65.728069990999));
#9773 = CARTESIAN_POINT('',(7.003069990999,63.519705211349));
#9774 = CARTESIAN_POINT('',(3.178069990999,61.311340431699));
#9775 = CARTESIAN_POINT('',(3.178069990999,65.728069990999));
#9776 = ( GEOMETRIC_REPRESENTATION_CONTEXT(2) 
PARAMETRIC_REPRESENTATION_CONTEXT() REPRESENTATION_CONTEXT('2D SPACE',''
  ) );
#9777 = PCURVE('',#9778,#9783);
#9778 = CYLINDRICAL_SURFACE('',#9779,2.55);
#9779 = AXIS2_PLACEMENT_3D('',#9780,#9781,#9782);
#9780 = CARTESIAN_POINT('',(25.828069990999,29.92,5.728069990999));
#9781 = DIRECTION('',(-0.,-1.,-0.));
#9782 = DIRECTION('',(0.,0.,-1.));
#9783 = DEFINITIONAL_REPRESENTATION('',(#9784),#9788);
#9784 = LINE('',#9785,#9786);
#9785 = CARTESIAN_POINT('',(0.,2.E-02));
#9786 = VECTOR('',#9787,1.);
#9787 = DIRECTION('',(1.,0.));
#9788 = ( GEOMETRIC_REPRESENTATION_CONTEXT(2) 
PARAMETRIC_REPRESENTATION_CONTEXT() REPRESENTATION_CONTEXT('2D SPACE',''
  ) );
#9789 = FACE_BOUND('',#9790,.T.);
#9790 = EDGE_LOOP('',(#9791));
#9791 = ORIENTED_EDGE('',*,*,#9792,.T.);
#9792 = EDGE_CURVE('',#9793,#9793,#9795,.T.);
#9793 = VERTEX_POINT('',#9794);
#9794 = CARTESIAN_POINT('',(34.171930009001,29.9,3.178069990999));
#9795 = SURFACE_CURVE('',#9796,(#9801,#9812),.PCURVE_S1.);
#9796 = CIRCLE('',#9797,2.55);
#9797 = AXIS2_PLACEMENT_3D('',#9798,#9799,#9800);
#9798 = CARTESIAN_POINT('',(34.171930009001,29.9,5.728069990999));
#9799 = DIRECTION('',(0.,-1.,-0.));
#9800 = DIRECTION('',(0.,0.,-1.));
#9801 = PCURVE('',#8599,#9802);
#9802 = DEFINITIONAL_REPRESENTATION('',(#9803),#9811);
#9803 = ( BOUNDED_CURVE() B_SPLINE_CURVE(2,(#9804,#9805,#9806,#9807,
#9808,#9809,#9810),.UNSPECIFIED.,.T.,.F.) B_SPLINE_CURVE_WITH_KNOTS((1,2
    ,2,2,2,1),(-2.094395102393,0.,2.094395102393,4.188790204786,
6.28318530718,8.377580409573),.UNSPECIFIED.) CURVE() 
GEOMETRIC_REPRESENTATION_ITEM() RATIONAL_B_SPLINE_CURVE((1.,0.5,1.,0.5,
1.,0.5,1.)) REPRESENTATION_ITEM('') );
#9804 = CARTESIAN_POINT('',(3.178069990999,74.071930009001));
#9805 = CARTESIAN_POINT('',(3.178069990999,78.488659568301));
#9806 = CARTESIAN_POINT('',(7.003069990999,76.280294788651));
#9807 = CARTESIAN_POINT('',(10.828069990999,74.071930009001));
#9808 = CARTESIAN_POINT('',(7.003069990999,71.86356522935));
#9809 = CARTESIAN_POINT('',(3.178069990999,69.6552004497));
#9810 = CARTESIAN_POINT('',(3.178069990999,74.071930009001));
#9811 = ( GEOMETRIC_REPRESENTATION_CONTEXT(2) 
PARAMETRIC_REPRESENTATION_CONTEXT() REPRESENTATION_CONTEXT('2D SPACE',''
  ) );
#9812 = PCURVE('',#9813,#9818);
#9813 = CYLINDRICAL_SURFACE('',#9814,2.55);
#9814 = AXIS2_PLACEMENT_3D('',#9815,#9816,#9817);
#9815 = CARTESIAN_POINT('',(34.171930009001,29.92,5.728069990999));
#9816 = DIRECTION('',(-0.,-1.,-0.));
#9817 = DIRECTION('',(0.,0.,-1.));
#9818 = DEFINITIONAL_REPRESENTATION('',(#9819),#9823);
#9819 = LINE('',#9820,#9821);
#9820 = CARTESIAN_POINT('',(0.,2.E-02));
#9821 = VECTOR('',#9822,1.);
#9822 = DIRECTION('',(1.,0.));
#9823 = ( GEOMETRIC_REPRESENTATION_CONTEXT(2) 
PARAMETRIC_REPRESENTATION_CONTEXT() REPRESENTATION_CONTEXT('2D SPACE',''
  ) );
#9824 = FACE_BOUND('',#9825,.T.);
#9825 = EDGE_LOOP('',(#9826));
#9826 = ORIENTED_EDGE('',*,*,#9827,.T.);
#9827 = EDGE_CURVE('',#9828,#9828,#9830,.T.);
#9828 = VERTEX_POINT('',#9829);
#9829 = CARTESIAN_POINT('',(10.,29.9,7.4));
#9830 = SURFACE_CURVE('',#9831,(#9836,#9847),.PCURVE_S1.);
#9831 = CIRCLE('',#9832,2.5);
#9832 = AXIS2_PLACEMENT_3D('',#9833,#9834,#9835);
#9833 = CARTESIAN_POINT('',(10.,29.9,9.9));
#9834 = DIRECTION('',(0.,-1.,-0.));
#9835 = DIRECTION('',(0.,0.,-1.));
#9836 = PCURVE('',#8599,#9837);
#9837 = DEFINITIONAL_REPRESENTATION('',(#9838),#9846);
#9838 = ( BOUNDED_CURVE() B_SPLINE_CURVE(2,(#9839,#9840,#9841,#9842,
#9843,#9844,#9845),.UNSPECIFIED.,.T.,.F.) B_SPLINE_CURVE_WITH_KNOTS((1,2
    ,2,2,2,1),(-2.094395102393,0.,2.094395102393,4.188790204786,
6.28318530718,8.377580409573),.UNSPECIFIED.) CURVE() 
GEOMETRIC_REPRESENTATION_ITEM() RATIONAL_B_SPLINE_CURVE((1.,0.5,1.,0.5,
1.,0.5,1.)) REPRESENTATION_ITEM('') );
#9839 = CARTESIAN_POINT('',(7.4,49.9));
#9840 = CARTESIAN_POINT('',(7.4,54.230127018922));
#9841 = CARTESIAN_POINT('',(11.15,52.065063509461));
#9842 = CARTESIAN_POINT('',(14.9,49.9));
#9843 = CARTESIAN_POINT('',(11.15,47.734936490539));
#9844 = CARTESIAN_POINT('',(7.4,45.569872981078));
#9845 = CARTESIAN_POINT('',(7.4,49.9));
#9846 = ( GEOMETRIC_REPRESENTATION_CONTEXT(2) 
PARAMETRIC_REPRESENTATION_CONTEXT() REPRESENTATION_CONTEXT('2D SPACE',''
  ) );
#9847 = PCURVE('',#9848,#9853);
#9848 = CYLINDRICAL_SURFACE('',#9849,2.5);
#9849 = AXIS2_PLACEMENT_3D('',#9850,#9851,#9852);
#9850 = CARTESIAN_POINT('',(10.,29.92,9.9));
#9851 = DIRECTION('',(-0.,-1.,-0.));
#9852 = DIRECTION('',(0.,0.,-1.));
#9853 = DEFINITIONAL_REPRESENTATION('',(#9854),#9858);
#9854 = LINE('',#9855,#9856);
#9855 = CARTESIAN_POINT('',(0.,2.E-02));
#9856 = VECTOR('',#9857,1.);
#9857 = DIRECTION('',(1.,0.));
#9858 = ( GEOMETRIC_REPRESENTATION_CONTEXT(2) 
PARAMETRIC_REPRESENTATION_CONTEXT() REPRESENTATION_CONTEXT('2D SPACE',''
  ) );
#9859 = FACE_BOUND('',#9860,.T.);
#9860 = EDGE_LOOP('',(#9861));
#9861 = ORIENTED_EDGE('',*,*,#9862,.T.);
#9862 = EDGE_CURVE('',#9863,#9863,#9865,.T.);
#9863 = VERTEX_POINT('',#9864);
#9864 = CARTESIAN_POINT('',(5.828069990999,29.9,11.521930009001));
#9865 = SURFACE_CURVE('',#9866,(#9871,#9882),.PCURVE_S1.);
#9866 = CIRCLE('',#9867,2.55);
#9867 = AXIS2_PLACEMENT_3D('',#9868,#9869,#9870);
#9868 = CARTESIAN_POINT('',(5.828069990999,29.9,14.071930009001));
#9869 = DIRECTION('',(0.,-1.,-0.));
#9870 = DIRECTION('',(0.,0.,-1.));
#9871 = PCURVE('',#8599,#9872);
#9872 = DEFINITIONAL_REPRESENTATION('',(#9873),#9881);
#9873 = ( BOUNDED_CURVE() B_SPLINE_CURVE(2,(#9874,#9875,#9876,#9877,
#9878,#9879,#9880),.UNSPECIFIED.,.T.,.F.) B_SPLINE_CURVE_WITH_KNOTS((1,2
    ,2,2,2,1),(-2.094395102393,0.,2.094395102393,4.188790204786,
6.28318530718,8.377580409573),.UNSPECIFIED.) CURVE() 
GEOMETRIC_REPRESENTATION_ITEM() RATIONAL_B_SPLINE_CURVE((1.,0.5,1.,0.5,
1.,0.5,1.)) REPRESENTATION_ITEM('') );
#9874 = CARTESIAN_POINT('',(11.521930009001,45.728069990999));
#9875 = CARTESIAN_POINT('',(11.521930009001,50.1447995503));
#9876 = CARTESIAN_POINT('',(15.346930009001,47.93643477065));
#9877 = CARTESIAN_POINT('',(19.171930009001,45.728069990999));
#9878 = CARTESIAN_POINT('',(15.346930009001,43.519705211349));
#9879 = CARTESIAN_POINT('',(11.521930009001,41.311340431699));
#9880 = CARTESIAN_POINT('',(11.521930009001,45.728069990999));
#9881 = ( GEOMETRIC_REPRESENTATION_CONTEXT(2) 
PARAMETRIC_REPRESENTATION_CONTEXT() REPRESENTATION_CONTEXT('2D SPACE',''
  ) );
#9882 = PCURVE('',#9883,#9888);
#9883 = CYLINDRICAL_SURFACE('',#9884,2.55);
#9884 = AXIS2_PLACEMENT_3D('',#9885,#9886,#9887);
#9885 = CARTESIAN_POINT('',(5.828069990999,29.92,14.071930009001));
#9886 = DIRECTION('',(-0.,-1.,-0.));
#9887 = DIRECTION('',(0.,0.,-1.));
#9888 = DEFINITIONAL_REPRESENTATION('',(#9889),#9893);
#9889 = LINE('',#9890,#9891);
#9890 = CARTESIAN_POINT('',(0.,2.E-02));
#9891 = VECTOR('',#9892,1.);
#9892 = DIRECTION('',(1.,0.));
#9893 = ( GEOMETRIC_REPRESENTATION_CONTEXT(2) 
PARAMETRIC_REPRESENTATION_CONTEXT() REPRESENTATION_CONTEXT('2D SPACE',''
  ) );
#9894 = FACE_BOUND('',#9895,.T.);
#9895 = EDGE_LOOP('',(#9896));
#9896 = ORIENTED_EDGE('',*,*,#9897,.T.);
#9897 = EDGE_CURVE('',#9898,#9898,#9900,.T.);
#9898 = VERTEX_POINT('',#9899);
#9899 = CARTESIAN_POINT('',(14.171930009001,29.9,11.521930009001));
#9900 = SURFACE_CURVE('',#9901,(#9906,#9917),.PCURVE_S1.);
#9901 = CIRCLE('',#9902,2.55);
#9902 = AXIS2_PLACEMENT_3D('',#9903,#9904,#9905);
#9903 = CARTESIAN_POINT('',(14.171930009001,29.9,14.071930009001));
#9904 = DIRECTION('',(0.,-1.,-0.));
#9905 = DIRECTION('',(0.,0.,-1.));
#9906 = PCURVE('',#8599,#9907);
#9907 = DEFINITIONAL_REPRESENTATION('',(#9908),#9916);
#9908 = ( BOUNDED_CURVE() B_SPLINE_CURVE(2,(#9909,#9910,#9911,#9912,
#9913,#9914,#9915),.UNSPECIFIED.,.T.,.F.) B_SPLINE_CURVE_WITH_KNOTS((1,2
    ,2,2,2,1),(-2.094395102393,0.,2.094395102393,4.188790204786,
6.28318530718,8.377580409573),.UNSPECIFIED.) CURVE() 
GEOMETRIC_REPRESENTATION_ITEM() RATIONAL_B_SPLINE_CURVE((1.,0.5,1.,0.5,
1.,0.5,1.)) REPRESENTATION_ITEM('') );
#9909 = CARTESIAN_POINT('',(11.521930009001,54.071930009001));
#9910 = CARTESIAN_POINT('',(11.521930009001,58.488659568301));
#9911 = CARTESIAN_POINT('',(15.346930009001,56.280294788651));
#9912 = CARTESIAN_POINT('',(19.171930009001,54.071930009001));
#9913 = CARTESIAN_POINT('',(15.346930009001,51.86356522935));
#9914 = CARTESIAN_POINT('',(11.521930009001,49.6552004497));
#9915 = CARTESIAN_POINT('',(11.521930009001,54.071930009001));
#9916 = ( GEOMETRIC_REPRESENTATION_CONTEXT(2) 
PARAMETRIC_REPRESENTATION_CONTEXT() REPRESENTATION_CONTEXT('2D SPACE',''
  ) );
#9917 = PCURVE('',#9918,#9923);
#9918 = CYLINDRICAL_SURFACE('',#9919,2.55);
#9919 = AXIS2_PLACEMENT_3D('',#9920,#9921,#9922);
#9920 = CARTESIAN_POINT('',(14.171930009001,29.92,14.071930009001));
#9921 = DIRECTION('',(-0.,-1.,-0.));
#9922 = DIRECTION('',(0.,0.,-1.));
#9923 = DEFINITIONAL_REPRESENTATION('',(#9924),#9928);
#9924 = LINE('',#9925,#9926);
#9925 = CARTESIAN_POINT('',(0.,2.E-02));
#9926 = VECTOR('',#9927,1.);
#9927 = DIRECTION('',(1.,0.));
#9928 = ( GEOMETRIC_REPRESENTATION_CONTEXT(2) 
PARAMETRIC_REPRESENTATION_CONTEXT() REPRESENTATION_CONTEXT('2D SPACE',''
  ) );
#9929 = FACE_BOUND('',#9930,.T.);
#9930 = EDGE_LOOP('',(#9931));
#9931 = ORIENTED_EDGE('',*,*,#9932,.T.);
#9932 = EDGE_CURVE('',#9933,#9933,#9935,.T.);
#9933 = VERTEX_POINT('',#9934);
#9934 = CARTESIAN_POINT('',(30.,29.9,7.4));
#9935 = SURFACE_CURVE('',#9936,(#9941,#9952),.PCURVE_S1.);
#9936 = CIRCLE('',#9937,2.5);
#9937 = AXIS2_PLACEMENT_3D('',#9938,#9939,#9940);
#9938 = CARTESIAN_POINT('',(30.,29.9,9.9));
#9939 = DIRECTION('',(0.,-1.,-0.));
#9940 = DIRECTION('',(0.,0.,-1.));
#9941 = PCURVE('',#8599,#9942);
#9942 = DEFINITIONAL_REPRESENTATION('',(#9943),#9951);
#9943 = ( BOUNDED_CURVE() B_SPLINE_CURVE(2,(#9944,#9945,#9946,#9947,
#9948,#9949,#9950),.UNSPECIFIED.,.T.,.F.) B_SPLINE_CURVE_WITH_KNOTS((1,2
    ,2,2,2,1),(-2.094395102393,0.,2.094395102393,4.188790204786,
6.28318530718,8.377580409573),.UNSPECIFIED.) CURVE() 
GEOMETRIC_REPRESENTATION_ITEM() RATIONAL_B_SPLINE_CURVE((1.,0.5,1.,0.5,
1.,0.5,1.)) REPRESENTATION_ITEM('') );
#9944 = CARTESIAN_POINT('',(7.4,69.9));
#9945 = CARTESIAN_POINT('',(7.4,74.230127018922));
#9946 = CARTESIAN_POINT('',(11.15,72.065063509461));
#9947 = CARTESIAN_POINT('',(14.9,69.9));
#9948 = CARTESIAN_POINT('',(11.15,67.734936490539));
#9949 = CARTESIAN_POINT('',(7.4,65.569872981078));
#9950 = CARTESIAN_POINT('',(7.4,69.9));
#9951 = ( GEOMETRIC_REPRESENTATION_CONTEXT(2) 
PARAMETRIC_REPRESENTATION_CONTEXT() REPRESENTATION_CONTEXT('2D SPACE',''
  ) );
#9952 = PCURVE('',#9953,#9958);
#9953 = CYLINDRICAL_SURFACE('',#9954,2.5);
#9954 = AXIS2_PLACEMENT_3D('',#9955,#9956,#9957);
#9955 = CARTESIAN_POINT('',(30.,29.92,9.9));
#9956 = DIRECTION('',(-0.,-1.,-0.));
#9957 = DIRECTION('',(0.,0.,-1.));
#9958 = DEFINITIONAL_REPRESENTATION('',(#9959),#9963);
#9959 = LINE('',#9960,#9961);
#9960 = CARTESIAN_POINT('',(0.,2.E-02));
#9961 = VECTOR('',#9962,1.);
#9962 = DIRECTION('',(1.,0.));
#9963 = ( GEOMETRIC_REPRESENTATION_CONTEXT(2) 
PARAMETRIC_REPRESENTATION_CONTEXT() REPRESENTATION_CONTEXT('2D SPACE',''
  ) );
#9964 = FACE_BOUND('',#9965,.T.);
#9965 = EDGE_LOOP('',(#9966));
#9966 = ORIENTED_EDGE('',*,*,#9967,.T.);
#9967 = EDGE_CURVE('',#9968,#9968,#9970,.T.);
#9968 = VERTEX_POINT('',#9969);
#9969 = CARTESIAN_POINT('',(25.828069990999,29.9,11.521930009001));
#9970 = SURFACE_CURVE('',#9971,(#9976,#9987),.PCURVE_S1.);
#9971 = CIRCLE('',#9972,2.55);
#9972 = AXIS2_PLACEMENT_3D('',#9973,#9974,#9975);
#9973 = CARTESIAN_POINT('',(25.828069990999,29.9,14.071930009001));
#9974 = DIRECTION('',(0.,-1.,-0.));
#9975 = DIRECTION('',(0.,0.,-1.));
#9976 = PCURVE('',#8599,#9977);
#9977 = DEFINITIONAL_REPRESENTATION('',(#9978),#9986);
#9978 = ( BOUNDED_CURVE() B_SPLINE_CURVE(2,(#9979,#9980,#9981,#9982,
#9983,#9984,#9985),.UNSPECIFIED.,.T.,.F.) B_SPLINE_CURVE_WITH_KNOTS((1,2
    ,2,2,2,1),(-2.094395102393,0.,2.094395102393,4.188790204786,
6.28318530718,8.377580409573),.UNSPECIFIED.) CURVE() 
GEOMETRIC_REPRESENTATION_ITEM() RATIONAL_B_SPLINE_CURVE((1.,0.5,1.,0.5,
1.,0.5,1.)) REPRESENTATION_ITEM('') );
#9979 = CARTESIAN_POINT('',(11.521930009001,65.728069990999));
#9980 = CARTESIAN_POINT('',(11.521930009001,70.1447995503));
#9981 = CARTESIAN_POINT('',(15.346930009001,67.93643477065));
#9982 = CARTESIAN_POINT('',(19.171930009001,65.728069990999));
#9983 = CARTESIAN_POINT('',(15.346930009001,63.519705211349));
#9984 = CARTESIAN_POINT('',(11.521930009001,61.311340431699));
#9985 = CARTESIAN_POINT('',(11.521930009001,65.728069990999));
#9986 = ( GEOMETRIC_REPRESENTATION_CONTEXT(2) 
PARAMETRIC_REPRESENTATION_CONTEXT() REPRESENTATION_CONTEXT('2D SPACE',''
  ) );
#9987 = PCURVE('',#9988,#9993);
#9988 = CYLINDRICAL_SURFACE('',#9989,2.55);
#9989 = AXIS2_PLACEMENT_3D('',#9990,#9991,#9992);
#9990 = CARTESIAN_POINT('',(25.828069990999,29.92,14.071930009001));
#9991 = DIRECTION('',(-0.,-1.,-0.));
#9992 = DIRECTION('',(0.,0.,-1.));
#9993 = DEFINITIONAL_REPRESENTATION('',(#9994),#9998);
#9994 = LINE('',#9995,#9996);
#9995 = CARTESIAN_POINT('',(0.,2.E-02));
#9996 = VECTOR('',#9997,1.);
#9997 = DIRECTION('',(1.,0.));
#9998 = ( GEOMETRIC_REPRESENTATION_CONTEXT(2) 
PARAMETRIC_REPRESENTATION_CONTEXT() REPRESENTATION_CONTEXT('2D SPACE',''
  ) );
#9999 = FACE_BOUND('',#10000,.T.);
#10000 = EDGE_LOOP('',(#10001));
#10001 = ORIENTED_EDGE('',*,*,#10002,.T.);
#10002 = EDGE_CURVE('',#10003,#10003,#10005,.T.);
#10003 = VERTEX_POINT('',#10004);
#10004 = CARTESIAN_POINT('',(34.171930009001,29.9,11.521930009001));
#10005 = SURFACE_CURVE('',#10006,(#10011,#10022),.PCURVE_S1.);
#10006 = CIRCLE('',#10007,2.55);
#10007 = AXIS2_PLACEMENT_3D('',#10008,#10009,#10010);
#10008 = CARTESIAN_POINT('',(34.171930009001,29.9,14.071930009001));
#10009 = DIRECTION('',(0.,-1.,-0.));
#10010 = DIRECTION('',(0.,0.,-1.));
#10011 = PCURVE('',#8599,#10012);
#10012 = DEFINITIONAL_REPRESENTATION('',(#10013),#10021);
#10013 = ( BOUNDED_CURVE() B_SPLINE_CURVE(2,(#10014,#10015,#10016,#10017
    ,#10018,#10019,#10020),.UNSPECIFIED.,.T.,.F.) 
B_SPLINE_CURVE_WITH_KNOTS((1,2,2,2,2,1),(-2.094395102393,0.,
    2.094395102393,4.188790204786,6.28318530718,8.377580409573),
.UNSPECIFIED.) CURVE() GEOMETRIC_REPRESENTATION_ITEM() 
RATIONAL_B_SPLINE_CURVE((1.,0.5,1.,0.5,1.,0.5,1.)) REPRESENTATION_ITEM(
  '') );
#10014 = CARTESIAN_POINT('',(11.521930009001,74.071930009001));
#10015 = CARTESIAN_POINT('',(11.521930009001,78.488659568301));
#10016 = CARTESIAN_POINT('',(15.346930009001,76.280294788651));
#10017 = CARTESIAN_POINT('',(19.171930009001,74.071930009001));
#10018 = CARTESIAN_POINT('',(15.346930009001,71.86356522935));
#10019 = CARTESIAN_POINT('',(11.521930009001,69.6552004497));
#10020 = CARTESIAN_POINT('',(11.521930009001,74.071930009001));
#10021 = ( GEOMETRIC_REPRESENTATION_CONTEXT(2) 
PARAMETRIC_REPRESENTATION_CONTEXT() REPRESENTATION_CONTEXT('2D SPACE',''
  ) );
#10022 = PCURVE('',#10023,#10028);
#10023 = CYLINDRICAL_SURFACE('',#10024,2.55);
#10024 = AXIS2_PLACEMENT_3D('',#10025,#10026,#10027);
#10025 = CARTESIAN_POINT('',(34.171930009001,29.92,14.071930009001));
#10026 = DIRECTION('',(-0.,-1.,-0.));
#10027 = DIRECTION('',(0.,0.,-1.));
#10028 = DEFINITIONAL_REPRESENTATION('',(#10029),#10033);
#10029 = LINE('',#10030,#10031);
#10030 = CARTESIAN_POINT('',(0.,2.E-02));
#10031 = VECTOR('',#10032,1.);
#10032 = DIRECTION('',(1.,0.));
#10033 = ( GEOMETRIC_REPRESENTATION_CONTEXT(2) 
PARAMETRIC_REPRESENTATION_CONTEXT() REPRESENTATION_CONTEXT('2D SPACE',''
  ) );
#10034 = ADVANCED_FACE('',(#10035),#8566,.T.);
#10035 = FACE_BOUND('',#10036,.F.);
#10036 = EDGE_LOOP('',(#10037,#10038,#10039,#10040,#10041,#10042));
#10037 = ORIENTED_EDGE('',*,*,#9312,.F.);
#10038 = ORIENTED_EDGE('',*,*,#8544,.F.);
#10039 = ORIENTED_EDGE('',*,*,#8672,.F.);
#10040 = ORIENTED_EDGE('',*,*,#8733,.T.);
#10041 = ORIENTED_EDGE('',*,*,#8782,.T.);
#10042 = ORIENTED_EDGE('',*,*,#10043,.T.);
#10043 = EDGE_CURVE('',#8783,#9290,#10044,.T.);
#10044 = SURFACE_CURVE('',#10045,(#10050,#10062),.PCURVE_S1.);
#10045 = ELLIPSE('',#10046,1.414213562373,1.);
#10046 = AXIS2_PLACEMENT_3D('',#10047,#10048,#10049);
#10047 = CARTESIAN_POINT('',(38.9,28.9,1.));
#10048 = DIRECTION('',(0.707106781187,0.,0.707106781187));
#10049 = DIRECTION('',(0.707106781187,0.,-0.707106781187));
#10050 = PCURVE('',#8566,#10051);
#10051 = DEFINITIONAL_REPRESENTATION('',(#10052),#10061);
#10052 = B_SPLINE_CURVE_WITH_KNOTS('',7,(#10053,#10054,#10055,#10056,
    #10057,#10058,#10059,#10060),.UNSPECIFIED.,.F.,.F.,(8,8),(0.,
    1.570796326795),.PIECEWISE_BEZIER_KNOTS.);
#10053 = CARTESIAN_POINT('',(-1.570796326795,79.8));
#10054 = CARTESIAN_POINT('',(-1.346396851538,79.8));
#10055 = CARTESIAN_POINT('',(-1.121997376282,79.741251327401));
#10056 = CARTESIAN_POINT('',(-0.897597901025,79.623762504618));
#10057 = CARTESIAN_POINT('',(-0.67319842577,79.454746825795));
#10058 = CARTESIAN_POINT('',(-0.448798950513,79.24879803931));
#10059 = CARTESIAN_POINT('',(-0.224399475256,79.024399475256));
#10060 = CARTESIAN_POINT('',(-1.110223024625E-16,78.8));
#10061 = ( GEOMETRIC_REPRESENTATION_CONTEXT(2) 
PARAMETRIC_REPRESENTATION_CONTEXT() REPRESENTATION_CONTEXT('2D SPACE',''
  ) );
#10062 = PCURVE('',#8836,#10063);
#10063 = DEFINITIONAL_REPRESENTATION('',(#10064),#10073);
#10064 = B_SPLINE_CURVE_WITH_KNOTS('',7,(#10065,#10066,#10067,#10068,
    #10069,#10070,#10071,#10072),.UNSPECIFIED.,.F.,.F.,(8,8),(0.,
    1.570796326795),.PIECEWISE_BEZIER_KNOTS.);
#10065 = CARTESIAN_POINT('',(0.,-2.22044604925E-16));
#10066 = CARTESIAN_POINT('',(0.224399475256,-2.22044604925E-16));
#10067 = CARTESIAN_POINT('',(0.448798950513,5.874867260995E-02));
#10068 = CARTESIAN_POINT('',(0.673198425769,0.176237495375));
#10069 = CARTESIAN_POINT('',(0.897597901026,0.345253174226));
#10070 = CARTESIAN_POINT('',(1.121997376282,0.551201960681));
#10071 = CARTESIAN_POINT('',(1.346396851538,0.775600524744));
#10072 = CARTESIAN_POINT('',(1.570796326795,1.));
#10073 = ( GEOMETRIC_REPRESENTATION_CONTEXT(2) 
PARAMETRIC_REPRESENTATION_CONTEXT() REPRESENTATION_CONTEXT('2D SPACE',''
  ) );
#10074 = ADVANCED_FACE('',(#10075),#8836,.T.);
#10075 = FACE_BOUND('',#10076,.T.);
#10076 = EDGE_LOOP('',(#10077,#10078,#10079,#10080,#10081,#10082));
#10077 = ORIENTED_EDGE('',*,*,#8858,.F.);
#10078 = ORIENTED_EDGE('',*,*,#8816,.T.);
#10079 = ORIENTED_EDGE('',*,*,#10043,.T.);
#10080 = ORIENTED_EDGE('',*,*,#9289,.T.);
#10081 = ORIENTED_EDGE('',*,*,#9254,.T.);
#10082 = ORIENTED_EDGE('',*,*,#8991,.T.);
#10083 = ADVANCED_FACE('',(#10084,#10090),#9065,.F.);
#10084 = FACE_BOUND('',#10085,.F.);
#10085 = EDGE_LOOP('',(#10086,#10087,#10088,#10089));
#10086 = ORIENTED_EDGE('',*,*,#9174,.F.);
#10087 = ORIENTED_EDGE('',*,*,#9200,.T.);
#10088 = ORIENTED_EDGE('',*,*,#9049,.T.);
#10089 = ORIENTED_EDGE('',*,*,#9102,.F.);
#10090 = FACE_BOUND('',#10091,.F.);
#10091 = EDGE_LOOP('',(#10092,#10122,#10150,#10178));
#10092 = ORIENTED_EDGE('',*,*,#10093,.F.);
#10093 = EDGE_CURVE('',#10094,#10096,#10098,.T.);
#10094 = VERTEX_POINT('',#10095);
#10095 = CARTESIAN_POINT('',(-36.5,25.5,16.4));
#10096 = VERTEX_POINT('',#10097);
#10097 = CARTESIAN_POINT('',(36.5,25.5,16.4));
#10098 = SURFACE_CURVE('',#10099,(#10103,#10110),.PCURVE_S1.);
#10099 = LINE('',#10100,#10101);
#10100 = CARTESIAN_POINT('',(-37.1,25.5,16.4));
#10101 = VECTOR('',#10102,1.);
#10102 = DIRECTION('',(1.,0.,-0.));
#10103 = PCURVE('',#9065,#10104);
#10104 = DEFINITIONAL_REPRESENTATION('',(#10105),#10109);
#10105 = LINE('',#10106,#10107);
#10106 = CARTESIAN_POINT('',(14.2,0.6));
#10107 = VECTOR('',#10108,1.);
#10108 = DIRECTION('',(0.,1.));
#10109 = ( GEOMETRIC_REPRESENTATION_CONTEXT(2) 
PARAMETRIC_REPRESENTATION_CONTEXT() REPRESENTATION_CONTEXT('2D SPACE',''
  ) );
#10110 = PCURVE('',#10111,#10116);
#10111 = PLANE('',#10112);
#10112 = AXIS2_PLACEMENT_3D('',#10113,#10114,#10115);
#10113 = CARTESIAN_POINT('',(-36.5,24.5,16.4));
#10114 = DIRECTION('',(0.,0.,1.));
#10115 = DIRECTION('',(1.,0.,-0.));
#10116 = DEFINITIONAL_REPRESENTATION('',(#10117),#10121);
#10117 = LINE('',#10118,#10119);
#10118 = CARTESIAN_POINT('',(-0.6,1.));
#10119 = VECTOR('',#10120,1.);
#10120 = DIRECTION('',(1.,0.));
#10121 = ( GEOMETRIC_REPRESENTATION_CONTEXT(2) 
PARAMETRIC_REPRESENTATION_CONTEXT() REPRESENTATION_CONTEXT('2D SPACE',''
  ) );
#10122 = ORIENTED_EDGE('',*,*,#10123,.T.);
#10123 = EDGE_CURVE('',#10094,#10124,#10126,.T.);
#10124 = VERTEX_POINT('',#10125);
#10125 = CARTESIAN_POINT('',(-36.5,25.5,3.4));
#10126 = SURFACE_CURVE('',#10127,(#10131,#10138),.PCURVE_S1.);
#10127 = LINE('',#10128,#10129);
#10128 = CARTESIAN_POINT('',(-36.5,25.5,2.8));
#10129 = VECTOR('',#10130,1.);
#10130 = DIRECTION('',(-0.,0.,-1.));
#10131 = PCURVE('',#9065,#10132);
#10132 = DEFINITIONAL_REPRESENTATION('',(#10133),#10137);
#10133 = LINE('',#10134,#10135);
#10134 = CARTESIAN_POINT('',(0.6,1.2));
#10135 = VECTOR('',#10136,1.);
#10136 = DIRECTION('',(-1.,0.));
#10137 = ( GEOMETRIC_REPRESENTATION_CONTEXT(2) 
PARAMETRIC_REPRESENTATION_CONTEXT() REPRESENTATION_CONTEXT('2D SPACE',''
  ) );
#10138 = PCURVE('',#10139,#10144);
#10139 = PLANE('',#10140);
#10140 = AXIS2_PLACEMENT_3D('',#10141,#10142,#10143);
#10141 = CARTESIAN_POINT('',(-36.5,24.5,3.4));
#10142 = DIRECTION('',(1.,0.,-0.));
#10143 = DIRECTION('',(0.,0.,1.));
#10144 = DEFINITIONAL_REPRESENTATION('',(#10145),#10149);
#10145 = LINE('',#10146,#10147);
#10146 = CARTESIAN_POINT('',(-0.6,-1.));
#10147 = VECTOR('',#10148,1.);
#10148 = DIRECTION('',(-1.,-0.));
#10149 = ( GEOMETRIC_REPRESENTATION_CONTEXT(2) 
PARAMETRIC_REPRESENTATION_CONTEXT() REPRESENTATION_CONTEXT('2D SPACE',''
  ) );
#10150 = ORIENTED_EDGE('',*,*,#10151,.T.);
#10151 = EDGE_CURVE('',#10124,#10152,#10154,.T.);
#10152 = VERTEX_POINT('',#10153);
#10153 = CARTESIAN_POINT('',(36.5,25.5,3.4));
#10154 = SURFACE_CURVE('',#10155,(#10159,#10166),.PCURVE_S1.);
#10155 = LINE('',#10156,#10157);
#10156 = CARTESIAN_POINT('',(-37.1,25.5,3.4));
#10157 = VECTOR('',#10158,1.);
#10158 = DIRECTION('',(1.,0.,-0.));
#10159 = PCURVE('',#9065,#10160);
#10160 = DEFINITIONAL_REPRESENTATION('',(#10161),#10165);
#10161 = LINE('',#10162,#10163);
#10162 = CARTESIAN_POINT('',(1.2,0.6));
#10163 = VECTOR('',#10164,1.);
#10164 = DIRECTION('',(0.,1.));
#10165 = ( GEOMETRIC_REPRESENTATION_CONTEXT(2) 
PARAMETRIC_REPRESENTATION_CONTEXT() REPRESENTATION_CONTEXT('2D SPACE',''
  ) );
#10166 = PCURVE('',#10167,#10172);
#10167 = PLANE('',#10168);
#10168 = AXIS2_PLACEMENT_3D('',#10169,#10170,#10171);
#10169 = CARTESIAN_POINT('',(-36.5,24.5,3.4));
#10170 = DIRECTION('',(0.,0.,1.));
#10171 = DIRECTION('',(1.,0.,-0.));
#10172 = DEFINITIONAL_REPRESENTATION('',(#10173),#10177);
#10173 = LINE('',#10174,#10175);
#10174 = CARTESIAN_POINT('',(-0.6,1.));
#10175 = VECTOR('',#10176,1.);
#10176 = DIRECTION('',(1.,0.));
#10177 = ( GEOMETRIC_REPRESENTATION_CONTEXT(2) 
PARAMETRIC_REPRESENTATION_CONTEXT() REPRESENTATION_CONTEXT('2D SPACE',''
  ) );
#10178 = ORIENTED_EDGE('',*,*,#10179,.F.);
#10179 = EDGE_CURVE('',#10096,#10152,#10180,.T.);
#10180 = SURFACE_CURVE('',#10181,(#10185,#10192),.PCURVE_S1.);
#10181 = LINE('',#10182,#10183);
#10182 = CARTESIAN_POINT('',(36.5,25.5,2.8));
#10183 = VECTOR('',#10184,1.);
#10184 = DIRECTION('',(-0.,0.,-1.));
#10185 = PCURVE('',#9065,#10186);
#10186 = DEFINITIONAL_REPRESENTATION('',(#10187),#10191);
#10187 = LINE('',#10188,#10189);
#10188 = CARTESIAN_POINT('',(0.6,74.2));
#10189 = VECTOR('',#10190,1.);
#10190 = DIRECTION('',(-1.,0.));
#10191 = ( GEOMETRIC_REPRESENTATION_CONTEXT(2) 
PARAMETRIC_REPRESENTATION_CONTEXT() REPRESENTATION_CONTEXT('2D SPACE',''
  ) );
#10192 = PCURVE('',#10193,#10198);
#10193 = PLANE('',#10194);
#10194 = AXIS2_PLACEMENT_3D('',#10195,#10196,#10197);
#10195 = CARTESIAN_POINT('',(36.5,24.5,3.4));
#10196 = DIRECTION('',(1.,0.,-0.));
#10197 = DIRECTION('',(0.,0.,1.));
#10198 = DEFINITIONAL_REPRESENTATION('',(#10199),#10203);
#10199 = LINE('',#10200,#10201);
#10200 = CARTESIAN_POINT('',(-0.6,-1.));
#10201 = VECTOR('',#10202,1.);
#10202 = DIRECTION('',(-1.,-0.));
#10203 = ( GEOMETRIC_REPRESENTATION_CONTEXT(2) 
PARAMETRIC_REPRESENTATION_CONTEXT() REPRESENTATION_CONTEXT('2D SPACE',''
  ) );
#10204 = ADVANCED_FACE('',(#10205),#9358,.F.);
#10205 = FACE_BOUND('',#10206,.F.);
#10206 = EDGE_LOOP('',(#10207,#10230,#10257,#10258));
#10207 = ORIENTED_EDGE('',*,*,#10208,.T.);
#10208 = EDGE_CURVE('',#9338,#10209,#10211,.T.);
#10209 = VERTEX_POINT('',#10210);
#10210 = CARTESIAN_POINT('',(-34.171930009,28.4,3.178069990999));
#10211 = SEAM_CURVE('',#10212,(#10216,#10223),.PCURVE_S1.);
#10212 = LINE('',#10213,#10214);
#10213 = CARTESIAN_POINT('',(-34.171930009,29.92,3.178069990999));
#10214 = VECTOR('',#10215,1.);
#10215 = DIRECTION('',(-0.,-1.,0.));
#10216 = PCURVE('',#9358,#10217);
#10217 = DEFINITIONAL_REPRESENTATION('',(#10218),#10222);
#10218 = LINE('',#10219,#10220);
#10219 = CARTESIAN_POINT('',(6.28318530718,-0.));
#10220 = VECTOR('',#10221,1.);
#10221 = DIRECTION('',(0.,1.));
#10222 = ( GEOMETRIC_REPRESENTATION_CONTEXT(2) 
PARAMETRIC_REPRESENTATION_CONTEXT() REPRESENTATION_CONTEXT('2D SPACE',''
  ) );
#10223 = PCURVE('',#9358,#10224);
#10224 = DEFINITIONAL_REPRESENTATION('',(#10225),#10229);
#10225 = LINE('',#10226,#10227);
#10226 = CARTESIAN_POINT('',(0.,-0.));
#10227 = VECTOR('',#10228,1.);
#10228 = DIRECTION('',(0.,1.));
#10229 = ( GEOMETRIC_REPRESENTATION_CONTEXT(2) 
PARAMETRIC_REPRESENTATION_CONTEXT() REPRESENTATION_CONTEXT('2D SPACE',''
  ) );
#10230 = ORIENTED_EDGE('',*,*,#10231,.F.);
#10231 = EDGE_CURVE('',#10209,#10209,#10232,.T.);
#10232 = SURFACE_CURVE('',#10233,(#10238,#10245),.PCURVE_S1.);
#10233 = CIRCLE('',#10234,2.55);
#10234 = AXIS2_PLACEMENT_3D('',#10235,#10236,#10237);
#10235 = CARTESIAN_POINT('',(-34.171930009,28.4,5.728069990999));
#10236 = DIRECTION('',(0.,-1.,-0.));
#10237 = DIRECTION('',(0.,0.,-1.));
#10238 = PCURVE('',#9358,#10239);
#10239 = DEFINITIONAL_REPRESENTATION('',(#10240),#10244);
#10240 = LINE('',#10241,#10242);
#10241 = CARTESIAN_POINT('',(0.,1.52));
#10242 = VECTOR('',#10243,1.);
#10243 = DIRECTION('',(1.,0.));
#10244 = ( GEOMETRIC_REPRESENTATION_CONTEXT(2) 
PARAMETRIC_REPRESENTATION_CONTEXT() REPRESENTATION_CONTEXT('2D SPACE',''
  ) );
#10245 = PCURVE('',#10246,#10251);
#10246 = PLANE('',#10247);
#10247 = AXIS2_PLACEMENT_3D('',#10248,#10249,#10250);
#10248 = CARTESIAN_POINT('',(-34.171930009,28.4,5.728069990999));
#10249 = DIRECTION('',(-0.,-1.,-0.));
#10250 = DIRECTION('',(0.,0.,-1.));
#10251 = DEFINITIONAL_REPRESENTATION('',(#10252),#10256);
#10252 = CIRCLE('',#10253,2.55);
#10253 = AXIS2_PLACEMENT_2D('',#10254,#10255);
#10254 = CARTESIAN_POINT('',(0.,0.));
#10255 = DIRECTION('',(1.,0.));
#10256 = ( GEOMETRIC_REPRESENTATION_CONTEXT(2) 
PARAMETRIC_REPRESENTATION_CONTEXT() REPRESENTATION_CONTEXT('2D SPACE',''
  ) );
#10257 = ORIENTED_EDGE('',*,*,#10208,.F.);
#10258 = ORIENTED_EDGE('',*,*,#9337,.T.);
#10259 = ADVANCED_FACE('',(#10260),#9393,.F.);
#10260 = FACE_BOUND('',#10261,.F.);
#10261 = EDGE_LOOP('',(#10262,#10285,#10312,#10313));
#10262 = ORIENTED_EDGE('',*,*,#10263,.T.);
#10263 = EDGE_CURVE('',#9373,#10264,#10266,.T.);
#10264 = VERTEX_POINT('',#10265);
#10265 = CARTESIAN_POINT('',(-25.82806999099,28.4,3.178069990999));
#10266 = SEAM_CURVE('',#10267,(#10271,#10278),.PCURVE_S1.);
#10267 = LINE('',#10268,#10269);
#10268 = CARTESIAN_POINT('',(-25.82806999099,29.92,3.178069990999));
#10269 = VECTOR('',#10270,1.);
#10270 = DIRECTION('',(-0.,-1.,0.));
#10271 = PCURVE('',#9393,#10272);
#10272 = DEFINITIONAL_REPRESENTATION('',(#10273),#10277);
#10273 = LINE('',#10274,#10275);
#10274 = CARTESIAN_POINT('',(6.28318530718,-0.));
#10275 = VECTOR('',#10276,1.);
#10276 = DIRECTION('',(0.,1.));
#10277 = ( GEOMETRIC_REPRESENTATION_CONTEXT(2) 
PARAMETRIC_REPRESENTATION_CONTEXT() REPRESENTATION_CONTEXT('2D SPACE',''
  ) );
#10278 = PCURVE('',#9393,#10279);
#10279 = DEFINITIONAL_REPRESENTATION('',(#10280),#10284);
#10280 = LINE('',#10281,#10282);
#10281 = CARTESIAN_POINT('',(0.,-0.));
#10282 = VECTOR('',#10283,1.);
#10283 = DIRECTION('',(0.,1.));
#10284 = ( GEOMETRIC_REPRESENTATION_CONTEXT(2) 
PARAMETRIC_REPRESENTATION_CONTEXT() REPRESENTATION_CONTEXT('2D SPACE',''
  ) );
#10285 = ORIENTED_EDGE('',*,*,#10286,.F.);
#10286 = EDGE_CURVE('',#10264,#10264,#10287,.T.);
#10287 = SURFACE_CURVE('',#10288,(#10293,#10300),.PCURVE_S1.);
#10288 = CIRCLE('',#10289,2.55);
#10289 = AXIS2_PLACEMENT_3D('',#10290,#10291,#10292);
#10290 = CARTESIAN_POINT('',(-25.82806999099,28.4,5.728069990999));
#10291 = DIRECTION('',(0.,-1.,-0.));
#10292 = DIRECTION('',(0.,0.,-1.));
#10293 = PCURVE('',#9393,#10294);
#10294 = DEFINITIONAL_REPRESENTATION('',(#10295),#10299);
#10295 = LINE('',#10296,#10297);
#10296 = CARTESIAN_POINT('',(0.,1.52));
#10297 = VECTOR('',#10298,1.);
#10298 = DIRECTION('',(1.,0.));
#10299 = ( GEOMETRIC_REPRESENTATION_CONTEXT(2) 
PARAMETRIC_REPRESENTATION_CONTEXT() REPRESENTATION_CONTEXT('2D SPACE',''
  ) );
#10300 = PCURVE('',#10301,#10306);
#10301 = PLANE('',#10302);
#10302 = AXIS2_PLACEMENT_3D('',#10303,#10304,#10305);
#10303 = CARTESIAN_POINT('',(-25.82806999099,28.4,5.728069990999));
#10304 = DIRECTION('',(-0.,-1.,-0.));
#10305 = DIRECTION('',(0.,0.,-1.));
#10306 = DEFINITIONAL_REPRESENTATION('',(#10307),#10311);
#10307 = CIRCLE('',#10308,2.55);
#10308 = AXIS2_PLACEMENT_2D('',#10309,#10310);
#10309 = CARTESIAN_POINT('',(0.,0.));
#10310 = DIRECTION('',(1.,0.));
#10311 = ( GEOMETRIC_REPRESENTATION_CONTEXT(2) 
PARAMETRIC_REPRESENTATION_CONTEXT() REPRESENTATION_CONTEXT('2D SPACE',''
  ) );
#10312 = ORIENTED_EDGE('',*,*,#10263,.F.);
#10313 = ORIENTED_EDGE('',*,*,#9372,.T.);
#10314 = ADVANCED_FACE('',(#10315),#9428,.F.);
#10315 = FACE_BOUND('',#10316,.F.);
#10316 = EDGE_LOOP('',(#10317,#10340,#10367,#10368));
#10317 = ORIENTED_EDGE('',*,*,#10318,.T.);
#10318 = EDGE_CURVE('',#9408,#10319,#10321,.T.);
#10319 = VERTEX_POINT('',#10320);
#10320 = CARTESIAN_POINT('',(-14.171930009,28.4,3.178069990999));
#10321 = SEAM_CURVE('',#10322,(#10326,#10333),.PCURVE_S1.);
#10322 = LINE('',#10323,#10324);
#10323 = CARTESIAN_POINT('',(-14.171930009,29.92,3.178069990999));
#10324 = VECTOR('',#10325,1.);
#10325 = DIRECTION('',(-0.,-1.,0.));
#10326 = PCURVE('',#9428,#10327);
#10327 = DEFINITIONAL_REPRESENTATION('',(#10328),#10332);
#10328 = LINE('',#10329,#10330);
#10329 = CARTESIAN_POINT('',(6.28318530718,-0.));
#10330 = VECTOR('',#10331,1.);
#10331 = DIRECTION('',(0.,1.));
#10332 = ( GEOMETRIC_REPRESENTATION_CONTEXT(2) 
PARAMETRIC_REPRESENTATION_CONTEXT() REPRESENTATION_CONTEXT('2D SPACE',''
  ) );
#10333 = PCURVE('',#9428,#10334);
#10334 = DEFINITIONAL_REPRESENTATION('',(#10335),#10339);
#10335 = LINE('',#10336,#10337);
#10336 = CARTESIAN_POINT('',(0.,-0.));
#10337 = VECTOR('',#10338,1.);
#10338 = DIRECTION('',(0.,1.));
#10339 = ( GEOMETRIC_REPRESENTATION_CONTEXT(2) 
PARAMETRIC_REPRESENTATION_CONTEXT() REPRESENTATION_CONTEXT('2D SPACE',''
  ) );
#10340 = ORIENTED_EDGE('',*,*,#10341,.F.);
#10341 = EDGE_CURVE('',#10319,#10319,#10342,.T.);
#10342 = SURFACE_CURVE('',#10343,(#10348,#10355),.PCURVE_S1.);
#10343 = CIRCLE('',#10344,2.55);
#10344 = AXIS2_PLACEMENT_3D('',#10345,#10346,#10347);
#10345 = CARTESIAN_POINT('',(-14.171930009,28.4,5.728069990999));
#10346 = DIRECTION('',(0.,-1.,-0.));
#10347 = DIRECTION('',(0.,0.,-1.));
#10348 = PCURVE('',#9428,#10349);
#10349 = DEFINITIONAL_REPRESENTATION('',(#10350),#10354);
#10350 = LINE('',#10351,#10352);
#10351 = CARTESIAN_POINT('',(0.,1.52));
#10352 = VECTOR('',#10353,1.);
#10353 = DIRECTION('',(1.,0.));
#10354 = ( GEOMETRIC_REPRESENTATION_CONTEXT(2) 
PARAMETRIC_REPRESENTATION_CONTEXT() REPRESENTATION_CONTEXT('2D SPACE',''
  ) );
#10355 = PCURVE('',#10356,#10361);
#10356 = PLANE('',#10357);
#10357 = AXIS2_PLACEMENT_3D('',#10358,#10359,#10360);
#10358 = CARTESIAN_POINT('',(-14.171930009,28.4,5.728069990999));
#10359 = DIRECTION('',(-0.,-1.,-0.));
#10360 = DIRECTION('',(0.,0.,-1.));
#10361 = DEFINITIONAL_REPRESENTATION('',(#10362),#10366);
#10362 = CIRCLE('',#10363,2.55);
#10363 = AXIS2_PLACEMENT_2D('',#10364,#10365);
#10364 = CARTESIAN_POINT('',(0.,0.));
#10365 = DIRECTION('',(1.,0.));
#10366 = ( GEOMETRIC_REPRESENTATION_CONTEXT(2) 
PARAMETRIC_REPRESENTATION_CONTEXT() REPRESENTATION_CONTEXT('2D SPACE',''
  ) );
#10367 = ORIENTED_EDGE('',*,*,#10318,.F.);
#10368 = ORIENTED_EDGE('',*,*,#9407,.T.);
#10369 = ADVANCED_FACE('',(#10370),#9463,.F.);
#10370 = FACE_BOUND('',#10371,.F.);
#10371 = EDGE_LOOP('',(#10372,#10395,#10422,#10423));
#10372 = ORIENTED_EDGE('',*,*,#10373,.T.);
#10373 = EDGE_CURVE('',#9443,#10374,#10376,.T.);
#10374 = VERTEX_POINT('',#10375);
#10375 = CARTESIAN_POINT('',(-5.828069990999,28.4,3.178069990999));
#10376 = SEAM_CURVE('',#10377,(#10381,#10388),.PCURVE_S1.);
#10377 = LINE('',#10378,#10379);
#10378 = CARTESIAN_POINT('',(-5.828069990999,29.92,3.178069990999));
#10379 = VECTOR('',#10380,1.);
#10380 = DIRECTION('',(-0.,-1.,0.));
#10381 = PCURVE('',#9463,#10382);
#10382 = DEFINITIONAL_REPRESENTATION('',(#10383),#10387);
#10383 = LINE('',#10384,#10385);
#10384 = CARTESIAN_POINT('',(6.28318530718,-0.));
#10385 = VECTOR('',#10386,1.);
#10386 = DIRECTION('',(0.,1.));
#10387 = ( GEOMETRIC_REPRESENTATION_CONTEXT(2) 
PARAMETRIC_REPRESENTATION_CONTEXT() REPRESENTATION_CONTEXT('2D SPACE',''
  ) );
#10388 = PCURVE('',#9463,#10389);
#10389 = DEFINITIONAL_REPRESENTATION('',(#10390),#10394);
#10390 = LINE('',#10391,#10392);
#10391 = CARTESIAN_POINT('',(0.,-0.));
#10392 = VECTOR('',#10393,1.);
#10393 = DIRECTION('',(0.,1.));
#10394 = ( GEOMETRIC_REPRESENTATION_CONTEXT(2) 
PARAMETRIC_REPRESENTATION_CONTEXT() REPRESENTATION_CONTEXT('2D SPACE',''
  ) );
#10395 = ORIENTED_EDGE('',*,*,#10396,.F.);
#10396 = EDGE_CURVE('',#10374,#10374,#10397,.T.);
#10397 = SURFACE_CURVE('',#10398,(#10403,#10410),.PCURVE_S1.);
#10398 = CIRCLE('',#10399,2.55);
#10399 = AXIS2_PLACEMENT_3D('',#10400,#10401,#10402);
#10400 = CARTESIAN_POINT('',(-5.828069990999,28.4,5.728069990999));
#10401 = DIRECTION('',(0.,-1.,-0.));
#10402 = DIRECTION('',(0.,0.,-1.));
#10403 = PCURVE('',#9463,#10404);
#10404 = DEFINITIONAL_REPRESENTATION('',(#10405),#10409);
#10405 = LINE('',#10406,#10407);
#10406 = CARTESIAN_POINT('',(0.,1.52));
#10407 = VECTOR('',#10408,1.);
#10408 = DIRECTION('',(1.,0.));
#10409 = ( GEOMETRIC_REPRESENTATION_CONTEXT(2) 
PARAMETRIC_REPRESENTATION_CONTEXT() REPRESENTATION_CONTEXT('2D SPACE',''
  ) );
#10410 = PCURVE('',#10411,#10416);
#10411 = PLANE('',#10412);
#10412 = AXIS2_PLACEMENT_3D('',#10413,#10414,#10415);
#10413 = CARTESIAN_POINT('',(-5.828069990999,28.4,5.728069990999));
#10414 = DIRECTION('',(-0.,-1.,-0.));
#10415 = DIRECTION('',(0.,0.,-1.));
#10416 = DEFINITIONAL_REPRESENTATION('',(#10417),#10421);
#10417 = CIRCLE('',#10418,2.55);
#10418 = AXIS2_PLACEMENT_2D('',#10419,#10420);
#10419 = CARTESIAN_POINT('',(0.,0.));
#10420 = DIRECTION('',(1.,0.));
#10421 = ( GEOMETRIC_REPRESENTATION_CONTEXT(2) 
PARAMETRIC_REPRESENTATION_CONTEXT() REPRESENTATION_CONTEXT('2D SPACE',''
  ) );
#10422 = ORIENTED_EDGE('',*,*,#10373,.F.);
#10423 = ORIENTED_EDGE('',*,*,#9442,.T.);
#10424 = ADVANCED_FACE('',(#10425),#9498,.F.);
#10425 = FACE_BOUND('',#10426,.F.);
#10426 = EDGE_LOOP('',(#10427,#10460,#10481,#10482));
#10427 = ORIENTED_EDGE('',*,*,#10428,.F.);
#10428 = EDGE_CURVE('',#10429,#10429,#10431,.T.);
#10429 = VERTEX_POINT('',#10430);
#10430 = CARTESIAN_POINT('',(-30.,27.9,7.4));
#10431 = SURFACE_CURVE('',#10432,(#10437,#10444),.PCURVE_S1.);
#10432 = CIRCLE('',#10433,2.5);
#10433 = AXIS2_PLACEMENT_3D('',#10434,#10435,#10436);
#10434 = CARTESIAN_POINT('',(-30.,27.9,9.9));
#10435 = DIRECTION('',(0.,-1.,-0.));
#10436 = DIRECTION('',(0.,0.,-1.));
#10437 = PCURVE('',#9498,#10438);
#10438 = DEFINITIONAL_REPRESENTATION('',(#10439),#10443);
#10439 = LINE('',#10440,#10441);
#10440 = CARTESIAN_POINT('',(0.,2.02));
#10441 = VECTOR('',#10442,1.);
#10442 = DIRECTION('',(1.,0.));
#10443 = ( GEOMETRIC_REPRESENTATION_CONTEXT(2) 
PARAMETRIC_REPRESENTATION_CONTEXT() REPRESENTATION_CONTEXT('2D SPACE',''
  ) );
#10444 = PCURVE('',#10445,#10450);
#10445 = PLANE('',#10446);
#10446 = AXIS2_PLACEMENT_3D('',#10447,#10448,#10449);
#10447 = CARTESIAN_POINT('',(-40.9,27.9,-1.));
#10448 = DIRECTION('',(-0.,1.,0.));
#10449 = DIRECTION('',(0.,0.,1.));
#10450 = DEFINITIONAL_REPRESENTATION('',(#10451),#10459);
#10451 = ( BOUNDED_CURVE() B_SPLINE_CURVE(2,(#10452,#10453,#10454,#10455
    ,#10456,#10457,#10458),.UNSPECIFIED.,.T.,.F.) 
B_SPLINE_CURVE_WITH_KNOTS((1,2,2,2,2,1),(-2.094395102393,0.,
    2.094395102393,4.188790204786,6.28318530718,8.377580409573),
.UNSPECIFIED.) CURVE() GEOMETRIC_REPRESENTATION_ITEM() 
RATIONAL_B_SPLINE_CURVE((1.,0.5,1.,0.5,1.,0.5,1.)) REPRESENTATION_ITEM(
  '') );
#10452 = CARTESIAN_POINT('',(8.4,10.9));
#10453 = CARTESIAN_POINT('',(8.4,15.230127018922));
#10454 = CARTESIAN_POINT('',(12.15,13.065063509461));
#10455 = CARTESIAN_POINT('',(15.9,10.9));
#10456 = CARTESIAN_POINT('',(12.15,8.734936490539));
#10457 = CARTESIAN_POINT('',(8.4,6.569872981078));
#10458 = CARTESIAN_POINT('',(8.4,10.9));
#10459 = ( GEOMETRIC_REPRESENTATION_CONTEXT(2) 
PARAMETRIC_REPRESENTATION_CONTEXT() REPRESENTATION_CONTEXT('2D SPACE',''
  ) );
#10460 = ORIENTED_EDGE('',*,*,#10461,.F.);
#10461 = EDGE_CURVE('',#9478,#10429,#10462,.T.);
#10462 = SEAM_CURVE('',#10463,(#10467,#10474),.PCURVE_S1.);
#10463 = LINE('',#10464,#10465);
#10464 = CARTESIAN_POINT('',(-30.,29.92,7.4));
#10465 = VECTOR('',#10466,1.);
#10466 = DIRECTION('',(-0.,-1.,0.));
#10467 = PCURVE('',#9498,#10468);
#10468 = DEFINITIONAL_REPRESENTATION('',(#10469),#10473);
#10469 = LINE('',#10470,#10471);
#10470 = CARTESIAN_POINT('',(6.28318530718,-0.));
#10471 = VECTOR('',#10472,1.);
#10472 = DIRECTION('',(0.,1.));
#10473 = ( GEOMETRIC_REPRESENTATION_CONTEXT(2) 
PARAMETRIC_REPRESENTATION_CONTEXT() REPRESENTATION_CONTEXT('2D SPACE',''
  ) );
#10474 = PCURVE('',#9498,#10475);
#10475 = DEFINITIONAL_REPRESENTATION('',(#10476),#10480);
#10476 = LINE('',#10477,#10478);
#10477 = CARTESIAN_POINT('',(0.,-0.));
#10478 = VECTOR('',#10479,1.);
#10479 = DIRECTION('',(0.,1.));
#10480 = ( GEOMETRIC_REPRESENTATION_CONTEXT(2) 
PARAMETRIC_REPRESENTATION_CONTEXT() REPRESENTATION_CONTEXT('2D SPACE',''
  ) );
#10481 = ORIENTED_EDGE('',*,*,#9477,.T.);
#10482 = ORIENTED_EDGE('',*,*,#10461,.T.);
#10483 = ADVANCED_FACE('',(#10484),#9533,.F.);
#10484 = FACE_BOUND('',#10485,.F.);
#10485 = EDGE_LOOP('',(#10486,#10509,#10536,#10537));
#10486 = ORIENTED_EDGE('',*,*,#10487,.T.);
#10487 = EDGE_CURVE('',#9513,#10488,#10490,.T.);
#10488 = VERTEX_POINT('',#10489);
#10489 = CARTESIAN_POINT('',(-34.171930009,28.4,11.521930009001));
#10490 = SEAM_CURVE('',#10491,(#10495,#10502),.PCURVE_S1.);
#10491 = LINE('',#10492,#10493);
#10492 = CARTESIAN_POINT('',(-34.171930009,29.92,11.521930009001));
#10493 = VECTOR('',#10494,1.);
#10494 = DIRECTION('',(-0.,-1.,0.));
#10495 = PCURVE('',#9533,#10496);
#10496 = DEFINITIONAL_REPRESENTATION('',(#10497),#10501);
#10497 = LINE('',#10498,#10499);
#10498 = CARTESIAN_POINT('',(6.28318530718,-0.));
#10499 = VECTOR('',#10500,1.);
#10500 = DIRECTION('',(0.,1.));
#10501 = ( GEOMETRIC_REPRESENTATION_CONTEXT(2) 
PARAMETRIC_REPRESENTATION_CONTEXT() REPRESENTATION_CONTEXT('2D SPACE',''
  ) );
#10502 = PCURVE('',#9533,#10503);
#10503 = DEFINITIONAL_REPRESENTATION('',(#10504),#10508);
#10504 = LINE('',#10505,#10506);
#10505 = CARTESIAN_POINT('',(0.,-0.));
#10506 = VECTOR('',#10507,1.);
#10507 = DIRECTION('',(0.,1.));
#10508 = ( GEOMETRIC_REPRESENTATION_CONTEXT(2) 
PARAMETRIC_REPRESENTATION_CONTEXT() REPRESENTATION_CONTEXT('2D SPACE',''
  ) );
#10509 = ORIENTED_EDGE('',*,*,#10510,.F.);
#10510 = EDGE_CURVE('',#10488,#10488,#10511,.T.);
#10511 = SURFACE_CURVE('',#10512,(#10517,#10524),.PCURVE_S1.);
#10512 = CIRCLE('',#10513,2.55);
#10513 = AXIS2_PLACEMENT_3D('',#10514,#10515,#10516);
#10514 = CARTESIAN_POINT('',(-34.171930009,28.4,14.071930009001));
#10515 = DIRECTION('',(0.,-1.,-0.));
#10516 = DIRECTION('',(0.,0.,-1.));
#10517 = PCURVE('',#9533,#10518);
#10518 = DEFINITIONAL_REPRESENTATION('',(#10519),#10523);
#10519 = LINE('',#10520,#10521);
#10520 = CARTESIAN_POINT('',(0.,1.52));
#10521 = VECTOR('',#10522,1.);
#10522 = DIRECTION('',(1.,0.));
#10523 = ( GEOMETRIC_REPRESENTATION_CONTEXT(2) 
PARAMETRIC_REPRESENTATION_CONTEXT() REPRESENTATION_CONTEXT('2D SPACE',''
  ) );
#10524 = PCURVE('',#10525,#10530);
#10525 = PLANE('',#10526);
#10526 = AXIS2_PLACEMENT_3D('',#10527,#10528,#10529);
#10527 = CARTESIAN_POINT('',(-34.171930009,28.4,14.071930009001));
#10528 = DIRECTION('',(-0.,-1.,-0.));
#10529 = DIRECTION('',(0.,0.,-1.));
#10530 = DEFINITIONAL_REPRESENTATION('',(#10531),#10535);
#10531 = CIRCLE('',#10532,2.55);
#10532 = AXIS2_PLACEMENT_2D('',#10533,#10534);
#10533 = CARTESIAN_POINT('',(0.,0.));
#10534 = DIRECTION('',(1.,0.));
#10535 = ( GEOMETRIC_REPRESENTATION_CONTEXT(2) 
PARAMETRIC_REPRESENTATION_CONTEXT() REPRESENTATION_CONTEXT('2D SPACE',''
  ) );
#10536 = ORIENTED_EDGE('',*,*,#10487,.F.);
#10537 = ORIENTED_EDGE('',*,*,#9512,.T.);
#10538 = ADVANCED_FACE('',(#10539),#9568,.F.);
#10539 = FACE_BOUND('',#10540,.F.);
#10540 = EDGE_LOOP('',(#10541,#10564,#10591,#10592));
#10541 = ORIENTED_EDGE('',*,*,#10542,.T.);
#10542 = EDGE_CURVE('',#9548,#10543,#10545,.T.);
#10543 = VERTEX_POINT('',#10544);
#10544 = CARTESIAN_POINT('',(-25.82806999099,28.4,11.521930009001));
#10545 = SEAM_CURVE('',#10546,(#10550,#10557),.PCURVE_S1.);
#10546 = LINE('',#10547,#10548);
#10547 = CARTESIAN_POINT('',(-25.82806999099,29.92,11.521930009001));
#10548 = VECTOR('',#10549,1.);
#10549 = DIRECTION('',(-0.,-1.,0.));
#10550 = PCURVE('',#9568,#10551);
#10551 = DEFINITIONAL_REPRESENTATION('',(#10552),#10556);
#10552 = LINE('',#10553,#10554);
#10553 = CARTESIAN_POINT('',(6.28318530718,-0.));
#10554 = VECTOR('',#10555,1.);
#10555 = DIRECTION('',(0.,1.));
#10556 = ( GEOMETRIC_REPRESENTATION_CONTEXT(2) 
PARAMETRIC_REPRESENTATION_CONTEXT() REPRESENTATION_CONTEXT('2D SPACE',''
  ) );
#10557 = PCURVE('',#9568,#10558);
#10558 = DEFINITIONAL_REPRESENTATION('',(#10559),#10563);
#10559 = LINE('',#10560,#10561);
#10560 = CARTESIAN_POINT('',(0.,-0.));
#10561 = VECTOR('',#10562,1.);
#10562 = DIRECTION('',(0.,1.));
#10563 = ( GEOMETRIC_REPRESENTATION_CONTEXT(2) 
PARAMETRIC_REPRESENTATION_CONTEXT() REPRESENTATION_CONTEXT('2D SPACE',''
  ) );
#10564 = ORIENTED_EDGE('',*,*,#10565,.F.);
#10565 = EDGE_CURVE('',#10543,#10543,#10566,.T.);
#10566 = SURFACE_CURVE('',#10567,(#10572,#10579),.PCURVE_S1.);
#10567 = CIRCLE('',#10568,2.55);
#10568 = AXIS2_PLACEMENT_3D('',#10569,#10570,#10571);
#10569 = CARTESIAN_POINT('',(-25.82806999099,28.4,14.071930009001));
#10570 = DIRECTION('',(0.,-1.,-0.));
#10571 = DIRECTION('',(0.,0.,-1.));
#10572 = PCURVE('',#9568,#10573);
#10573 = DEFINITIONAL_REPRESENTATION('',(#10574),#10578);
#10574 = LINE('',#10575,#10576);
#10575 = CARTESIAN_POINT('',(0.,1.52));
#10576 = VECTOR('',#10577,1.);
#10577 = DIRECTION('',(1.,0.));
#10578 = ( GEOMETRIC_REPRESENTATION_CONTEXT(2) 
PARAMETRIC_REPRESENTATION_CONTEXT() REPRESENTATION_CONTEXT('2D SPACE',''
  ) );
#10579 = PCURVE('',#10580,#10585);
#10580 = PLANE('',#10581);
#10581 = AXIS2_PLACEMENT_3D('',#10582,#10583,#10584);
#10582 = CARTESIAN_POINT('',(-25.82806999099,28.4,14.071930009001));
#10583 = DIRECTION('',(-0.,-1.,-0.));
#10584 = DIRECTION('',(0.,0.,-1.));
#10585 = DEFINITIONAL_REPRESENTATION('',(#10586),#10590);
#10586 = CIRCLE('',#10587,2.55);
#10587 = AXIS2_PLACEMENT_2D('',#10588,#10589);
#10588 = CARTESIAN_POINT('',(0.,0.));
#10589 = DIRECTION('',(1.,0.));
#10590 = ( GEOMETRIC_REPRESENTATION_CONTEXT(2) 
PARAMETRIC_REPRESENTATION_CONTEXT() REPRESENTATION_CONTEXT('2D SPACE',''
  ) );
#10591 = ORIENTED_EDGE('',*,*,#10542,.F.);
#10592 = ORIENTED_EDGE('',*,*,#9547,.T.);
#10593 = ADVANCED_FACE('',(#10594),#9603,.F.);
#10594 = FACE_BOUND('',#10595,.F.);
#10595 = EDGE_LOOP('',(#10596,#10624,#10645,#10646));
#10596 = ORIENTED_EDGE('',*,*,#10597,.F.);
#10597 = EDGE_CURVE('',#10598,#10598,#10600,.T.);
#10598 = VERTEX_POINT('',#10599);
#10599 = CARTESIAN_POINT('',(-10.,27.9,7.4));
#10600 = SURFACE_CURVE('',#10601,(#10606,#10613),.PCURVE_S1.);
#10601 = CIRCLE('',#10602,2.5);
#10602 = AXIS2_PLACEMENT_3D('',#10603,#10604,#10605);
#10603 = CARTESIAN_POINT('',(-10.,27.9,9.9));
#10604 = DIRECTION('',(0.,-1.,-0.));
#10605 = DIRECTION('',(0.,0.,-1.));
#10606 = PCURVE('',#9603,#10607);
#10607 = DEFINITIONAL_REPRESENTATION('',(#10608),#10612);
#10608 = LINE('',#10609,#10610);
#10609 = CARTESIAN_POINT('',(0.,2.02));
#10610 = VECTOR('',#10611,1.);
#10611 = DIRECTION('',(1.,0.));
#10612 = ( GEOMETRIC_REPRESENTATION_CONTEXT(2) 
PARAMETRIC_REPRESENTATION_CONTEXT() REPRESENTATION_CONTEXT('2D SPACE',''
  ) );
#10613 = PCURVE('',#10445,#10614);
#10614 = DEFINITIONAL_REPRESENTATION('',(#10615),#10623);
#10615 = ( BOUNDED_CURVE() B_SPLINE_CURVE(2,(#10616,#10617,#10618,#10619
    ,#10620,#10621,#10622),.UNSPECIFIED.,.T.,.F.) 
B_SPLINE_CURVE_WITH_KNOTS((1,2,2,2,2,1),(-2.094395102393,0.,
    2.094395102393,4.188790204786,6.28318530718,8.377580409573),
.UNSPECIFIED.) CURVE() GEOMETRIC_REPRESENTATION_ITEM() 
RATIONAL_B_SPLINE_CURVE((1.,0.5,1.,0.5,1.,0.5,1.)) REPRESENTATION_ITEM(
  '') );
#10616 = CARTESIAN_POINT('',(8.4,30.9));
#10617 = CARTESIAN_POINT('',(8.4,35.230127018922));
#10618 = CARTESIAN_POINT('',(12.15,33.065063509461));
#10619 = CARTESIAN_POINT('',(15.9,30.9));
#10620 = CARTESIAN_POINT('',(12.15,28.734936490539));
#10621 = CARTESIAN_POINT('',(8.4,26.569872981078));
#10622 = CARTESIAN_POINT('',(8.4,30.9));
#10623 = ( GEOMETRIC_REPRESENTATION_CONTEXT(2) 
PARAMETRIC_REPRESENTATION_CONTEXT() REPRESENTATION_CONTEXT('2D SPACE',''
  ) );
#10624 = ORIENTED_EDGE('',*,*,#10625,.F.);
#10625 = EDGE_CURVE('',#9583,#10598,#10626,.T.);
#10626 = SEAM_CURVE('',#10627,(#10631,#10638),.PCURVE_S1.);
#10627 = LINE('',#10628,#10629);
#10628 = CARTESIAN_POINT('',(-10.,29.92,7.4));
#10629 = VECTOR('',#10630,1.);
#10630 = DIRECTION('',(-0.,-1.,0.));
#10631 = PCURVE('',#9603,#10632);
#10632 = DEFINITIONAL_REPRESENTATION('',(#10633),#10637);
#10633 = LINE('',#10634,#10635);
#10634 = CARTESIAN_POINT('',(6.28318530718,-0.));
#10635 = VECTOR('',#10636,1.);
#10636 = DIRECTION('',(0.,1.));
#10637 = ( GEOMETRIC_REPRESENTATION_CONTEXT(2) 
PARAMETRIC_REPRESENTATION_CONTEXT() REPRESENTATION_CONTEXT('2D SPACE',''
  ) );
#10638 = PCURVE('',#9603,#10639);
#10639 = DEFINITIONAL_REPRESENTATION('',(#10640),#10644);
#10640 = LINE('',#10641,#10642);
#10641 = CARTESIAN_POINT('',(0.,-0.));
#10642 = VECTOR('',#10643,1.);
#10643 = DIRECTION('',(0.,1.));
#10644 = ( GEOMETRIC_REPRESENTATION_CONTEXT(2) 
PARAMETRIC_REPRESENTATION_CONTEXT() REPRESENTATION_CONTEXT('2D SPACE',''
  ) );
#10645 = ORIENTED_EDGE('',*,*,#9582,.T.);
#10646 = ORIENTED_EDGE('',*,*,#10625,.T.);
#10647 = ADVANCED_FACE('',(#10648),#9638,.F.);
#10648 = FACE_BOUND('',#10649,.F.);
#10649 = EDGE_LOOP('',(#10650,#10673,#10700,#10701));
#10650 = ORIENTED_EDGE('',*,*,#10651,.T.);
#10651 = EDGE_CURVE('',#9618,#10652,#10654,.T.);
#10652 = VERTEX_POINT('',#10653);
#10653 = CARTESIAN_POINT('',(-14.171930009,28.4,11.521930009001));
#10654 = SEAM_CURVE('',#10655,(#10659,#10666),.PCURVE_S1.);
#10655 = LINE('',#10656,#10657);
#10656 = CARTESIAN_POINT('',(-14.171930009,29.92,11.521930009001));
#10657 = VECTOR('',#10658,1.);
#10658 = DIRECTION('',(-0.,-1.,0.));
#10659 = PCURVE('',#9638,#10660);
#10660 = DEFINITIONAL_REPRESENTATION('',(#10661),#10665);
#10661 = LINE('',#10662,#10663);
#10662 = CARTESIAN_POINT('',(6.28318530718,-0.));
#10663 = VECTOR('',#10664,1.);
#10664 = DIRECTION('',(0.,1.));
#10665 = ( GEOMETRIC_REPRESENTATION_CONTEXT(2) 
PARAMETRIC_REPRESENTATION_CONTEXT() REPRESENTATION_CONTEXT('2D SPACE',''
  ) );
#10666 = PCURVE('',#9638,#10667);
#10667 = DEFINITIONAL_REPRESENTATION('',(#10668),#10672);
#10668 = LINE('',#10669,#10670);
#10669 = CARTESIAN_POINT('',(0.,-0.));
#10670 = VECTOR('',#10671,1.);
#10671 = DIRECTION('',(0.,1.));
#10672 = ( GEOMETRIC_REPRESENTATION_CONTEXT(2) 
PARAMETRIC_REPRESENTATION_CONTEXT() REPRESENTATION_CONTEXT('2D SPACE',''
  ) );
#10673 = ORIENTED_EDGE('',*,*,#10674,.F.);
#10674 = EDGE_CURVE('',#10652,#10652,#10675,.T.);
#10675 = SURFACE_CURVE('',#10676,(#10681,#10688),.PCURVE_S1.);
#10676 = CIRCLE('',#10677,2.55);
#10677 = AXIS2_PLACEMENT_3D('',#10678,#10679,#10680);
#10678 = CARTESIAN_POINT('',(-14.171930009,28.4,14.071930009001));
#10679 = DIRECTION('',(0.,-1.,-0.));
#10680 = DIRECTION('',(0.,0.,-1.));
#10681 = PCURVE('',#9638,#10682);
#10682 = DEFINITIONAL_REPRESENTATION('',(#10683),#10687);
#10683 = LINE('',#10684,#10685);
#10684 = CARTESIAN_POINT('',(0.,1.52));
#10685 = VECTOR('',#10686,1.);
#10686 = DIRECTION('',(1.,0.));
#10687 = ( GEOMETRIC_REPRESENTATION_CONTEXT(2) 
PARAMETRIC_REPRESENTATION_CONTEXT() REPRESENTATION_CONTEXT('2D SPACE',''
  ) );
#10688 = PCURVE('',#10689,#10694);
#10689 = PLANE('',#10690);
#10690 = AXIS2_PLACEMENT_3D('',#10691,#10692,#10693);
#10691 = CARTESIAN_POINT('',(-14.171930009,28.4,14.071930009001));
#10692 = DIRECTION('',(-0.,-1.,-0.));
#10693 = DIRECTION('',(0.,0.,-1.));
#10694 = DEFINITIONAL_REPRESENTATION('',(#10695),#10699);
#10695 = CIRCLE('',#10696,2.55);
#10696 = AXIS2_PLACEMENT_2D('',#10697,#10698);
#10697 = CARTESIAN_POINT('',(0.,0.));
#10698 = DIRECTION('',(1.,0.));
#10699 = ( GEOMETRIC_REPRESENTATION_CONTEXT(2) 
PARAMETRIC_REPRESENTATION_CONTEXT() REPRESENTATION_CONTEXT('2D SPACE',''
  ) );
#10700 = ORIENTED_EDGE('',*,*,#10651,.F.);
#10701 = ORIENTED_EDGE('',*,*,#9617,.T.);
#10702 = ADVANCED_FACE('',(#10703),#9673,.F.);
#10703 = FACE_BOUND('',#10704,.F.);
#10704 = EDGE_LOOP('',(#10705,#10728,#10755,#10756));
#10705 = ORIENTED_EDGE('',*,*,#10706,.T.);
#10706 = EDGE_CURVE('',#9653,#10707,#10709,.T.);
#10707 = VERTEX_POINT('',#10708);
#10708 = CARTESIAN_POINT('',(-5.828069990999,28.4,11.521930009001));
#10709 = SEAM_CURVE('',#10710,(#10714,#10721),.PCURVE_S1.);
#10710 = LINE('',#10711,#10712);
#10711 = CARTESIAN_POINT('',(-5.828069990999,29.92,11.521930009001));
#10712 = VECTOR('',#10713,1.);
#10713 = DIRECTION('',(-0.,-1.,0.));
#10714 = PCURVE('',#9673,#10715);
#10715 = DEFINITIONAL_REPRESENTATION('',(#10716),#10720);
#10716 = LINE('',#10717,#10718);
#10717 = CARTESIAN_POINT('',(6.28318530718,-0.));
#10718 = VECTOR('',#10719,1.);
#10719 = DIRECTION('',(0.,1.));
#10720 = ( GEOMETRIC_REPRESENTATION_CONTEXT(2) 
PARAMETRIC_REPRESENTATION_CONTEXT() REPRESENTATION_CONTEXT('2D SPACE',''
  ) );
#10721 = PCURVE('',#9673,#10722);
#10722 = DEFINITIONAL_REPRESENTATION('',(#10723),#10727);
#10723 = LINE('',#10724,#10725);
#10724 = CARTESIAN_POINT('',(0.,-0.));
#10725 = VECTOR('',#10726,1.);
#10726 = DIRECTION('',(0.,1.));
#10727 = ( GEOMETRIC_REPRESENTATION_CONTEXT(2) 
PARAMETRIC_REPRESENTATION_CONTEXT() REPRESENTATION_CONTEXT('2D SPACE',''
  ) );
#10728 = ORIENTED_EDGE('',*,*,#10729,.F.);
#10729 = EDGE_CURVE('',#10707,#10707,#10730,.T.);
#10730 = SURFACE_CURVE('',#10731,(#10736,#10743),.PCURVE_S1.);
#10731 = CIRCLE('',#10732,2.55);
#10732 = AXIS2_PLACEMENT_3D('',#10733,#10734,#10735);
#10733 = CARTESIAN_POINT('',(-5.828069990999,28.4,14.071930009001));
#10734 = DIRECTION('',(0.,-1.,-0.));
#10735 = DIRECTION('',(0.,0.,-1.));
#10736 = PCURVE('',#9673,#10737);
#10737 = DEFINITIONAL_REPRESENTATION('',(#10738),#10742);
#10738 = LINE('',#10739,#10740);
#10739 = CARTESIAN_POINT('',(0.,1.52));
#10740 = VECTOR('',#10741,1.);
#10741 = DIRECTION('',(1.,0.));
#10742 = ( GEOMETRIC_REPRESENTATION_CONTEXT(2) 
PARAMETRIC_REPRESENTATION_CONTEXT() REPRESENTATION_CONTEXT('2D SPACE',''
  ) );
#10743 = PCURVE('',#10744,#10749);
#10744 = PLANE('',#10745);
#10745 = AXIS2_PLACEMENT_3D('',#10746,#10747,#10748);
#10746 = CARTESIAN_POINT('',(-5.828069990999,28.4,14.071930009001));
#10747 = DIRECTION('',(-0.,-1.,-0.));
#10748 = DIRECTION('',(0.,0.,-1.));
#10749 = DEFINITIONAL_REPRESENTATION('',(#10750),#10754);
#10750 = CIRCLE('',#10751,2.55);
#10751 = AXIS2_PLACEMENT_2D('',#10752,#10753);
#10752 = CARTESIAN_POINT('',(0.,0.));
#10753 = DIRECTION('',(1.,0.));
#10754 = ( GEOMETRIC_REPRESENTATION_CONTEXT(2) 
PARAMETRIC_REPRESENTATION_CONTEXT() REPRESENTATION_CONTEXT('2D SPACE',''
  ) );
#10755 = ORIENTED_EDGE('',*,*,#10706,.F.);
#10756 = ORIENTED_EDGE('',*,*,#9652,.T.);
#10757 = ADVANCED_FACE('',(#10758),#9708,.F.);
#10758 = FACE_BOUND('',#10759,.F.);
#10759 = EDGE_LOOP('',(#10760,#10783,#10810,#10811));
#10760 = ORIENTED_EDGE('',*,*,#10761,.T.);
#10761 = EDGE_CURVE('',#9688,#10762,#10764,.T.);
#10762 = VERTEX_POINT('',#10763);
#10763 = CARTESIAN_POINT('',(5.828069990999,28.4,3.178069990999));
#10764 = SEAM_CURVE('',#10765,(#10769,#10776),.PCURVE_S1.);
#10765 = LINE('',#10766,#10767);
#10766 = CARTESIAN_POINT('',(5.828069990999,29.92,3.178069990999));
#10767 = VECTOR('',#10768,1.);
#10768 = DIRECTION('',(-0.,-1.,0.));
#10769 = PCURVE('',#9708,#10770);
#10770 = DEFINITIONAL_REPRESENTATION('',(#10771),#10775);
#10771 = LINE('',#10772,#10773);
#10772 = CARTESIAN_POINT('',(6.28318530718,-0.));
#10773 = VECTOR('',#10774,1.);
#10774 = DIRECTION('',(0.,1.));
#10775 = ( GEOMETRIC_REPRESENTATION_CONTEXT(2) 
PARAMETRIC_REPRESENTATION_CONTEXT() REPRESENTATION_CONTEXT('2D SPACE',''
  ) );
#10776 = PCURVE('',#9708,#10777);
#10777 = DEFINITIONAL_REPRESENTATION('',(#10778),#10782);
#10778 = LINE('',#10779,#10780);
#10779 = CARTESIAN_POINT('',(0.,-0.));
#10780 = VECTOR('',#10781,1.);
#10781 = DIRECTION('',(0.,1.));
#10782 = ( GEOMETRIC_REPRESENTATION_CONTEXT(2) 
PARAMETRIC_REPRESENTATION_CONTEXT() REPRESENTATION_CONTEXT('2D SPACE',''
  ) );
#10783 = ORIENTED_EDGE('',*,*,#10784,.F.);
#10784 = EDGE_CURVE('',#10762,#10762,#10785,.T.);
#10785 = SURFACE_CURVE('',#10786,(#10791,#10798),.PCURVE_S1.);
#10786 = CIRCLE('',#10787,2.55);
#10787 = AXIS2_PLACEMENT_3D('',#10788,#10789,#10790);
#10788 = CARTESIAN_POINT('',(5.828069990999,28.4,5.728069990999));
#10789 = DIRECTION('',(0.,-1.,-0.));
#10790 = DIRECTION('',(0.,0.,-1.));
#10791 = PCURVE('',#9708,#10792);
#10792 = DEFINITIONAL_REPRESENTATION('',(#10793),#10797);
#10793 = LINE('',#10794,#10795);
#10794 = CARTESIAN_POINT('',(0.,1.52));
#10795 = VECTOR('',#10796,1.);
#10796 = DIRECTION('',(1.,0.));
#10797 = ( GEOMETRIC_REPRESENTATION_CONTEXT(2) 
PARAMETRIC_REPRESENTATION_CONTEXT() REPRESENTATION_CONTEXT('2D SPACE',''
  ) );
#10798 = PCURVE('',#10799,#10804);
#10799 = PLANE('',#10800);
#10800 = AXIS2_PLACEMENT_3D('',#10801,#10802,#10803);
#10801 = CARTESIAN_POINT('',(5.828069990999,28.4,5.728069990999));
#10802 = DIRECTION('',(-0.,-1.,-0.));
#10803 = DIRECTION('',(0.,0.,-1.));
#10804 = DEFINITIONAL_REPRESENTATION('',(#10805),#10809);
#10805 = CIRCLE('',#10806,2.55);
#10806 = AXIS2_PLACEMENT_2D('',#10807,#10808);
#10807 = CARTESIAN_POINT('',(0.,0.));
#10808 = DIRECTION('',(1.,0.));
#10809 = ( GEOMETRIC_REPRESENTATION_CONTEXT(2) 
PARAMETRIC_REPRESENTATION_CONTEXT() REPRESENTATION_CONTEXT('2D SPACE',''
  ) );
#10810 = ORIENTED_EDGE('',*,*,#10761,.F.);
#10811 = ORIENTED_EDGE('',*,*,#9687,.T.);
#10812 = ADVANCED_FACE('',(#10813),#9743,.F.);
#10813 = FACE_BOUND('',#10814,.F.);
#10814 = EDGE_LOOP('',(#10815,#10838,#10865,#10866));
#10815 = ORIENTED_EDGE('',*,*,#10816,.T.);
#10816 = EDGE_CURVE('',#9723,#10817,#10819,.T.);
#10817 = VERTEX_POINT('',#10818);
#10818 = CARTESIAN_POINT('',(14.171930009001,28.4,3.178069990999));
#10819 = SEAM_CURVE('',#10820,(#10824,#10831),.PCURVE_S1.);
#10820 = LINE('',#10821,#10822);
#10821 = CARTESIAN_POINT('',(14.171930009001,29.92,3.178069990999));
#10822 = VECTOR('',#10823,1.);
#10823 = DIRECTION('',(-0.,-1.,0.));
#10824 = PCURVE('',#9743,#10825);
#10825 = DEFINITIONAL_REPRESENTATION('',(#10826),#10830);
#10826 = LINE('',#10827,#10828);
#10827 = CARTESIAN_POINT('',(6.28318530718,-0.));
#10828 = VECTOR('',#10829,1.);
#10829 = DIRECTION('',(0.,1.));
#10830 = ( GEOMETRIC_REPRESENTATION_CONTEXT(2) 
PARAMETRIC_REPRESENTATION_CONTEXT() REPRESENTATION_CONTEXT('2D SPACE',''
  ) );
#10831 = PCURVE('',#9743,#10832);
#10832 = DEFINITIONAL_REPRESENTATION('',(#10833),#10837);
#10833 = LINE('',#10834,#10835);
#10834 = CARTESIAN_POINT('',(0.,-0.));
#10835 = VECTOR('',#10836,1.);
#10836 = DIRECTION('',(0.,1.));
#10837 = ( GEOMETRIC_REPRESENTATION_CONTEXT(2) 
PARAMETRIC_REPRESENTATION_CONTEXT() REPRESENTATION_CONTEXT('2D SPACE',''
  ) );
#10838 = ORIENTED_EDGE('',*,*,#10839,.F.);
#10839 = EDGE_CURVE('',#10817,#10817,#10840,.T.);
#10840 = SURFACE_CURVE('',#10841,(#10846,#10853),.PCURVE_S1.);
#10841 = CIRCLE('',#10842,2.55);
#10842 = AXIS2_PLACEMENT_3D('',#10843,#10844,#10845);
#10843 = CARTESIAN_POINT('',(14.171930009001,28.4,5.728069990999));
#10844 = DIRECTION('',(0.,-1.,-0.));
#10845 = DIRECTION('',(0.,0.,-1.));
#10846 = PCURVE('',#9743,#10847);
#10847 = DEFINITIONAL_REPRESENTATION('',(#10848),#10852);
#10848 = LINE('',#10849,#10850);
#10849 = CARTESIAN_POINT('',(0.,1.52));
#10850 = VECTOR('',#10851,1.);
#10851 = DIRECTION('',(1.,0.));
#10852 = ( GEOMETRIC_REPRESENTATION_CONTEXT(2) 
PARAMETRIC_REPRESENTATION_CONTEXT() REPRESENTATION_CONTEXT('2D SPACE',''
  ) );
#10853 = PCURVE('',#10854,#10859);
#10854 = PLANE('',#10855);
#10855 = AXIS2_PLACEMENT_3D('',#10856,#10857,#10858);
#10856 = CARTESIAN_POINT('',(14.171930009001,28.4,5.728069990999));
#10857 = DIRECTION('',(-0.,-1.,-0.));
#10858 = DIRECTION('',(0.,0.,-1.));
#10859 = DEFINITIONAL_REPRESENTATION('',(#10860),#10864);
#10860 = CIRCLE('',#10861,2.55);
#10861 = AXIS2_PLACEMENT_2D('',#10862,#10863);
#10862 = CARTESIAN_POINT('',(0.,0.));
#10863 = DIRECTION('',(1.,0.));
#10864 = ( GEOMETRIC_REPRESENTATION_CONTEXT(2) 
PARAMETRIC_REPRESENTATION_CONTEXT() REPRESENTATION_CONTEXT('2D SPACE',''
  ) );
#10865 = ORIENTED_EDGE('',*,*,#10816,.F.);
#10866 = ORIENTED_EDGE('',*,*,#9722,.T.);
#10867 = ADVANCED_FACE('',(#10868),#9778,.F.);
#10868 = FACE_BOUND('',#10869,.F.);
#10869 = EDGE_LOOP('',(#10870,#10893,#10920,#10921));
#10870 = ORIENTED_EDGE('',*,*,#10871,.T.);
#10871 = EDGE_CURVE('',#9758,#10872,#10874,.T.);
#10872 = VERTEX_POINT('',#10873);
#10873 = CARTESIAN_POINT('',(25.828069990999,28.4,3.178069990999));
#10874 = SEAM_CURVE('',#10875,(#10879,#10886),.PCURVE_S1.);
#10875 = LINE('',#10876,#10877);
#10876 = CARTESIAN_POINT('',(25.828069990999,29.92,3.178069990999));
#10877 = VECTOR('',#10878,1.);
#10878 = DIRECTION('',(-0.,-1.,0.));
#10879 = PCURVE('',#9778,#10880);
#10880 = DEFINITIONAL_REPRESENTATION('',(#10881),#10885);
#10881 = LINE('',#10882,#10883);
#10882 = CARTESIAN_POINT('',(6.28318530718,-0.));
#10883 = VECTOR('',#10884,1.);
#10884 = DIRECTION('',(0.,1.));
#10885 = ( GEOMETRIC_REPRESENTATION_CONTEXT(2) 
PARAMETRIC_REPRESENTATION_CONTEXT() REPRESENTATION_CONTEXT('2D SPACE',''
  ) );
#10886 = PCURVE('',#9778,#10887);
#10887 = DEFINITIONAL_REPRESENTATION('',(#10888),#10892);
#10888 = LINE('',#10889,#10890);
#10889 = CARTESIAN_POINT('',(0.,-0.));
#10890 = VECTOR('',#10891,1.);
#10891 = DIRECTION('',(0.,1.));
#10892 = ( GEOMETRIC_REPRESENTATION_CONTEXT(2) 
PARAMETRIC_REPRESENTATION_CONTEXT() REPRESENTATION_CONTEXT('2D SPACE',''
  ) );
#10893 = ORIENTED_EDGE('',*,*,#10894,.F.);
#10894 = EDGE_CURVE('',#10872,#10872,#10895,.T.);
#10895 = SURFACE_CURVE('',#10896,(#10901,#10908),.PCURVE_S1.);
#10896 = CIRCLE('',#10897,2.55);
#10897 = AXIS2_PLACEMENT_3D('',#10898,#10899,#10900);
#10898 = CARTESIAN_POINT('',(25.828069990999,28.4,5.728069990999));
#10899 = DIRECTION('',(0.,-1.,-0.));
#10900 = DIRECTION('',(0.,0.,-1.));
#10901 = PCURVE('',#9778,#10902);
#10902 = DEFINITIONAL_REPRESENTATION('',(#10903),#10907);
#10903 = LINE('',#10904,#10905);
#10904 = CARTESIAN_POINT('',(0.,1.52));
#10905 = VECTOR('',#10906,1.);
#10906 = DIRECTION('',(1.,0.));
#10907 = ( GEOMETRIC_REPRESENTATION_CONTEXT(2) 
PARAMETRIC_REPRESENTATION_CONTEXT() REPRESENTATION_CONTEXT('2D SPACE',''
  ) );
#10908 = PCURVE('',#10909,#10914);
#10909 = PLANE('',#10910);
#10910 = AXIS2_PLACEMENT_3D('',#10911,#10912,#10913);
#10911 = CARTESIAN_POINT('',(25.828069990999,28.4,5.728069990999));
#10912 = DIRECTION('',(-0.,-1.,-0.));
#10913 = DIRECTION('',(0.,0.,-1.));
#10914 = DEFINITIONAL_REPRESENTATION('',(#10915),#10919);
#10915 = CIRCLE('',#10916,2.55);
#10916 = AXIS2_PLACEMENT_2D('',#10917,#10918);
#10917 = CARTESIAN_POINT('',(0.,0.));
#10918 = DIRECTION('',(1.,0.));
#10919 = ( GEOMETRIC_REPRESENTATION_CONTEXT(2) 
PARAMETRIC_REPRESENTATION_CONTEXT() REPRESENTATION_CONTEXT('2D SPACE',''
  ) );
#10920 = ORIENTED_EDGE('',*,*,#10871,.F.);
#10921 = ORIENTED_EDGE('',*,*,#9757,.T.);
#10922 = ADVANCED_FACE('',(#10923),#9813,.F.);
#10923 = FACE_BOUND('',#10924,.F.);
#10924 = EDGE_LOOP('',(#10925,#10948,#10975,#10976));
#10925 = ORIENTED_EDGE('',*,*,#10926,.T.);
#10926 = EDGE_CURVE('',#9793,#10927,#10929,.T.);
#10927 = VERTEX_POINT('',#10928);
#10928 = CARTESIAN_POINT('',(34.171930009001,28.4,3.178069990999));
#10929 = SEAM_CURVE('',#10930,(#10934,#10941),.PCURVE_S1.);
#10930 = LINE('',#10931,#10932);
#10931 = CARTESIAN_POINT('',(34.171930009001,29.92,3.178069990999));
#10932 = VECTOR('',#10933,1.);
#10933 = DIRECTION('',(-0.,-1.,0.));
#10934 = PCURVE('',#9813,#10935);
#10935 = DEFINITIONAL_REPRESENTATION('',(#10936),#10940);
#10936 = LINE('',#10937,#10938);
#10937 = CARTESIAN_POINT('',(6.28318530718,-0.));
#10938 = VECTOR('',#10939,1.);
#10939 = DIRECTION('',(0.,1.));
#10940 = ( GEOMETRIC_REPRESENTATION_CONTEXT(2) 
PARAMETRIC_REPRESENTATION_CONTEXT() REPRESENTATION_CONTEXT('2D SPACE',''
  ) );
#10941 = PCURVE('',#9813,#10942);
#10942 = DEFINITIONAL_REPRESENTATION('',(#10943),#10947);
#10943 = LINE('',#10944,#10945);
#10944 = CARTESIAN_POINT('',(0.,-0.));
#10945 = VECTOR('',#10946,1.);
#10946 = DIRECTION('',(0.,1.));
#10947 = ( GEOMETRIC_REPRESENTATION_CONTEXT(2) 
PARAMETRIC_REPRESENTATION_CONTEXT() REPRESENTATION_CONTEXT('2D SPACE',''
  ) );
#10948 = ORIENTED_EDGE('',*,*,#10949,.F.);
#10949 = EDGE_CURVE('',#10927,#10927,#10950,.T.);
#10950 = SURFACE_CURVE('',#10951,(#10956,#10963),.PCURVE_S1.);
#10951 = CIRCLE('',#10952,2.55);
#10952 = AXIS2_PLACEMENT_3D('',#10953,#10954,#10955);
#10953 = CARTESIAN_POINT('',(34.171930009001,28.4,5.728069990999));
#10954 = DIRECTION('',(0.,-1.,-0.));
#10955 = DIRECTION('',(0.,0.,-1.));
#10956 = PCURVE('',#9813,#10957);
#10957 = DEFINITIONAL_REPRESENTATION('',(#10958),#10962);
#10958 = LINE('',#10959,#10960);
#10959 = CARTESIAN_POINT('',(0.,1.52));
#10960 = VECTOR('',#10961,1.);
#10961 = DIRECTION('',(1.,0.));
#10962 = ( GEOMETRIC_REPRESENTATION_CONTEXT(2) 
PARAMETRIC_REPRESENTATION_CONTEXT() REPRESENTATION_CONTEXT('2D SPACE',''
  ) );
#10963 = PCURVE('',#10964,#10969);
#10964 = PLANE('',#10965);
#10965 = AXIS2_PLACEMENT_3D('',#10966,#10967,#10968);
#10966 = CARTESIAN_POINT('',(34.171930009001,28.4,5.728069990999));
#10967 = DIRECTION('',(-0.,-1.,-0.));
#10968 = DIRECTION('',(0.,0.,-1.));
#10969 = DEFINITIONAL_REPRESENTATION('',(#10970),#10974);
#10970 = CIRCLE('',#10971,2.55);
#10971 = AXIS2_PLACEMENT_2D('',#10972,#10973);
#10972 = CARTESIAN_POINT('',(0.,0.));
#10973 = DIRECTION('',(1.,0.));
#10974 = ( GEOMETRIC_REPRESENTATION_CONTEXT(2) 
PARAMETRIC_REPRESENTATION_CONTEXT() REPRESENTATION_CONTEXT('2D SPACE',''
  ) );
#10975 = ORIENTED_EDGE('',*,*,#10926,.F.);
#10976 = ORIENTED_EDGE('',*,*,#9792,.T.);
#10977 = ADVANCED_FACE('',(#10978),#9848,.F.);
#10978 = FACE_BOUND('',#10979,.F.);
#10979 = EDGE_LOOP('',(#10980,#11008,#11029,#11030));
#10980 = ORIENTED_EDGE('',*,*,#10981,.F.);
#10981 = EDGE_CURVE('',#10982,#10982,#10984,.T.);
#10982 = VERTEX_POINT('',#10983);
#10983 = CARTESIAN_POINT('',(10.,27.9,7.4));
#10984 = SURFACE_CURVE('',#10985,(#10990,#10997),.PCURVE_S1.);
#10985 = CIRCLE('',#10986,2.5);
#10986 = AXIS2_PLACEMENT_3D('',#10987,#10988,#10989);
#10987 = CARTESIAN_POINT('',(10.,27.9,9.9));
#10988 = DIRECTION('',(0.,-1.,-0.));
#10989 = DIRECTION('',(0.,0.,-1.));
#10990 = PCURVE('',#9848,#10991);
#10991 = DEFINITIONAL_REPRESENTATION('',(#10992),#10996);
#10992 = LINE('',#10993,#10994);
#10993 = CARTESIAN_POINT('',(0.,2.02));
#10994 = VECTOR('',#10995,1.);
#10995 = DIRECTION('',(1.,0.));
#10996 = ( GEOMETRIC_REPRESENTATION_CONTEXT(2) 
PARAMETRIC_REPRESENTATION_CONTEXT() REPRESENTATION_CONTEXT('2D SPACE',''
  ) );
#10997 = PCURVE('',#10445,#10998);
#10998 = DEFINITIONAL_REPRESENTATION('',(#10999),#11007);
#10999 = ( BOUNDED_CURVE() B_SPLINE_CURVE(2,(#11000,#11001,#11002,#11003
    ,#11004,#11005,#11006),.UNSPECIFIED.,.T.,.F.) 
B_SPLINE_CURVE_WITH_KNOTS((1,2,2,2,2,1),(-2.094395102393,0.,
    2.094395102393,4.188790204786,6.28318530718,8.377580409573),
.UNSPECIFIED.) CURVE() GEOMETRIC_REPRESENTATION_ITEM() 
RATIONAL_B_SPLINE_CURVE((1.,0.5,1.,0.5,1.,0.5,1.)) REPRESENTATION_ITEM(
  '') );
#11000 = CARTESIAN_POINT('',(8.4,50.9));
#11001 = CARTESIAN_POINT('',(8.4,55.230127018922));
#11002 = CARTESIAN_POINT('',(12.15,53.065063509461));
#11003 = CARTESIAN_POINT('',(15.9,50.9));
#11004 = CARTESIAN_POINT('',(12.15,48.734936490539));
#11005 = CARTESIAN_POINT('',(8.4,46.569872981078));
#11006 = CARTESIAN_POINT('',(8.4,50.9));
#11007 = ( GEOMETRIC_REPRESENTATION_CONTEXT(2) 
PARAMETRIC_REPRESENTATION_CONTEXT() REPRESENTATION_CONTEXT('2D SPACE',''
  ) );
#11008 = ORIENTED_EDGE('',*,*,#11009,.F.);
#11009 = EDGE_CURVE('',#9828,#10982,#11010,.T.);
#11010 = SEAM_CURVE('',#11011,(#11015,#11022),.PCURVE_S1.);
#11011 = LINE('',#11012,#11013);
#11012 = CARTESIAN_POINT('',(10.,29.92,7.4));
#11013 = VECTOR('',#11014,1.);
#11014 = DIRECTION('',(-0.,-1.,0.));
#11015 = PCURVE('',#9848,#11016);
#11016 = DEFINITIONAL_REPRESENTATION('',(#11017),#11021);
#11017 = LINE('',#11018,#11019);
#11018 = CARTESIAN_POINT('',(6.28318530718,-0.));
#11019 = VECTOR('',#11020,1.);
#11020 = DIRECTION('',(0.,1.));
#11021 = ( GEOMETRIC_REPRESENTATION_CONTEXT(2) 
PARAMETRIC_REPRESENTATION_CONTEXT() REPRESENTATION_CONTEXT('2D SPACE',''
  ) );
#11022 = PCURVE('',#9848,#11023);
#11023 = DEFINITIONAL_REPRESENTATION('',(#11024),#11028);
#11024 = LINE('',#11025,#11026);
#11025 = CARTESIAN_POINT('',(0.,-0.));
#11026 = VECTOR('',#11027,1.);
#11027 = DIRECTION('',(0.,1.));
#11028 = ( GEOMETRIC_REPRESENTATION_CONTEXT(2) 
PARAMETRIC_REPRESENTATION_CONTEXT() REPRESENTATION_CONTEXT('2D SPACE',''
  ) );
#11029 = ORIENTED_EDGE('',*,*,#9827,.T.);
#11030 = ORIENTED_EDGE('',*,*,#11009,.T.);
#11031 = ADVANCED_FACE('',(#11032),#9883,.F.);
#11032 = FACE_BOUND('',#11033,.F.);
#11033 = EDGE_LOOP('',(#11034,#11057,#11084,#11085));
#11034 = ORIENTED_EDGE('',*,*,#11035,.T.);
#11035 = EDGE_CURVE('',#9863,#11036,#11038,.T.);
#11036 = VERTEX_POINT('',#11037);
#11037 = CARTESIAN_POINT('',(5.828069990999,28.4,11.521930009001));
#11038 = SEAM_CURVE('',#11039,(#11043,#11050),.PCURVE_S1.);
#11039 = LINE('',#11040,#11041);
#11040 = CARTESIAN_POINT('',(5.828069990999,29.92,11.521930009001));
#11041 = VECTOR('',#11042,1.);
#11042 = DIRECTION('',(-0.,-1.,0.));
#11043 = PCURVE('',#9883,#11044);
#11044 = DEFINITIONAL_REPRESENTATION('',(#11045),#11049);
#11045 = LINE('',#11046,#11047);
#11046 = CARTESIAN_POINT('',(6.28318530718,-0.));
#11047 = VECTOR('',#11048,1.);
#11048 = DIRECTION('',(0.,1.));
#11049 = ( GEOMETRIC_REPRESENTATION_CONTEXT(2) 
PARAMETRIC_REPRESENTATION_CONTEXT() REPRESENTATION_CONTEXT('2D SPACE',''
  ) );
#11050 = PCURVE('',#9883,#11051);
#11051 = DEFINITIONAL_REPRESENTATION('',(#11052),#11056);
#11052 = LINE('',#11053,#11054);
#11053 = CARTESIAN_POINT('',(0.,-0.));
#11054 = VECTOR('',#11055,1.);
#11055 = DIRECTION('',(0.,1.));
#11056 = ( GEOMETRIC_REPRESENTATION_CONTEXT(2) 
PARAMETRIC_REPRESENTATION_CONTEXT() REPRESENTATION_CONTEXT('2D SPACE',''
  ) );
#11057 = ORIENTED_EDGE('',*,*,#11058,.F.);
#11058 = EDGE_CURVE('',#11036,#11036,#11059,.T.);
#11059 = SURFACE_CURVE('',#11060,(#11065,#11072),.PCURVE_S1.);
#11060 = CIRCLE('',#11061,2.55);
#11061 = AXIS2_PLACEMENT_3D('',#11062,#11063,#11064);
#11062 = CARTESIAN_POINT('',(5.828069990999,28.4,14.071930009001));
#11063 = DIRECTION('',(0.,-1.,-0.));
#11064 = DIRECTION('',(0.,0.,-1.));
#11065 = PCURVE('',#9883,#11066);
#11066 = DEFINITIONAL_REPRESENTATION('',(#11067),#11071);
#11067 = LINE('',#11068,#11069);
#11068 = CARTESIAN_POINT('',(0.,1.52));
#11069 = VECTOR('',#11070,1.);
#11070 = DIRECTION('',(1.,0.));
#11071 = ( GEOMETRIC_REPRESENTATION_CONTEXT(2) 
PARAMETRIC_REPRESENTATION_CONTEXT() REPRESENTATION_CONTEXT('2D SPACE',''
  ) );
#11072 = PCURVE('',#11073,#11078);
#11073 = PLANE('',#11074);
#11074 = AXIS2_PLACEMENT_3D('',#11075,#11076,#11077);
#11075 = CARTESIAN_POINT('',(5.828069990999,28.4,14.071930009001));
#11076 = DIRECTION('',(-0.,-1.,-0.));
#11077 = DIRECTION('',(0.,0.,-1.));
#11078 = DEFINITIONAL_REPRESENTATION('',(#11079),#11083);
#11079 = CIRCLE('',#11080,2.55);
#11080 = AXIS2_PLACEMENT_2D('',#11081,#11082);
#11081 = CARTESIAN_POINT('',(0.,0.));
#11082 = DIRECTION('',(1.,0.));
#11083 = ( GEOMETRIC_REPRESENTATION_CONTEXT(2) 
PARAMETRIC_REPRESENTATION_CONTEXT() REPRESENTATION_CONTEXT('2D SPACE',''
  ) );
#11084 = ORIENTED_EDGE('',*,*,#11035,.F.);
#11085 = ORIENTED_EDGE('',*,*,#9862,.T.);
#11086 = ADVANCED_FACE('',(#11087),#9918,.F.);
#11087 = FACE_BOUND('',#11088,.F.);
#11088 = EDGE_LOOP('',(#11089,#11112,#11139,#11140));
#11089 = ORIENTED_EDGE('',*,*,#11090,.T.);
#11090 = EDGE_CURVE('',#9898,#11091,#11093,.T.);
#11091 = VERTEX_POINT('',#11092);
#11092 = CARTESIAN_POINT('',(14.171930009001,28.4,11.521930009001));
#11093 = SEAM_CURVE('',#11094,(#11098,#11105),.PCURVE_S1.);
#11094 = LINE('',#11095,#11096);
#11095 = CARTESIAN_POINT('',(14.171930009001,29.92,11.521930009001));
#11096 = VECTOR('',#11097,1.);
#11097 = DIRECTION('',(-0.,-1.,0.));
#11098 = PCURVE('',#9918,#11099);
#11099 = DEFINITIONAL_REPRESENTATION('',(#11100),#11104);
#11100 = LINE('',#11101,#11102);
#11101 = CARTESIAN_POINT('',(6.28318530718,-0.));
#11102 = VECTOR('',#11103,1.);
#11103 = DIRECTION('',(0.,1.));
#11104 = ( GEOMETRIC_REPRESENTATION_CONTEXT(2) 
PARAMETRIC_REPRESENTATION_CONTEXT() REPRESENTATION_CONTEXT('2D SPACE',''
  ) );
#11105 = PCURVE('',#9918,#11106);
#11106 = DEFINITIONAL_REPRESENTATION('',(#11107),#11111);
#11107 = LINE('',#11108,#11109);
#11108 = CARTESIAN_POINT('',(0.,-0.));
#11109 = VECTOR('',#11110,1.);
#11110 = DIRECTION('',(0.,1.));
#11111 = ( GEOMETRIC_REPRESENTATION_CONTEXT(2) 
PARAMETRIC_REPRESENTATION_CONTEXT() REPRESENTATION_CONTEXT('2D SPACE',''
  ) );
#11112 = ORIENTED_EDGE('',*,*,#11113,.F.);
#11113 = EDGE_CURVE('',#11091,#11091,#11114,.T.);
#11114 = SURFACE_CURVE('',#11115,(#11120,#11127),.PCURVE_S1.);
#11115 = CIRCLE('',#11116,2.55);
#11116 = AXIS2_PLACEMENT_3D('',#11117,#11118,#11119);
#11117 = CARTESIAN_POINT('',(14.171930009001,28.4,14.071930009001));
#11118 = DIRECTION('',(0.,-1.,-0.));
#11119 = DIRECTION('',(0.,0.,-1.));
#11120 = PCURVE('',#9918,#11121);
#11121 = DEFINITIONAL_REPRESENTATION('',(#11122),#11126);
#11122 = LINE('',#11123,#11124);
#11123 = CARTESIAN_POINT('',(0.,1.52));
#11124 = VECTOR('',#11125,1.);
#11125 = DIRECTION('',(1.,0.));
#11126 = ( GEOMETRIC_REPRESENTATION_CONTEXT(2) 
PARAMETRIC_REPRESENTATION_CONTEXT() REPRESENTATION_CONTEXT('2D SPACE',''
  ) );
#11127 = PCURVE('',#11128,#11133);
#11128 = PLANE('',#11129);
#11129 = AXIS2_PLACEMENT_3D('',#11130,#11131,#11132);
#11130 = CARTESIAN_POINT('',(14.171930009001,28.4,14.071930009001));
#11131 = DIRECTION('',(-0.,-1.,-0.));
#11132 = DIRECTION('',(0.,0.,-1.));
#11133 = DEFINITIONAL_REPRESENTATION('',(#11134),#11138);
#11134 = CIRCLE('',#11135,2.55);
#11135 = AXIS2_PLACEMENT_2D('',#11136,#11137);
#11136 = CARTESIAN_POINT('',(0.,0.));
#11137 = DIRECTION('',(1.,0.));
#11138 = ( GEOMETRIC_REPRESENTATION_CONTEXT(2) 
PARAMETRIC_REPRESENTATION_CONTEXT() REPRESENTATION_CONTEXT('2D SPACE',''
  ) );
#11139 = ORIENTED_EDGE('',*,*,#11090,.F.);
#11140 = ORIENTED_EDGE('',*,*,#9897,.T.);
#11141 = ADVANCED_FACE('',(#11142),#9953,.F.);
#11142 = FACE_BOUND('',#11143,.F.);
#11143 = EDGE_LOOP('',(#11144,#11172,#11193,#11194));
#11144 = ORIENTED_EDGE('',*,*,#11145,.F.);
#11145 = EDGE_CURVE('',#11146,#11146,#11148,.T.);
#11146 = VERTEX_POINT('',#11147);
#11147 = CARTESIAN_POINT('',(30.,27.9,7.4));
#11148 = SURFACE_CURVE('',#11149,(#11154,#11161),.PCURVE_S1.);
#11149 = CIRCLE('',#11150,2.5);
#11150 = AXIS2_PLACEMENT_3D('',#11151,#11152,#11153);
#11151 = CARTESIAN_POINT('',(30.,27.9,9.9));
#11152 = DIRECTION('',(0.,-1.,-0.));
#11153 = DIRECTION('',(0.,0.,-1.));
#11154 = PCURVE('',#9953,#11155);
#11155 = DEFINITIONAL_REPRESENTATION('',(#11156),#11160);
#11156 = LINE('',#11157,#11158);
#11157 = CARTESIAN_POINT('',(0.,2.02));
#11158 = VECTOR('',#11159,1.);
#11159 = DIRECTION('',(1.,0.));
#11160 = ( GEOMETRIC_REPRESENTATION_CONTEXT(2) 
PARAMETRIC_REPRESENTATION_CONTEXT() REPRESENTATION_CONTEXT('2D SPACE',''
  ) );
#11161 = PCURVE('',#10445,#11162);
#11162 = DEFINITIONAL_REPRESENTATION('',(#11163),#11171);
#11163 = ( BOUNDED_CURVE() B_SPLINE_CURVE(2,(#11164,#11165,#11166,#11167
    ,#11168,#11169,#11170),.UNSPECIFIED.,.T.,.F.) 
B_SPLINE_CURVE_WITH_KNOTS((1,2,2,2,2,1),(-2.094395102393,0.,
    2.094395102393,4.188790204786,6.28318530718,8.377580409573),
.UNSPECIFIED.) CURVE() GEOMETRIC_REPRESENTATION_ITEM() 
RATIONAL_B_SPLINE_CURVE((1.,0.5,1.,0.5,1.,0.5,1.)) REPRESENTATION_ITEM(
  '') );
#11164 = CARTESIAN_POINT('',(8.4,70.9));
#11165 = CARTESIAN_POINT('',(8.4,75.230127018922));
#11166 = CARTESIAN_POINT('',(12.15,73.065063509461));
#11167 = CARTESIAN_POINT('',(15.9,70.9));
#11168 = CARTESIAN_POINT('',(12.15,68.734936490539));
#11169 = CARTESIAN_POINT('',(8.4,66.569872981078));
#11170 = CARTESIAN_POINT('',(8.4,70.9));
#11171 = ( GEOMETRIC_REPRESENTATION_CONTEXT(2) 
PARAMETRIC_REPRESENTATION_CONTEXT() REPRESENTATION_CONTEXT('2D SPACE',''
  ) );
#11172 = ORIENTED_EDGE('',*,*,#11173,.F.);
#11173 = EDGE_CURVE('',#9933,#11146,#11174,.T.);
#11174 = SEAM_CURVE('',#11175,(#11179,#11186),.PCURVE_S1.);
#11175 = LINE('',#11176,#11177);
#11176 = CARTESIAN_POINT('',(30.,29.92,7.4));
#11177 = VECTOR('',#11178,1.);
#11178 = DIRECTION('',(-0.,-1.,0.));
#11179 = PCURVE('',#9953,#11180);
#11180 = DEFINITIONAL_REPRESENTATION('',(#11181),#11185);
#11181 = LINE('',#11182,#11183);
#11182 = CARTESIAN_POINT('',(6.28318530718,-0.));
#11183 = VECTOR('',#11184,1.);
#11184 = DIRECTION('',(0.,1.));
#11185 = ( GEOMETRIC_REPRESENTATION_CONTEXT(2) 
PARAMETRIC_REPRESENTATION_CONTEXT() REPRESENTATION_CONTEXT('2D SPACE',''
  ) );
#11186 = PCURVE('',#9953,#11187);
#11187 = DEFINITIONAL_REPRESENTATION('',(#11188),#11192);
#11188 = LINE('',#11189,#11190);
#11189 = CARTESIAN_POINT('',(0.,-0.));
#11190 = VECTOR('',#11191,1.);
#11191 = DIRECTION('',(0.,1.));
#11192 = ( GEOMETRIC_REPRESENTATION_CONTEXT(2) 
PARAMETRIC_REPRESENTATION_CONTEXT() REPRESENTATION_CONTEXT('2D SPACE',''
  ) );
#11193 = ORIENTED_EDGE('',*,*,#9932,.T.);
#11194 = ORIENTED_EDGE('',*,*,#11173,.T.);
#11195 = ADVANCED_FACE('',(#11196),#9988,.F.);
#11196 = FACE_BOUND('',#11197,.F.);
#11197 = EDGE_LOOP('',(#11198,#11221,#11248,#11249));
#11198 = ORIENTED_EDGE('',*,*,#11199,.T.);
#11199 = EDGE_CURVE('',#9968,#11200,#11202,.T.);
#11200 = VERTEX_POINT('',#11201);
#11201 = CARTESIAN_POINT('',(25.828069990999,28.4,11.521930009001));
#11202 = SEAM_CURVE('',#11203,(#11207,#11214),.PCURVE_S1.);
#11203 = LINE('',#11204,#11205);
#11204 = CARTESIAN_POINT('',(25.828069990999,29.92,11.521930009001));
#11205 = VECTOR('',#11206,1.);
#11206 = DIRECTION('',(-0.,-1.,0.));
#11207 = PCURVE('',#9988,#11208);
#11208 = DEFINITIONAL_REPRESENTATION('',(#11209),#11213);
#11209 = LINE('',#11210,#11211);
#11210 = CARTESIAN_POINT('',(6.28318530718,-0.));
#11211 = VECTOR('',#11212,1.);
#11212 = DIRECTION('',(0.,1.));
#11213 = ( GEOMETRIC_REPRESENTATION_CONTEXT(2) 
PARAMETRIC_REPRESENTATION_CONTEXT() REPRESENTATION_CONTEXT('2D SPACE',''
  ) );
#11214 = PCURVE('',#9988,#11215);
#11215 = DEFINITIONAL_REPRESENTATION('',(#11216),#11220);
#11216 = LINE('',#11217,#11218);
#11217 = CARTESIAN_POINT('',(0.,-0.));
#11218 = VECTOR('',#11219,1.);
#11219 = DIRECTION('',(0.,1.));
#11220 = ( GEOMETRIC_REPRESENTATION_CONTEXT(2) 
PARAMETRIC_REPRESENTATION_CONTEXT() REPRESENTATION_CONTEXT('2D SPACE',''
  ) );
#11221 = ORIENTED_EDGE('',*,*,#11222,.F.);
#11222 = EDGE_CURVE('',#11200,#11200,#11223,.T.);
#11223 = SURFACE_CURVE('',#11224,(#11229,#11236),.PCURVE_S1.);
#11224 = CIRCLE('',#11225,2.55);
#11225 = AXIS2_PLACEMENT_3D('',#11226,#11227,#11228);
#11226 = CARTESIAN_POINT('',(25.828069990999,28.4,14.071930009001));
#11227 = DIRECTION('',(0.,-1.,-0.));
#11228 = DIRECTION('',(0.,0.,-1.));
#11229 = PCURVE('',#9988,#11230);
#11230 = DEFINITIONAL_REPRESENTATION('',(#11231),#11235);
#11231 = LINE('',#11232,#11233);
#11232 = CARTESIAN_POINT('',(0.,1.52));
#11233 = VECTOR('',#11234,1.);
#11234 = DIRECTION('',(1.,0.));
#11235 = ( GEOMETRIC_REPRESENTATION_CONTEXT(2) 
PARAMETRIC_REPRESENTATION_CONTEXT() REPRESENTATION_CONTEXT('2D SPACE',''
  ) );
#11236 = PCURVE('',#11237,#11242);
#11237 = PLANE('',#11238);
#11238 = AXIS2_PLACEMENT_3D('',#11239,#11240,#11241);
#11239 = CARTESIAN_POINT('',(25.828069990999,28.4,14.071930009001));
#11240 = DIRECTION('',(-0.,-1.,-0.));
#11241 = DIRECTION('',(0.,0.,-1.));
#11242 = DEFINITIONAL_REPRESENTATION('',(#11243),#11247);
#11243 = CIRCLE('',#11244,2.55);
#11244 = AXIS2_PLACEMENT_2D('',#11245,#11246);
#11245 = CARTESIAN_POINT('',(0.,0.));
#11246 = DIRECTION('',(1.,0.));
#11247 = ( GEOMETRIC_REPRESENTATION_CONTEXT(2) 
PARAMETRIC_REPRESENTATION_CONTEXT() REPRESENTATION_CONTEXT('2D SPACE',''
  ) );
#11248 = ORIENTED_EDGE('',*,*,#11199,.F.);
#11249 = ORIENTED_EDGE('',*,*,#9967,.T.);
#11250 = ADVANCED_FACE('',(#11251),#10023,.F.);
#11251 = FACE_BOUND('',#11252,.F.);
#11252 = EDGE_LOOP('',(#11253,#11276,#11303,#11304));
#11253 = ORIENTED_EDGE('',*,*,#11254,.T.);
#11254 = EDGE_CURVE('',#10003,#11255,#11257,.T.);
#11255 = VERTEX_POINT('',#11256);
#11256 = CARTESIAN_POINT('',(34.171930009001,28.4,11.521930009001));
#11257 = SEAM_CURVE('',#11258,(#11262,#11269),.PCURVE_S1.);
#11258 = LINE('',#11259,#11260);
#11259 = CARTESIAN_POINT('',(34.171930009001,29.92,11.521930009001));
#11260 = VECTOR('',#11261,1.);
#11261 = DIRECTION('',(-0.,-1.,0.));
#11262 = PCURVE('',#10023,#11263);
#11263 = DEFINITIONAL_REPRESENTATION('',(#11264),#11268);
#11264 = LINE('',#11265,#11266);
#11265 = CARTESIAN_POINT('',(6.28318530718,-0.));
#11266 = VECTOR('',#11267,1.);
#11267 = DIRECTION('',(0.,1.));
#11268 = ( GEOMETRIC_REPRESENTATION_CONTEXT(2) 
PARAMETRIC_REPRESENTATION_CONTEXT() REPRESENTATION_CONTEXT('2D SPACE',''
  ) );
#11269 = PCURVE('',#10023,#11270);
#11270 = DEFINITIONAL_REPRESENTATION('',(#11271),#11275);
#11271 = LINE('',#11272,#11273);
#11272 = CARTESIAN_POINT('',(0.,-0.));
#11273 = VECTOR('',#11274,1.);
#11274 = DIRECTION('',(0.,1.));
#11275 = ( GEOMETRIC_REPRESENTATION_CONTEXT(2) 
PARAMETRIC_REPRESENTATION_CONTEXT() REPRESENTATION_CONTEXT('2D SPACE',''
  ) );
#11276 = ORIENTED_EDGE('',*,*,#11277,.F.);
#11277 = EDGE_CURVE('',#11255,#11255,#11278,.T.);
#11278 = SURFACE_CURVE('',#11279,(#11284,#11291),.PCURVE_S1.);
#11279 = CIRCLE('',#11280,2.55);
#11280 = AXIS2_PLACEMENT_3D('',#11281,#11282,#11283);
#11281 = CARTESIAN_POINT('',(34.171930009001,28.4,14.071930009001));
#11282 = DIRECTION('',(0.,-1.,-0.));
#11283 = DIRECTION('',(0.,0.,-1.));
#11284 = PCURVE('',#10023,#11285);
#11285 = DEFINITIONAL_REPRESENTATION('',(#11286),#11290);
#11286 = LINE('',#11287,#11288);
#11287 = CARTESIAN_POINT('',(0.,1.52));
#11288 = VECTOR('',#11289,1.);
#11289 = DIRECTION('',(1.,0.));
#11290 = ( GEOMETRIC_REPRESENTATION_CONTEXT(2) 
PARAMETRIC_REPRESENTATION_CONTEXT() REPRESENTATION_CONTEXT('2D SPACE',''
  ) );
#11291 = PCURVE('',#11292,#11297);
#11292 = PLANE('',#11293);
#11293 = AXIS2_PLACEMENT_3D('',#11294,#11295,#11296);
#11294 = CARTESIAN_POINT('',(34.171930009001,28.4,14.071930009001));
#11295 = DIRECTION('',(-0.,-1.,-0.));
#11296 = DIRECTION('',(0.,0.,-1.));
#11297 = DEFINITIONAL_REPRESENTATION('',(#11298),#11302);
#11298 = CIRCLE('',#11299,2.55);
#11299 = AXIS2_PLACEMENT_2D('',#11300,#11301);
#11300 = CARTESIAN_POINT('',(0.,0.));
#11301 = DIRECTION('',(1.,0.));
#11302 = ( GEOMETRIC_REPRESENTATION_CONTEXT(2) 
PARAMETRIC_REPRESENTATION_CONTEXT() REPRESENTATION_CONTEXT('2D SPACE',''
  ) );
#11303 = ORIENTED_EDGE('',*,*,#11254,.F.);
#11304 = ORIENTED_EDGE('',*,*,#10002,.T.);
#11305 = ADVANCED_FACE('',(#11306),#10111,.F.);
#11306 = FACE_BOUND('',#11307,.F.);
#11307 = EDGE_LOOP('',(#11308,#11331,#11332,#11355));
#11308 = ORIENTED_EDGE('',*,*,#11309,.F.);
#11309 = EDGE_CURVE('',#10094,#11310,#11312,.T.);
#11310 = VERTEX_POINT('',#11311);
#11311 = CARTESIAN_POINT('',(-36.5,27.9,16.4));
#11312 = SURFACE_CURVE('',#11313,(#11317,#11324),.PCURVE_S1.);
#11313 = LINE('',#11314,#11315);
#11314 = CARTESIAN_POINT('',(-36.5,24.5,16.4));
#11315 = VECTOR('',#11316,1.);
#11316 = DIRECTION('',(-0.,1.,0.));
#11317 = PCURVE('',#10111,#11318);
#11318 = DEFINITIONAL_REPRESENTATION('',(#11319),#11323);
#11319 = LINE('',#11320,#11321);
#11320 = CARTESIAN_POINT('',(0.,0.));
#11321 = VECTOR('',#11322,1.);
#11322 = DIRECTION('',(0.,1.));
#11323 = ( GEOMETRIC_REPRESENTATION_CONTEXT(2) 
PARAMETRIC_REPRESENTATION_CONTEXT() REPRESENTATION_CONTEXT('2D SPACE',''
  ) );
#11324 = PCURVE('',#10139,#11325);
#11325 = DEFINITIONAL_REPRESENTATION('',(#11326),#11330);
#11326 = LINE('',#11327,#11328);
#11327 = CARTESIAN_POINT('',(13.,0.));
#11328 = VECTOR('',#11329,1.);
#11329 = DIRECTION('',(0.,-1.));
#11330 = ( GEOMETRIC_REPRESENTATION_CONTEXT(2) 
PARAMETRIC_REPRESENTATION_CONTEXT() REPRESENTATION_CONTEXT('2D SPACE',''
  ) );
#11331 = ORIENTED_EDGE('',*,*,#10093,.T.);
#11332 = ORIENTED_EDGE('',*,*,#11333,.T.);
#11333 = EDGE_CURVE('',#10096,#11334,#11336,.T.);
#11334 = VERTEX_POINT('',#11335);
#11335 = CARTESIAN_POINT('',(36.5,27.9,16.4));
#11336 = SURFACE_CURVE('',#11337,(#11341,#11348),.PCURVE_S1.);
#11337 = LINE('',#11338,#11339);
#11338 = CARTESIAN_POINT('',(36.5,24.5,16.4));
#11339 = VECTOR('',#11340,1.);
#11340 = DIRECTION('',(-0.,1.,0.));
#11341 = PCURVE('',#10111,#11342);
#11342 = DEFINITIONAL_REPRESENTATION('',(#11343),#11347);
#11343 = LINE('',#11344,#11345);
#11344 = CARTESIAN_POINT('',(73.,0.));
#11345 = VECTOR('',#11346,1.);
#11346 = DIRECTION('',(0.,1.));
#11347 = ( GEOMETRIC_REPRESENTATION_CONTEXT(2) 
PARAMETRIC_REPRESENTATION_CONTEXT() REPRESENTATION_CONTEXT('2D SPACE',''
  ) );
#11348 = PCURVE('',#10193,#11349);
#11349 = DEFINITIONAL_REPRESENTATION('',(#11350),#11354);
#11350 = LINE('',#11351,#11352);
#11351 = CARTESIAN_POINT('',(13.,0.));
#11352 = VECTOR('',#11353,1.);
#11353 = DIRECTION('',(0.,-1.));
#11354 = ( GEOMETRIC_REPRESENTATION_CONTEXT(2) 
PARAMETRIC_REPRESENTATION_CONTEXT() REPRESENTATION_CONTEXT('2D SPACE',''
  ) );
#11355 = ORIENTED_EDGE('',*,*,#11356,.F.);
#11356 = EDGE_CURVE('',#11310,#11334,#11357,.T.);
#11357 = SURFACE_CURVE('',#11358,(#11362,#11369),.PCURVE_S1.);
#11358 = LINE('',#11359,#11360);
#11359 = CARTESIAN_POINT('',(-37.1,27.9,16.4));
#11360 = VECTOR('',#11361,1.);
#11361 = DIRECTION('',(1.,0.,-0.));
#11362 = PCURVE('',#10111,#11363);
#11363 = DEFINITIONAL_REPRESENTATION('',(#11364),#11368);
#11364 = LINE('',#11365,#11366);
#11365 = CARTESIAN_POINT('',(-0.6,3.4));
#11366 = VECTOR('',#11367,1.);
#11367 = DIRECTION('',(1.,0.));
#11368 = ( GEOMETRIC_REPRESENTATION_CONTEXT(2) 
PARAMETRIC_REPRESENTATION_CONTEXT() REPRESENTATION_CONTEXT('2D SPACE',''
  ) );
#11369 = PCURVE('',#10445,#11370);
#11370 = DEFINITIONAL_REPRESENTATION('',(#11371),#11375);
#11371 = LINE('',#11372,#11373);
#11372 = CARTESIAN_POINT('',(17.4,3.8));
#11373 = VECTOR('',#11374,1.);
#11374 = DIRECTION('',(0.,1.));
#11375 = ( GEOMETRIC_REPRESENTATION_CONTEXT(2) 
PARAMETRIC_REPRESENTATION_CONTEXT() REPRESENTATION_CONTEXT('2D SPACE',''
  ) );
#11376 = ADVANCED_FACE('',(#11377),#10193,.F.);
#11377 = FACE_BOUND('',#11378,.F.);
#11378 = EDGE_LOOP('',(#11379,#11380,#11381,#11404));
#11379 = ORIENTED_EDGE('',*,*,#11333,.F.);
#11380 = ORIENTED_EDGE('',*,*,#10179,.T.);
#11381 = ORIENTED_EDGE('',*,*,#11382,.T.);
#11382 = EDGE_CURVE('',#10152,#11383,#11385,.T.);
#11383 = VERTEX_POINT('',#11384);
#11384 = CARTESIAN_POINT('',(36.5,27.9,3.4));
#11385 = SURFACE_CURVE('',#11386,(#11390,#11397),.PCURVE_S1.);
#11386 = LINE('',#11387,#11388);
#11387 = CARTESIAN_POINT('',(36.5,24.5,3.4));
#11388 = VECTOR('',#11389,1.);
#11389 = DIRECTION('',(-0.,1.,0.));
#11390 = PCURVE('',#10193,#11391);
#11391 = DEFINITIONAL_REPRESENTATION('',(#11392),#11396);
#11392 = LINE('',#11393,#11394);
#11393 = CARTESIAN_POINT('',(0.,0.));
#11394 = VECTOR('',#11395,1.);
#11395 = DIRECTION('',(0.,-1.));
#11396 = ( GEOMETRIC_REPRESENTATION_CONTEXT(2) 
PARAMETRIC_REPRESENTATION_CONTEXT() REPRESENTATION_CONTEXT('2D SPACE',''
  ) );
#11397 = PCURVE('',#10167,#11398);
#11398 = DEFINITIONAL_REPRESENTATION('',(#11399),#11403);
#11399 = LINE('',#11400,#11401);
#11400 = CARTESIAN_POINT('',(73.,0.));
#11401 = VECTOR('',#11402,1.);
#11402 = DIRECTION('',(0.,1.));
#11403 = ( GEOMETRIC_REPRESENTATION_CONTEXT(2) 
PARAMETRIC_REPRESENTATION_CONTEXT() REPRESENTATION_CONTEXT('2D SPACE',''
  ) );
#11404 = ORIENTED_EDGE('',*,*,#11405,.F.);
#11405 = EDGE_CURVE('',#11334,#11383,#11406,.T.);
#11406 = SURFACE_CURVE('',#11407,(#11411,#11418),.PCURVE_S1.);
#11407 = LINE('',#11408,#11409);
#11408 = CARTESIAN_POINT('',(36.5,27.9,2.8));
#11409 = VECTOR('',#11410,1.);
#11410 = DIRECTION('',(-0.,0.,-1.));
#11411 = PCURVE('',#10193,#11412);
#11412 = DEFINITIONAL_REPRESENTATION('',(#11413),#11417);
#11413 = LINE('',#11414,#11415);
#11414 = CARTESIAN_POINT('',(-0.6,-3.4));
#11415 = VECTOR('',#11416,1.);
#11416 = DIRECTION('',(-1.,-0.));
#11417 = ( GEOMETRIC_REPRESENTATION_CONTEXT(2) 
PARAMETRIC_REPRESENTATION_CONTEXT() REPRESENTATION_CONTEXT('2D SPACE',''
  ) );
#11418 = PCURVE('',#10445,#11419);
#11419 = DEFINITIONAL_REPRESENTATION('',(#11420),#11424);
#11420 = LINE('',#11421,#11422);
#11421 = CARTESIAN_POINT('',(3.8,77.4));
#11422 = VECTOR('',#11423,1.);
#11423 = DIRECTION('',(-1.,0.));
#11424 = ( GEOMETRIC_REPRESENTATION_CONTEXT(2) 
PARAMETRIC_REPRESENTATION_CONTEXT() REPRESENTATION_CONTEXT('2D SPACE',''
  ) );
#11425 = ADVANCED_FACE('',(#11426),#10167,.T.);
#11426 = FACE_BOUND('',#11427,.T.);
#11427 = EDGE_LOOP('',(#11428,#11451,#11452,#11453));
#11428 = ORIENTED_EDGE('',*,*,#11429,.F.);
#11429 = EDGE_CURVE('',#10124,#11430,#11432,.T.);
#11430 = VERTEX_POINT('',#11431);
#11431 = CARTESIAN_POINT('',(-36.5,27.9,3.4));
#11432 = SURFACE_CURVE('',#11433,(#11437,#11444),.PCURVE_S1.);
#11433 = LINE('',#11434,#11435);
#11434 = CARTESIAN_POINT('',(-36.5,24.5,3.4));
#11435 = VECTOR('',#11436,1.);
#11436 = DIRECTION('',(-0.,1.,0.));
#11437 = PCURVE('',#10167,#11438);
#11438 = DEFINITIONAL_REPRESENTATION('',(#11439),#11443);
#11439 = LINE('',#11440,#11441);
#11440 = CARTESIAN_POINT('',(0.,0.));
#11441 = VECTOR('',#11442,1.);
#11442 = DIRECTION('',(0.,1.));
#11443 = ( GEOMETRIC_REPRESENTATION_CONTEXT(2) 
PARAMETRIC_REPRESENTATION_CONTEXT() REPRESENTATION_CONTEXT('2D SPACE',''
  ) );
#11444 = PCURVE('',#10139,#11445);
#11445 = DEFINITIONAL_REPRESENTATION('',(#11446),#11450);
#11446 = LINE('',#11447,#11448);
#11447 = CARTESIAN_POINT('',(0.,0.));
#11448 = VECTOR('',#11449,1.);
#11449 = DIRECTION('',(0.,-1.));
#11450 = ( GEOMETRIC_REPRESENTATION_CONTEXT(2) 
PARAMETRIC_REPRESENTATION_CONTEXT() REPRESENTATION_CONTEXT('2D SPACE',''
  ) );
#11451 = ORIENTED_EDGE('',*,*,#10151,.T.);
#11452 = ORIENTED_EDGE('',*,*,#11382,.T.);
#11453 = ORIENTED_EDGE('',*,*,#11454,.F.);
#11454 = EDGE_CURVE('',#11430,#11383,#11455,.T.);
#11455 = SURFACE_CURVE('',#11456,(#11460,#11467),.PCURVE_S1.);
#11456 = LINE('',#11457,#11458);
#11457 = CARTESIAN_POINT('',(-37.1,27.9,3.4));
#11458 = VECTOR('',#11459,1.);
#11459 = DIRECTION('',(1.,0.,-0.));
#11460 = PCURVE('',#10167,#11461);
#11461 = DEFINITIONAL_REPRESENTATION('',(#11462),#11466);
#11462 = LINE('',#11463,#11464);
#11463 = CARTESIAN_POINT('',(-0.6,3.4));
#11464 = VECTOR('',#11465,1.);
#11465 = DIRECTION('',(1.,0.));
#11466 = ( GEOMETRIC_REPRESENTATION_CONTEXT(2) 
PARAMETRIC_REPRESENTATION_CONTEXT() REPRESENTATION_CONTEXT('2D SPACE',''
  ) );
#11467 = PCURVE('',#10445,#11468);
#11468 = DEFINITIONAL_REPRESENTATION('',(#11469),#11473);
#11469 = LINE('',#11470,#11471);
#11470 = CARTESIAN_POINT('',(4.4,3.8));
#11471 = VECTOR('',#11472,1.);
#11472 = DIRECTION('',(0.,1.));
#11473 = ( GEOMETRIC_REPRESENTATION_CONTEXT(2) 
PARAMETRIC_REPRESENTATION_CONTEXT() REPRESENTATION_CONTEXT('2D SPACE',''
  ) );
#11474 = ADVANCED_FACE('',(#11475),#10139,.T.);
#11475 = FACE_BOUND('',#11476,.T.);
#11476 = EDGE_LOOP('',(#11477,#11478,#11479,#11480));
#11477 = ORIENTED_EDGE('',*,*,#11309,.F.);
#11478 = ORIENTED_EDGE('',*,*,#10123,.T.);
#11479 = ORIENTED_EDGE('',*,*,#11429,.T.);
#11480 = ORIENTED_EDGE('',*,*,#11481,.F.);
#11481 = EDGE_CURVE('',#11310,#11430,#11482,.T.);
#11482 = SURFACE_CURVE('',#11483,(#11487,#11494),.PCURVE_S1.);
#11483 = LINE('',#11484,#11485);
#11484 = CARTESIAN_POINT('',(-36.5,27.9,2.8));
#11485 = VECTOR('',#11486,1.);
#11486 = DIRECTION('',(-0.,0.,-1.));
#11487 = PCURVE('',#10139,#11488);
#11488 = DEFINITIONAL_REPRESENTATION('',(#11489),#11493);
#11489 = LINE('',#11490,#11491);
#11490 = CARTESIAN_POINT('',(-0.6,-3.4));
#11491 = VECTOR('',#11492,1.);
#11492 = DIRECTION('',(-1.,-0.));
#11493 = ( GEOMETRIC_REPRESENTATION_CONTEXT(2) 
PARAMETRIC_REPRESENTATION_CONTEXT() REPRESENTATION_CONTEXT('2D SPACE',''
  ) );
#11494 = PCURVE('',#10445,#11495);
#11495 = DEFINITIONAL_REPRESENTATION('',(#11496),#11500);
#11496 = LINE('',#11497,#11498);
#11497 = CARTESIAN_POINT('',(3.8,4.4));
#11498 = VECTOR('',#11499,1.);
#11499 = DIRECTION('',(-1.,0.));
#11500 = ( GEOMETRIC_REPRESENTATION_CONTEXT(2) 
PARAMETRIC_REPRESENTATION_CONTEXT() REPRESENTATION_CONTEXT('2D SPACE',''
  ) );
#11501 = ADVANCED_FACE('',(#11502),#10246,.F.);
#11502 = FACE_BOUND('',#11503,.F.);
#11503 = EDGE_LOOP('',(#11504));
#11504 = ORIENTED_EDGE('',*,*,#10231,.T.);
#11505 = ADVANCED_FACE('',(#11506),#10301,.F.);
#11506 = FACE_BOUND('',#11507,.F.);
#11507 = EDGE_LOOP('',(#11508));
#11508 = ORIENTED_EDGE('',*,*,#10286,.T.);
#11509 = ADVANCED_FACE('',(#11510),#10356,.F.);
#11510 = FACE_BOUND('',#11511,.F.);
#11511 = EDGE_LOOP('',(#11512));
#11512 = ORIENTED_EDGE('',*,*,#10341,.T.);
#11513 = ADVANCED_FACE('',(#11514),#10411,.F.);
#11514 = FACE_BOUND('',#11515,.F.);
#11515 = EDGE_LOOP('',(#11516));
#11516 = ORIENTED_EDGE('',*,*,#10396,.T.);
#11517 = ADVANCED_FACE('',(#11518,#11524,#11527,#11530,#11533),#10445,
  .F.);
#11518 = FACE_BOUND('',#11519,.F.);
#11519 = EDGE_LOOP('',(#11520,#11521,#11522,#11523));
#11520 = ORIENTED_EDGE('',*,*,#11481,.F.);
#11521 = ORIENTED_EDGE('',*,*,#11356,.T.);
#11522 = ORIENTED_EDGE('',*,*,#11405,.T.);
#11523 = ORIENTED_EDGE('',*,*,#11454,.F.);
#11524 = FACE_BOUND('',#11525,.F.);
#11525 = EDGE_LOOP('',(#11526));
#11526 = ORIENTED_EDGE('',*,*,#10428,.T.);
#11527 = FACE_BOUND('',#11528,.F.);
#11528 = EDGE_LOOP('',(#11529));
#11529 = ORIENTED_EDGE('',*,*,#10597,.T.);
#11530 = FACE_BOUND('',#11531,.F.);
#11531 = EDGE_LOOP('',(#11532));
#11532 = ORIENTED_EDGE('',*,*,#10981,.T.);
#11533 = FACE_BOUND('',#11534,.F.);
#11534 = EDGE_LOOP('',(#11535));
#11535 = ORIENTED_EDGE('',*,*,#11145,.T.);
#11536 = ADVANCED_FACE('',(#11537),#10525,.F.);
#11537 = FACE_BOUND('',#11538,.F.);
#11538 = EDGE_LOOP('',(#11539));
#11539 = ORIENTED_EDGE('',*,*,#10510,.T.);
#11540 = ADVANCED_FACE('',(#11541),#10580,.F.);
#11541 = FACE_BOUND('',#11542,.F.);
#11542 = EDGE_LOOP('',(#11543));
#11543 = ORIENTED_EDGE('',*,*,#10565,.T.);
#11544 = ADVANCED_FACE('',(#11545),#10689,.F.);
#11545 = FACE_BOUND('',#11546,.F.);
#11546 = EDGE_LOOP('',(#11547));
#11547 = ORIENTED_EDGE('',*,*,#10674,.T.);
#11548 = ADVANCED_FACE('',(#11549),#10744,.F.);
#11549 = FACE_BOUND('',#11550,.F.);
#11550 = EDGE_LOOP('',(#11551));
#11551 = ORIENTED_EDGE('',*,*,#10729,.T.);
#11552 = ADVANCED_FACE('',(#11553),#10799,.F.);
#11553 = FACE_BOUND('',#11554,.F.);
#11554 = EDGE_LOOP('',(#11555));
#11555 = ORIENTED_EDGE('',*,*,#10784,.T.);
#11556 = ADVANCED_FACE('',(#11557),#10854,.F.);
#11557 = FACE_BOUND('',#11558,.F.);
#11558 = EDGE_LOOP('',(#11559));
#11559 = ORIENTED_EDGE('',*,*,#10839,.T.);
#11560 = ADVANCED_FACE('',(#11561),#10909,.F.);
#11561 = FACE_BOUND('',#11562,.F.);
#11562 = EDGE_LOOP('',(#11563));
#11563 = ORIENTED_EDGE('',*,*,#10894,.T.);
#11564 = ADVANCED_FACE('',(#11565),#10964,.F.);
#11565 = FACE_BOUND('',#11566,.F.);
#11566 = EDGE_LOOP('',(#11567));
#11567 = ORIENTED_EDGE('',*,*,#10949,.T.);
#11568 = ADVANCED_FACE('',(#11569),#11073,.F.);
#11569 = FACE_BOUND('',#11570,.F.);
#11570 = EDGE_LOOP('',(#11571));
#11571 = ORIENTED_EDGE('',*,*,#11058,.T.);
#11572 = ADVANCED_FACE('',(#11573),#11128,.F.);
#11573 = FACE_BOUND('',#11574,.F.);
#11574 = EDGE_LOOP('',(#11575));
#11575 = ORIENTED_EDGE('',*,*,#11113,.T.);
#11576 = ADVANCED_FACE('',(#11577),#11237,.F.);
#11577 = FACE_BOUND('',#11578,.F.);
#11578 = EDGE_LOOP('',(#11579));
#11579 = ORIENTED_EDGE('',*,*,#11222,.T.);
#11580 = ADVANCED_FACE('',(#11581),#11292,.F.);
#11581 = FACE_BOUND('',#11582,.F.);
#11582 = EDGE_LOOP('',(#11583));
#11583 = ORIENTED_EDGE('',*,*,#11277,.T.);
#11584 = ( GEOMETRIC_REPRESENTATION_CONTEXT(3) 
GLOBAL_UNCERTAINTY_ASSIGNED_CONTEXT((#11588)) 
GLOBAL_UNIT_ASSIGNED_CONTEXT((#11585,#11586,#11587)) 
REPRESENTATION_CONTEXT('Context #1',
  '3D Context with UNIT and UNCERTAINTY') );
#11585 = ( LENGTH_UNIT() NAMED_UNIT(*) SI_UNIT(.MILLI.,.METRE.) );
#11586 = ( NAMED_UNIT(*) PLANE_ANGLE_UNIT() SI_UNIT($,.RADIAN.) );
#11587 = ( NAMED_UNIT(*) SI_UNIT($,.STERADIAN.) SOLID_ANGLE_UNIT() );
#11588 = UNCERTAINTY_MEASURE_WITH_UNIT(LENGTH_MEASURE(1.E-07),#11585,
  'distance_accuracy_value','confusion accuracy');
#11589 = CONTEXT_DEPENDENT_SHAPE_REPRESENTATION(#11590,#11592);
#11590 = ( REPRESENTATION_RELATIONSHIP('','',#7977,#10) 
REPRESENTATION_RELATIONSHIP_WITH_TRANSFORMATION(#11591) 
SHAPE_REPRESENTATION_RELATIONSHIP() );
#11591 = ITEM_DEFINED_TRANSFORMATION('','',#11,#19);
#11592 = PRODUCT_DEFINITION_SHAPE('Placement','Placement of an item',
  #11593);
#11593 = NEXT_ASSEMBLY_USAGE_OCCURRENCE('2','lid','',#5,#7972,$);
#11594 = PRODUCT_RELATED_PRODUCT_CATEGORY('part',$,(#7974));
#11595 = MECHANICAL_DESIGN_GEOMETRIC_PRESENTATION_REPRESENTATION('',(
    #11596),#7959);
#11596 = STYLED_ITEM('color',(#11597),#37);
#11597 = PRESENTATION_STYLE_ASSIGNMENT((#11598));
#11598 = SURFACE_STYLE_USAGE(.BOTH.,#11599);
#11599 = SURFACE_SIDE_STYLE('',(#11600));
#11600 = SURFACE_STYLE_FILL_AREA(#11601);
#11601 = FILL_AREA_STYLE('',(#11602));
#11602 = FILL_AREA_STYLE_COLOUR('',#11603);
#11603 = COLOUR_RGB('',0.482352940689,0.423529408994,0.850980378684);
#11604 = MECHANICAL_DESIGN_GEOMETRIC_PRESENTATION_REPRESENTATION('',(
    #11605),#11584);
#11605 = STYLED_ITEM('color',(#11606),#7978);
#11606 = PRESENTATION_STYLE_ASSIGNMENT((#11607));
#11607 = SURFACE_STYLE_USAGE(.BOTH.,#11608);
#11608 = SURFACE_SIDE_STYLE('',(#11609));
#11609 = SURFACE_STYLE_FILL_AREA(#11610);
#11610 = FILL_AREA_STYLE('',(#11611));
#11611 = FILL_AREA_STYLE_COLOUR('',#11612);
#11612 = COLOUR_RGB('',0.850980378684,0.823529417451,0.721568617591);
ENDSEC;
END-ISO-10303-21;
